instance,setting,m,n,0.25s,0.5s,1.0s,2.0s,4.0s,8.0s,16.0s,32.0s,64.0s,128.0s,256.0s,512.0s,1024.0s,2048.0s
./instances/realistic-instances/20-25-1767920.cdop,WS./settings/Memetic-LS_MMX_1099666.config,20,25,0.7992700729927007,0.7992700729927007,0.7992700729927007,0.8204379562043795,0.8474452554744526,0.8525547445255475,0.8700729927007299,0.8759124087591241,0.8923357664233577,0.9145985401459854,0.916058394160584,0.916058394160584,0.916058394160584,0.916058394160584
./instances/realistic-instances/15-25-1762875.cdop,WS./settings/Memetic_MMX_1287823.config,15,25,0.9270046745774901,0.9388709097446961,0.9500179791441927,0.9554117224020137,0.9604458827759799,0.9661992089176555,0.9766271125494427,0.9766271125494427,0.9766271125494427,0.9766271125494427,0.9766271125494427,0.9978425026968716,1.0,1.0
./instances/realistic-instances/10-10-1767920.cdop,WS./settings/Memetic-LS_MMX_1881515.config,10,10,0.8080976150859678,0.8535773710482529,0.8735440931780366,0.9179145867997781,0.9179145867997781,0.9179145867997781,0.9179145867997781,0.9428729894620078,0.9462007764836384,0.9462007764836384,0.949528563505269,0.949528563505269,0.956738768718802,0.956738768718802
./instances/realistic-instances/25-25-1110588.cdop,WS./settings/Memetic-LS_MPX_1881515.config,25,25,0.7912638739706409,0.7912638739706409,0.7912638739706409,0.7912638739706409,0.7912638739706409,0.7912638739706409,0.7912638739706409,0.7912638739706409,0.7912638739706409,0.7912638739706409,0.7912638739706409,0.7912638739706409,0.7912638739706409,0.7912638739706409
./instances/realistic-instances/15-40-1767920.cdop,WS./settings/Memetic_MMX_1881515.config,15,40,0.9293714996888612,0.9293714996888612,0.9374611076540137,0.955818294959552,0.9645301804604853,0.9645301804604853,0.9645301804604853,0.9645301804604853,0.9645301804604853,0.9732420659614188,0.9800871188550093,0.9800871188550093,0.9819539514623522,0.9819539514623522
./instances/realistic-instances/20-25-1891798.cdop,WS./settings/Memetic-LS_MMX_1881515.config,20,25,0.7728222996515679,0.7825783972125435,0.7825783972125435,0.8010452961672474,0.8139372822299652,0.8236933797909408,0.8522648083623693,0.8613240418118467,0.8787456445993032,0.8860627177700349,0.902787456445993,0.9038327526132404,0.9038327526132404,0.9038327526132404
./instances/realistic-instances/20-25-1762875.cdop,WS./settings/Memetic_MPX_1099666.config,20,25,0.8863379751599548,0.8863379751599548,0.8863379751599548,0.8863379751599548,0.8870907038012796,0.9089198343996989,0.9111780203236733,0.9111780203236733,0.9111780203236733,0.9111780203236733,0.9111780203236733,0.9111780203236733,0.9134362062476478,0.9134362062476478
./instances/realistic-instances/25-25-1110588.cdop,WS./settings/Memetic_MPX_1881515.config,25,25,0.7912638739706409,0.7912638739706409,0.7912638739706409,0.7912638739706409,0.8374507697815968,0.8374507697815968,0.8374507697815968,0.8374507697815968,0.8374507697815968,0.8467597565341927,0.8467597565341927,0.8779090583601862,0.8854278553526674,0.8854278553526674
./instances/realistic-instances/10-10-1767920.cdop,WS./settings/Memetic-LS_MPX_1099666.config,10,10,0.7964503605102606,0.8097615085967831,0.8524681087077094,0.8530227398779812,0.8768718801996672,0.9068219633943427,0.9068219633943427,0.9112590127565169,0.9112590127565169,0.9112590127565169,0.9223516361619523,0.9223516361619523,0.9223516361619523,0.9223516361619523
./instances/realistic-instances/15-40-1762875.cdop,WS./settings/Memetic-LS_MPX_1099666.config,15,40,0.7972458247875769,0.7972458247875769,0.7972458247875769,0.7972458247875769,0.7972458247875769,0.7972458247875769,0.7972458247875769,0.7972458247875769,0.7972458247875769,0.7972458247875769,0.7972458247875769,0.7972458247875769,0.8414884266041606,0.8414884266041606
./instances/realistic-instances/15-40-1917698.cdop,WS./settings/Memetic-LS_MPX_1881515.config,15,40,0.674170976574384,0.674170976574384,0.674170976574384,0.6933373897170673,0.6933373897170673,0.6933373897170673,0.6979008214177062,0.7088530574992394,0.7088530574992394,0.7243687252814116,0.7611804076665653,0.778521448128993,0.778521448128993,0.778521448128993
./instances/realistic-instances/5-10-1767920.cdop,WS./settings/Memetic-LS_MMX_1881515.config,5,10,0.9209621993127147,0.9221076746849943,0.9221076746849943,0.93184421534937,0.9347079037800687,0.9347079037800687,0.9421534936998854,0.9421534936998854,0.9753722794959908,0.9753722794959908,0.97709049255441,0.9845360824742269,0.9845360824742269,0.9845360824742269
./instances/realistic-instances/5-10-1891798.cdop,WS./settings/Memetic-LS_MMX_1099666.config,5,10,0.9279464745239321,0.9279464745239321,0.9428718476582604,0.9428718476582604,0.9511065362840968,0.9511065362840968,0.9511065362840968,0.9650025733401956,0.9711785898095728,0.9711785898095728,0.9711785898095728,0.9711785898095728,0.9768399382398353,0.9768399382398353
./instances/realistic-instances/10-25-1917698.cdop,WS./settings/Memetic-LS_MMX_1099666.config,10,25,0.8681519357195033,0.8681519357195033,0.8681519357195033,0.8681519357195033,0.8681519357195033,0.8681519357195033,0.8681519357195033,0.8681519357195033,0.8834915997078159,0.8834915997078159,0.9181884587289992,0.9247626004382761,0.9254930606281958,0.9254930606281958
./instances/realistic-instances/20-10-1917698.cdop,WS./settings/Memetic_MPX_1287823.config,20,10,0.8130792996910402,0.8130792996910402,0.8130792996910402,0.8177136972193615,0.8372811534500515,0.8372811534500515,0.8372811534500515,0.8722966014418125,0.8722966014418125,0.8769309989701339,0.8810504634397528,0.8810504634397528,0.8810504634397528,0.8810504634397528
./instances/realistic-instances/10-10-1891798.cdop,WS./settings/Memetic-LS_MPX_1881515.config,10,10,0.8490480507706256,0.8490480507706256,0.8490480507706256,0.8490480507706256,0.8540344514959202,0.8540344514959202,0.8540344514959202,0.8776065276518585,0.8776065276518585,0.8830462375339981,0.899818676337262,0.899818676337262,0.9129646418857661,0.9129646418857661
./instances/realistic-instances/15-40-1917698.cdop,WS./settings/Memetic-LS_MMX_1287823.config,15,40,0.6784301794949802,0.684514755095832,0.684514755095832,0.684514755095832,0.7201095223608154,0.7201095223608154,0.8174627319744447,0.8317614846364466,0.8378460602372985,0.8655308792211743,0.8865226650441131,0.8865226650441131,0.9002129601460298,0.9002129601460298
./instances/realistic-instances/15-10-1110588.cdop,WS./settings/Memetic_MPX_1099666.config,15,10,0.902,0.902,0.902,0.921,0.921,0.921,0.921,0.921,0.921,0.9345,0.9345,0.966,0.966,0.966
./instances/realistic-instances/10-25-1762875.cdop,WS./settings/Memetic_MMX_1099666.config,10,25,0.9341781063005984,0.9486096444913763,0.9493136219640972,0.958113340373108,0.958113340373108,0.9897923266455474,0.9897923266455474,0.9897923266455474,0.9897923266455474,0.9897923266455474,0.9897923266455474,0.9897923266455474,0.991200281590989,0.991200281590989
./instances/realistic-instances/10-25-1767920.cdop,WS./settings/Memetic_MPX_1881515.config,10,25,0.9022943037974683,0.908623417721519,0.9149525316455697,0.9149525316455697,0.9189082278481012,0.9189082278481012,0.935126582278481,0.9485759493670886,0.9525316455696202,0.9525316455696202,0.9525316455696202,0.9541139240506329,0.9541139240506329,0.9541139240506329
./instances/realistic-instances/5-40-1767920.cdop,WS./settings/Memetic-LS_MPX_1881515.config,5,40,0.8284375,0.8284375,0.8284375,0.8284375,0.8284375,0.8284375,0.8284375,0.8284375,0.8284375,0.8284375,0.8284375,0.8284375,0.8284375,0.8284375
./instances/realistic-instances/5-25-1917698.cdop,WS./settings/Memetic_MMX_1881515.config,5,25,0.9423347398030942,0.9433895921237694,0.9440928270042194,0.9694092827004219,0.9781997187060478,0.9873417721518988,0.9901547116736991,0.9915611814345991,0.9915611814345991,0.9926160337552743,0.9926160337552743,0.9968354430379747,0.9968354430379747,0.9968354430379747
./instances/realistic-instances/5-40-1891798.cdop,WS./settings/Memetic-LS_MPX_1099666.config,5,40,0.7620011567379988,0.7620011567379988,0.7672064777327935,0.7750144592249856,0.7750144592249856,0.7750144592249856,0.7787738577212261,0.7981492192018508,0.8585887796414112,0.8600347021399652,0.8834586466165414,0.8987854251012146,0.8987854251012146,0.8987854251012146
./instances/realistic-instances/5-10-1917698.cdop,WS./settings/Memetic-LS_MPX_1881515.config,5,10,0.9118773946360154,0.9118773946360154,0.9118773946360154,0.9157088122605364,0.9157088122605364,0.9157088122605364,0.9206349206349206,0.9261083743842364,0.9261083743842364,0.9359605911330049,0.9359605911330049,0.9359605911330049,0.9359605911330049,0.9359605911330049
./instances/realistic-instances/25-10-1110588.cdop,WS./settings/Memetic-LS_MPX_1099666.config,25,10,0.6900282220131703,0.6900282220131703,0.7050799623706491,0.7050799623706491,0.7050799623706491,0.7050799623706491,0.7050799623706491,0.7267168391345249,0.7267168391345249,0.7267168391345249,0.7267168391345249,0.7267168391345249,0.7267168391345249,0.7267168391345249
./instances/realistic-instances/25-10-1762875.cdop,WS./settings/Memetic-LS_MPX_1881515.config,25,10,0.6100478468899522,0.6100478468899522,0.6100478468899522,0.6100478468899522,0.6100478468899522,0.6100478468899522,0.6100478468899522,0.6196172248803827,0.6511961722488038,0.692822966507177,0.692822966507177,0.715311004784689,0.715311004784689,0.715311004784689
./instances/realistic-instances/5-25-1110588.cdop,WS./settings/Memetic-LS_MPX_1881515.config,5,25,0.854372774040364,0.8638702018203404,0.8638702018203404,0.8808864265927978,0.9006727344677483,0.9093787099327265,0.9366838148001583,0.9465769687376335,0.9465769687376335,0.9465769687376335,0.9465769687376335,0.9465769687376335,0.9465769687376335,0.9465769687376335
./instances/realistic-instances/15-10-1891798.cdop,WS./settings/Memetic-LS_MPX_1287823.config,15,10,0.7002457002457002,0.7002457002457002,0.7002457002457002,0.7036855036855036,0.7714987714987716,0.7926289926289927,0.8044226044226044,0.8049140049140049,0.8216216216216217,0.8216216216216217,0.8383292383292383,0.8383292383292383,0.8383292383292383,0.8383292383292383
./instances/realistic-instances/20-10-1767920.cdop,WS./settings/Memetic-LS_MMX_1881515.config,20,10,0.7645642753972075,0.7780452575830524,0.7804525758305247,0.8396726047183438,0.8907077515647569,0.8907077515647569,0.8907077515647569,0.9032258064516129,0.9080404429465575,0.9359653346172364,0.9393355801636977,0.94174289841117,0.9508907077515648,0.9508907077515648
./instances/realistic-instances/20-25-1762875.cdop,WS./settings/Memetic_MPX_1881515.config,20,25,0.8321415129845691,0.8321415129845691,0.8321415129845691,0.8697779450508092,0.8795634173880316,0.8795634173880316,0.8961234474971773,0.9010161836657885,0.9010161836657885,0.9010161836657885,0.9010161836657885,0.9104252916823485,0.9179525780955965,0.9179525780955965
./instances/realistic-instances/5-25-1110588.cdop,WS./settings/Memetic_MMX_1099666.config,5,25,0.9643846458250891,0.964780371982588,0.9782350613375544,0.9782350613375544,0.9825880490700435,0.9825880490700435,0.9833795013850416,0.9841709537000396,0.999208547685002,0.999604273842501,0.999604273842501,0.999604273842501,0.999604273842501,0.999604273842501
./instances/realistic-instances/5-25-1767920.cdop,WS./settings/Memetic_MMX_1881515.config,5,25,0.9590556990040575,0.9620066396163777,0.966064182958318,0.9741792696421985,0.9856141645149391,0.9856141645149391,0.9856141645149391,0.9885651051272594,0.9885651051272594,0.9885651051272594,0.9992622648469199,0.9992622648469199,0.9992622648469199,0.9992622648469199
./instances/realistic-instances/5-40-1762875.cdop,WS./settings/Memetic_MMX_1881515.config,5,40,0.9366952789699571,0.9415236051502146,0.9514484978540773,0.9517167381974249,0.9632510729613734,0.9632510729613734,0.9699570815450643,0.9726394849785408,0.9726394849785408,0.9726394849785408,0.9726394849785408,0.9884656652360515,0.9900751072961373,0.9900751072961373
./instances/realistic-instances/20-25-1917698.cdop,WS./settings/Memetic-LS_MMX_1881515.config,20,25,0.8276743336984301,0.8276743336984301,0.8276743336984301,0.8276743336984301,0.8309602044541804,0.8408178167214312,0.8411829134720701,0.8645491055129609,0.8649142022635998,0.9054399415845199,0.9054399415845199,0.9090909090909091,0.9182183278568821,0.9182183278568821
./instances/realistic-instances/20-25-1110588.cdop,WS./settings/Memetic-LS_MPX_1881515.config,20,25,0.6423670668953688,0.6423670668953688,0.6423670668953688,0.6423670668953688,0.6423670668953688,0.6423670668953688,0.6560891938250428,0.6560891938250428,0.6586620926243568,0.6663807890222985,0.6663807890222985,0.6663807890222985,0.6663807890222985,0.6663807890222985
./instances/realistic-instances/10-10-1110588.cdop,WS./settings/Memetic-LS_MPX_1287823.config,10,10,0.8572201189832341,0.8572201189832341,0.8853434288804759,0.8853434288804759,0.8853434288804759,0.8853434288804759,0.8880475932936722,0.8880475932936722,0.8880475932936722,0.905895078420768,0.9096809085992429,0.9096809085992429,0.9167117360735533,0.9167117360735533
./instances/realistic-instances/25-10-1917698.cdop,WS./settings/Memetic_MMX_1287823.config,25,10,0.9455445544554455,0.9455445544554455,0.9594059405940594,0.9618811881188118,0.9742574257425742,0.9891089108910891,0.997029702970297,0.997029702970297,0.997029702970297,0.997029702970297,0.997029702970297,0.997029702970297,0.997029702970297,0.997029702970297
./instances/realistic-instances/20-10-1110588.cdop,WS./settings/Memetic-LS_MPX_1099666.config,20,10,0.7147162230035158,0.7147162230035158,0.7147162230035158,0.7147162230035158,0.7147162230035158,0.7564038171772979,0.7564038171772979,0.7564038171772979,0.7564038171772979,0.7564038171772979,0.7654445002511301,0.7654445002511301,0.8171772978402813,0.8171772978402813
./instances/realistic-instances/5-25-1762875.cdop,WS./settings/Memetic_MPX_1287823.config,5,25,0.9067220543806647,0.9358006042296072,0.9395770392749244,0.9395770392749244,0.9395770392749244,0.9478851963746223,0.9595921450151057,0.9595921450151057,0.9697885196374623,0.9697885196374623,0.9697885196374623,0.9697885196374623,0.9697885196374623,0.9697885196374623
./instances/realistic-instances/5-25-1110588.cdop,WS./settings/Memetic-LS_MMX_1099666.config,5,25,0.854372774040364,0.854372774040364,0.854372774040364,0.854372774040364,0.8967154728927582,0.8986941036802533,0.9018599129402454,0.9339137316976652,0.9339137316976652,0.9339137316976652,0.9382667194301544,0.9382667194301544,0.9422239810051445,0.9422239810051445
./instances/realistic-instances/25-25-1110588.cdop,WS./settings/Memetic_MMX_1881515.config,25,25,0.9255281059792339,0.9452201933404941,0.9620479770855711,0.9824561403508771,0.9853204439670605,0.9853204439670605,0.9853204439670605,0.9853204439670605,0.9924812030075187,0.9953455066237021,0.9953455066237021,0.9953455066237021,1.0,1.0
./instances/realistic-instances/25-10-1917698.cdop,WS./settings/Memetic_MPX_1287823.config,25,10,0.7841584158415842,0.7841584158415842,0.7841584158415842,0.7841584158415842,0.7841584158415842,0.7841584158415842,0.7871287128712872,0.7871287128712872,0.7896039603960396,0.7896039603960396,0.7896039603960396,0.8257425742574257,0.8257425742574257,0.8257425742574257
./instances/realistic-instances/5-40-1762875.cdop,WS./settings/Memetic-LS_MPX_1099666.config,5,40,0.9071888412017167,0.9179184549356223,0.9179184549356223,0.9179184549356223,0.9179184549356223,0.9179184549356223,0.9179184549356223,0.9179184549356223,0.9179184549356223,0.9179184549356223,0.9179184549356223,0.9179184549356223,0.9179184549356223,0.9179184549356223
./instances/realistic-instances/15-40-1110588.cdop,WS./settings/Memetic-LS_MMX_1099666.config,15,40,0.7832047986289632,0.7832047986289632,0.7832047986289632,0.7832047986289632,0.7832047986289632,0.7832047986289632,0.7989145958297629,0.7989145958297629,0.800628391888032,0.8011996572407883,0.8434732933447586,0.8551842330762639,0.8563267637817766,0.8563267637817766
./instances/realistic-instances/5-10-1917698.cdop,WS./settings/Memetic_MPX_1099666.config,5,10,0.9857690202517789,0.9857690202517789,0.9857690202517789,0.9857690202517789,0.9857690202517789,0.9857690202517789,0.9857690202517789,0.9857690202517789,0.9945265462506842,0.9945265462506842,0.9945265462506842,0.9945265462506842,0.9945265462506842,0.9945265462506842
./instances/realistic-instances/25-10-1110588.cdop,WS./settings/Memetic_MMX_1099666.config,25,10,0.9637817497648166,0.9661335841956726,0.9661335841956726,0.9807149576669802,0.9877704609595485,0.9877704609595485,0.9877704609595485,0.9877704609595485,0.9877704609595485,1.0,1.0,1.0,1.0,1.0
./instances/realistic-instances/5-25-1891798.cdop,WS./settings/Memetic_MPX_1287823.config,5,25,0.9516521739130435,0.9544347826086956,0.9544347826086956,0.9547826086956521,0.9565217391304348,0.9565217391304348,0.9565217391304348,0.9565217391304348,0.9565217391304348,0.9655652173913043,0.9725217391304348,0.9725217391304348,0.9725217391304348,0.9725217391304348
./instances/realistic-instances/10-25-1891798.cdop,WS./settings/Memetic-LS_MMX_1287823.config,10,25,0.8457657657657658,0.8457657657657658,0.8457657657657658,0.8457657657657658,0.8457657657657658,0.8457657657657658,0.8572972972972973,0.865945945945946,0.865945945945946,0.9012612612612613,0.9297297297297298,0.9297297297297298,0.9365765765765766,0.9365765765765766
./instances/realistic-instances/5-10-1891798.cdop,WS./settings/Memetic-LS_MPX_1881515.config,5,10,0.9279464745239321,0.9279464745239321,0.9279464745239321,0.9320638188368502,0.9320638188368502,0.9320638188368502,0.9547092125579002,0.9583118888317036,0.9794132784354092,0.9794132784354092,0.9794132784354092,0.9794132784354092,0.9794132784354092,0.9794132784354092
./instances/realistic-instances/20-10-1110588.cdop,WS./settings/Memetic-LS_MMX_1881515.config,20,10,0.8653942742340532,0.8653942742340532,0.8734304369663486,0.8734304369663486,0.8784530386740331,0.8784530386740331,0.8784530386740331,0.8809643395278755,0.9065796082370668,0.9065796082370668,0.9070818684078352,0.9141135107985937,0.9146157709693621,0.9146157709693621
./instances/realistic-instances/10-40-1767920.cdop,WS./settings/Memetic-LS_MPX_1287823.config,10,40,0.7869034406215316,0.7869034406215316,0.7869034406215316,0.7869034406215316,0.7869034406215316,0.7869034406215316,0.7869034406215316,0.7869034406215316,0.7869034406215316,0.7869034406215316,0.7869034406215316,0.7913429522752498,0.8668146503884573,0.8668146503884573
./instances/realistic-instances/5-25-1762875.cdop,WS./settings/Memetic-LS_MPX_1881515.config,5,25,0.8323262839879154,0.8323262839879154,0.8323262839879154,0.8323262839879154,0.8323262839879154,0.8323262839879154,0.8323262839879154,0.8323262839879154,0.8323262839879154,0.8323262839879154,0.895392749244713,0.9308912386706949,0.9376888217522659,0.9376888217522659
./instances/realistic-instances/5-10-1767920.cdop,WS./settings/Memetic_MPX_1881515.config,5,10,0.9810996563573883,0.9810996563573883,0.9810996563573883,0.9833906071019473,0.9833906071019473,0.9833906071019473,0.9833906071019473,0.9856815578465064,0.9856815578465064,0.9902634593356243,0.9908361970217641,0.995418098510882,0.995418098510882,0.995418098510882
./instances/realistic-instances/15-40-1917698.cdop,WS./settings/Memetic_MPX_1881515.config,15,40,0.8110739275935503,0.8439306358381503,0.8439306358381503,0.8515363553392151,0.8515363553392151,0.8515363553392151,0.8515363553392151,0.8959537572254336,0.9014298752662002,0.9233343474292668,0.9312442957103741,0.9312442957103741,0.9312442957103741,0.9312442957103741
./instances/realistic-instances/25-10-1110588.cdop,WS./settings/Memetic_MMX_1287823.config,25,10,0.9506114769520225,0.9586077140169332,0.9623706491063029,0.9628410159924742,0.9628410159924742,0.9689557855126999,0.9788334901222954,0.9788334901222954,0.9788334901222954,0.9788334901222954,0.9788334901222954,0.9948259642521167,0.9948259642521167,0.9948259642521167
./instances/realistic-instances/20-25-1891798.cdop,WS./settings/Memetic_MMX_1287823.config,20,25,0.9550522648083624,0.9550522648083624,0.9550522648083624,0.9766550522648083,0.9777003484320558,0.978397212543554,0.978397212543554,0.978397212543554,0.99198606271777,0.99198606271777,0.9926829268292683,0.9954703832752613,0.9954703832752613,0.9954703832752613
./instances/realistic-instances/10-10-1917698.cdop,WS./settings/Memetic-LS_MMX_1881515.config,10,10,0.8789260385005065,0.8814589665653495,0.9219858156028369,0.9295845997973657,0.9295845997973657,0.9341438703140831,0.9341438703140831,0.9508611955420466,0.9716312056737588,0.9736575481256332,0.9792299898682877,0.9792299898682877,0.9792299898682877,0.9792299898682877
./instances/realistic-instances/10-25-1891798.cdop,WS./settings/Memetic-LS_MPX_1099666.config,10,25,0.8446846846846847,0.8446846846846847,0.8446846846846847,0.8446846846846847,0.8446846846846847,0.8446846846846847,0.8446846846846847,0.8446846846846847,0.8446846846846847,0.8446846846846847,0.8446846846846847,0.8446846846846847,0.8446846846846847,0.8446846846846847
./instances/realistic-instances/15-25-1891798.cdop,WS./settings/Memetic_MPX_1287823.config,15,25,0.7786821705426357,0.8302325581395349,0.8302325581395349,0.8302325581395349,0.8302325581395349,0.8546511627906976,0.8988372093023256,0.8988372093023256,0.8988372093023256,0.8988372093023256,0.9003875968992248,0.9003875968992248,0.9003875968992248,0.9003875968992248
./instances/realistic-instances/15-40-1110588.cdop,WS./settings/Memetic-LS_MPX_1881515.config,15,40,0.7832047986289632,0.7832047986289632,0.7832047986289632,0.7832047986289632,0.7832047986289632,0.7832047986289632,0.7832047986289632,0.7832047986289632,0.7832047986289632,0.7832047986289632,0.7832047986289632,0.7832047986289632,0.7832047986289632,0.7832047986289632
./instances/realistic-instances/10-25-1762875.cdop,WS./settings/Memetic-LS_MMX_1881515.config,10,25,0.8342133051742344,0.8648363252375924,0.8648363252375924,0.8648363252375924,0.8648363252375924,0.8648363252375924,0.8817317845828934,0.8891235480464625,0.8891235480464625,0.8947553678282295,0.8947553678282295,0.8947553678282295,0.933826117564238,0.933826117564238
./instances/realistic-instances/15-10-1767920.cdop,WS./settings/Memetic_MMX_1881515.config,15,10,0.9615384615384616,0.9913967611336032,0.9913967611336032,0.9913967611336032,0.9924089068825911,0.9924089068825911,0.9924089068825911,0.9949392712550608,0.9949392712550608,0.9959514170040485,0.9959514170040485,1.0,1.0,1.0
./instances/realistic-instances/10-25-1762875.cdop,WS./settings/Memetic_MMX_1287823.config,10,25,0.9468497008095741,0.9711369236184442,0.9753607884547695,0.9753607884547695,0.9771207321365716,0.9831045406546991,0.9831045406546991,0.9831045406546991,0.991200281590989,0.9982400563181978,0.9982400563181978,0.9982400563181978,0.9982400563181978,0.9982400563181978
./instances/realistic-instances/20-25-1762875.cdop,WS./settings/Memetic_MMX_1287823.config,20,25,0.9311253293187806,0.9510726383138879,0.9616108392924351,0.9616108392924351,0.9616108392924351,0.9691381257056831,0.9740308618742943,0.9796763266842303,0.9796763266842303,0.9834399698908544,0.9834399698908544,0.9883327060594655,0.9883327060594655,0.9883327060594655
./instances/realistic-instances/5-10-1762875.cdop,WS./settings/Memetic-LS_MPX_1287823.config,5,10,0.9110413396127682,0.9110413396127682,0.9110413396127682,0.9110413396127682,0.9110413396127682,0.9110413396127682,0.9110413396127682,0.9110413396127682,0.9288330716902146,0.9560439560439561,0.9560439560439561,0.967032967032967,0.967032967032967,0.967032967032967
./instances/realistic-instances/10-10-1762875.cdop,WS./settings/Memetic-LS_MMX_1881515.config,10,10,0.9032411820781697,0.9146806482364156,0.9146806482364156,0.9146806482364156,0.9146806482364156,0.9513822688274547,0.9737845567206864,0.9737845567206864,0.9737845567206864,0.9737845567206864,0.9737845567206864,0.9737845567206864,0.9737845567206864,0.9737845567206864
./instances/realistic-instances/15-10-1891798.cdop,WS./settings/Memetic_MPX_1099666.config,15,10,0.8108108108108109,0.8142506142506143,0.8245700245700246,0.8250614250614251,0.8250614250614251,0.8447174447174447,0.8447174447174447,0.8447174447174447,0.8447174447174447,0.8653562653562653,0.8879606879606879,0.8894348894348895,0.8894348894348895,0.8894348894348895
./instances/realistic-instances/5-25-1110588.cdop,WS./settings/Memetic-LS_MMX_1881515.config,5,25,0.854372774040364,0.854372774040364,0.854372774040364,0.8571428571428571,0.8781163434903048,0.9089829837752276,0.9165017807677087,0.9165017807677087,0.9165017807677087,0.9165017807677087,0.9220419469726949,0.925207756232687,0.925207756232687,0.925207756232687
./instances/realistic-instances/10-40-1110588.cdop,WS./settings/Memetic-LS_MMX_1287823.config,10,40,0.8425595238095238,0.8425595238095238,0.8425595238095238,0.8425595238095238,0.8425595238095238,0.8470238095238095,0.8470238095238095,0.8470238095238095,0.8470238095238095,0.8529761904761904,0.8630952380952381,0.8794642857142857,0.8794642857142857,0.8794642857142857
./instances/realistic-instances/5-25-1110588.cdop,WS./settings/Memetic-LS_MPX_1099666.config,5,25,0.854372774040364,0.854372774040364,0.854372774040364,0.854372774040364,0.8694103680253265,0.891175306687772,0.891175306687772,0.8982983775227542,0.9161060546102098,0.927582113177681,0.9287692916501781,0.9323308270676691,0.9374752671151563,0.9374752671151563
./instances/realistic-instances/20-10-1917698.cdop,WS./settings/Memetic_MPX_1099666.config,20,10,0.8027806385169928,0.8027806385169928,0.8753861997940268,0.8753861997940268,0.8820803295571575,0.8820803295571575,0.8820803295571575,0.8820803295571575,0.8820803295571575,0.884140061791967,0.884140061791967,0.8949536560247168,0.9093717816683831,0.9093717816683831
./instances/realistic-instances/10-25-1110588.cdop,WS./settings/Memetic_MMX_1881515.config,10,25,0.9671378091872792,0.9671378091872792,0.9671378091872792,0.9823321554770318,0.9823321554770318,0.9823321554770318,0.9823321554770318,0.9823321554770318,0.9886925795053003,0.9886925795053003,0.9890459363957598,0.9971731448763251,0.9985865724381625,0.9985865724381625
./instances/realistic-instances/25-25-1917698.cdop,WS./settings/Memetic_MMX_1881515.config,25,25,0.9119226638023631,0.9430719656283566,0.9552452559971357,0.9559613319011815,0.9641962047977085,0.9767275331185106,0.9842463301109917,0.9842463301109917,0.9842463301109917,0.9842463301109917,0.9842463301109917,0.9878267096312209,0.9921231650554959,0.9921231650554959
./instances/realistic-instances/25-10-1917698.cdop,WS./settings/Memetic-LS_MMX_1881515.config,25,10,0.749009900990099,0.749009900990099,0.7712871287128713,0.7896039603960396,0.7896039603960396,0.807920792079208,0.8376237623762376,0.8465346534653465,0.8465346534653465,0.8465346534653465,0.9217821782178218,0.9217821782178218,0.9217821782178218,0.9217821782178218
./instances/realistic-instances/15-25-1891798.cdop,WS./settings/Memetic_MMX_1881515.config,15,25,0.9542635658914729,0.9542635658914729,0.9542635658914729,0.9542635658914729,0.9550387596899225,0.9666666666666667,0.9678294573643411,0.9686046511627907,0.9693798449612403,0.9720930232558139,0.9720930232558139,0.9720930232558139,0.9910852713178294,0.9910852713178294
./instances/realistic-instances/10-10-1917698.cdop,WS./settings/Memetic_MPX_1881515.config,10,10,0.9164133738601824,0.9164133738601824,0.9164133738601824,0.9316109422492401,0.9316109422492401,0.9316109422492401,0.9483282674772037,0.9599797365754813,0.9599797365754813,0.9599797365754813,0.9660587639311043,0.9660587639311043,0.9660587639311043,0.9660587639311043
./instances/realistic-instances/25-10-1767920.cdop,WS./settings/Memetic_MPX_1881515.config,25,10,0.7741197988111569,0.7741197988111569,0.7773205304069501,0.7773205304069501,0.7773205304069501,0.7773205304069501,0.7773205304069501,0.8047553726566072,0.8262459990855052,0.8262459990855052,0.8262459990855052,0.8262459990855052,0.8262459990855052,0.8262459990855052
./instances/realistic-instances/5-10-1110588.cdop,WS./settings/Memetic_MPX_1881515.config,5,10,0.954638124362895,0.9785932721712538,0.9785932721712538,0.9785932721712538,0.9785932721712538,0.9811416921508664,0.9811416921508664,0.9877675840978594,0.991335372069317,0.9928644240570846,0.9928644240570846,0.9938837920489296,0.9938837920489296,0.9938837920489296
./instances/realistic-instances/15-10-1762875.cdop,WS./settings/Memetic_MMX_1287823.config,15,10,0.9705159705159705,0.9705159705159705,0.9705159705159705,0.9705159705159705,0.9793611793611794,0.9882063882063882,0.9882063882063882,0.9926289926289926,0.995085995085995,1.0,1.0,1.0,1.0,1.0
./instances/realistic-instances/15-40-1891798.cdop,WS./settings/Memetic-LS_MPX_1287823.config,15,40,0.7521989687594783,0.7521989687594783,0.7521989687594783,0.7521989687594783,0.7521989687594783,0.7521989687594783,0.7521989687594783,0.7521989687594783,0.7521989687594783,0.7521989687594783,0.7521989687594783,0.7521989687594783,0.7521989687594783,0.7521989687594783
./instances/realistic-instances/10-10-1767920.cdop,WS./settings/Memetic-LS_MMX_1099666.config,10,10,0.769273433166944,0.8119800332778702,0.8691070438158625,0.8691070438158625,0.8874098724348308,0.9140321686078757,0.9140321686078757,0.9140321686078757,0.9140321686078757,0.9234608985024958,0.9378813089295619,0.9378813089295619,0.9378813089295619,0.9378813089295619
./instances/realistic-instances/10-25-1767920.cdop,WS./settings/Memetic-LS_MMX_1287823.config,10,25,0.8176424050632911,0.8176424050632911,0.8176424050632911,0.8295094936708861,0.8425632911392406,0.8560126582278481,0.875,0.875,0.875,0.896756329113924,0.9082278481012658,0.939873417721519,0.9434335443037974,0.9434335443037974
./instances/realistic-instances/10-25-1110588.cdop,WS./settings/Memetic-LS_MMX_1099666.config,10,25,0.837809187279152,0.837809187279152,0.837809187279152,0.8671378091872791,0.8671378091872791,0.8671378091872791,0.8671378091872791,0.8851590106007067,0.9240282685512368,0.9296819787985866,0.9296819787985866,0.9296819787985866,0.9296819787985866,0.9296819787985866
./instances/realistic-instances/25-25-1891798.cdop,WS./settings/Memetic-LS_MMX_1287823.config,25,25,0.7231774415405777,0.7675378266850069,0.7675378266850069,0.78232462173315,0.78232462173315,0.8514442916093535,0.8762035763411279,0.9002751031636864,0.9040577716643742,0.9267537826685007,0.9439477303988996,0.9439477303988996,0.9439477303988996,0.9439477303988996
./instances/realistic-instances/10-10-1767920.cdop,WS./settings/Memetic-LS_MPX_1287823.config,10,10,0.7953410981697171,0.7975596228508042,0.8679977814753189,0.8879645036051026,0.8885191347753744,0.8885191347753744,0.9145867997781475,0.9145867997781475,0.9145867997781475,0.9145867997781475,0.9245701608430393,0.93732667775929,0.93732667775929,0.93732667775929
./instances/realistic-instances/5-10-1110588.cdop,WS./settings/Memetic-LS_MPX_1099666.config,5,10,0.8899082568807339,0.8899082568807339,0.8899082568807339,0.8899082568807339,0.9077471967380224,0.9148827726809379,0.9505606523955148,0.9505606523955148,0.9505606523955148,0.9505606523955148,0.9505606523955148,0.9505606523955148,0.9571865443425076,0.9571865443425076
./instances/realistic-instances/15-25-1891798.cdop,WS./settings/Memetic_MMX_1287823.config,15,25,0.9372093023255814,0.9496124031007752,0.953875968992248,0.9682170542635659,0.9736434108527132,0.9736434108527132,0.9856589147286822,0.9856589147286822,0.9856589147286822,0.9856589147286822,0.9968992248062015,1.0,1.0,1.0
./instances/realistic-instances/15-10-1891798.cdop,WS./settings/Memetic-LS_MMX_1287823.config,15,10,0.7872235872235872,0.8294840294840294,0.8294840294840294,0.8643734643734644,0.8643734643734644,0.8781326781326781,0.9002457002457003,0.9051597051597051,0.9051597051597051,0.9434889434889435,0.9538083538083538,0.9542997542997543,0.9542997542997543,0.9542997542997543
./instances/realistic-instances/25-10-1767920.cdop,WS./settings/Memetic-LS_MMX_1099666.config,25,10,0.8102423411065386,0.8171010516689529,0.8171010516689529,0.8276177411979881,0.8276177411979881,0.84453589391861,0.84453589391861,0.84453589391861,0.84453589391861,0.8646547782350251,0.897119341563786,0.8980338363054412,0.9433013260173754,0.9433013260173754
./instances/realistic-instances/10-40-1891798.cdop,WS./settings/Memetic_MMX_1287823.config,10,40,0.9167153711279953,0.9234365867913501,0.9582115721800117,0.9818819403857393,0.9798363530099357,0.9842197545295149,0.9856808883693746,0.9856808883693746,0.9856808883693746,0.9856808883693746,0.9929865575686733,0.9929865575686733,0.994155464640561,0.994155464640561
./instances/realistic-instances/15-25-1767920.cdop,WS./settings/Memetic_MPX_1881515.config,15,25,0.8855738855738856,0.8855738855738856,0.8855738855738856,0.9003159003159004,0.9154089154089154,0.9154089154089154,0.9154089154089154,0.926991926991927,0.926991926991927,0.9308529308529309,0.9526149526149527,0.9526149526149527,0.9526149526149527,0.9526149526149527
./instances/realistic-instances/15-10-1891798.cdop,WS./settings/Memetic_MMX_1881515.config,15,10,0.9793611793611794,0.9926289926289926,0.9970515970515971,0.9970515970515971,0.9970515970515971,0.9970515970515971,0.9970515970515971,0.9970515970515971,0.9970515970515971,0.9970515970515971,1.0,1.0,1.0,1.0
./instances/realistic-instances/20-25-1762875.cdop,WS./settings/Memetic_MPX_1287823.config,20,25,0.7967632668423034,0.8656379375235228,0.8870907038012796,0.8870907038012796,0.8870907038012796,0.8916070756492285,0.9198343996989086,0.9198343996989086,0.9205871283402334,0.9205871283402334,0.9205871283402334,0.9205871283402334,0.9228453142642078,0.9228453142642078
./instances/realistic-instances/25-10-1917698.cdop,WS./settings/Memetic_MMX_1099666.config,25,10,0.9574257425742574,0.9643564356435643,0.9821782178217822,0.9900990099009901,0.9900990099009901,0.9900990099009901,0.9900990099009901,0.9905940594059406,0.9920792079207921,0.9920792079207921,0.9920792079207921,0.9985148514851485,0.9985148514851485,0.9985148514851485
./instances/realistic-instances/10-40-1891798.cdop,WS./settings/Memetic-LS_MPX_1881515.config,10,40,0.8664523670368206,0.8664523670368206,0.8664523670368206,0.8664523670368206,0.8664523670368206,0.8664523670368206,0.8664523670368206,0.8664523670368206,0.8664523670368206,0.8664523670368206,0.8664523670368206,0.8664523670368206,0.8664523670368206,0.8664523670368206
./instances/realistic-instances/15-40-1767920.cdop,WS./settings/Memetic-LS_MPX_1287823.config,15,40,0.7983820784069695,0.7983820784069695,0.7983820784069695,0.7983820784069695,0.7983820784069695,0.7983820784069695,0.7983820784069695,0.7983820784069695,0.7983820784069695,0.7983820784069695,0.7983820784069695,0.8070939639079029,0.8070939639079029,0.8070939639079029
./instances/realistic-instances/10-40-1110588.cdop,WS./settings/Memetic_MPX_1099666.config,10,40,0.8735119047619048,0.8898809523809523,0.9157738095238095,0.9285714285714286,0.9285714285714286,0.9324404761904762,0.9324404761904762,0.9324404761904762,0.9392857142857143,0.9392857142857143,0.9461309523809524,0.950297619047619,0.950297619047619,0.950297619047619
./instances/realistic-instances/25-10-1762875.cdop,WS./settings/Memetic_MPX_1099666.config,25,10,0.6808612440191387,0.7186602870813397,0.7885167464114833,0.7885167464114833,0.7904306220095694,0.7904306220095694,0.7904306220095694,0.8229665071770335,0.8315789473684211,0.8315789473684211,0.8315789473684211,0.8315789473684211,0.8315789473684211,0.8315789473684211
./instances/realistic-instances/15-40-1767920.cdop,WS./settings/Memetic-LS_MMX_1099666.config,15,40,0.7983820784069695,0.7983820784069695,0.8030491599253267,0.8030491599253267,0.8055382700684506,0.8189172370877411,0.819539514623522,0.8214063472308649,0.8229620410703173,0.8248288736776602,0.8316739265712508,0.8494088363410081,0.8758556316116988,0.8758556316116988
./instances/realistic-instances/5-10-1762875.cdop,WS./settings/Memetic_MPX_1881515.config,5,10,0.9665096807953951,0.9811616954474097,0.9843014128728415,0.9843014128728415,0.9843014128728415,0.9963369963369964,0.9963369963369964,0.9963369963369964,0.9963369963369964,0.9963369963369964,0.9963369963369964,0.9994767137624281,0.9994767137624281,0.9994767137624281
./instances/realistic-instances/25-25-1110588.cdop,WS./settings/Memetic-LS_MPX_1287823.config,25,25,0.7912638739706409,0.7912638739706409,0.7912638739706409,0.7912638739706409,0.7912638739706409,0.7912638739706409,0.7912638739706409,0.7912638739706409,0.7912638739706409,0.7912638739706409,0.7912638739706409,0.7912638739706409,0.7912638739706409,0.7912638739706409
./instances/realistic-instances/25-10-1891798.cdop,WS./settings/Memetic_MMX_1881515.config,25,10,0.944327731092437,0.9490546218487395,0.9611344537815126,0.9753151260504201,0.9784663865546218,0.9816176470588235,0.9816176470588235,0.9816176470588235,0.9963235294117647,0.9963235294117647,0.9963235294117647,0.9963235294117647,0.9963235294117647,0.9963235294117647
./instances/realistic-instances/15-25-1917698.cdop,WS./settings/Memetic_MMX_1881515.config,15,25,0.9552967693463561,0.9722013523666416,0.9770848985725019,0.9770848985725019,0.9770848985725019,0.9778362133734034,0.9838467317806161,0.9838467317806161,0.990984222389181,0.992862509391435,0.9973703981968445,1.0,1.0,1.0
./instances/realistic-instances/5-10-1767920.cdop,WS./settings/Memetic_MMX_1287823.config,5,10,0.9873997709049256,0.9896907216494846,0.9896907216494846,0.9959908361970218,0.9959908361970218,0.9959908361970218,0.9971363115693013,0.9971363115693013,0.9971363115693013,0.9971363115693013,1.0,1.0,1.0,1.0
./instances/realistic-instances/25-25-1110588.cdop,WS./settings/Memetic_MPX_1099666.config,25,25,0.7912638739706409,0.7912638739706409,0.7912638739706409,0.7912638739706409,0.8177586824203366,0.8177586824203366,0.8342284282133906,0.8342284282133906,0.8342284282133906,0.8342284282133906,0.8464017185821697,0.8464017185821697,0.8464017185821697,0.8464017185821697
./instances/realistic-instances/10-40-1767920.cdop,WS./settings/Memetic_MPX_1287823.config,10,40,0.8526637069922308,0.8632075471698113,0.8865149833518313,0.939511653718091,0.94173140954495,0.9550499445061044,0.9558823529411765,0.9575471698113207,0.9594894561598224,0.9619866814650389,0.9619866814650389,0.9653163152053275,0.9661487236403996,0.9661487236403996
./instances/realistic-instances/25-25-1762875.cdop,WS./settings/Memetic-LS_MPX_1881515.config,25,25,0.8002808002808003,0.8002808002808003,0.8002808002808003,0.8002808002808003,0.8002808002808003,0.8002808002808003,0.8002808002808003,0.8002808002808003,0.8002808002808003,0.8002808002808003,0.8002808002808003,0.8002808002808003,0.8002808002808003,0.8002808002808003
./instances/realistic-instances/15-25-1762875.cdop,WS./settings/Memetic-LS_MPX_1287823.config,15,25,0.8054656598345918,0.8054656598345918,0.8054656598345918,0.8054656598345918,0.8087019057892845,0.8087019057892845,0.8087019057892845,0.8087019057892845,0.8087019057892845,0.8087019057892845,0.8184106436533621,0.837108953613808,0.864796835670622,0.864796835670622
./instances/realistic-instances/20-25-1767920.cdop,WS./settings/Memetic_MMX_1287823.config,20,25,0.9583941605839416,0.9583941605839416,0.9635036496350365,0.9678832116788321,0.9693430656934306,0.9718978102189781,0.9718978102189781,0.9806569343065693,0.9806569343065693,0.9813868613138687,0.9945255474452555,0.9952554744525547,0.995985401459854,0.995985401459854
./instances/realistic-instances/15-10-1762875.cdop,WS./settings/Memetic-LS_MPX_1287823.config,15,10,0.8329238329238329,0.8329238329238329,0.8329238329238329,0.8329238329238329,0.8329238329238329,0.8329238329238329,0.8329238329238329,0.8329238329238329,0.8412776412776413,0.8412776412776413,0.8412776412776413,0.8412776412776413,0.8412776412776413,0.8412776412776413
./instances/realistic-instances/20-10-1767920.cdop,WS./settings/Memetic-LS_MPX_1287823.config,20,10,0.7010110736639383,0.7091959557053442,0.7636013480982186,0.7905633124699085,0.7905633124699085,0.8006740491092923,0.8006740491092923,0.8006740491092923,0.8006740491092923,0.8006740491092923,0.8006740491092923,0.8006740491092923,0.8006740491092923,0.8006740491092923
./instances/realistic-instances/25-10-1917698.cdop,WS./settings/Memetic_MPX_1099666.config,25,10,0.7742574257425743,0.7742574257425743,0.7831683168316832,0.8188118811881188,0.8188118811881188,0.8217821782178217,0.844059405940594,0.844059405940594,0.852970297029703,0.852970297029703,0.852970297029703,0.852970297029703,0.852970297029703,0.852970297029703
./instances/realistic-instances/25-10-1917698.cdop,WS./settings/Memetic_MPX_1881515.config,25,10,0.7663366336633664,0.7663366336633664,0.7698019801980198,0.7826732673267327,0.7826732673267327,0.7826732673267327,0.7826732673267327,0.8064356435643565,0.8064356435643565,0.8064356435643565,0.8153465346534653,0.8153465346534653,0.8153465346534653,0.8153465346534653
./instances/realistic-instances/10-40-1762875.cdop,WS./settings/Memetic-LS_MMX_1099666.config,10,40,0.7266387726638772,0.7266387726638772,0.7266387726638772,0.7428172942817294,0.7601115760111576,0.7815899581589958,0.7815899581589958,0.802231520223152,0.802231520223152,0.8184100418410042,0.8337517433751743,0.8873082287308228,0.9230125523012552,0.9230125523012552
./instances/realistic-instances/25-25-1762875.cdop,WS./settings/Memetic-LS_MMX_1099666.config,25,25,0.8094068094068094,0.8094068094068094,0.8269568269568269,0.8269568269568269,0.8360828360828361,0.8399438399438399,0.8634608634608635,0.8954018954018954,0.8954018954018954,0.9217269217269217,0.9217269217269217,0.9217269217269217,0.9231309231309232,0.9231309231309232
./instances/realistic-instances/20-25-1767920.cdop,WS./settings/Memetic_MMX_1881515.config,20,25,0.9405109489051094,0.9510948905109489,0.9645985401459855,0.9653284671532847,0.9653284671532847,0.9751824817518249,0.981021897810219,0.981021897810219,0.981021897810219,0.981021897810219,0.981021897810219,0.9868613138686131,0.9868613138686131,0.9868613138686131
./instances/realistic-instances/5-40-1762875.cdop,WS./settings/Memetic_MMX_1287823.config,5,40,0.9219420600858369,0.9372317596566524,0.9629828326180258,0.9651287553648069,0.9726394849785408,0.9729077253218884,0.976931330472103,0.9798819742489271,0.9983905579399142,0.9994635193133047,0.9994635193133047,0.9994635193133047,0.9994635193133047,0.9994635193133047
./instances/realistic-instances/20-25-1891798.cdop,WS./settings/Memetic-LS_MMX_1287823.config,20,25,0.7728222996515679,0.7728222996515679,0.8,0.802439024390244,0.8320557491289199,0.8320557491289199,0.8334494773519163,0.840766550522648,0.8630662020905924,0.8630662020905924,0.8630662020905924,0.8926829268292683,0.8979094076655052,0.8979094076655052
./instances/realistic-instances/10-40-1917698.cdop,WS./settings/Memetic_MPX_1881515.config,10,40,0.853448275862069,0.8665183537263627,0.8731924360400445,0.8731924360400445,0.8890433815350389,0.8890433815350389,0.9243604004449388,0.9327030033370411,0.9327030033370411,0.9327030033370411,0.9327030033370411,0.9327030033370411,0.9327030033370411,0.9327030033370411
./instances/realistic-instances/10-25-1917698.cdop,WS./settings/Memetic_MPX_1287823.config,10,25,0.9174579985390796,0.9174579985390796,0.920745069393718,0.9214755295836377,0.9298758217677137,0.9327976625273923,0.9327976625273923,0.9539810080350621,0.9649379108838568,0.9649379108838568,0.9689554419284149,0.9689554419284149,0.9689554419284149,0.9689554419284149
./instances/realistic-instances/20-10-1917698.cdop,WS./settings/Memetic_MMX_1881515.config,20,10,0.9644696189495365,0.9840370751802265,0.9840370751802265,0.9840370751802265,0.9840370751802265,0.9840370751802265,0.9927909371781668,0.995880535530381,0.995880535530381,0.995880535530381,0.995880535530381,0.995880535530381,0.9984552008238929,0.9984552008238929
./instances/realistic-instances/25-10-1762875.cdop,WS./settings/Memetic-LS_MMX_1881515.config,25,10,0.7961722488038278,0.7961722488038278,0.7961722488038278,0.80622009569378,0.80622009569378,0.8196172248803828,0.8196172248803828,0.8196172248803828,0.8741626794258374,0.8870813397129187,0.8870813397129187,0.9019138755980861,0.9019138755980861,0.9019138755980861
./instances/realistic-instances/20-25-1917698.cdop,WS./settings/Memetic_MPX_1881515.config,20,25,0.8276743336984301,0.8276743336984301,0.8276743336984301,0.8276743336984301,0.8276743336984301,0.8338809784592918,0.8338809784592918,0.8408178167214312,0.8678349762687112,0.8765972982840453,0.8857247170500182,0.891201168309602,0.9065352318364367,0.9065352318364367
./instances/realistic-instances/25-25-1767920.cdop,WS./settings/Memetic-LS_MPX_1881515.config,25,25,0.7475800446760983,0.7475800446760983,0.7475800446760983,0.7475800446760983,0.7475800446760983,0.7475800446760983,0.7475800446760983,0.7475800446760983,0.7475800446760983,0.7475800446760983,0.7475800446760983,0.7654504839910647,0.7654504839910647,0.7654504839910647
./instances/realistic-instances/20-10-1767920.cdop,WS./settings/Memetic_MPX_1287823.config,20,10,0.8483389504092441,0.8541165142031777,0.8608570052961001,0.8642272508425614,0.8651901781415503,0.8651901781415503,0.8651901781415503,0.8805970149253731,0.8805970149253731,0.8805970149253731,0.8805970149253731,0.8805970149253731,0.8805970149253731,0.8805970149253731
./instances/realistic-instances/10-10-1917698.cdop,WS./settings/Memetic-LS_MMX_1099666.config,10,10,0.8601823708206687,0.8728470111448835,0.894630192502533,0.9321175278622087,0.9346504559270516,0.9346504559270516,0.9381965552178319,0.9539007092198581,0.9539007092198581,0.9539007092198581,0.9539007092198581,0.9832826747720365,0.9832826747720365,0.9832826747720365
./instances/realistic-instances/20-25-1762875.cdop,WS./settings/Memetic-LS_MPX_1099666.config,20,25,0.7692886714339481,0.7692886714339481,0.7692886714339481,0.7692886714339481,0.7692886714339481,0.7738050432818969,0.7937523522770041,0.7937523522770041,0.8054196462175386,0.813323296951449,0.8362815205118554,0.8362815205118554,0.8362815205118554,0.8362815205118554
./instances/realistic-instances/5-10-1762875.cdop,WS./settings/Memetic_MMX_1099666.config,5,10,0.9963369963369964,0.9963369963369964,0.9963369963369964,0.9963369963369964,0.9963369963369964,0.9994767137624281,0.9994767137624281,0.9994767137624281,0.9994767137624281,0.9994767137624281,0.9994767137624281,0.9994767137624281,1.0,1.0
./instances/realistic-instances/10-40-1891798.cdop,WS./settings/Memetic-LS_MPX_1099666.config,10,40,0.8664523670368206,0.8664523670368206,0.8664523670368206,0.8664523670368206,0.8664523670368206,0.8664523670368206,0.8664523670368206,0.8664523670368206,0.8664523670368206,0.8664523670368206,0.8664523670368206,0.8664523670368206,0.8664523670368206,0.8664523670368206
./instances/realistic-instances/25-25-1767920.cdop,WS./settings/Memetic_MMX_1881515.config,25,25,0.9113924050632911,0.9434102755026061,0.9601638123603872,0.9601638123603872,0.9690990320178704,0.9761727475800447,0.9761727475800447,0.9761727475800447,0.9780342516753537,0.9888309754281459,0.9899478778853313,0.9899478778853313,0.9899478778853313,0.9899478778853313
./instances/realistic-instances/10-25-1917698.cdop,WS./settings/Memetic-LS_MPX_1287823.config,10,25,0.8681519357195033,0.8681519357195033,0.8681519357195033,0.8681519357195033,0.8681519357195033,0.8681519357195033,0.8681519357195033,0.8991964937910883,0.9024835646457268,0.9134404674945216,0.9149013878743608,0.9149013878743608,0.9149013878743608,0.9149013878743608
./instances/realistic-instances/5-10-1762875.cdop,WS./settings/Memetic-LS_MMX_1287823.config,5,10,0.9110413396127682,0.9110413396127682,0.9110413396127682,0.9366823652537938,0.9497645211930926,0.9623233908948194,0.9623233908948194,0.9623233908948194,0.9623233908948194,0.9659863945578231,0.9759288330716902,0.9759288330716902,0.9811616954474097,0.9811616954474097
./instances/realistic-instances/25-10-1891798.cdop,WS./settings/Memetic-LS_MPX_1099666.config,25,10,0.6974789915966386,0.6974789915966386,0.6974789915966386,0.6974789915966386,0.6974789915966386,0.6974789915966386,0.6974789915966386,0.6974789915966386,0.6974789915966386,0.6974789915966386,0.6974789915966386,0.6974789915966386,0.6974789915966386,0.6974789915966386
./instances/realistic-instances/10-10-1110588.cdop,WS./settings/Memetic_MMX_1287823.config,10,10,0.9832341806381828,0.9832341806381828,0.9832341806381828,0.9832341806381828,0.9832341806381828,0.9832341806381828,0.9859383450513791,0.9956733369388859,0.9956733369388859,1.0,1.0,1.0,1.0,1.0
./instances/realistic-instances/10-25-1917698.cdop,WS./settings/Memetic_MPX_1881515.config,10,25,0.9024835646457268,0.9024835646457268,0.9024835646457268,0.9024835646457268,0.9108838568298028,0.9273192111029949,0.9331628926223521,0.9331628926223521,0.9331628926223521,0.9393718042366691,0.9393718042366691,0.9393718042366691,0.9393718042366691,0.9393718042366691
./instances/realistic-instances/5-25-1767920.cdop,WS./settings/Memetic-LS_MPX_1287823.config,5,25,0.8185171523423092,0.8185171523423092,0.8185171523423092,0.8185171523423092,0.8185171523423092,0.8185171523423092,0.8185171523423092,0.8185171523423092,0.8222058281077094,0.9033566949465142,0.9391368498708963,0.9391368498708963,0.9487274068609369,0.9487274068609369
./instances/realistic-instances/15-40-1917698.cdop,WS./settings/Memetic-LS_MMX_1881515.config,15,40,0.6772132643748099,0.6772132643748099,0.6784301794949802,0.6997261940979617,0.6997261940979617,0.7125038028597506,0.7179799209005172,0.7754791603285671,0.8168542744143596,0.8378460602372985,0.8816550045634317,0.8816550045634317,0.8950410708853057,0.8950410708853057
./instances/realistic-instances/10-40-1762875.cdop,WS./settings/Memetic_MPX_1881515.config,10,40,0.8811715481171548,0.8853556485355648,0.894281729428173,0.9065550906555091,0.9093444909344491,0.9093444909344491,0.9244072524407252,0.9447698744769875,0.9447698744769875,0.9447698744769875,0.9447698744769875,0.9447698744769875,0.9447698744769875,0.9447698744769875
./instances/realistic-instances/20-25-1917698.cdop,WS./settings/Memetic-LS_MPX_1099666.config,20,25,0.8276743336984301,0.8276743336984301,0.8276743336984301,0.8276743336984301,0.8276743336984301,0.8276743336984301,0.8276743336984301,0.8276743336984301,0.8276743336984301,0.8276743336984301,0.8276743336984301,0.8276743336984301,0.8276743336984301,0.8276743336984301
./instances/realistic-instances/5-10-1891798.cdop,WS./settings/Memetic-LS_MPX_1287823.config,5,10,0.9294904786412764,0.9475038600102934,0.9598558929490478,0.9722079258878024,0.9727225939269172,0.9804426145136387,0.9804426145136387,0.9804426145136387,0.9804426145136387,0.9804426145136387,0.9804426145136387,0.9804426145136387,0.9804426145136387,0.9804426145136387
./instances/realistic-instances/20-25-1762875.cdop,WS./settings/Memetic_MMX_1881515.config,20,25,0.9585999247271358,0.9585999247271358,0.9585999247271358,0.9713963116296576,0.9725254045916447,0.9725254045916447,0.9759126834776063,0.9759126834776063,0.9951072638313888,0.9969890854347008,0.998118178396688,0.998118178396688,1.0,1.0
./instances/realistic-instances/10-10-1110588.cdop,WS./settings/Memetic-LS_MMX_1099666.config,10,10,0.8994050838290968,0.8999459167117361,0.8999459167117361,0.9053542455381287,0.9053542455381287,0.9053542455381287,0.9053542455381287,0.9053542455381287,0.944835045970795,0.9545700378583017,0.9545700378583017,0.9545700378583017,0.9832341806381828,0.9832341806381828
./instances/realistic-instances/20-10-1917698.cdop,WS./settings/Memetic-LS_MPX_1881515.config,20,10,0.7657054582904222,0.7657054582904222,0.7657054582904222,0.7657054582904222,0.7657054582904222,0.7657054582904222,0.7657054582904222,0.7754891864057673,0.7924819773429455,0.7976313079299691,0.7976313079299691,0.805870236869207,0.805870236869207,0.805870236869207
./instances/realistic-instances/25-25-1767920.cdop,WS./settings/Memetic-LS_MMX_1099666.config,25,25,0.7520476545048399,0.7520476545048399,0.7520476545048399,0.7524199553239017,0.7825763216679077,0.7825763216679077,0.7967237527922562,0.8205510052122115,0.8469843633655995,0.8950111690245719,0.9113924050632911,0.9288905435591959,0.9292628443782577,0.9292628443782577
./instances/realistic-instances/25-10-1767920.cdop,WS./settings/Memetic-LS_MPX_1099666.config,25,10,0.7741197988111569,0.7741197988111569,0.7741197988111569,0.7741197988111569,0.7741197988111569,0.7741197988111569,0.7741197988111569,0.7741197988111569,0.7741197988111569,0.7741197988111569,0.7741197988111569,0.7741197988111569,0.7914951989026063,0.7914951989026063
./instances/realistic-instances/5-10-1767920.cdop,WS./settings/Memetic-LS_MMX_1099666.config,5,10,0.9060710194730813,0.9095074455899198,0.9095074455899198,0.9261168384879725,0.9261168384879725,0.9261168384879725,0.929553264604811,0.9450171821305842,0.9450171821305842,0.9627720504009164,0.9799541809851088,0.9799541809851088,0.9799541809851088,0.9799541809851088
./instances/realistic-instances/10-40-1762875.cdop,WS./settings/Memetic_MMX_1881515.config,10,40,0.9573221757322176,0.9573221757322176,0.9690376569037656,0.9690376569037656,0.9821478382147838,0.9821478382147838,0.9821478382147838,0.9821478382147838,0.9857740585774059,0.9919107391910739,0.99860529986053,0.99860529986053,0.99860529986053,0.99860529986053
./instances/realistic-instances/15-25-1917698.cdop,WS./settings/Memetic-LS_MPX_1287823.config,15,25,0.8144252441773103,0.8144252441773103,0.8144252441773103,0.8144252441773103,0.8144252441773103,0.8144252441773103,0.8144252441773103,0.8144252441773103,0.8215627347858753,0.8677685950413223,0.8794139744552968,0.8794139744552968,0.8936889556724268,0.8936889556724268
./instances/realistic-instances/10-10-1762875.cdop,WS./settings/Memetic_MMX_1881515.config,10,10,0.9833174451858914,0.9833174451858914,0.9833174451858914,0.9833174451858914,0.9923736892278361,0.996186844613918,0.996186844613918,0.996186844613918,0.996186844613918,0.996186844613918,0.996186844613918,0.996186844613918,0.996186844613918,0.996186844613918
./instances/realistic-instances/20-10-1891798.cdop,WS./settings/Memetic_MPX_1099666.config,20,10,0.8670829616413916,0.8670829616413916,0.8670829616413916,0.8670829616413916,0.8670829616413916,0.8898305084745762,0.8916146297948261,0.8938447814451382,0.9041034790365745,0.9094558429973238,0.9094558429973238,0.9103479036574487,0.9103479036574487,0.9103479036574487
./instances/realistic-instances/25-25-1917698.cdop,WS./settings/Memetic-LS_MMX_1287823.config,25,25,0.7848191908342285,0.7848191908342285,0.7883995703544576,0.8020050125313283,0.8084496956677408,0.8084496956677408,0.8220551378446115,0.8292158968850698,0.8292158968850698,0.8625134264232008,0.8657357679914071,0.8800572860723237,0.8868600071607591,0.8868600071607591
./instances/realistic-instances/15-10-1891798.cdop,WS./settings/Memetic-LS_MPX_1881515.config,15,10,0.7002457002457002,0.7002457002457002,0.7002457002457002,0.7002457002457002,0.7002457002457002,0.744963144963145,0.774938574938575,0.774938574938575,0.7941031941031941,0.8186732186732186,0.8398034398034399,0.8398034398034399,0.8427518427518428,0.8427518427518428
./instances/realistic-instances/5-10-1891798.cdop,WS./settings/Memetic_MMX_1881515.config,5,10,0.9902213072568193,0.997941327843541,1.0,1.0,1.0,1.0,1.0,1.0,1.0,1.0,1.0,1.0,1.0,1.0
./instances/realistic-instances/5-10-1917698.cdop,WS./settings/Memetic_MPX_1287823.config,5,10,0.9770114942528736,0.9770114942528736,0.9770114942528736,0.9808429118773946,0.9928845101258894,0.9945265462506842,0.9945265462506842,0.9945265462506842,0.9945265462506842,0.9945265462506842,0.9989053092501369,1.0,1.0,1.0
./instances/realistic-instances/5-40-1110588.cdop,WS./settings/Memetic-LS_MMX_1099666.config,5,40,0.8300747556066705,0.8300747556066705,0.8300747556066705,0.8300747556066705,0.8300747556066705,0.8300747556066705,0.8300747556066705,0.8300747556066705,0.8300747556066705,0.8349626221966647,0.8349626221966647,0.8349626221966647,0.8732029902242668,0.8732029902242668
./instances/realistic-instances/20-10-1891798.cdop,WS./settings/Memetic-LS_MPX_1287823.config,20,10,0.7711864406779662,0.7711864406779662,0.7711864406779662,0.7711864406779662,0.7711864406779662,0.7711864406779662,0.7711864406779662,0.7756467439785906,0.7756467439785906,0.812221231043711,0.8287243532560215,0.8715432649420161,0.8715432649420161,0.8715432649420161
./instances/realistic-instances/25-10-1917698.cdop,WS./settings/Memetic_MMX_1881515.config,25,10,0.9445544554455445,0.9549504950495049,0.9549504950495049,0.9589108910891089,0.9668316831683168,0.9668316831683168,0.9727722772277227,0.9727722772277227,0.9747524752475247,0.9851485148514851,0.9886138613861386,0.9886138613861386,0.9886138613861386,0.9886138613861386
./instances/realistic-instances/10-10-1767920.cdop,WS./settings/Memetic_MMX_1881515.config,10,10,0.9645036051026068,0.971159179145868,0.9755962285080422,0.9889073765945646,0.9889073765945646,0.9933444259567388,0.9983361064891847,0.9983361064891847,0.9988907376594565,0.9988907376594565,0.9988907376594565,0.9988907376594565,0.9988907376594565,0.9988907376594565
./instances/realistic-instances/5-40-1767920.cdop,WS./settings/Memetic_MMX_1099666.config,5,40,0.9315625,0.9540625,0.9546875,0.9721875,0.9721875,0.9740625,0.9815625,0.9815625,0.9878125,0.9878125,0.9896875,0.9896875,0.9896875,0.9896875
./instances/realistic-instances/25-10-1767920.cdop,WS./settings/Memetic_MMX_1881515.config,25,10,0.9062642889803384,0.9213534522176497,0.9405578417924096,0.9821673525377229,0.9839963420210334,0.9839963420210334,0.9839963420210334,0.9839963420210334,0.9922267946959304,0.9922267946959304,0.9922267946959304,0.9986282578875172,0.9986282578875172,0.9986282578875172
./instances/realistic-instances/15-40-1917698.cdop,WS./settings/Memetic_MMX_1881515.config,15,40,0.902342561606328,0.9428049893519928,0.9485853361728019,0.9558868268938242,0.9625798600547611,0.9625798600547611,0.9637967751749316,0.9683602068755705,0.9692728932156982,0.9826589595375722,0.9945238819592334,1.0027380590203834,0.9960450258594463,0.9960450258594463
./instances/realistic-instances/10-10-1891798.cdop,WS./settings/Memetic_MPX_1099666.config,10,10,0.9483227561196736,0.9483227561196736,0.9483227561196736,0.9483227561196736,0.9483227561196736,0.9492293744333635,0.9492293744333635,0.9492293744333635,0.956935630099728,0.956935630099728,0.956935630099728,0.956935630099728,0.956935630099728,0.956935630099728
./instances/realistic-instances/25-10-1110588.cdop,WS./settings/Memetic-LS_MMX_1881515.config,25,10,0.7460018814675446,0.7460018814675446,0.7695202257761053,0.7883349012229539,0.7883349012229539,0.7991533396048918,0.808560677328316,0.8443085606773283,0.8659454374412041,0.8659454374412041,0.8692380056444027,0.9073377234242709,0.9238005644402634,0.9238005644402634
./instances/realistic-instances/10-25-1110588.cdop,WS./settings/Memetic_MMX_1099666.config,10,25,0.9434628975265018,0.9469964664310954,0.949469964664311,0.9664310954063604,0.9703180212014134,0.9703180212014134,0.9703180212014134,0.9703180212014134,0.9756183745583039,0.9939929328621908,0.9939929328621908,0.9939929328621908,0.9939929328621908,0.9939929328621908
./instances/realistic-instances/5-10-1110588.cdop,WS./settings/Memetic-LS_MPX_1287823.config,5,10,0.8899082568807339,0.8899082568807339,0.8899082568807339,0.8899082568807339,0.9123343527013251,0.9582059123343527,0.9734964322120285,0.9734964322120285,0.9734964322120285,0.9734964322120285,0.9734964322120285,0.9734964322120285,0.9734964322120285,0.9734964322120285
./instances/realistic-instances/15-40-1110588.cdop,WS./settings/Memetic-LS_MPX_1287823.config,15,40,0.7832047986289632,0.7832047986289632,0.7832047986289632,0.7832047986289632,0.7832047986289632,0.7832047986289632,0.7832047986289632,0.7832047986289632,0.7832047986289632,0.7832047986289632,0.7832047986289632,0.7832047986289632,0.7832047986289632,0.7832047986289632
./instances/realistic-instances/15-40-1110588.cdop,WS./settings/Memetic_MMX_1099666.config,15,40,0.9134532990574121,0.9225935447015139,0.9225935447015139,0.9225935447015139,0.9225935447015139,0.9363039131676664,0.9522993430448443,0.9568694658668951,0.9568694658668951,0.9682947729220223,0.9682947729220223,0.9682947729220223,0.9771493858897458,0.9771493858897458
./instances/realistic-instances/20-25-1891798.cdop,WS./settings/Memetic-LS_MPX_1287823.config,20,25,0.7728222996515679,0.7728222996515679,0.7728222996515679,0.7728222996515679,0.7728222996515679,0.7728222996515679,0.7728222996515679,0.7728222996515679,0.7728222996515679,0.7728222996515679,0.7728222996515679,0.7752613240418118,0.7881533101045296,0.7881533101045296
./instances/realistic-instances/5-40-1891798.cdop,WS./settings/Memetic-LS_MMX_1881515.config,5,40,0.7715442452284558,0.7715442452284558,0.7715442452284558,0.7715442452284558,0.7715442452284558,0.7941006362058993,0.7941006362058993,0.8175245806824755,0.8415268941584731,0.8415268941584731,0.8834586466165414,0.8990746096009254,0.9039907460960093,0.9039907460960093
./instances/realistic-instances/15-25-1917698.cdop,WS./settings/Memetic_MPX_1881515.config,15,25,0.8512396694214877,0.9012021036814425,0.9256198347107438,0.9256198347107438,0.9256198347107438,0.9256198347107438,0.9256198347107438,0.9256198347107438,0.9256198347107438,0.9290007513148009,0.9290007513148009,0.9290007513148009,0.9290007513148009,0.9290007513148009
./instances/realistic-instances/25-10-1891798.cdop,WS./settings/Memetic-LS_MPX_1881515.config,25,10,0.6859243697478992,0.6859243697478992,0.6859243697478992,0.6859243697478992,0.6859243697478992,0.6859243697478992,0.6859243697478992,0.6859243697478992,0.6859243697478992,0.6974789915966386,0.6974789915966386,0.6974789915966386,0.7242647058823529,0.7242647058823529
./instances/realistic-instances/20-10-1917698.cdop,WS./settings/Memetic-LS_MPX_1287823.config,20,10,0.7657054582904222,0.7657054582904222,0.7657054582904222,0.7657054582904222,0.7687950566426365,0.7703398558187435,0.7847579814624099,0.7914521112255407,0.7935118434603502,0.8022657054582905,0.8084449021627188,0.8161688980432544,0.8326467559217302,0.8326467559217302
./instances/realistic-instances/25-25-1917698.cdop,WS./settings/Memetic_MPX_1099666.config,25,25,0.7611886860007161,0.7611886860007161,0.7730039384174723,0.7880415324024347,0.7880415324024347,0.7880415324024347,0.8281417830290011,0.8281417830290011,0.8281417830290011,0.8281417830290011,0.8392409595417114,0.8392409595417114,0.8392409595417114,0.8392409595417114
./instances/realistic-instances/5-10-1917698.cdop,WS./settings/Memetic_MPX_1881515.config,5,10,0.9737274220032841,0.9737274220032841,0.9835796387520526,0.9846743295019157,0.9945265462506842,0.9945265462506842,0.9978106185002736,0.9978106185002736,0.9978106185002736,0.9978106185002736,0.9978106185002736,0.9978106185002736,0.9978106185002736,0.9978106185002736
./instances/realistic-instances/10-10-1767920.cdop,WS./settings/Memetic_MMX_1287823.config,10,10,0.9916805324459235,0.9916805324459235,0.9916805324459235,0.9916805324459235,0.9916805324459235,0.9916805324459235,0.9916805324459235,0.9916805324459235,0.9916805324459235,0.9916805324459235,0.9916805324459235,0.9916805324459235,0.9916805324459235,0.9916805324459235
./instances/realistic-instances/15-25-1891798.cdop,WS./settings/Memetic_MPX_1881515.config,15,25,0.7786821705426357,0.8007751937984496,0.8426356589147287,0.85,0.8534883720930233,0.8550387596899225,0.8550387596899225,0.8674418604651163,0.8674418604651163,0.8674418604651163,0.8674418604651163,0.8674418604651163,0.8674418604651163,0.8674418604651163
./instances/realistic-instances/25-10-1767920.cdop,WS./settings/Memetic-LS_MPX_1881515.config,25,10,0.7741197988111569,0.7741197988111569,0.7741197988111569,0.7741197988111569,0.7741197988111569,0.7741197988111569,0.7741197988111569,0.7741197988111569,0.7745770461819844,0.7745770461819844,0.7745770461819844,0.7759487882944673,0.7759487882944673,0.7759487882944673
./instances/realistic-instances/15-10-1917698.cdop,WS./settings/Memetic-LS_MPX_1881515.config,15,10,0.7829833064081853,0.7829833064081853,0.7829833064081853,0.7829833064081853,0.7829833064081853,0.7829833064081853,0.7829833064081853,0.7829833064081853,0.7829833064081853,0.7829833064081853,0.7829833064081853,0.7829833064081853,0.8686052773290253,0.8686052773290253
./instances/realistic-instances/15-25-1762875.cdop,WS./settings/Memetic_MMX_1099666.config,15,25,0.912621359223301,0.9316792520676016,0.948220064724919,0.9503775620280475,0.9503775620280475,0.9590075512405609,0.9672779575692197,0.9759079467817332,0.9830996044588277,0.9899316792520676,0.9899316792520676,0.9899316792520676,0.9899316792520676,0.9899316792520676
./instances/realistic-instances/15-25-1767920.cdop,WS./settings/Memetic_MMX_1099666.config,15,25,0.9276939276939277,0.946998946998947,0.9645489645489645,0.9645489645489645,0.9680589680589681,0.9701649701649702,0.9701649701649702,0.972972972972973,0.9835029835029835,0.9835029835029835,0.9835029835029835,0.9835029835029835,0.9835029835029835,0.9835029835029835
./instances/realistic-instances/25-10-1917698.cdop,WS./settings/Memetic-LS_MPX_1881515.config,25,10,0.6905940594059405,0.6905940594059405,0.6905940594059405,0.6905940594059405,0.6905940594059405,0.6905940594059405,0.6905940594059405,0.6905940594059405,0.7074257425742574,0.7074257425742574,0.7074257425742574,0.7074257425742574,0.7163366336633663,0.7163366336633663
./instances/realistic-instances/10-10-1917698.cdop,WS./settings/Memetic_MPX_1099666.config,10,10,0.9154002026342452,0.9513677811550152,0.9513677811550152,0.9513677811550152,0.9513677811550152,0.9513677811550152,0.9513677811550152,0.9513677811550152,0.9513677811550152,0.955420466058764,0.955420466058764,0.955420466058764,0.955420466058764,0.955420466058764
./instances/realistic-instances/20-10-1917698.cdop,WS./settings/Memetic-LS_MMX_1099666.config,20,10,0.8043254376930999,0.8259526261585994,0.8475798146240988,0.858908341915551,0.858908341915551,0.8795056642636457,0.8831101956745623,0.8831101956745623,0.8831101956745623,0.898043254376931,0.9026776519052523,0.9026776519052523,0.9366632337796087,0.9366632337796087
./instances/realistic-instances/5-10-1917698.cdop,WS./settings/Memetic-LS_MMX_1881515.config,5,10,0.9206349206349206,0.9261083743842364,0.9310344827586207,0.9310344827586207,0.9310344827586207,0.9447181171319102,0.9447181171319102,0.9447181171319102,0.9616858237547893,0.9616858237547893,0.9616858237547893,0.9616858237547893,0.9616858237547893,0.9616858237547893
./instances/realistic-instances/10-40-1110588.cdop,WS./settings/Memetic-LS_MMX_1099666.config,10,40,0.8214285714285714,0.8321428571428572,0.8348214285714286,0.8348214285714286,0.8404761904761905,0.8404761904761905,0.8404761904761905,0.8404761904761905,0.84375,0.84375,0.8782738095238095,0.8782738095238095,0.8836309523809524,0.8836309523809524
./instances/realistic-instances/5-10-1110588.cdop,WS./settings/Memetic-LS_MMX_1287823.config,5,10,0.9332313965341489,0.9378185524974516,0.9378185524974516,0.9673802242609582,0.9673802242609582,0.9673802242609582,0.9673802242609582,0.9673802242609582,0.9699286442405708,0.9760448521916412,0.9760448521916412,0.9760448521916412,0.9760448521916412,0.9760448521916412
./instances/realistic-instances/15-25-1762875.cdop,WS./settings/Memetic_MPX_1881515.config,15,25,0.8809780654440849,0.9068680330816253,0.916576770945703,0.9216109313196692,0.9237684286227975,0.9237684286227975,0.9313196691837469,0.9313196691837469,0.9431859043509528,0.9431859043509528,0.9431859043509528,0.9431859043509528,0.9431859043509528,0.9431859043509528
./instances/realistic-instances/5-25-1917698.cdop,WS./settings/Memetic_MMX_1287823.config,5,25,0.9472573839662447,0.9472573839662447,0.9743319268635724,0.9743319268635724,0.9760900140646976,0.9760900140646976,0.9760900140646976,0.9841772151898734,0.989803094233474,0.9985935302390999,1.0,1.0,1.0,1.0
./instances/realistic-instances/10-25-1762875.cdop,WS./settings/Memetic-LS_MPX_1099666.config,10,25,0.8342133051742344,0.8342133051742344,0.8342133051742344,0.8342133051742344,0.8342133051742344,0.8437170010559663,0.8437170010559663,0.8437170010559663,0.8535726856740584,0.8535726856740584,0.8535726856740584,0.8535726856740584,0.8789158746920098,0.8789158746920098
./instances/realistic-instances/5-10-1767920.cdop,WS./settings/Memetic_MPX_1287823.config,5,10,0.97709049255441,0.97709049255441,0.97709049255441,0.97709049255441,0.97709049255441,0.97709049255441,0.97709049255441,0.983963344788087,0.9908361970217641,0.9971363115693013,0.9971363115693013,0.9971363115693013,0.9971363115693013,0.9971363115693013
./instances/realistic-instances/10-25-1767920.cdop,WS./settings/Memetic_MMX_1099666.config,10,25,0.935126582278481,0.9442246835443038,0.9465981012658228,0.9489715189873418,0.9560917721518988,0.9560917721518988,0.9560917721518988,0.9806170886075949,0.9829905063291139,0.9861550632911392,0.9924841772151899,0.9924841772151899,0.9924841772151899,0.9924841772151899
./instances/realistic-instances/15-10-1110588.cdop,WS./settings/Memetic-LS_MPX_1881515.config,15,10,0.844,0.848,0.849,0.852,0.859,0.8745,0.875,0.875,0.875,0.875,0.895,0.9055,0.9095,0.9095
./instances/realistic-instances/10-10-1762875.cdop,WS./settings/Memetic-LS_MMX_1287823.config,10,10,0.9151572926596759,0.9456625357483317,0.9456625357483317,0.9456625357483317,0.9456625357483317,0.9456625357483317,0.9456625357483317,0.9456625357483317,0.9456625357483317,0.9761677788369876,0.9771210676835081,0.9795042897998093,0.9795042897998093,0.9795042897998093
./instances/realistic-instances/20-10-1891798.cdop,WS./settings/Memetic-LS_MMX_1881515.config,20,10,0.7899197145405887,0.7899197145405887,0.8327386262265835,0.8327386262265835,0.8327386262265835,0.8327386262265835,0.8639607493309545,0.8844781445138269,0.8858162355040142,0.8858162355040142,0.8858162355040142,0.9143621766280107,0.9143621766280107,0.9143621766280107
./instances/realistic-instances/5-40-1762875.cdop,WS./settings/Memetic-LS_MPX_1881515.config,5,40,0.9071888412017167,0.9071888412017167,0.9179184549356223,0.9179184549356223,0.9179184549356223,0.9179184549356223,0.9179184549356223,0.9179184549356223,0.9179184549356223,0.9179184549356223,0.9179184549356223,0.9179184549356223,0.9179184549356223,0.9179184549356223
./instances/realistic-instances/5-40-1917698.cdop,WS./settings/Memetic_MMX_1287823.config,5,40,0.9134589134589135,0.9241059241059241,0.9481299481299481,0.9604149604149604,0.9754299754299754,0.9754299754299754,0.9754299754299754,0.9754299754299754,0.9828009828009828,0.9874419874419874,0.9997269997269997,0.9997269997269997,0.9997269997269997,0.9997269997269997
./instances/realistic-instances/15-25-1762875.cdop,WS./settings/Memetic_MMX_1881515.config,15,25,0.9208917655519597,0.9593671341244157,0.9705142035239123,0.9705142035239123,0.9705142035239123,0.9705142035239123,0.9705142035239123,0.9705142035239123,0.9705142035239123,0.9705142035239123,0.9798633585041352,0.9816612729234089,0.9895720963682129,0.9895720963682129
./instances/realistic-instances/10-25-1767920.cdop,WS./settings/Memetic-LS_MPX_1099666.config,10,25,0.8176424050632911,0.8176424050632911,0.8176424050632911,0.8176424050632911,0.8176424050632911,0.8176424050632911,0.8176424050632911,0.8504746835443038,0.8520569620253164,0.8635284810126582,0.8864715189873418,0.8864715189873418,0.8864715189873418,0.8864715189873418
./instances/realistic-instances/10-40-1917698.cdop,WS./settings/Memetic_MMX_1287823.config,10,40,0.9619021134593994,0.9663515016685206,0.9699666295884316,0.9699666295884316,0.9758064516129032,0.9758064516129032,0.9758064516129032,0.9758064516129032,0.9758064516129032,0.9758064516129032,0.9791434927697441,0.9897107897664071,0.9897107897664071,0.9897107897664071
./instances/realistic-instances/20-10-1891798.cdop,WS./settings/Memetic_MPX_1881515.config,20,10,0.8505798394290812,0.8505798394290812,0.8505798394290812,0.8505798394290812,0.8505798394290812,0.8505798394290812,0.8639607493309545,0.8639607493309545,0.8639607493309545,0.8639607493309545,0.8639607493309545,0.8639607493309545,0.8639607493309545,0.8639607493309545
./instances/realistic-instances/25-25-1891798.cdop,WS./settings/Memetic_MMX_1099666.config,25,25,0.9528885832187071,0.9528885832187071,0.9752407152682255,0.982806052269601,0.982806052269601,0.9938101788170564,0.9938101788170564,0.9938101788170564,0.9938101788170564,0.9951856946354883,0.9989683631361761,0.9989683631361761,0.9989683631361761,0.9989683631361761
./instances/realistic-instances/5-40-1917698.cdop,WS./settings/Memetic-LS_MMX_1287823.config,5,40,0.8604968604968605,0.8604968604968605,0.8604968604968605,0.8604968604968605,0.8604968604968605,0.8604968604968605,0.8733278733278733,0.8733278733278733,0.8918918918918919,0.9115479115479116,0.9224679224679224,0.9344799344799345,0.9374829374829374,0.9374829374829374
./instances/realistic-instances/20-25-1917698.cdop,WS./settings/Memetic_MPX_1287823.config,20,25,0.8276743336984301,0.8276743336984301,0.8276743336984301,0.8276743336984301,0.8276743336984301,0.8276743336984301,0.8276743336984301,0.8276743336984301,0.8276743336984301,0.8605330412559328,0.8605330412559328,0.8922964585615188,0.8922964585615188,0.8922964585615188
./instances/realistic-instances/25-10-1891798.cdop,WS./settings/Memetic-LS_MMX_1099666.config,25,10,0.8072478991596639,0.8203781512605042,0.8513655462184874,0.8513655462184874,0.8534663865546218,0.8728991596638656,0.8923319327731093,0.8923319327731093,0.8923319327731093,0.9059873949579832,0.9059873949579832,0.9290966386554622,0.9495798319327731,0.9495798319327731
./instances/realistic-instances/15-25-1917698.cdop,WS./settings/Memetic_MPX_1099666.config,15,25,0.8948159278737791,0.9342599549211119,0.9342599549211119,0.9342599549211119,0.9372652141247183,0.9372652141247183,0.9372652141247183,0.9372652141247183,0.9372652141247183,0.9372652141247183,0.9406461307287753,0.9406461307287753,0.9406461307287753,0.9406461307287753
./instances/realistic-instances/25-25-1917698.cdop,WS./settings/Memetic-LS_MPX_1099666.config,25,25,0.7611886860007161,0.7611886860007161,0.7611886860007161,0.7611886860007161,0.7611886860007161,0.7611886860007161,0.7611886860007161,0.7611886860007161,0.7611886860007161,0.7611886860007161,0.7611886860007161,0.7636949516648764,0.778374507697816,0.778374507697816
./instances/realistic-instances/15-40-1767920.cdop,WS./settings/Memetic-LS_MMX_1881515.config,15,40,0.8030491599253267,0.8030491599253267,0.8030491599253267,0.8030491599253267,0.8030491599253267,0.8192283758556316,0.8316739265712508,0.8347853142501556,0.8375855631611698,0.8450528935905414,0.8450528935905414,0.8481642812694462,0.8602986932171749,0.8602986932171749
./instances/realistic-instances/5-10-1917698.cdop,WS./settings/Memetic-LS_MMX_1099666.config,5,10,0.9206349206349206,0.9310344827586207,0.9310344827586207,0.9310344827586207,0.9359605911330049,0.9365079365079365,0.9490968801313628,0.9490968801313628,0.9518336070060208,0.9573070607553367,0.9573070607553367,0.9578544061302682,0.9622331691297209,0.9622331691297209
./instances/realistic-instances/15-25-1891798.cdop,WS./settings/Memetic-LS_MPX_1287823.config,15,25,0.7786821705426357,0.7786821705426357,0.7786821705426357,0.7786821705426357,0.7786821705426357,0.7786821705426357,0.7786821705426357,0.7786821705426357,0.7786821705426357,0.7786821705426357,0.7786821705426357,0.7786821705426357,0.7786821705426357,0.7786821705426357
./instances/realistic-instances/5-40-1917698.cdop,WS./settings/Memetic-LS_MPX_1881515.config,5,40,0.8604968604968605,0.8604968604968605,0.8604968604968605,0.8604968604968605,0.8604968604968605,0.8604968604968605,0.8604968604968605,0.8604968604968605,0.868959868959869,0.8948948948948949,0.8970788970788971,0.8970788970788971,0.9047229047229047,0.9047229047229047
./instances/realistic-instances/20-25-1110588.cdop,WS./settings/Memetic_MPX_1099666.config,20,25,0.7156946826758147,0.7156946826758147,0.7156946826758147,0.7547169811320755,0.7963121783876501,0.7963121783876501,0.8048885077186964,0.8216123499142367,0.8237564322469982,0.8349056603773585,0.8349056603773585,0.8349056603773585,0.8451972555746141,0.8451972555746141
./instances/realistic-instances/10-25-1767920.cdop,WS./settings/Memetic-LS_MMX_1881515.config,10,25,0.8231803797468354,0.8231803797468354,0.8571993670886076,0.8571993670886076,0.8571993670886076,0.8659018987341772,0.8734177215189873,0.8761867088607594,0.8761867088607594,0.882120253164557,0.8935917721518988,0.908623417721519,0.9402689873417721,0.9402689873417721
./instances/realistic-instances/10-40-1917698.cdop,WS./settings/Memetic-LS_MMX_1099666.config,10,40,0.8309232480533927,0.8309232480533927,0.8309232480533927,0.8309232480533927,0.8309232480533927,0.8309232480533927,0.8345383759733037,0.8520578420467185,0.8617908787541713,0.8776418242491657,0.8976640711902113,0.9096218020022246,0.9146273637374861,0.9146273637374861
./instances/realistic-instances/20-25-1891798.cdop,WS./settings/Memetic-LS_MPX_1099666.config,20,25,0.7728222996515679,0.7728222996515679,0.7728222996515679,0.7728222996515679,0.7728222996515679,0.7728222996515679,0.7728222996515679,0.7825783972125435,0.7825783972125435,0.7825783972125435,0.7825783972125435,0.7825783972125435,0.7825783972125435,0.7825783972125435
./instances/realistic-instances/15-25-1762875.cdop,WS./settings/Memetic-LS_MMX_1881515.config,15,25,0.8212873067241999,0.833153541891406,0.8453793599424667,0.8453793599424667,0.8565264293419633,0.8680330816253147,0.8712693275800072,0.8791801510248112,0.8820568140956491,0.88745055735347,0.9083063646170443,0.924487594390507,0.9435454872348076,0.9435454872348076
./instances/realistic-instances/20-10-1762875.cdop,WS./settings/Memetic_MMX_1881515.config,20,10,0.9486931268151017,0.9690222652468539,0.9743465634075508,0.9743465634075508,0.9772507260406583,0.9854791868344628,0.9854791868344628,0.9854791868344628,0.9869312681510165,0.9975798644724104,0.9975798644724104,0.9975798644724104,0.9975798644724104,0.9975798644724104
./instances/realistic-instances/15-40-1891798.cdop,WS./settings/Memetic_MMX_1099666.config,15,40,0.8986957840461025,0.916287534121929,0.9551107067030634,0.9611768274188657,0.97300576281468,0.97300576281468,0.9790718835304822,0.9869578404610252,0.9924173491052471,0.9933272672126175,0.9942371853199878,0.9963603275705186,0.997270245677889,0.997270245677889
./instances/realistic-instances/5-25-1767920.cdop,WS./settings/Memetic-LS_MPX_1881515.config,5,25,0.8185171523423092,0.8185171523423092,0.8185171523423092,0.8185171523423092,0.8185171523423092,0.8185171523423092,0.8185171523423092,0.8185171523423092,0.8236812984138694,0.8801180376244928,0.8926595352268536,0.8926595352268536,0.8941350055330136,0.8941350055330136
./instances/realistic-instances/15-40-1110588.cdop,WS./settings/Memetic_MPX_1881515.config,15,40,0.7934875749785776,0.8677520708369038,0.8900314195944016,0.9140245644101685,0.9140245644101685,0.9140245644101685,0.9140245644101685,0.9140245644101685,0.9140245644101685,0.9297343616109683,0.9297343616109683,0.9420165666952299,0.9494430162810625,0.9494430162810625
./instances/realistic-instances/15-10-1917698.cdop,WS./settings/Memetic-LS_MPX_1287823.config,15,10,0.7829833064081853,0.7829833064081853,0.7829833064081853,0.7829833064081853,0.7829833064081853,0.7829833064081853,0.7829833064081853,0.7829833064081853,0.7829833064081853,0.7829833064081853,0.7829833064081853,0.7829833064081853,0.8691437802907916,0.8691437802907916
./instances/realistic-instances/20-10-1762875.cdop,WS./settings/Memetic-LS_MPX_1881515.config,20,10,0.7512100677637947,0.7512100677637947,0.7512100677637947,0.7512100677637947,0.7512100677637947,0.7739593417231365,0.7981606969990319,0.7981606969990319,0.8063891577928364,0.8063891577928364,0.8063891577928364,0.8063891577928364,0.8063891577928364,0.8063891577928364
./instances/realistic-instances/20-10-1767920.cdop,WS./settings/Memetic-LS_MPX_1881515.config,20,10,0.7010110736639383,0.7010110736639383,0.7010110736639383,0.7010110736639383,0.7010110736639383,0.7010110736639383,0.7010110736639383,0.7323062108810785,0.7953779489648531,0.804525758305248,0.8237843042850265,0.8449687048627829,0.8531535869041887,0.8531535869041887
./instances/realistic-instances/10-40-1891798.cdop,WS./settings/Memetic-LS_MMX_1287823.config,10,40,0.8664523670368206,0.8664523670368206,0.8664523670368206,0.8664523670368206,0.8664523670368206,0.8664523670368206,0.8705435417884279,0.8705435417884279,0.8705435417884279,0.8752191700759789,0.8939216832261835,0.9041496201052016,0.9053185271770894,0.9053185271770894
./instances/realistic-instances/10-10-1762875.cdop,WS./settings/Memetic_MMX_1287823.config,10,10,0.9575786463298379,0.9709246901811249,0.9799809342230696,0.9899904671115348,0.9899904671115348,0.9957102001906578,0.9957102001906578,0.9957102001906578,0.9957102001906578,0.9957102001906578,0.9957102001906578,0.9957102001906578,0.9957102001906578,0.9957102001906578
./instances/realistic-instances/20-25-1110588.cdop,WS./settings/Memetic-LS_MMX_1287823.config,20,25,0.6719554030874786,0.6719554030874786,0.6719554030874786,0.684819897084048,0.6942538593481989,0.70926243567753,0.7851629502572899,0.8100343053173242,0.8117495711835334,0.8361921097770154,0.8460548885077187,0.8602058319039451,0.885934819897084,0.885934819897084
./instances/realistic-instances/10-40-1762875.cdop,WS./settings/Memetic_MPX_1099666.config,10,40,0.8783821478382148,0.9121338912133892,0.9383542538354254,0.9383542538354254,0.9383542538354254,0.9419804741980474,0.9481171548117154,0.9481171548117154,0.9523012552301255,0.9523012552301255,0.9523012552301255,0.9523012552301255,0.9523012552301255,0.9523012552301255
./instances/realistic-instances/15-25-1917698.cdop,WS./settings/Memetic-LS_MPX_1881515.config,15,25,0.8144252441773103,0.8144252441773103,0.8144252441773103,0.8144252441773103,0.8144252441773103,0.8144252441773103,0.8271975957926371,0.8395942900075132,0.8433508640120211,0.8433508640120211,0.8478587528174305,0.8512396694214877,0.8512396694214877,0.8512396694214877
./instances/realistic-instances/10-25-1917698.cdop,WS./settings/Memetic_MMX_1099666.config,10,25,0.9335281227173119,0.960189919649379,0.9842951059167275,0.9842951059167275,0.9842951059167275,0.9842951059167275,0.9842951059167275,0.9842951059167275,0.9842951059167275,0.9861212563915267,0.9861212563915267,0.9908692476260044,0.9908692476260044,0.9908692476260044
./instances/realistic-instances/25-10-1767920.cdop,WS./settings/Memetic_MMX_1287823.config,25,10,0.953360768175583,0.9606767261088248,0.9775948788294467,0.9775948788294467,0.9775948788294467,0.9775948788294467,0.9871970736168267,0.9871970736168267,0.9871970736168267,0.9871970736168267,0.9977137631458619,1.0,1.0,1.0
./instances/realistic-instances/15-10-1110588.cdop,WS./settings/Memetic_MMX_1099666.config,15,10,0.95,0.96,0.96,0.9695,0.98,0.98,0.9895,0.9895,0.9895,0.99,0.9935,0.9935,0.9935,0.9935
./instances/realistic-instances/10-40-1110588.cdop,WS./settings/Memetic_MPX_1287823.config,10,40,0.8669642857142857,0.8669642857142857,0.9184523809523809,0.9270833333333334,0.9270833333333334,0.9270833333333334,0.9270833333333334,0.9270833333333334,0.9511904761904761,0.9511904761904761,0.9511904761904761,0.9601190476190476,0.9601190476190476,0.9601190476190476
./instances/realistic-instances/5-40-1891798.cdop,WS./settings/Memetic-LS_MPX_1287823.config,5,40,0.7755928282244072,0.7755928282244072,0.7807981492192019,0.7831116252168884,0.7831116252168884,0.788316946211683,0.8088490456911509,0.8100057836899942,0.8100057836899942,0.8478889531521111,0.895026026604974,0.9022556390977443,0.9060150375939849,0.9060150375939849
./instances/realistic-instances/25-25-1917698.cdop,WS./settings/Memetic-LS_MPX_1881515.config,25,25,0.7611886860007161,0.7611886860007161,0.7611886860007161,0.7611886860007161,0.7611886860007161,0.7611886860007161,0.7611886860007161,0.7611886860007161,0.7611886860007161,0.7636949516648764,0.7747941281775869,0.7747941281775869,0.7747941281775869,0.7747941281775869
./instances/realistic-instances/15-25-1110588.cdop,WS./settings/Memetic_MPX_1099666.config,15,25,0.8797115699770567,0.9003605375286792,0.9023271058669289,0.9131432317273025,0.9131432317273025,0.9131432317273025,0.9131432317273025,0.9131432317273025,0.9131432317273025,0.9131432317273025,0.9131432317273025,0.9131432317273025,0.9151098000655523,0.9151098000655523
./instances/realistic-instances/5-10-1917698.cdop,WS./settings/Memetic_MMX_1287823.config,5,10,0.9890530925013684,0.9896004378762999,0.9896004378762999,0.9912424740010947,0.9912424740010947,0.9912424740010947,0.9939792008757526,0.9939792008757526,0.9939792008757526,0.9939792008757526,0.9994526546250684,0.9994526546250684,1.0,1.0
./instances/realistic-instances/10-10-1110588.cdop,WS./settings/Memetic_MMX_1881515.config,10,10,0.9670091941590049,0.9697133585722012,0.9718766901027582,0.9956733369388859,1.0,1.0,1.0,1.0,1.0,1.0,1.0,1.0,1.0,1.0
./instances/realistic-instances/25-25-1917698.cdop,WS./settings/Memetic-LS_MMX_1099666.config,25,25,0.7647690655209453,0.778374507697816,0.778374507697816,0.778374507697816,0.778374507697816,0.7919799498746867,0.8460436806301468,0.8478338703902614,0.8521303258145363,0.8521303258145363,0.8775510204081632,0.8915145005370569,0.9072681704260651,0.9072681704260651
./instances/realistic-instances/10-10-1110588.cdop,WS./settings/Memetic-LS_MMX_1287823.config,10,10,0.879394267171444,0.879394267171444,0.879394267171444,0.9459167117360735,0.9486208761492698,0.9518658734451054,0.9637641968631693,0.965386695511087,0.965386695511087,0.965386695511087,0.965386695511087,0.965386695511087,0.9724175229853975,0.9724175229853975
./instances/realistic-instances/5-40-1762875.cdop,WS./settings/Memetic-LS_MMX_1881515.config,5,40,0.9179184549356223,0.9179184549356223,0.9179184549356223,0.9179184549356223,0.9179184549356223,0.9179184549356223,0.9179184549356223,0.9179184549356223,0.9179184549356223,0.9179184549356223,0.9179184549356223,0.9179184549356223,0.924892703862661,0.924892703862661
./instances/realistic-instances/5-10-1110588.cdop,WS./settings/Memetic-LS_MPX_1881515.config,5,10,0.8837920489296636,0.8924566768603466,0.9108053007135576,0.9225280326197758,0.9225280326197758,0.9225280326197758,0.9225280326197758,0.9225280326197758,0.9520897043832823,0.9525993883792049,0.9525993883792049,0.9525993883792049,0.9653414882772681,0.9653414882772681
./instances/realistic-instances/20-25-1762875.cdop,WS./settings/Memetic-LS_MPX_1881515.config,20,25,0.7692886714339481,0.7692886714339481,0.7692886714339481,0.7692886714339481,0.7692886714339481,0.7692886714339481,0.7692886714339481,0.7700414000752729,0.7700414000752729,0.7700414000752729,0.8167105758374106,0.822732404968009,0.8487015430937147,0.8487015430937147
./instances/realistic-instances/10-25-1891798.cdop,WS./settings/Memetic_MPX_1881515.config,10,25,0.9063063063063063,0.9063063063063063,0.9063063063063063,0.9063063063063063,0.9063063063063063,0.9063063063063063,0.9145945945945946,0.92,0.9322522522522523,0.9365765765765766,0.9441441441441442,0.9441441441441442,0.9495495495495495,0.9495495495495495
./instances/realistic-instances/20-10-1917698.cdop,WS./settings/Memetic_MPX_1881515.config,20,10,0.849124613800206,0.849124613800206,0.849124613800206,0.849124613800206,0.849124613800206,0.849124613800206,0.849124613800206,0.849124613800206,0.8501544799176107,0.8625128733264675,0.8820803295571575,0.8820803295571575,0.8820803295571575,0.8820803295571575
./instances/realistic-instances/15-10-1767920.cdop,WS./settings/Memetic_MMX_1099666.config,15,10,0.9610323886639676,0.9681174089068826,0.9994939271255061,0.9994939271255061,0.9994939271255061,0.9994939271255061,0.9994939271255061,0.9994939271255061,0.9994939271255061,0.9994939271255061,0.9994939271255061,0.9994939271255061,0.9994939271255061,0.9994939271255061
./instances/realistic-instances/10-25-1767920.cdop,WS./settings/Memetic-LS_MMX_1099666.config,10,25,0.8176424050632911,0.84375,0.84375,0.8453322784810127,0.8453322784810127,0.8473101265822784,0.8473101265822784,0.8473101265822784,0.8473101265822784,0.8753955696202531,0.9011075949367089,0.9066455696202531,0.9185126582278481,0.9185126582278481
./instances/realistic-instances/25-25-1891798.cdop,WS./settings/Memetic_MPX_1881515.config,25,25,0.7916093535075653,0.7916093535075653,0.7916093535075653,0.7936726272352133,0.7943603851444292,0.7950481430536451,0.812242090784044,0.812585969738652,0.8624484181568088,0.8669188445667125,0.8720770288858322,0.8789546079779917,0.8789546079779917,0.8789546079779917
./instances/realistic-instances/10-40-1891798.cdop,WS./settings/Memetic-LS_MPX_1287823.config,10,40,0.8664523670368206,0.8664523670368206,0.8664523670368206,0.8664523670368206,0.8664523670368206,0.8664523670368206,0.8664523670368206,0.8664523670368206,0.8664523670368206,0.8664523670368206,0.8664523670368206,0.8664523670368206,0.8664523670368206,0.8664523670368206
./instances/realistic-instances/25-25-1762875.cdop,WS./settings/Memetic-LS_MPX_1099666.config,25,25,0.8002808002808003,0.8002808002808003,0.8002808002808003,0.8002808002808003,0.8002808002808003,0.8002808002808003,0.8002808002808003,0.8002808002808003,0.8002808002808003,0.8002808002808003,0.8002808002808003,0.8002808002808003,0.8002808002808003,0.8002808002808003
./instances/realistic-instances/20-10-1110588.cdop,WS./settings/Memetic_MMX_1287823.config,20,10,0.9467604218985435,0.9633350075339026,0.9708689100954294,0.9779005524861878,0.9779005524861878,0.9779005524861878,0.9779005524861878,0.9844299347061778,0.9844299347061778,0.9854344550477148,0.9854344550477148,0.9854344550477148,0.9884480160723255,0.9884480160723255
./instances/realistic-instances/5-25-1110588.cdop,WS./settings/Memetic_MMX_1287823.config,5,25,0.9604273842500989,0.9715077166600712,0.9837752275425405,0.9837752275425405,0.9837752275425405,0.9841709537000396,0.9841709537000396,0.9841709537000396,0.9841709537000396,0.9877324891175306,0.9916897506925207,0.998417095370004,0.998417095370004,0.998417095370004
./instances/realistic-instances/15-10-1110588.cdop,WS./settings/Memetic-LS_MPX_1099666.config,15,10,0.8405,0.843,0.8505,0.8505,0.8545,0.8795,0.88,0.88,0.88,0.8945,0.9045,0.9045,0.9045,0.9045
./instances/realistic-instances/5-25-1891798.cdop,WS./settings/Memetic-LS_MMX_1287823.config,5,25,0.8758260869565218,0.8758260869565218,0.8758260869565218,0.8758260869565218,0.8758260869565218,0.8758260869565218,0.8758260869565218,0.9005217391304348,0.9071304347826087,0.9154782608695652,0.9241739130434783,0.9346086956521739,0.9384347826086956,0.9384347826086956
./instances/realistic-instances/25-10-1762875.cdop,WS./settings/Memetic-LS_MPX_1287823.config,25,10,0.6100478468899522,0.6100478468899522,0.6100478468899522,0.6100478468899522,0.6100478468899522,0.6100478468899522,0.6100478468899522,0.6287081339712919,0.6818181818181818,0.7124401913875598,0.7124401913875598,0.7239234449760765,0.7282296650717703,0.7282296650717703
./instances/realistic-instances/20-10-1891798.cdop,WS./settings/Memetic-LS_MMX_1099666.config,20,10,0.7783229259589652,0.7783229259589652,0.8059768064228368,0.8126672613737734,0.8193577163247101,0.8331846565566459,0.8755575379125781,0.876449598572703,0.876449598572703,0.876449598572703,0.8867082961641392,0.907671721677074,0.907671721677074,0.907671721677074
./instances/realistic-instances/15-25-1110588.cdop,WS./settings/Memetic-LS_MMX_1099666.config,15,25,0.7977712225499836,0.7977712225499836,0.7977712225499836,0.7977712225499836,0.7977712225499836,0.7977712225499836,0.7977712225499836,0.8393969190429368,0.845296624057686,0.8974106850213045,0.8974106850213045,0.8974106850213045,0.9321533923303835,0.9321533923303835
./instances/realistic-instances/20-10-1110588.cdop,WS./settings/Memetic-LS_MMX_1099666.config,20,10,0.7930688096433953,0.7930688096433953,0.7930688096433953,0.7930688096433953,0.8237066800602713,0.8709191361125063,0.8849824208940231,0.8849824208940231,0.903566047212456,0.9161225514816675,0.9261677548970366,0.9326971371170266,0.9347061778001005,0.9347061778001005
./instances/realistic-instances/5-10-1891798.cdop,WS./settings/Memetic_MMX_1287823.config,5,10,1.0,1.0,1.0,1.0,1.0,1.0,1.0,1.0,1.0,1.0,1.0,1.0,1.0,1.0
./instances/realistic-instances/15-40-1762875.cdop,WS./settings/Memetic_MPX_1881515.config,15,40,0.8517433343099912,0.8517433343099912,0.8517433343099912,0.8517433343099912,0.8543803105772048,0.901259888661002,0.9123937884559039,0.9123937884559039,0.9123937884559039,0.9123937884559039,0.9123937884559039,0.9323176091415177,0.9323176091415177,0.9323176091415177
./instances/realistic-instances/5-25-1767920.cdop,WS./settings/Memetic_MPX_1881515.config,5,25,0.901512357063814,0.9129472519365548,0.9317594983400959,0.9553670232386573,0.9653264478052379,0.9653264478052379,0.9653264478052379,0.9730726669125784,0.9749170047952785,0.9749170047952785,0.9756547399483585,0.9756547399483585,0.9756547399483585,0.9756547399483585
./instances/realistic-instances/10-25-1917698.cdop,WS./settings/Memetic_MMX_1287823.config,10,25,0.9576333089846604,0.9711468224981739,0.9711468224981739,0.9711468224981739,0.9831994156318481,0.9831994156318481,0.9831994156318481,0.9839298758217677,0.9839298758217677,0.9839298758217677,0.9839298758217677,0.9839298758217677,0.9923301680058437,0.9923301680058437
./instances/realistic-instances/15-10-1917698.cdop,WS./settings/Memetic_MMX_1099666.config,15,10,0.9725363489499192,0.9924609585352719,0.9967689822294022,0.9967689822294022,0.9967689822294022,0.9967689822294022,0.9967689822294022,0.9967689822294022,0.9967689822294022,0.9973074851911685,0.9973074851911685,0.9973074851911685,0.9973074851911685,0.9973074851911685
./instances/realistic-instances/5-10-1917698.cdop,WS./settings/Memetic-LS_MMX_1287823.config,5,10,0.9206349206349206,0.9315818281335523,0.9315818281335523,0.9315818281335523,0.9315818281335523,0.9365079365079365,0.946360153256705,0.946360153256705,0.946360153256705,0.946360153256705,0.9589490968801314,0.9638752052545156,0.9638752052545156,0.9638752052545156
./instances/realistic-instances/15-25-1767920.cdop,WS./settings/Memetic_MMX_1881515.config,15,25,0.926991926991927,0.9427869427869427,0.9508599508599509,0.9508599508599509,0.9519129519129519,0.9641979641979642,0.9673569673569674,0.9673569673569674,0.9726219726219726,0.974025974025974,0.974025974025974,0.974025974025974,0.9835029835029835,0.9835029835029835
./instances/realistic-instances/5-40-1110588.cdop,WS./settings/Memetic_MPX_1881515.config,5,40,0.9077055779183438,0.9143185738930419,0.9229442208165612,0.9266820011500863,0.9491086831512363,0.9557216791259344,0.9617596319723979,0.964634847613571,0.964634847613571,0.9652098907418056,0.9718228867165037,0.9718228867165037,0.9775733179988499,0.9775733179988499
./instances/realistic-instances/5-40-1110588.cdop,WS./settings/Memetic_MMX_1099666.config,5,40,0.9422081656124209,0.9453709028177113,0.9453709028177113,0.9453709028177113,0.9453709028177113,0.9453709028177113,0.9453709028177113,0.9519838987924094,0.9698102357676825,0.9732604945370903,0.9732604945370903,0.9732604945370903,0.9761357101782634,0.9761357101782634
./instances/realistic-instances/15-10-1762875.cdop,WS./settings/Memetic_MPX_1881515.config,15,10,0.8594594594594595,0.8717444717444718,0.8722358722358723,0.8722358722358723,0.8722358722358723,0.8722358722358723,0.8722358722358723,0.9361179361179361,0.9361179361179361,0.9454545454545454,0.9454545454545454,0.9454545454545454,0.9454545454545454,0.9454545454545454
./instances/realistic-instances/15-25-1917698.cdop,WS./settings/Memetic-LS_MMX_1881515.config,15,25,0.8144252441773103,0.8144252441773103,0.8144252441773103,0.82381667918858,0.82381667918858,0.82381667918858,0.8425995492111195,0.8441021788129226,0.8583771600300526,0.8966942148760331,0.9075882794891059,0.9511645379413974,0.9552967693463561,0.9552967693463561
./instances/realistic-instances/5-25-1891798.cdop,WS./settings/Memetic_MPX_1881515.config,5,25,0.9339130434782609,0.9339130434782609,0.9419130434782609,0.9516521739130435,0.9561739130434782,0.9575652173913044,0.9575652173913044,0.9575652173913044,0.9589565217391305,0.9589565217391305,0.961391304347826,0.961391304347826,0.961391304347826,0.961391304347826
./instances/realistic-instances/15-40-1891798.cdop,WS./settings/Memetic-LS_MMX_1881515.config,15,40,0.7521989687594783,0.7521989687594783,0.7521989687594783,0.7521989687594783,0.764937822262663,0.764937822262663,0.8034576888080073,0.8131634819532909,0.8286320897785866,0.8495602062481044,0.8804974218986957,0.8817106460418562,0.8929329693660903,0.8929329693660903
./instances/realistic-instances/25-10-1891798.cdop,WS./settings/Memetic_MPX_1287823.config,25,10,0.7773109243697479,0.7773109243697479,0.7773109243697479,0.7773109243697479,0.7773109243697479,0.7773109243697479,0.7773109243697479,0.7862394957983193,0.7962184873949579,0.7962184873949579,0.821953781512605,0.8319327731092437,0.8319327731092437,0.8319327731092437
./instances/realistic-instances/10-40-1110588.cdop,WS./settings/Memetic-LS_MPX_1099666.config,10,40,0.8142857142857143,0.8142857142857143,0.8142857142857143,0.8142857142857143,0.8142857142857143,0.8142857142857143,0.8142857142857143,0.8142857142857143,0.8142857142857143,0.8142857142857143,0.8142857142857143,0.8142857142857143,0.8142857142857143,0.8142857142857143
./instances/realistic-instances/5-10-1917698.cdop,WS./settings/Memetic-LS_MPX_1099666.config,5,10,0.9118773946360154,0.9118773946360154,0.9217296113847838,0.9217296113847838,0.9217296113847838,0.9217296113847838,0.9217296113847838,0.9343185550082101,0.9742747673782156,0.9742747673782156,0.9742747673782156,0.9742747673782156,0.9742747673782156,0.9742747673782156
./instances/realistic-instances/20-10-1762875.cdop,WS./settings/Memetic_MMX_1099666.config,20,10,0.9186834462729913,0.936108422071636,0.936108422071636,0.9365924491771539,0.9365924491771539,0.9854791868344628,0.9854791868344628,0.9854791868344628,0.9903194578896418,0.9908034849951597,0.9975798644724104,0.9975798644724104,0.9975798644724104,0.9975798644724104
./instances/realistic-instances/15-40-1110588.cdop,WS./settings/Memetic_MPX_1287823.config,15,40,0.8411882319337333,0.8851756640959726,0.8851756640959726,0.8928877463581834,0.8928877463581834,0.8928877463581834,0.8928877463581834,0.8928877463581834,0.9088831762353613,0.9088831762353613,0.9088831762353613,0.9177377892030848,0.9217366466723793,0.9217366466723793
./instances/realistic-instances/10-10-1110588.cdop,WS./settings/Memetic-LS_MMX_1881515.config,10,10,0.8799351000540833,0.8891292590589508,0.9145484045429962,0.9221200648999459,0.9540292049756626,0.9540292049756626,0.9540292049756626,0.9567333693888589,0.9691725256895619,0.9691725256895619,0.9691725256895619,0.9691725256895619,0.9756625202812331,0.9756625202812331
./instances/realistic-instances/5-10-1891798.cdop,WS./settings/Memetic_MPX_1881515.config,5,10,0.9881626351003603,0.9912506433350489,1.0,1.0,1.0,1.0,1.0,1.0,1.0,1.0,1.0,1.0,1.0,1.0
./instances/realistic-instances/15-25-1110588.cdop,WS./settings/Memetic_MPX_1287823.config,15,25,0.8806948541461815,0.8849557522123894,0.890199934447722,0.9141265158964273,0.9177318911832186,0.9177318911832186,0.9177318911832186,0.9177318911832186,0.9219927892494264,0.9377253359554244,0.9491969845952147,0.9491969845952147,0.9491969845952147,0.9491969845952147
./instances/realistic-instances/15-25-1110588.cdop,WS./settings/Memetic-LS_MMX_1881515.config,15,25,0.7977712225499836,0.7977712225499836,0.7977712225499836,0.7977712225499836,0.7977712225499836,0.7977712225499836,0.7977712225499836,0.7977712225499836,0.7977712225499836,0.7977712225499836,0.8312028843002295,0.8993772533595542,0.9255981645362177,0.9255981645362177
./instances/realistic-instances/10-10-1762875.cdop,WS./settings/Memetic-LS_MMX_1099666.config,10,10,0.8860819828408008,0.9142040038131554,0.9142040038131554,0.9227836034318398,0.9337464251668256,0.9451858913250715,0.9451858913250715,0.9451858913250715,0.9451858913250715,0.9451858913250715,0.9632983794089609,0.9632983794089609,0.9632983794089609,0.9632983794089609
./instances/realistic-instances/20-10-1891798.cdop,WS./settings/Memetic_MMX_1881515.config,20,10,0.9585191793041927,0.9585191793041927,0.9585191793041927,0.9585191793041927,0.9692239072256913,0.9768064228367529,0.9812667261373773,0.9812667261373773,0.9812667261373773,0.9933095450490633,0.9964317573595004,1.0,1.0,1.0
./instances/realistic-instances/20-25-1917698.cdop,WS./settings/Memetic-LS_MPX_1881515.config,20,25,0.8276743336984301,0.8276743336984301,0.8276743336984301,0.8276743336984301,0.8276743336984301,0.8276743336984301,0.8276743336984301,0.8276743336984301,0.8276743336984301,0.8276743336984301,0.8276743336984301,0.8276743336984301,0.8276743336984301,0.8276743336984301
./instances/realistic-instances/15-25-1767920.cdop,WS./settings/Memetic-LS_MMX_1881515.config,15,25,0.8076518076518077,0.8076518076518077,0.820989820989821,0.820989820989821,0.8388908388908389,0.8497718497718497,0.8838188838188838,0.8946998946998947,0.8946998946998947,0.9185679185679185,0.9185679185679185,0.9543699543699544,0.9641979641979642,0.9641979641979642
./instances/realistic-instances/15-25-1767920.cdop,WS./settings/Memetic-LS_MPX_1881515.config,15,25,0.7908037908037908,0.7908037908037908,0.7908037908037908,0.7908037908037908,0.7908037908037908,0.7908037908037908,0.7908037908037908,0.7908037908037908,0.7908037908037908,0.7908037908037908,0.7908037908037908,0.7908037908037908,0.7908037908037908,0.7908037908037908
./instances/realistic-instances/10-25-1762875.cdop,WS./settings/Memetic_MPX_1099666.config,10,25,0.8996832101372756,0.916930658218937,0.916930658218937,0.9366420274551215,0.9366420274551215,0.9366420274551215,0.9422738472368885,0.9422738472368885,0.9507215769095388,0.9577613516367476,0.9577613516367476,0.9648011263639563,0.9662090813093981,0.9662090813093981
./instances/realistic-instances/20-10-1891798.cdop,WS./settings/Memetic-LS_MPX_1881515.config,20,10,0.7711864406779662,0.7711864406779662,0.7711864406779662,0.7711864406779662,0.7711864406779662,0.7867975022301517,0.7903657448706513,0.7903657448706513,0.7903657448706513,0.7903657448706513,0.8068688670829617,0.8166815343443354,0.8166815343443354,0.8166815343443354
./instances/realistic-instances/25-10-1917698.cdop,WS./settings/Memetic-LS_MPX_1287823.config,25,10,0.6905940594059405,0.6905940594059405,0.6905940594059405,0.6905940594059405,0.6905940594059405,0.6905940594059405,0.6905940594059405,0.6985148514851485,0.7074257425742574,0.7074257425742574,0.7074257425742574,0.7074257425742574,0.7485148514851485,0.7485148514851485
./instances/realistic-instances/15-25-1762875.cdop,WS./settings/Memetic-LS_MPX_1881515.config,15,25,0.8087019057892845,0.8087019057892845,0.8087019057892845,0.8126573175116865,0.8126573175116865,0.8126573175116865,0.8471772743617404,0.8525710176195613,0.8554476806903991,0.8554476806903991,0.8554476806903991,0.8935634663790004,0.8935634663790004,0.8935634663790004
./instances/realistic-instances/5-40-1891798.cdop,WS./settings/Memetic_MMX_1099666.config,5,40,0.9256795835743205,0.9334875650665124,0.9548872180451128,0.9600925390399074,0.9699248120300752,0.9699248120300752,0.9783111625216888,0.9843840370156159,0.9893001735106999,0.9924812030075187,0.9924812030075187,0.9924812030075187,0.993637941006362,0.993637941006362
./instances/realistic-instances/10-10-1110588.cdop,WS./settings/Memetic_MPX_1287823.config,10,10,0.9053542455381287,0.9053542455381287,0.9372633856138454,0.9372633856138454,0.950784207679827,0.950784207679827,0.950784207679827,0.950784207679827,0.950784207679827,0.9588967009194159,0.9588967009194159,0.981611681990265,0.9843158464034614,0.9843158464034614
./instances/realistic-instances/20-10-1767920.cdop,WS./settings/Memetic-LS_MMX_1099666.config,20,10,0.7650457390467019,0.7751564756860857,0.8382282137698603,0.8382282137698603,0.857486759749639,0.8642272508425614,0.8728935965334618,0.8916706788637457,0.8916706788637457,0.8974482426576793,0.9090033702455464,0.9272989889263361,0.9359653346172364,0.9359653346172364
./instances/realistic-instances/20-10-1110588.cdop,WS./settings/Memetic_MPX_1881515.config,20,10,0.8021094927172275,0.8096433952787544,0.8402812656956303,0.8402812656956303,0.844299347061778,0.8523355097940734,0.8523355097940734,0.8663987945755901,0.8663987945755901,0.8663987945755901,0.8663987945755901,0.8663987945755901,0.8704168759417378,0.8704168759417378
./instances/realistic-instances/15-40-1767920.cdop,WS./settings/Memetic_MPX_1287823.config,15,40,0.8282514001244555,0.881144990665837,0.888301182327318,0.8923459863098943,0.8948350964530181,0.8948350964530181,0.8957685127566895,0.9004355942750467,0.9144368388301183,0.9144368388301183,0.918792781580585,0.918792781580585,0.918792781580585,0.918792781580585
./instances/realistic-instances/10-25-1767920.cdop,WS./settings/Memetic_MMX_1881515.config,10,25,0.9173259493670886,0.9307753164556962,0.9307753164556962,0.9596518987341772,0.9667721518987342,0.9683544303797469,0.9806170886075949,0.9829905063291139,0.9829905063291139,0.9833860759493671,0.9849683544303798,0.997626582278481,1.0,1.0
./instances/realistic-instances/15-40-1891798.cdop,WS./settings/Memetic-LS_MPX_1099666.config,15,40,0.7521989687594783,0.7521989687594783,0.7521989687594783,0.7521989687594783,0.7521989687594783,0.7521989687594783,0.7521989687594783,0.7521989687594783,0.7521989687594783,0.7521989687594783,0.7521989687594783,0.7521989687594783,0.7521989687594783,0.7521989687594783
./instances/realistic-instances/5-40-1110588.cdop,WS./settings/Memetic-LS_MMX_1881515.config,5,40,0.8300747556066705,0.8300747556066705,0.8300747556066705,0.8300747556066705,0.8300747556066705,0.8300747556066705,0.8300747556066705,0.8300747556066705,0.8433007475560667,0.8585393904542841,0.8611270845313399,0.8734905117883841,0.878090856814261,0.878090856814261
./instances/realistic-instances/20-25-1767920.cdop,WS./settings/Memetic-LS_MMX_1881515.config,20,25,0.7992700729927007,0.7992700729927007,0.8102189781021898,0.8102189781021898,0.8102189781021898,0.8291970802919708,0.8291970802919708,0.8452554744525548,0.8496350364963504,0.8616788321167883,0.8908759124087591,0.9186131386861314,0.9291970802919708,0.9291970802919708
./instances/realistic-instances/15-10-1110588.cdop,WS./settings/Memetic-LS_MMX_1287823.config,15,10,0.834,0.8455,0.8455,0.846,0.846,0.846,0.9005,0.9005,0.9005,0.9005,0.905,0.9335,0.9425,0.9425
./instances/realistic-instances/25-10-1767920.cdop,WS./settings/Memetic_MMX_1099666.config,25,10,0.9446730681298583,0.9506172839506173,0.9707361682670325,0.9730224051211706,0.9730224051211706,0.9730224051211706,0.9830818472793782,0.9830818472793782,0.9894833104709648,0.9894833104709648,0.9894833104709648,0.9894833104709648,0.9894833104709648,0.9894833104709648
./instances/realistic-instances/5-40-1767920.cdop,WS./settings/Memetic-LS_MPX_1287823.config,5,40,0.8284375,0.8284375,0.8284375,0.8284375,0.8284375,0.8284375,0.8284375,0.8284375,0.8284375,0.8284375,0.8284375,0.8284375,0.8284375,0.8284375
./instances/realistic-instances/10-10-1891798.cdop,WS./settings/Memetic_MMX_1881515.config,10,10,0.985947416137806,0.9932003626473255,0.9932003626473255,0.9932003626473255,0.9986400725294651,0.9986400725294651,0.9986400725294651,0.9986400725294651,0.9986400725294651,0.9986400725294651,0.9986400725294651,0.9986400725294651,0.9986400725294651,0.9986400725294651
./instances/realistic-instances/25-25-1891798.cdop,WS./settings/Memetic-LS_MMX_1881515.config,25,25,0.7011691884456671,0.7011691884456671,0.7218019257221459,0.7469050894085282,0.7751031636863824,0.8246217331499313,0.8473177441540578,0.8834250343878954,0.9002751031636864,0.9123108665749656,0.9274415405777167,0.9288170563961485,0.9288170563961485,0.9288170563961485
./instances/realistic-instances/5-10-1917698.cdop,WS./settings/Memetic_MMX_1099666.config,5,10,0.9835796387520526,0.9835796387520526,0.9835796387520526,0.9912424740010947,0.9912424740010947,0.9912424740010947,0.9912424740010947,0.9994526546250684,0.9994526546250684,0.9994526546250684,0.9994526546250684,0.9994526546250684,1.0,1.0
./instances/realistic-instances/20-25-1110588.cdop,WS./settings/Memetic-LS_MMX_1099666.config,20,25,0.6518010291595198,0.6590909090909091,0.7084048027444254,0.7354202401372213,0.7414236706689536,0.7714408233276158,0.7945969125214408,0.7945969125214408,0.8031732418524872,0.8713550600343053,0.8713550600343053,0.8782161234991424,0.885934819897084,0.885934819897084
./instances/realistic-instances/5-40-1917698.cdop,WS./settings/Memetic-LS_MMX_1881515.config,5,40,0.8604968604968605,0.8604968604968605,0.8604968604968605,0.8604968604968605,0.8604968604968605,0.8604968604968605,0.880971880971881,0.894075894075894,0.8954408954408954,0.8954408954408954,0.9022659022659023,0.9066339066339066,0.9066339066339066,0.9066339066339066
./instances/realistic-instances/15-40-1110588.cdop,WS./settings/Memetic-LS_MMX_1881515.config,15,40,0.7832047986289632,0.7832047986289632,0.7832047986289632,0.7832047986289632,0.7832047986289632,0.7832047986289632,0.7977720651242503,0.7977720651242503,0.8406169665809768,0.8588974578691803,0.8774635818337618,0.887460725506998,0.9034561553841759,0.9034561553841759
./instances/realistic-instances/25-25-1891798.cdop,WS./settings/Memetic_MPX_1287823.config,25,25,0.7513755158184319,0.7513755158184319,0.7513755158184319,0.7730398899587345,0.7730398899587345,0.7730398899587345,0.7730398899587345,0.7785419532324622,0.7785419532324622,0.8060522696011004,0.8060522696011004,0.8060522696011004,0.812242090784044,0.812242090784044
./instances/realistic-instances/15-40-1891798.cdop,WS./settings/Memetic_MPX_1881515.config,15,40,0.8080072793448589,0.8580527752502275,0.8659387321807704,0.8762511373976342,0.8762511373976342,0.8835304822565969,0.8835304822565969,0.9029420685471641,0.916287534121929,0.916287534121929,0.916287534121929,0.9205338186229906,0.921747042766151,0.921747042766151
./instances/realistic-instances/5-10-1891798.cdop,WS./settings/Memetic-LS_MMX_1881515.config,5,10,0.9377251672671127,0.9531652084405559,0.9598558929490478,0.9598558929490478,0.9598558929490478,0.9711785898095728,0.9711785898095728,0.9711785898095728,0.9835306227483274,0.9835306227483274,0.9835306227483274,0.9835306227483274,0.9835306227483274,0.9835306227483274
./instances/realistic-instances/15-40-1762875.cdop,WS./settings/Memetic_MPX_1287823.config,15,40,0.8280105479050689,0.8285965426311164,0.8661002050981541,0.8953999414005274,0.9082918253735717,0.9082918253735717,0.9082918253735717,0.9082918253735717,0.9082918253735717,0.9082918253735717,0.9200117198945209,0.9208907119835922,0.9393495458540874,0.9393495458540874
./instances/realistic-instances/5-10-1110588.cdop,WS./settings/Memetic_MMX_1099666.config,5,10,0.9882772680937818,0.9887869520897044,0.9887869520897044,0.9918450560652395,0.9918450560652395,0.9928644240570846,0.9928644240570846,0.9949031600407747,1.0,1.0,1.0,1.0,1.0,1.0
./instances/realistic-instances/15-25-1767920.cdop,WS./settings/Memetic-LS_MMX_1287823.config,15,25,0.8094068094068094,0.8094068094068094,0.8094068094068094,0.8094068094068094,0.8230958230958231,0.8452088452088452,0.8466128466128466,0.9034749034749034,0.9168129168129168,0.9168129168129168,0.9378729378729379,0.9420849420849421,0.9420849420849421,0.9420849420849421
./instances/realistic-instances/20-25-1767920.cdop,WS./settings/Memetic_MPX_1287823.config,20,25,0.8131386861313868,0.8554744525547445,0.8554744525547445,0.8554744525547445,0.8554744525547445,0.8605839416058394,0.8605839416058394,0.8605839416058394,0.8678832116788321,0.8726277372262774,0.8726277372262774,0.8726277372262774,0.8981751824817519,0.8981751824817519
./instances/realistic-instances/25-10-1110588.cdop,WS./settings/Memetic_MMX_1881515.config,25,10,0.9553151458137347,0.9633113828786454,0.9633113828786454,0.9633113828786454,0.9830667920978363,0.9873000940733773,0.9873000940733773,0.9873000940733773,0.9873000940733773,0.9901222953904045,0.9920037629350894,0.9920037629350894,0.9920037629350894,0.9920037629350894
./instances/realistic-instances/20-10-1767920.cdop,WS./settings/Memetic_MMX_1287823.config,20,10,0.9566682715454983,0.9566682715454983,0.9624458353394318,0.9831487722676938,0.9831487722676938,0.9850746268656716,0.9879634087626384,0.9879634087626384,0.9879634087626384,0.9879634087626384,0.9879634087626384,0.9879634087626384,0.9879634087626384,0.9879634087626384
./instances/realistic-instances/10-40-1762875.cdop,WS./settings/Memetic-LS_MPX_1287823.config,10,40,0.7266387726638772,0.7266387726638772,0.7266387726638772,0.7266387726638772,0.7266387726638772,0.7266387726638772,0.7266387726638772,0.7266387726638772,0.7266387726638772,0.7266387726638772,0.7266387726638772,0.7266387726638772,0.7743375174337518,0.7743375174337518
./instances/realistic-instances/25-10-1767920.cdop,WS./settings/Memetic-LS_MMX_1287823.config,25,10,0.8015546410608139,0.8056698673982624,0.8056698673982624,0.8129858253315043,0.8303612254229538,0.8358481938728852,0.8614540466392319,0.8619112940100594,0.8802011888431641,0.9007773205304069,0.9117512574302697,0.9117512574302697,0.9199817101051669,0.9199817101051669
./instances/realistic-instances/20-10-1762875.cdop,WS./settings/Memetic_MPX_1881515.config,20,10,0.7512100677637947,0.7512100677637947,0.7512100677637947,0.7850919651500484,0.81945788964182,0.8325266214908035,0.8325266214908035,0.8325266214908035,0.8455953533397871,0.8455953533397871,0.8489835430784124,0.8489835430784124,0.8489835430784124,0.8489835430784124
./instances/realistic-instances/5-25-1767920.cdop,WS./settings/Memetic_MPX_1099666.config,5,25,0.9236444116562155,0.9254887495389156,0.949834009590557,0.9645887126521578,0.9712283290298783,0.9712283290298783,0.9730726669125784,0.9752858723718185,0.9771302102545186,0.9771302102545186,0.9789745481372187,0.9841386942087791,0.9885651051272594,0.9885651051272594
./instances/realistic-instances/15-40-1762875.cdop,WS./settings/Memetic_MMX_1287823.config,15,40,0.9006738939349546,0.9449164957515382,0.960445355991796,0.9636683269850571,0.9718722531497217,0.9759742162320539,0.9765602109581014,0.9774392030471726,0.9844711397597422,0.9844711397597422,0.9844711397597422,0.9844711397597422,0.9844711397597422,0.9844711397597422
./instances/realistic-instances/10-40-1891798.cdop,WS./settings/Memetic-LS_MMX_1099666.config,10,40,0.8664523670368206,0.8664523670368206,0.8664523670368206,0.8664523670368206,0.8664523670368206,0.8664523670368206,0.8664523670368206,0.8664523670368206,0.8664523670368206,0.8763880771478667,0.8971361776738749,0.9035651665692578,0.9281122150789012,0.9281122150789012
./instances/realistic-instances/20-10-1891798.cdop,WS./settings/Memetic_MPX_1287823.config,20,10,0.8198037466547725,0.8291703835860839,0.856378233719893,0.856378233719893,0.860392506690455,0.8679750223015165,0.8679750223015165,0.8679750223015165,0.8679750223015165,0.8679750223015165,0.8679750223015165,0.8706512042818911,0.8835860838537021,0.8835860838537021
./instances/realistic-instances/15-40-1891798.cdop,WS./settings/Memetic_MMX_1287823.config,15,40,0.9262966333030027,0.9332726721261753,0.951471034273582,0.9578404610251744,0.9632999696693965,0.9642098877767667,0.9851380042462845,0.986351228389445,0.986351228389445,0.986351228389445,0.986351228389445,0.9884743706399758,0.9884743706399758,0.9884743706399758
./instances/realistic-instances/15-10-1767920.cdop,WS./settings/Memetic-LS_MMX_1099666.config,15,10,0.8790485829959515,0.8790485829959515,0.8790485829959515,0.8790485829959515,0.8876518218623481,0.8876518218623481,0.8922064777327935,0.8922064777327935,0.8922064777327935,0.9387651821862348,0.9387651821862348,0.9762145748987854,0.9832995951417004,0.9832995951417004
./instances/realistic-instances/10-40-1891798.cdop,WS./settings/Memetic_MPX_1881515.config,10,40,0.8772647574517826,0.9231443600233782,0.9377556984219755,0.9535359438924605,0.9696084161309176,0.9696084161309176,0.9696084161309176,0.9754529514903565,0.9792518994739918,0.9815897136177674,0.9815897136177674,0.9815897136177674,0.9815897136177674,0.9815897136177674
./instances/realistic-instances/5-25-1917698.cdop,WS./settings/Memetic_MPX_1881515.config,5,25,0.970112517580872,0.970112517580872,0.970112517580872,0.9743319268635724,0.9746835443037974,0.9760900140646976,0.9760900140646976,0.9760900140646976,0.9774964838255977,0.9806610407876231,0.9838255977496484,0.9838255977496484,0.9838255977496484,0.9838255977496484
./instances/realistic-instances/15-25-1917698.cdop,WS./settings/Memetic_MPX_1287823.config,15,25,0.8895567242674681,0.8895567242674681,0.8895567242674681,0.8895567242674681,0.8895567242674681,0.8895567242674681,0.8895567242674681,0.8895567242674681,0.8895567242674681,0.9301277235161532,0.9350112697220135,0.9380165289256198,0.9380165289256198,0.9380165289256198
./instances/realistic-instances/5-10-1767920.cdop,WS./settings/Memetic_MMX_1099666.config,5,10,0.9822451317296678,0.9902634593356243,0.9891179839633448,0.9891179839633448,0.9902634593356243,0.9902634593356243,0.9902634593356243,0.9942726231386025,1.0,1.0,1.0,1.0,1.0,1.0
./instances/realistic-instances/10-25-1110588.cdop,WS./settings/Memetic_MMX_1287823.config,10,25,0.9413427561837456,0.9526501766784452,0.9636042402826855,0.9636042402826855,0.9636042402826855,0.9678445229681979,0.9763250883392226,0.9763250883392226,0.9777385159010601,0.9777385159010601,0.9855123674911661,0.9855123674911661,0.9971731448763251,0.9971731448763251
./instances/realistic-instances/5-10-1762875.cdop,WS./settings/Memetic-LS_MPX_1099666.config,5,10,0.9110413396127682,0.9110413396127682,0.9110413396127682,0.9110413396127682,0.9110413396127682,0.9110413396127682,0.9277864992150706,0.9277864992150706,0.9413919413919414,0.9413919413919414,0.9413919413919414,0.9413919413919414,0.9597069597069597,0.9597069597069597
./instances/realistic-instances/10-10-1917698.cdop,WS./settings/Memetic-LS_MPX_1099666.config,10,10,0.8211752786220872,0.8267477203647416,0.8267477203647416,0.8267477203647416,0.8439716312056738,0.8733535967578521,0.8733535967578521,0.8733535967578521,0.8834853090172239,0.8915906788247214,0.8915906788247214,0.8915906788247214,0.9123606889564336,0.9123606889564336
./instances/realistic-instances/10-40-1110588.cdop,WS./settings/Memetic_MPX_1881515.config,10,40,0.8782738095238095,0.8782738095238095,0.8782738095238095,0.8895833333333333,0.9035714285714286,0.9142857142857143,0.9285714285714286,0.9383928571428571,0.9383928571428571,0.9660714285714286,0.9714285714285714,0.9714285714285714,0.9714285714285714,0.9714285714285714
./instances/realistic-instances/5-25-1767920.cdop,WS./settings/Memetic-LS_MMX_1881515.config,5,25,0.8185171523423092,0.8185171523423092,0.8185171523423092,0.8185171523423092,0.8185171523423092,0.8255256362965695,0.8568793803024715,0.9007746219107341,0.9114717816303947,0.916635927701955,0.9502028771670971,0.9527849502028771,0.9527849502028771,0.9527849502028771
./instances/realistic-instances/15-40-1767920.cdop,WS./settings/Memetic_MMX_1287823.config,15,40,0.9150591163658992,0.9464841319228375,0.955196017423771,0.955818294959552,0.9626633478531424,0.9626633478531424,0.9657747355320473,0.9657747355320473,0.9657747355320473,0.9673304293714997,0.9838207840696951,0.9838207840696951,0.9894212818917237,0.9894212818917237
./instances/realistic-instances/5-25-1891798.cdop,WS./settings/Memetic-LS_MMX_1099666.config,5,25,0.8758260869565218,0.8758260869565218,0.8758260869565218,0.8758260869565218,0.8758260869565218,0.8758260869565218,0.8831304347826087,0.8831304347826087,0.8911304347826087,0.9318260869565217,0.9318260869565217,0.9318260869565217,0.9502608695652174,0.9502608695652174
./instances/realistic-instances/10-40-1891798.cdop,WS./settings/Memetic_MMX_1099666.config,10,40,0.8880771478667446,0.9006428988895383,0.9362945645821157,0.9547048509643483,0.9804208065458796,0.9862653419053186,0.9862653419053186,0.9862653419053186,0.9862653419053186,0.9886031560490941,0.9886031560490941,0.9964932787843367,1.0,1.0
./instances/realistic-instances/15-40-1762875.cdop,WS./settings/Memetic_MPX_1099666.config,15,40,0.8740111338997949,0.8974509229416935,0.8974509229416935,0.8974509229416935,0.8974509229416935,0.8974509229416935,0.9018458833870495,0.9018458833870495,0.9106358042777615,0.9167887489012599,0.9179607383533548,0.9179607383533548,0.9179607383533548,0.9179607383533548
./instances/realistic-instances/10-10-1917698.cdop,WS./settings/Memetic-LS_MPX_1287823.config,10,10,0.8211752786220872,0.8211752786220872,0.8211752786220872,0.8211752786220872,0.8211752786220872,0.8606889564336373,0.8637284701114488,0.8637284701114488,0.8652482269503546,0.8890577507598785,0.8890577507598785,0.9402228976697061,0.9437689969604863,0.9437689969604863
./instances/realistic-instances/15-10-1767920.cdop,WS./settings/Memetic-LS_MMX_1881515.config,15,10,0.8876518218623481,0.8876518218623481,0.8876518218623481,0.8876518218623481,0.8876518218623481,0.8876518218623481,0.8876518218623481,0.8876518218623481,0.8917004048582996,0.9407894736842105,0.9554655870445344,0.9731781376518218,0.9731781376518218,0.9731781376518218
./instances/realistic-instances/5-10-1767920.cdop,WS./settings/Memetic-LS_MMX_1287823.config,5,10,0.9232531500572738,0.9232531500572738,0.9249713631156931,0.9249713631156931,0.929553264604811,0.9662084765177549,0.9702176403207331,0.9702176403207331,0.9702176403207331,0.9702176403207331,0.9891179839633448,0.9891179839633448,0.9891179839633448,0.9891179839633448
./instances/realistic-instances/25-10-1891798.cdop,WS./settings/Memetic-LS_MPX_1287823.config,25,10,0.6764705882352942,0.6764705882352942,0.6875,0.6875,0.6875,0.6875,0.6875,0.6875,0.6875,0.6875,0.6875,0.7037815126050421,0.7037815126050421,0.7037815126050421
./instances/realistic-instances/15-10-1917698.cdop,WS./settings/Memetic-LS_MMX_1099666.config,15,10,0.8492191707054388,0.884760366182014,0.8890683898761443,0.9046849757673667,0.9208400646203554,0.9289176090468497,0.9289176090468497,0.9305331179321487,0.9305331179321487,0.9563812600969306,0.9606892837910609,0.9606892837910609,0.9876144318793754,0.9876144318793754
./instances/realistic-instances/10-10-1891798.cdop,WS./settings/Memetic-LS_MMX_1881515.config,10,10,0.9320036264732547,0.9406165004533091,0.9533091568449683,0.957388939256573,0.957388939256573,0.957388939256573,0.957388939256573,0.957388939256573,0.957388939256573,0.9614687216681777,0.9614687216681777,0.9614687216681777,0.9614687216681777,0.9614687216681777
./instances/realistic-instances/25-25-1917698.cdop,WS./settings/Memetic_MMX_1099666.config,25,25,0.9215896885069818,0.9355531686358755,0.9380594343000358,0.9470103831006087,0.9641962047977085,0.9781596849266022,0.9781596849266022,0.9881847475832438,0.9946294307196563,0.9946294307196563,0.9946294307196563,0.9946294307196563,0.9946294307196563,0.9946294307196563
./instances/realistic-instances/20-25-1891798.cdop,WS./settings/Memetic_MPX_1099666.config,20,25,0.8261324041811847,0.8261324041811847,0.8261324041811847,0.8261324041811847,0.8261324041811847,0.8763066202090593,0.8763066202090593,0.8763066202090593,0.8763066202090593,0.8763066202090593,0.8763066202090593,0.8763066202090593,0.8763066202090593,0.8763066202090593
./instances/realistic-instances/15-25-1917698.cdop,WS./settings/Memetic_MMX_1287823.config,15,25,0.9282494365138994,0.9346356123215628,0.9485349361382419,0.9485349361382419,0.950037565740045,0.9624342599549212,0.9624342599549212,0.9699474079639369,0.976709241172051,0.9830954169797145,0.9830954169797145,0.9830954169797145,0.9830954169797145,0.9830954169797145
./instances/realistic-instances/25-10-1762875.cdop,WS./settings/Memetic_MPX_1881515.config,25,10,0.737799043062201,0.737799043062201,0.777511961722488,0.777511961722488,0.777511961722488,0.7942583732057417,0.7942583732057417,0.8,0.8200956937799043,0.8220095693779904,0.8220095693779904,0.8220095693779904,0.8421052631578947,0.8421052631578947
./instances/realistic-instances/5-25-1891798.cdop,WS./settings/Memetic-LS_MMX_1881515.config,5,25,0.8758260869565218,0.8758260869565218,0.8758260869565218,0.8758260869565218,0.8758260869565218,0.8758260869565218,0.8928695652173914,0.896695652173913,0.9140869565217391,0.9151304347826087,0.9335652173913044,0.9335652173913044,0.9335652173913044,0.9335652173913044
./instances/realistic-instances/10-25-1762875.cdop,WS./settings/Memetic_MPX_1881515.config,10,25,0.9046110524463217,0.9046110524463217,0.9046110524463217,0.9257303766279479,0.9310102076733544,0.936290038718761,0.936290038718761,0.9412178810278071,0.9450897571277719,0.9574093629003871,0.9574093629003871,0.9626891939457938,0.9626891939457938,0.9626891939457938
./instances/realistic-instances/25-25-1891798.cdop,WS./settings/Memetic-LS_MPX_1099666.config,25,25,0.6825997248968363,0.6825997248968363,0.6825997248968363,0.6825997248968363,0.6825997248968363,0.6825997248968363,0.6825997248968363,0.6825997248968363,0.6825997248968363,0.6825997248968363,0.6825997248968363,0.6825997248968363,0.6825997248968363,0.6825997248968363
./instances/realistic-instances/5-25-1767920.cdop,WS./settings/Memetic-LS_MMX_1287823.config,5,25,0.8185171523423092,0.8185171523423092,0.8185171523423092,0.8210992253780892,0.8554039099963113,0.883437845813353,0.883437845813353,0.8849133161195131,0.9265953522685356,0.9376613795647363,0.950571744743637,0.9609000368867576,0.9609000368867576,0.9609000368867576
./instances/realistic-instances/15-10-1767920.cdop,WS./settings/Memetic_MPX_1881515.config,15,10,0.90334008097166,0.90334008097166,0.90334008097166,0.9296558704453441,0.9296558704453441,0.9296558704453441,0.9296558704453441,0.9296558704453441,0.9296558704453441,0.9387651821862348,0.9478744939271255,0.9620445344129555,0.9655870445344129,0.9655870445344129
./instances/realistic-instances/25-10-1110588.cdop,WS./settings/Memetic-LS_MMX_1287823.config,25,10,0.735653809971778,0.7699905926622765,0.7699905926622765,0.8123236124176858,0.861241768579492,0.8715898400752587,0.8753527751646284,0.8767638758231421,0.8777046095954845,0.894167450611477,0.894167450611477,0.894167450611477,0.894167450611477,0.894167450611477
./instances/realistic-instances/15-40-1891798.cdop,WS./settings/Memetic_MPX_1099666.config,15,40,0.8343949044585988,0.8659387321807704,0.8659387321807704,0.9102214134061268,0.9238701850166818,0.9238701850166818,0.9314528359114347,0.932362754018805,0.932362754018805,0.932362754018805,0.9387321807703973,0.9387321807703973,0.9387321807703973,0.9387321807703973
./instances/realistic-instances/25-10-1762875.cdop,WS./settings/Memetic-LS_MMX_1287823.config,25,10,0.7454545454545455,0.7454545454545455,0.7736842105263158,0.8196172248803828,0.8210526315789474,0.8406698564593301,0.8406698564593301,0.8406698564593301,0.8899521531100478,0.8928229665071771,0.9110047846889953,0.9110047846889953,0.9110047846889953,0.9110047846889953
./instances/realistic-instances/10-10-1891798.cdop,WS./settings/Memetic-LS_MPX_1099666.config,10,10,0.8490480507706256,0.8490480507706256,0.8490480507706256,0.8490480507706256,0.8553943789664551,0.8748866727107888,0.8794197642792384,0.8943789664551224,0.9020852221214869,0.9020852221214869,0.9020852221214869,0.9020852221214869,0.9038984587488668,0.9038984587488668
./instances/realistic-instances/20-10-1767920.cdop,WS./settings/Memetic-LS_MMX_1287823.config,20,10,0.7414540202214733,0.7876745305729418,0.857486759749639,0.8704862782859895,0.8801155512758787,0.8801155512758787,0.8805970149253731,0.8805970149253731,0.9022628791526239,0.9171882522869523,0.9253731343283582,0.9253731343283582,0.9253731343283582,0.9253731343283582
./instances/realistic-instances/10-10-1110588.cdop,WS./settings/Memetic-LS_MPX_1881515.config,10,10,0.8777717685235262,0.8864250946457545,0.8864250946457545,0.903731746890211,0.903731746890211,0.903731746890211,0.9102217414818821,0.918334234721471,0.918334234721471,0.918334234721471,0.9210383991346673,0.9388858842617631,0.9388858842617631,0.9388858842617631
./instances/realistic-instances/25-25-1891798.cdop,WS./settings/Memetic_MPX_1099666.config,25,25,0.7816368638239339,0.7816368638239339,0.7816368638239339,0.7816368638239339,0.7850756533700137,0.8259972489683631,0.8259972489683631,0.829092159559835,0.8345942228335625,0.8345942228335625,0.8345942228335625,0.8459422283356258,0.8459422283356258,0.8459422283356258
./instances/realistic-instances/10-10-1891798.cdop,WS./settings/Memetic-LS_MPX_1287823.config,10,10,0.8490480507706256,0.8490480507706256,0.8490480507706256,0.8490480507706256,0.8490480507706256,0.8599274705349048,0.8803263825929284,0.8803263825929284,0.8989120580235721,0.8989120580235721,0.8989120580235721,0.8989120580235721,0.8989120580235721,0.8989120580235721
./instances/realistic-instances/25-10-1110588.cdop,WS./settings/Memetic-LS_MPX_1287823.config,25,10,0.6900282220131703,0.6900282220131703,0.7050799623706491,0.7050799623706491,0.7050799623706491,0.7050799623706491,0.7050799623706491,0.7050799623706491,0.7050799623706491,0.7050799623706491,0.7055503292568204,0.7055503292568204,0.7055503292568204,0.7055503292568204
./instances/realistic-instances/25-10-1762875.cdop,WS./settings/Memetic-LS_MMX_1099666.config,25,10,0.7291866028708134,0.7349282296650718,0.8090909090909091,0.8090909090909091,0.8296650717703349,0.8483253588516746,0.8655502392344497,0.8665071770334928,0.8665071770334928,0.8665071770334928,0.8885167464114833,0.8885167464114833,0.8971291866028708,0.8971291866028708
./instances/realistic-instances/15-25-1917698.cdop,WS./settings/Memetic-LS_MPX_1099666.config,15,25,0.8144252441773103,0.8144252441773103,0.8144252441773103,0.8144252441773103,0.8144252441773103,0.8144252441773103,0.8305785123966942,0.8305785123966942,0.8305785123966942,0.8305785123966942,0.8305785123966942,0.8444778362133734,0.8745304282494365,0.8745304282494365
./instances/realistic-instances/5-40-1891798.cdop,WS./settings/Memetic_MPX_1287823.config,5,40,0.9320416425679584,0.9355118565644881,0.9355118565644881,0.9465008675534992,0.9465008675534992,0.9647194910352805,0.9742625795257375,0.9742625795257375,0.9777327935222672,0.9872758820127241,0.9872758820127241,0.9872758820127241,0.9872758820127241,0.9872758820127241
./instances/realistic-instances/5-40-1767920.cdop,WS./settings/Memetic_MPX_1287823.config,5,40,0.9153125,0.9384375,0.9428125,0.9603125,0.9625,0.9778125,0.9784375,0.9784375,0.9875,0.9875,0.9875,0.995,0.995,0.995
./instances/realistic-instances/5-40-1891798.cdop,WS./settings/Memetic-LS_MMX_1287823.config,5,40,0.78368999421631,0.78368999421631,0.78368999421631,0.78368999421631,0.788316946211683,0.8010410641989589,0.8250433776749566,0.8377674956622325,0.8429728166570272,0.8519375361480624,0.8820127241179873,0.9065934065934066,0.9253903990746096,0.9253903990746096
./instances/realistic-instances/5-40-1110588.cdop,WS./settings/Memetic_MPX_1099666.config,5,40,0.9036802760207016,0.9108683151236343,0.9197814836112709,0.9261069580218516,0.9312823461759632,0.9603220241518113,0.964634847613571,0.9706728004600345,0.9706728004600345,0.9706728004600345,0.9706728004600345,0.9706728004600345,0.9706728004600345,0.9706728004600345
./instances/realistic-instances/15-10-1762875.cdop,WS./settings/Memetic_MPX_1099666.config,15,10,0.8437346437346437,0.8707616707616708,0.8953316953316953,0.8968058968058968,0.9007371007371008,0.9110565110565111,0.9110565110565111,0.9203931203931204,0.9336609336609336,0.9366093366093367,0.9366093366093367,0.943980343980344,0.943980343980344,0.943980343980344
./instances/realistic-instances/25-25-1110588.cdop,WS./settings/Memetic-LS_MMX_1099666.config,25,25,0.8037952022914429,0.8202649480844969,0.8381668456856427,0.8460436806301468,0.8460436806301468,0.8728965270318654,0.8728965270318654,0.882921589688507,0.882921589688507,0.882921589688507,0.8904403866809882,0.9137128535624777,0.9137128535624777,0.9137128535624777
./instances/realistic-instances/25-10-1110588.cdop,WS./settings/Memetic_MPX_1287823.config,25,10,0.7281279397930386,0.7281279397930386,0.7281279397930386,0.761994355597366,0.761994355597366,0.7728127939793038,0.7728127939793038,0.7728127939793038,0.7939793038570084,0.7939793038570084,0.7939793038570084,0.7991533396048918,0.8212605832549389,0.8212605832549389
./instances/realistic-instances/15-40-1110588.cdop,WS./settings/Memetic_MPX_1099666.config,15,40,0.8200514138817481,0.8200514138817481,0.8511853756069694,0.8511853756069694,0.861753784632962,0.8671808054841473,0.8726078263353327,0.8986003998857469,0.8986003998857469,0.8994572979148815,0.9028848900314196,0.9028848900314196,0.9028848900314196,0.9028848900314196
./instances/realistic-instances/5-40-1110588.cdop,WS./settings/Memetic_MMX_1287823.config,5,40,0.9292696952271421,0.9396204715353651,0.9401955146635997,0.9462334675100632,0.953421506612996,0.953421506612996,0.9548591144335825,0.9689476710753306,0.9738355376653249,0.9746981023576768,0.980448533640023,0.980448533640023,0.9824611845888441,0.9824611845888441
./instances/realistic-instances/10-25-1110588.cdop,WS./settings/Memetic-LS_MMX_1287823.config,10,25,0.8522968197879859,0.8558303886925795,0.8558303886925795,0.8713780918727915,0.8731448763250883,0.8773851590106007,0.8826855123674912,0.9060070671378092,0.9247349823321555,0.9335689045936396,0.946643109540636,0.946643109540636,0.9561837455830389,0.9561837455830389
./instances/realistic-instances/15-10-1917698.cdop,WS./settings/Memetic-LS_MMX_1881515.config,15,10,0.81421647819063,0.815831987075929,0.8373721055465805,0.8492191707054388,0.901453957996769,0.901453957996769,0.9170705438879914,0.9504577275175013,0.9655358104469575,0.9655358104469575,0.9655358104469575,0.9655358104469575,0.9859989229940764,0.9859989229940764
./instances/realistic-instances/10-25-1762875.cdop,WS./settings/Memetic-LS_MMX_1287823.config,10,25,0.8342133051742344,0.8342133051742344,0.8342133051742344,0.8342133051742344,0.8342133051742344,0.8342133051742344,0.8782118972192889,0.9024991200281591,0.9109468497008095,0.9109468497008095,0.9162266807462162,0.9408658922914467,0.9408658922914467,0.9408658922914467
./instances/realistic-instances/5-10-1891798.cdop,WS./settings/Memetic_MPX_1099666.config,5,10,0.979927946474524,0.997941327843541,0.997941327843541,0.997941327843541,0.997941327843541,0.997941327843541,0.997941327843541,0.997941327843541,1.0,1.0,1.0,1.0,1.0,1.0
./instances/realistic-instances/10-25-1110588.cdop,WS./settings/Memetic-LS_MPX_1099666.config,10,25,0.837809187279152,0.837809187279152,0.837809187279152,0.837809187279152,0.837809187279152,0.837809187279152,0.8614840989399293,0.893286219081272,0.8950530035335689,0.8950530035335689,0.8950530035335689,0.9063604240282686,0.9134275618374559,0.9134275618374559
./instances/realistic-instances/20-25-1110588.cdop,WS./settings/Memetic-LS_MPX_1287823.config,20,25,0.6423670668953688,0.6423670668953688,0.6423670668953688,0.6423670668953688,0.6423670668953688,0.6423670668953688,0.6423670668953688,0.6633790737564322,0.6633790737564322,0.66852487135506,0.66852487135506,0.66852487135506,0.66852487135506,0.66852487135506
./instances/realistic-instances/5-25-1110588.cdop,WS./settings/Memetic-LS_MMX_1287823.config,5,25,0.854372774040364,0.854372774040364,0.854372774040364,0.8690146418678275,0.8694103680253265,0.9066086268302335,0.9066086268302335,0.9149188761377127,0.9168975069252078,0.928373565492679,0.928373565492679,0.928373565492679,0.928373565492679,0.928373565492679
./instances/realistic-instances/5-25-1762875.cdop,WS./settings/Memetic-LS_MMX_1881515.config,5,25,0.8323262839879154,0.8323262839879154,0.8666918429003021,0.8685800604229608,0.8855740181268882,0.9104984894259819,0.9112537764350453,0.9112537764350453,0.9112537764350453,0.9112537764350453,0.9199395770392749,0.926737160120846,0.947129909365559,0.947129909365559
./instances/realistic-instances/20-10-1762875.cdop,WS./settings/Memetic_MPX_1099666.config,20,10,0.7512100677637947,0.7618586640851888,0.781703775411423,0.781703775411423,0.781703775411423,0.781703775411423,0.781703775411423,0.7933204259438529,0.8155856727976767,0.8155856727976767,0.8155856727976767,0.8247821878025169,0.846079380445305,0.846079380445305
./instances/realistic-instances/15-40-1767920.cdop,WS./settings/Memetic_MPX_1099666.config,15,40,0.8494088363410081,0.8528313627878034,0.8615432482887367,0.8879900435594275,0.8879900435594275,0.8879900435594275,0.8879900435594275,0.8879900435594275,0.94803982576229,0.9520846297448662,0.9548848786558806,0.9555071561916615,0.9555071561916615,0.9555071561916615
./instances/realistic-instances/10-10-1917698.cdop,WS./settings/Memetic-LS_MPX_1881515.config,10,10,0.8211752786220872,0.8211752786220872,0.8211752786220872,0.8211752786220872,0.8267477203647416,0.837386018237082,0.839918946301925,0.8556231003039514,0.9072948328267477,0.9072948328267477,0.9072948328267477,0.9285714285714286,0.9331306990881459,0.9331306990881459
./instances/realistic-instances/15-10-1767920.cdop,WS./settings/Memetic-LS_MPX_1099666.config,15,10,0.8805668016194332,0.8805668016194332,0.8805668016194332,0.8876518218623481,0.8876518218623481,0.8876518218623481,0.8876518218623481,0.8876518218623481,0.8876518218623481,0.8876518218623481,0.8876518218623481,0.8876518218623481,0.8977732793522267,0.8977732793522267
./instances/realistic-instances/25-25-1891798.cdop,WS./settings/Memetic-LS_MPX_1287823.config,25,25,0.6825997248968363,0.6825997248968363,0.6825997248968363,0.6825997248968363,0.6825997248968363,0.6825997248968363,0.6825997248968363,0.6825997248968363,0.6825997248968363,0.6825997248968363,0.6825997248968363,0.6825997248968363,0.6908528198074277,0.6908528198074277
./instances/realistic-instances/15-40-1891798.cdop,WS./settings/Memetic-LS_MMX_1099666.config,15,40,0.7521989687594783,0.7521989687594783,0.7521989687594783,0.7521989687594783,0.7549287230815893,0.7585683955110707,0.7585683955110707,0.7655444343342432,0.805277525022748,0.8067940552016986,0.8368213527449196,0.8980891719745223,0.9408553230209281,0.9408553230209281
./instances/realistic-instances/25-10-1917698.cdop,WS./settings/Memetic-LS_MMX_1287823.config,25,10,0.752970297029703,0.752970297029703,0.7589108910891089,0.7886138613861386,0.8297029702970297,0.85,0.85,0.8618811881188119,0.8975247524752475,0.8975247524752475,0.943069306930693,0.943069306930693,0.943069306930693,0.943069306930693
./instances/realistic-instances/15-25-1891798.cdop,WS./settings/Memetic_MPX_1099666.config,15,25,0.7875968992248062,0.7903100775193799,0.8426356589147287,0.8515503875968993,0.8631782945736434,0.8678294573643411,0.8678294573643411,0.8837209302325582,0.8930232558139535,0.8930232558139535,0.8941860465116279,0.8941860465116279,0.9085271317829458,0.9085271317829458
./instances/realistic-instances/25-25-1762875.cdop,WS./settings/Memetic-LS_MMX_1287823.config,25,25,0.8094068094068094,0.8494208494208494,0.8494208494208494,0.8494208494208494,0.8494208494208494,0.8494208494208494,0.8494208494208494,0.8736398736398736,0.8736398736398736,0.87995787995788,0.8954018954018954,0.9038259038259038,0.9224289224289224,0.9224289224289224
./instances/realistic-instances/25-10-1891798.cdop,WS./settings/Memetic_MMX_1099666.config,25,10,0.9600840336134454,0.9600840336134454,0.9600840336134454,0.9600840336134454,0.9779411764705882,0.9779411764705882,0.9779411764705882,0.9779411764705882,0.9779411764705882,0.9852941176470589,0.9884453781512605,0.9884453781512605,0.9884453781512605,0.9884453781512605
./instances/realistic-instances/15-25-1762875.cdop,WS./settings/Memetic-LS_MMX_1099666.config,15,25,0.8054656598345918,0.8054656598345918,0.8137360661632507,0.8137360661632507,0.8137360661632507,0.8227256382596189,0.8443006112909025,0.8723480762315714,0.8723480762315714,0.874145990650845,0.9043509528946422,0.9219705142035239,0.9230492628550881,0.9230492628550881
./instances/realistic-instances/5-40-1762875.cdop,WS./settings/Memetic_MPX_1099666.config,5,40,0.9452789699570815,0.9533261802575107,0.9632510729613734,0.9632510729613734,0.9734442060085837,0.9734442060085837,0.9734442060085837,0.9734442060085837,0.9852467811158798,0.9868562231759657,0.9868562231759657,0.9868562231759657,0.9868562231759657,0.9868562231759657
./instances/realistic-instances/15-40-1917698.cdop,WS./settings/Memetic_MPX_1287823.config,15,40,0.7782172193489504,0.8311530270763614,0.8433221782780651,0.8682689382415576,0.8682689382415576,0.8682689382415576,0.8804380894432613,0.8804380894432613,0.8816550045634317,0.9093398235473076,0.9196836020687557,0.9196836020687557,0.9196836020687557,0.9196836020687557
./instances/realistic-instances/25-25-1891798.cdop,WS./settings/Memetic-LS_MMX_1099666.config,25,25,0.6887895460797799,0.7324621733149931,0.7400275103163686,0.7589408528198074,0.8167125171939478,0.8177441540577717,0.827028885832187,0.8603851444291609,0.8669188445667125,0.8848005502063274,0.9339752407152683,0.9466987620357634,0.9466987620357634,0.9466987620357634
./instances/realistic-instances/25-25-1917698.cdop,WS./settings/Memetic-LS_MMX_1881515.config,25,25,0.7611886860007161,0.7773003938417472,0.7973505191550304,0.7973505191550304,0.8170426065162907,0.8252774794128177,0.8277837450769782,0.8277837450769782,0.8421052631578947,0.8521303258145363,0.8532044396706051,0.882921589688507,0.9169351951306839,0.9169351951306839
./instances/realistic-instances/5-40-1767920.cdop,WS./settings/Memetic_MMX_1881515.config,5,40,0.914375,0.9275,0.9275,0.94875,0.96375,0.96375,0.9678125,0.9678125,0.9921875,0.9953125,0.9953125,0.9953125,0.9990625,0.9990625
./instances/realistic-instances/15-10-1767920.cdop,WS./settings/Memetic_MPX_1287823.config,15,10,0.9038461538461539,0.930161943319838,0.930161943319838,0.930161943319838,0.937246963562753,0.937246963562753,0.937246963562753,0.937246963562753,0.937246963562753,0.937246963562753,0.937246963562753,0.9488866396761133,0.951417004048583,0.951417004048583
./instances/realistic-instances/15-25-1110588.cdop,WS./settings/Memetic_MMX_1099666.config,15,25,0.9308423467715503,0.9557522123893806,0.9600131104555883,0.9600131104555883,0.9770567027204196,0.9806620780072107,0.9806620780072107,0.9823008849557522,0.9872173058013766,0.9872173058013766,0.9872173058013766,0.9875450671910849,0.989839396919043,0.989839396919043
./instances/realistic-instances/10-40-1767920.cdop,WS./settings/Memetic-LS_MMX_1099666.config,10,40,0.7869034406215316,0.7869034406215316,0.7941176470588235,0.7941176470588235,0.8007769145394007,0.8041065482796892,0.8041065482796892,0.8415649278579356,0.8498890122086571,0.8712541620421753,0.8734739178690344,0.8829078801331853,0.8829078801331853,0.8829078801331853
./instances/realistic-instances/20-25-1110588.cdop,WS./settings/Memetic_MMX_1099666.config,20,25,0.9082332761578045,0.9403945111492281,0.9455403087478559,0.9528301886792453,0.9528301886792453,0.9682675814751286,0.9751286449399656,0.9841337907375644,0.9849914236706689,0.9849914236706689,0.9849914236706689,0.9849914236706689,0.9849914236706689,0.9849914236706689
./instances/realistic-instances/25-10-1891798.cdop,WS./settings/Memetic-LS_MMX_1287823.config,25,10,0.7683823529411765,0.7794117647058824,0.8251050420168067,0.8497899159663865,0.8634453781512605,0.9327731092436975,0.9380252100840336,0.9511554621848739,0.9621848739495799,0.9653361344537815,0.9653361344537815,0.9690126050420168,0.9690126050420168,0.9690126050420168
./instances/realistic-instances/5-25-1762875.cdop,WS./settings/Memetic-LS_MMX_1287823.config,5,25,0.8323262839879154,0.8421450151057401,0.8625377643504532,0.8625377643504532,0.8655589123867069,0.9237160120845922,0.9237160120845922,0.9342900302114804,0.9463746223564955,0.9486404833836858,0.9493957703927492,0.9493957703927492,0.9554380664652568,0.9554380664652568
./instances/realistic-instances/20-25-1917698.cdop,WS./settings/Memetic_MMX_1099666.config,20,25,0.9346476816356335,0.9667761956918584,0.9667761956918584,0.9667761956918584,0.9667761956918584,0.9678714859437751,0.9678714859437751,0.9733479372033589,0.9733479372033589,0.9733479372033589,0.9733479372033589,0.9733479372033589,0.9945235487404163,0.9945235487404163
./instances/realistic-instances/15-10-1110588.cdop,WS./settings/Memetic_MMX_1881515.config,15,10,0.971,0.971,0.971,0.976,0.982,0.982,0.982,0.9875,0.989,0.9935,0.9935,0.9935,0.9935,0.9935
./instances/realistic-instances/5-40-1762875.cdop,WS./settings/Memetic_MPX_1881515.config,5,40,0.9361587982832618,0.9361587982832618,0.9361587982832618,0.9361587982832618,0.9552038626609443,0.9616416309012875,0.9651287553648069,0.9761266094420601,0.9847103004291845,0.9857832618025751,0.9906115879828327,0.9916845493562232,0.9916845493562232,0.9916845493562232
./instances/realistic-instances/15-25-1767920.cdop,WS./settings/Memetic-LS_MMX_1099666.config,15,25,0.8006318006318006,0.8013338013338014,0.8013338013338014,0.8013338013338014,0.8192348192348192,0.8283608283608284,0.8515268515268515,0.8883818883818884,0.8883818883818884,0.8883818883818884,0.9122499122499123,0.9178659178659179,0.9178659178659179,0.9178659178659179
./instances/realistic-instances/20-10-1762875.cdop,WS./settings/Memetic-LS_MPX_1287823.config,20,10,0.7512100677637947,0.7512100677637947,0.7512100677637947,0.7531461761858664,0.7531461761858664,0.7725072604065828,0.787512100677638,0.7918683446272992,0.8025169409486931,0.8025169409486931,0.8025169409486931,0.8025169409486931,0.8025169409486931,0.8025169409486931
./instances/realistic-instances/15-10-1767920.cdop,WS./settings/Memetic_MMX_1287823.config,15,10,0.979757085020243,0.979757085020243,0.979757085020243,0.979757085020243,0.9827935222672065,0.9827935222672065,0.9949392712550608,0.9994939271255061,0.9994939271255061,0.9994939271255061,0.9994939271255061,0.9994939271255061,0.9994939271255061,0.9994939271255061
./instances/realistic-instances/5-40-1110588.cdop,WS./settings/Memetic-LS_MPX_1287823.config,5,40,0.8300747556066705,0.8300747556066705,0.8300747556066705,0.8300747556066705,0.8300747556066705,0.8300747556066705,0.8300747556066705,0.8389879240943071,0.8571017826336975,0.8916043703277746,0.8916043703277746,0.8936170212765957,0.8936170212765957,0.8936170212765957
./instances/realistic-instances/20-25-1917698.cdop,WS./settings/Memetic_MMX_1287823.config,20,25,0.9204089083607155,0.9309967141292442,0.9605695509309967,0.9634903249361081,0.9686016794450529,0.9711573566995254,0.9795545819642205,0.981745162468054,0.981745162468054,0.981745162468054,0.981745162468054,0.981745162468054,0.981745162468054,0.981745162468054
./instances/realistic-instances/5-25-1762875.cdop,WS./settings/Memetic_MMX_1881515.config,5,25,0.9599697885196374,0.9618580060422961,0.9652567975830816,0.9663897280966768,0.9663897280966768,0.9788519637462235,0.9898036253776435,0.9898036253776435,0.9898036253776435,0.9898036253776435,0.9898036253776435,0.9898036253776435,0.9837613293051359,0.9837613293051359
./instances/realistic-instances/5-25-1891798.cdop,WS./settings/Memetic_MMX_1287823.config,5,25,0.9575652173913044,0.9735652173913043,0.9735652173913043,0.9735652173913043,0.9787826086956521,0.9829565217391304,0.9829565217391304,0.9846956521739131,0.9909565217391304,0.9909565217391304,0.9909565217391304,0.9909565217391304,0.9909565217391304,0.9909565217391304
./instances/realistic-instances/10-25-1917698.cdop,WS./settings/Memetic-LS_MPX_1099666.config,10,25,0.8681519357195033,0.8681519357195033,0.8681519357195033,0.8681519357195033,0.8681519357195033,0.868882395909423,0.8714390065741418,0.8714390065741418,0.8834915997078159,0.8904309715120526,0.9163623082542002,0.9163623082542002,0.9181884587289992,0.9181884587289992
./instances/realistic-instances/5-10-1891798.cdop,WS./settings/Memetic-LS_MPX_1099666.config,5,10,0.9279464745239321,0.9279464745239321,0.9279464745239321,0.9279464745239321,0.9485331960885229,0.9547092125579002,0.9547092125579002,0.9547092125579002,0.9768399382398353,0.9768399382398353,0.9814719505918682,0.9814719505918682,0.9814719505918682,0.9814719505918682
./instances/realistic-instances/15-10-1891798.cdop,WS./settings/Memetic-LS_MMX_1881515.config,15,10,0.8501228501228502,0.8501228501228502,0.8506142506142507,0.8781326781326781,0.8820638820638821,0.8938574938574939,0.9159705159705159,0.9159705159705159,0.9159705159705159,0.9464373464373464,0.9464373464373464,0.9464373464373464,0.9651105651105651,0.9651105651105651
./instances/realistic-instances/15-10-1917698.cdop,WS./settings/Memetic-LS_MPX_1099666.config,15,10,0.7829833064081853,0.7829833064081853,0.7829833064081853,0.7829833064081853,0.7829833064081853,0.7829833064081853,0.7829833064081853,0.8163704900376952,0.8325255788906839,0.8325255788906839,0.8325255788906839,0.8395261173936457,0.8529886914378029,0.8529886914378029
./instances/realistic-instances/20-25-1110588.cdop,WS./settings/Memetic_MPX_1881515.config,20,25,0.7632933104631218,0.7632933104631218,0.7920240137221269,0.7920240137221269,0.7920240137221269,0.7920240137221269,0.7920240137221269,0.7971698113207547,0.7971698113207547,0.8186106346483705,0.8186106346483705,0.8186106346483705,0.8361921097770154,0.8361921097770154
./instances/realistic-instances/15-25-1762875.cdop,WS./settings/Memetic_MPX_1099666.config,15,25,0.88745055735347,0.88745055735347,0.88745055735347,0.88745055735347,0.88745055735347,0.9032722042430781,0.9032722042430781,0.9137001078748651,0.9313196691837469,0.9334771664868752,0.9334771664868752,0.9597267170082704,0.9597267170082704,0.9597267170082704
./instances/realistic-instances/5-10-1891798.cdop,WS./settings/Memetic-LS_MMX_1287823.config,5,10,0.9279464745239321,0.9279464745239321,0.9279464745239321,0.9279464745239321,0.9480185280494081,0.9562532166752444,0.9727225939269172,0.9732372619660319,0.9732372619660319,0.9732372619660319,0.9732372619660319,0.9835306227483274,0.9835306227483274,0.9835306227483274
./instances/realistic-instances/20-10-1767920.cdop,WS./settings/Memetic_MPX_1881515.config,20,10,0.8406355320173327,0.8406355320173327,0.8406355320173327,0.8406355320173327,0.8406355320173327,0.8406355320173327,0.8406355320173327,0.8435243139142995,0.8791526239768898,0.8878189696677901,0.8878189696677901,0.8955223880597015,0.8955223880597015,0.8955223880597015
./instances/realistic-instances/15-10-1891798.cdop,WS./settings/Memetic_MPX_1881515.config,15,10,0.8221130221130221,0.8378378378378378,0.8378378378378378,0.8378378378378378,0.8378378378378378,0.8378378378378378,0.8378378378378378,0.8628992628992629,0.8820638820638821,0.8958230958230958,0.8958230958230958,0.8958230958230958,0.8958230958230958,0.8958230958230958
./instances/realistic-instances/15-25-1110588.cdop,WS./settings/Memetic_MPX_1881515.config,15,25,0.8856112749918059,0.8856112749918059,0.8915109800065553,0.8915109800065553,0.901343821697804,0.901343821697804,0.901343821697804,0.9101933792199279,0.9118321861684694,0.9118321861684694,0.9118321861684694,0.9141265158964273,0.9406751884627991,0.9406751884627991
./instances/realistic-instances/5-25-1110588.cdop,WS./settings/Memetic_MPX_1881515.config,5,25,0.9315393747526711,0.9501385041551247,0.9651760981400871,0.9651760981400871,0.9699248120300752,0.9825880490700435,0.9825880490700435,0.9825880490700435,0.9873367629600317,0.9873367629600317,0.9873367629600317,0.9873367629600317,0.9873367629600317,0.9873367629600317
./instances/realistic-instances/25-10-1767920.cdop,WS./settings/Memetic-LS_MMX_1881515.config,25,10,0.8257887517146777,0.8257887517146777,0.8303612254229538,0.8303612254229538,0.8303612254229538,0.8303612254229538,0.8532235939643347,0.8532235939643347,0.8532235939643347,0.8925468678555099,0.9181527206218564,0.9259259259259259,0.934156378600823,0.934156378600823
./instances/realistic-instances/10-40-1891798.cdop,WS./settings/Memetic_MPX_1099666.config,10,40,0.9026884862653419,0.9374634716540035,0.9374634716540035,0.9389246054938633,0.9465225014611338,0.9488603156049094,0.9488603156049094,0.9488603156049094,0.9497369959088252,0.9497369959088252,0.9497369959088252,0.9497369959088252,0.9497369959088252,0.9497369959088252
./instances/realistic-instances/10-40-1767920.cdop,WS./settings/Memetic-LS_MPX_1099666.config,10,40,0.7869034406215316,0.7869034406215316,0.7869034406215316,0.7869034406215316,0.7869034406215316,0.7869034406215316,0.7869034406215316,0.7869034406215316,0.7869034406215316,0.7869034406215316,0.7869034406215316,0.7869034406215316,0.8529411764705882,0.8529411764705882
./instances/realistic-instances/5-25-1110588.cdop,WS./settings/Memetic_MPX_1099666.config,5,25,0.9651760981400871,0.9651760981400871,0.9651760981400871,0.9730906212900673,0.9754649782350613,0.9845666798575385,0.9845666798575385,0.9845666798575385,0.9845666798575385,0.9857538583300356,0.9857538583300356,0.9865453106450336,0.9893153937475268,0.9893153937475268
./instances/realistic-instances/5-40-1767920.cdop,WS./settings/Memetic_MMX_1287823.config,5,40,0.9271875,0.9278125,0.9396875,0.9740625,0.9740625,0.995,0.995,0.995,0.995,0.995,0.995,0.995,0.995625,0.995625
./instances/realistic-instances/5-25-1762875.cdop,WS./settings/Memetic_MMX_1099666.config,5,25,0.9297583081570997,0.9297583081570997,0.949773413897281,0.949773413897281,0.9656344410876133,0.9663897280966768,0.974320241691843,0.9818731117824774,0.9818731117824774,0.9818731117824774,0.9818731117824774,0.9901812688821753,0.9901812688821753,0.9901812688821753
./instances/realistic-instances/25-10-1110588.cdop,WS./settings/Memetic-LS_MPX_1881515.config,25,10,0.6900282220131703,0.7116650987770461,0.7116650987770461,0.7116650987770461,0.7116650987770461,0.7116650987770461,0.7116650987770461,0.7116650987770461,0.7116650987770461,0.7116650987770461,0.7116650987770461,0.7116650987770461,0.7116650987770461,0.7116650987770461
./instances/realistic-instances/5-25-1917698.cdop,WS./settings/Memetic_MPX_1099666.config,5,25,0.9560478199718706,0.9620253164556962,0.9620253164556962,0.9620253164556962,0.9620253164556962,0.9648382559774965,0.9729254571026723,0.9729254571026723,0.9827707454289732,0.9827707454289732,0.9827707454289732,0.9827707454289732,0.989451476793249,0.989451476793249
./instances/realistic-instances/10-25-1762875.cdop,WS./settings/Memetic_MMX_1881515.config,10,25,0.9398099260823654,0.9489616332277367,0.9658570925730376,0.9658570925730376,0.9679690249912003,0.971840901091165,0.9788806758183738,0.9897923266455474,0.9897923266455474,0.9897923266455474,0.9897923266455474,1.0,1.0,1.0
./instances/realistic-instances/20-10-1110588.cdop,WS./settings/Memetic-LS_MPX_1881515.config,20,10,0.7147162230035158,0.7147162230035158,0.7147162230035158,0.7147162230035158,0.7147162230035158,0.7147162230035158,0.7147162230035158,0.7594173782019086,0.7910597689603215,0.8041185334003014,0.8096433952787544,0.8096433952787544,0.8337518834756403,0.8337518834756403
./instances/realistic-instances/20-25-1917698.cdop,WS./settings/Memetic-LS_MPX_1287823.config,20,25,0.8276743336984301,0.8276743336984301,0.8276743336984301,0.8276743336984301,0.8276743336984301,0.8276743336984301,0.8276743336984301,0.8276743336984301,0.8276743336984301,0.8276743336984301,0.8276743336984301,0.8276743336984301,0.8276743336984301,0.8276743336984301
./instances/realistic-instances/20-25-1767920.cdop,WS./settings/Memetic_MMX_1099666.config,20,25,0.9547445255474453,0.9547445255474453,0.9627737226277372,0.9627737226277372,0.9642335766423358,0.9686131386861314,0.9781021897810219,0.9781021897810219,0.9781021897810219,0.9788321167883212,0.9916058394160584,0.9927007299270073,0.9927007299270073,0.9927007299270073
./instances/realistic-instances/5-10-1917698.cdop,WS./settings/Memetic_MMX_1881515.config,5,10,0.9863163656267104,0.9863163656267104,0.9939792008757526,0.9939792008757526,0.9939792008757526,0.9939792008757526,0.9939792008757526,0.9939792008757526,0.9994526546250684,0.9994526546250684,1.0,1.0,1.0,1.0
./instances/realistic-instances/15-10-1891798.cdop,WS./settings/Memetic_MMX_1287823.config,15,10,0.9552825552825552,0.9685503685503686,0.9778869778869779,0.9896805896805897,0.9896805896805897,0.9896805896805897,0.9896805896805897,0.9916461916461916,0.9916461916461916,0.9916461916461916,0.9916461916461916,0.9916461916461916,0.9970515970515971,0.9970515970515971
./instances/realistic-instances/15-25-1891798.cdop,WS./settings/Memetic_MMX_1099666.config,15,25,0.960077519379845,0.9616279069767442,0.9689922480620154,0.9689922480620154,0.9709302325581395,0.9709302325581395,0.9748062015503876,0.9810077519379845,0.9941860465116279,0.9941860465116279,0.9961240310077519,0.998062015503876,0.9984496124031008,0.9984496124031008
./instances/realistic-instances/5-40-1917698.cdop,WS./settings/Memetic-LS_MMX_1099666.config,5,40,0.8604968604968605,0.8604968604968605,0.8604968604968605,0.8604968604968605,0.8604968604968605,0.868959868959869,0.8714168714168714,0.8913458913458914,0.892983892983893,0.8957138957138957,0.8957138957138957,0.9036309036309036,0.9309309309309309,0.9309309309309309
./instances/realistic-instances/15-25-1110588.cdop,WS./settings/Memetic_MMX_1881515.config,15,25,0.9469026548672567,0.9528023598820059,0.9564077351687971,0.9564077351687971,0.9698459521468371,0.9698459521468371,0.976401179941003,0.9783677482792527,0.9806620780072107,0.9806620780072107,0.9872173058013766,0.9918059652572927,0.9918059652572927,0.9918059652572927
./instances/realistic-instances/10-25-1762875.cdop,WS./settings/Memetic_MPX_1287823.config,10,25,0.8680042238648363,0.8993312214009151,0.9105948609644492,0.9239704329461457,0.9239704329461457,0.9239704329461457,0.9239704329461457,0.9436818021823302,0.9436818021823302,0.947553678282295,0.9686730024639212,0.9686730024639212,0.9686730024639212,0.9686730024639212
./instances/realistic-instances/15-25-1891798.cdop,WS./settings/Memetic-LS_MPX_1099666.config,15,25,0.7786821705426357,0.7786821705426357,0.7786821705426357,0.7786821705426357,0.7786821705426357,0.7786821705426357,0.7786821705426357,0.7786821705426357,0.7786821705426357,0.7790697674418605,0.7790697674418605,0.7790697674418605,0.7833333333333333,0.7833333333333333
./instances/realistic-instances/25-25-1767920.cdop,WS./settings/Memetic-LS_MMX_1287823.config,25,25,0.7475800446760983,0.7509307520476545,0.7509307520476545,0.7661950856291884,0.8131049888309755,0.815711094564408,0.840282948622487,0.8663440059568132,0.8663440059568132,0.8663440059568132,0.8734177215189873,0.8830975428145942,0.9166046165301563,0.9166046165301563
./instances/realistic-instances/15-10-1762875.cdop,WS./settings/Memetic-LS_MPX_1099666.config,15,10,0.8329238329238329,0.8329238329238329,0.8329238329238329,0.8329238329238329,0.8329238329238329,0.8329238329238329,0.8329238329238329,0.8329238329238329,0.8427518427518428,0.8427518427518428,0.8427518427518428,0.8506142506142507,0.857002457002457,0.857002457002457
./instances/realistic-instances/15-40-1891798.cdop,WS./settings/Memetic-LS_MPX_1881515.config,15,40,0.7521989687594783,0.7521989687594783,0.7521989687594783,0.7521989687594783,0.7521989687594783,0.7521989687594783,0.7521989687594783,0.7521989687594783,0.7521989687594783,0.7521989687594783,0.7521989687594783,0.7521989687594783,0.7521989687594783,0.7521989687594783
./instances/realistic-instances/5-40-1891798.cdop,WS./settings/Memetic_MPX_1099666.config,5,40,0.9034123770965876,0.9042799305957201,0.9456333140543667,0.9456333140543667,0.9456333140543667,0.9554655870445344,0.9681897050318103,0.9713707345286293,0.9713707345286293,0.9713707345286293,0.9713707345286293,0.9713707345286293,0.9713707345286293,0.9713707345286293
./instances/realistic-instances/5-40-1110588.cdop,WS./settings/Memetic-LS_MPX_1881515.config,5,40,0.8300747556066705,0.8300747556066705,0.8300747556066705,0.8300747556066705,0.8300747556066705,0.8300747556066705,0.8300747556066705,0.8300747556066705,0.8300747556066705,0.8300747556066705,0.8300747556066705,0.8881541115583669,0.9100057504312824,0.9100057504312824
./instances/realistic-instances/5-10-1767920.cdop,WS./settings/Memetic_MMX_1881515.config,5,10,0.9896907216494846,0.9896907216494846,0.9896907216494846,0.9896907216494846,0.9896907216494846,0.9896907216494846,1.0,1.0,1.0,1.0,1.0,1.0,1.0,1.0
./instances/realistic-instances/10-10-1891798.cdop,WS./settings/Memetic_MMX_1099666.config,10,10,0.985494106980961,0.985494106980961,0.985494106980961,0.9936536718041704,0.9972801450589301,0.9972801450589301,0.9972801450589301,0.9972801450589301,1.0,1.0,1.0,1.0,1.0,1.0
./instances/realistic-instances/5-25-1762875.cdop,WS./settings/Memetic-LS_MPX_1287823.config,5,25,0.8323262839879154,0.8323262839879154,0.8323262839879154,0.8323262839879154,0.8323262839879154,0.8323262839879154,0.8323262839879154,0.8323262839879154,0.8323262839879154,0.8580060422960725,0.8697129909365559,0.8893504531722054,0.8946374622356495,0.8946374622356495
./instances/realistic-instances/10-40-1110588.cdop,WS./settings/Memetic-LS_MPX_1881515.config,10,40,0.8142857142857143,0.8142857142857143,0.8142857142857143,0.8142857142857143,0.8142857142857143,0.8142857142857143,0.8142857142857143,0.8142857142857143,0.8142857142857143,0.8142857142857143,0.8142857142857143,0.8142857142857143,0.8142857142857143,0.8142857142857143
./instances/realistic-instances/5-10-1762875.cdop,WS./settings/Memetic-LS_MPX_1881515.config,5,10,0.9110413396127682,0.9110413396127682,0.9110413396127682,0.9110413396127682,0.9110413396127682,0.9110413396127682,0.9110413396127682,0.9497645211930926,0.9497645211930926,0.9497645211930926,0.9497645211930926,0.9497645211930926,0.9717425431711146,0.9717425431711146
./instances/realistic-instances/25-25-1762875.cdop,WS./settings/Memetic_MPX_1099666.config,25,25,0.8276588276588277,0.8455598455598455,0.8455598455598455,0.8455598455598455,0.8455598455598455,0.8455598455598455,0.8455598455598455,0.8455598455598455,0.8455598455598455,0.8459108459108459,0.8595998595998596,0.8595998595998596,0.8595998595998596,0.8595998595998596
./instances/realistic-instances/15-10-1762875.cdop,WS./settings/Memetic_MMX_1881515.config,15,10,0.9749385749385749,0.9778869778869779,0.9778869778869779,0.9803439803439803,0.9828009828009828,0.9828009828009828,0.9837837837837838,0.9837837837837838,1.0,1.0,1.0,1.0,1.0,1.0
./instances/realistic-instances/5-25-1917698.cdop,WS./settings/Memetic_MPX_1287823.config,5,25,0.9578059071729957,0.9578059071729957,0.9578059071729957,0.9585091420534458,0.9585091420534458,0.9880450070323488,0.9901547116736991,0.9922644163150492,0.9922644163150492,0.9922644163150492,0.9922644163150492,0.9922644163150492,0.9922644163150492,0.9922644163150492
./instances/realistic-instances/15-25-1767920.cdop,WS./settings/Memetic-LS_MPX_1287823.config,15,25,0.7908037908037908,0.7908037908037908,0.7908037908037908,0.7908037908037908,0.7908037908037908,0.7908037908037908,0.7908037908037908,0.7908037908037908,0.7908037908037908,0.7908037908037908,0.7908037908037908,0.7908037908037908,0.7908037908037908,0.7908037908037908
./instances/realistic-instances/5-40-1767920.cdop,WS./settings/Memetic-LS_MPX_1099666.config,5,40,0.8284375,0.8284375,0.8284375,0.8284375,0.8340625,0.8365625,0.8571875,0.8703125,0.896875,0.9128125,0.9153125,0.9178125,0.9178125,0.9178125
./instances/realistic-instances/20-25-1891798.cdop,WS./settings/Memetic_MMX_1099666.config,20,25,0.9149825783972125,0.9149825783972125,0.9456445993031359,0.9484320557491289,0.9508710801393728,0.9735191637630662,0.9804878048780488,0.9829268292682927,0.9912891986062717,0.9912891986062717,0.9912891986062717,0.9912891986062717,0.9912891986062717,0.9912891986062717
./instances/realistic-instances/10-10-1762875.cdop,WS./settings/Memetic-LS_MPX_1287823.config,10,10,0.8775023832221163,0.8775023832221163,0.8775023832221163,0.8775023832221163,0.8846520495710201,0.9061010486177312,0.9199237368922784,0.9199237368922784,0.9213536701620592,0.9571020019065777,0.9694947569113441,0.9694947569113441,0.9761677788369876,0.9761677788369876
./instances/realistic-instances/10-25-1917698.cdop,WS./settings/Memetic_MPX_1099666.config,10,25,0.9108838568298028,0.9116143170197224,0.9313367421475529,0.9313367421475529,0.9313367421475529,0.9470416362308254,0.9470416362308254,0.9532505478451424,0.9554419284149014,0.9587289992695398,0.9587289992695398,0.9594594594594594,0.9594594594594594,0.9594594594594594
./instances/realistic-instances/10-40-1110588.cdop,WS./settings/Memetic_MMX_1099666.config,10,40,0.9154761904761904,0.9431547619047619,0.9431547619047619,0.9544642857142858,0.9544642857142858,0.955654761904762,0.9672619047619048,0.9720238095238095,0.9848214285714286,0.9857142857142858,0.9916666666666667,0.9955357142857143,0.9976190476190476,0.9976190476190476
./instances/realistic-instances/10-25-1891798.cdop,WS./settings/Memetic-LS_MPX_1881515.config,10,25,0.8446846846846847,0.8446846846846847,0.8446846846846847,0.8446846846846847,0.8446846846846847,0.8446846846846847,0.8446846846846847,0.8446846846846847,0.8446846846846847,0.8446846846846847,0.8446846846846847,0.8446846846846847,0.8446846846846847,0.8446846846846847
./instances/realistic-instances/5-25-1891798.cdop,WS./settings/Memetic_MMX_1881515.config,5,25,0.943304347826087,0.9666086956521739,0.9860869565217392,0.9860869565217392,0.9860869565217392,0.9860869565217392,0.9860869565217392,0.9867826086956522,0.9867826086956522,0.9867826086956522,0.9906086956521739,0.9906086956521739,0.9906086956521739,0.9906086956521739
./instances/realistic-instances/10-10-1917698.cdop,WS./settings/Memetic-LS_MMX_1287823.config,10,10,0.8485309017223911,0.8637284701114488,0.9042553191489362,0.9042553191489362,0.9042553191489362,0.9042553191489362,0.9341438703140831,0.9341438703140831,0.9341438703140831,0.9341438703140831,0.9478216818642351,0.9701114488348531,0.9701114488348531,0.9701114488348531
./instances/realistic-instances/10-10-1762875.cdop,WS./settings/Memetic_MPX_1881515.config,10,10,0.9413727359389895,0.9413727359389895,0.9413727359389895,0.9413727359389895,0.9413727359389895,0.9447092469018112,0.9680648236415634,0.9680648236415634,0.9680648236415634,0.9747378455672069,0.9775977121067684,0.9775977121067684,0.9775977121067684,0.9775977121067684
./instances/realistic-instances/15-40-1762875.cdop,WS./settings/Memetic-LS_MPX_1881515.config,15,40,0.7972458247875769,0.7972458247875769,0.7972458247875769,0.7972458247875769,0.7972458247875769,0.7972458247875769,0.7972458247875769,0.7972458247875769,0.7972458247875769,0.7972458247875769,0.7972458247875769,0.8268385584529739,0.8429534134192792,0.8429534134192792
./instances/realistic-instances/25-25-1767920.cdop,WS./settings/Memetic-LS_MMX_1881515.config,25,25,0.7475800446760983,0.7475800446760983,0.7509307520476545,0.7509307520476545,0.7714072970960536,0.7714072970960536,0.8097542814594192,0.8317200297840656,0.8518242740134029,0.8775130305286671,0.9043186895011169,0.9043186895011169,0.9180938198064036,0.9180938198064036
./instances/realistic-instances/15-40-1762875.cdop,WS./settings/Memetic-LS_MPX_1287823.config,15,40,0.7972458247875769,0.7972458247875769,0.7972458247875769,0.7972458247875769,0.7972458247875769,0.7972458247875769,0.7972458247875769,0.7972458247875769,0.7984178142396718,0.7984178142396718,0.7990038089657193,0.8230295927336654,0.8535013184881336,0.8535013184881336
./instances/realistic-instances/20-10-1891798.cdop,WS./settings/Memetic_MMX_1287823.config,20,10,0.9580731489741302,0.9714540588760036,0.9714540588760036,0.9714540588760036,0.9776984834968778,0.9776984834968778,0.9866190900981266,0.9870651204281892,0.9888492417484389,0.9888492417484389,0.9897413024085637,0.9897413024085637,0.9897413024085637,0.9897413024085637
./instances/realistic-instances/20-10-1762875.cdop,WS./settings/Memetic_MMX_1287823.config,20,10,0.9119070667957405,0.9491771539206195,0.9491771539206195,0.952565343659245,0.9564375605033882,0.9564375605033882,0.9704743465634076,1.0,1.0,1.0,1.0,1.0,1.0,1.0
./instances/realistic-instances/10-40-1917698.cdop,WS./settings/Memetic_MPX_1287823.config,10,40,0.8309232480533927,0.882091212458287,0.8954393770856507,0.9090656284760845,0.9090656284760845,0.9232480533926585,0.9235261401557285,0.9343715239154616,0.9346496106785317,0.9443826473859844,0.9460511679644049,0.9460511679644049,0.9460511679644049,0.9460511679644049
./instances/realistic-instances/25-25-1762875.cdop,WS./settings/Memetic-LS_MPX_1287823.config,25,25,0.8002808002808003,0.8002808002808003,0.8002808002808003,0.8002808002808003,0.8002808002808003,0.8002808002808003,0.8002808002808003,0.8002808002808003,0.8002808002808003,0.8002808002808003,0.8002808002808003,0.8002808002808003,0.8002808002808003,0.8002808002808003
./instances/realistic-instances/15-40-1891798.cdop,WS./settings/Memetic_MPX_1287823.config,15,40,0.8495602062481044,0.8495602062481044,0.8495602062481044,0.8692750985744616,0.8847437063997573,0.9011222323324234,0.9017288444040037,0.9023354564755839,0.905368516833485,0.9102214134061268,0.9102214134061268,0.9102214134061268,0.9102214134061268,0.9102214134061268
./instances/realistic-instances/5-40-1891798.cdop,WS./settings/Memetic-LS_MMX_1099666.config,5,40,0.7582417582417582,0.763447079236553,0.763447079236553,0.763447079236553,0.7663389242336611,0.8036437246963563,0.8163678426836322,0.8224407171775593,0.8250433776749566,0.8331405436668594,0.8640832851359167,0.8695777906304222,0.8895315211104685,0.8895315211104685
./instances/realistic-instances/10-40-1917698.cdop,WS./settings/Memetic-LS_MMX_1881515.config,10,40,0.8309232480533927,0.8309232480533927,0.8309232480533927,0.8309232480533927,0.8309232480533927,0.8309232480533927,0.8362068965517241,0.8362068965517241,0.8423248053392659,0.85734149054505,0.8704115684093437,0.8754171301446051,0.9104560622914349,0.9104560622914349
./instances/realistic-instances/20-25-1891798.cdop,WS./settings/Memetic_MMX_1881515.config,20,25,0.9414634146341463,0.9418118466898955,0.9533101045296167,0.9710801393728223,0.9710801393728223,0.9763066202090592,0.98397212543554,0.98397212543554,0.9933797909407666,0.9933797909407666,0.9933797909407666,0.9933797909407666,0.9933797909407666,0.9933797909407666
./instances/realistic-instances/5-25-1891798.cdop,WS./settings/Memetic_MMX_1099666.config,5,25,0.9606956521739131,0.9606956521739131,0.9620869565217391,0.9746086956521739,0.976,0.9791304347826087,0.9812173913043478,0.9812173913043478,0.9878260869565217,0.9878260869565217,0.9878260869565217,0.9878260869565217,0.9878260869565217,0.9878260869565217
./instances/realistic-instances/15-40-1917698.cdop,WS./settings/Memetic_MPX_1099666.config,15,40,0.8007301490721023,0.8040766656525707,0.8469729236385762,0.8594463036203225,0.8898691816245817,0.8898691816245817,0.8898691816245817,0.891086096744752,0.9038637055065409,0.914207484027989,0.9151201703681168,0.9151201703681168,0.9202920596288409,0.9202920596288409
./instances/realistic-instances/15-40-1891798.cdop,WS./settings/Memetic_MMX_1881515.config,15,40,0.9426751592356688,0.9596602972399151,0.9596602972399151,0.9596602972399151,0.9596602972399151,0.9596602972399151,0.9769487412799515,0.9948437973915681,0.9948437973915681,1.0,1.0,1.0,1.0,1.0
./instances/realistic-instances/15-25-1891798.cdop,WS./settings/Memetic-LS_MMX_1881515.config,15,25,0.7786821705426357,0.8050387596899224,0.8205426356589147,0.8205426356589147,0.8205426356589147,0.8244186046511628,0.8496124031007752,0.8523255813953489,0.8631782945736434,0.8728682170542635,0.8810077519379845,0.8864341085271318,0.8864341085271318,0.8864341085271318
./instances/realistic-instances/20-25-1767920.cdop,WS./settings/Memetic-LS_MMX_1287823.config,20,25,0.7992700729927007,0.7992700729927007,0.8153284671532847,0.8335766423357664,0.8343065693430657,0.8448905109489051,0.8635036496350365,0.8897810218978102,0.9083941605839416,0.9175182481751825,0.918978102189781,0.9237226277372262,0.9237226277372262,0.9237226277372262
./instances/realistic-instances/5-10-1767920.cdop,WS./settings/Memetic_MPX_1099666.config,5,10,0.9621993127147767,0.9621993127147767,0.9621993127147767,0.9621993127147767,0.9696449026345934,0.9902634593356243,0.9902634593356243,0.9902634593356243,0.9902634593356243,0.9902634593356243,0.9902634593356243,0.9914089347079038,0.9914089347079038,0.9914089347079038
./instances/realistic-instances/10-10-1762875.cdop,WS./settings/Memetic_MPX_1099666.config,10,10,0.9356530028598665,0.9518589132507149,0.9551954242135366,0.9580552907530981,0.9580552907530981,0.9580552907530981,0.9590085795996187,0.9704480457578646,0.9704480457578646,0.9728312678741659,0.9775977121067684,0.9795042897998093,0.9795042897998093,0.9795042897998093
./instances/realistic-instances/10-25-1891798.cdop,WS./settings/Memetic_MPX_1287823.config,10,25,0.8745945945945945,0.8918918918918919,0.8918918918918919,0.8936936936936937,0.9084684684684685,0.9084684684684685,0.9135135135135135,0.9261261261261261,0.9383783783783783,0.9441441441441442,0.9441441441441442,0.9441441441441442,0.9441441441441442,0.9441441441441442
./instances/realistic-instances/10-40-1917698.cdop,WS./settings/Memetic-LS_MPX_1881515.config,10,40,0.8309232480533927,0.8309232480533927,0.8309232480533927,0.8309232480533927,0.8309232480533927,0.8317575083426029,0.8317575083426029,0.8317575083426029,0.8439933259176863,0.8439933259176863,0.8439933259176863,0.8484427141268076,0.8578976640711902,0.8578976640711902
./instances/realistic-instances/25-25-1762875.cdop,WS./settings/Memetic_MPX_1881515.config,25,25,0.8002808002808003,0.8002808002808003,0.8301158301158301,0.8301158301158301,0.8301158301158301,0.8322218322218322,0.8322218322218322,0.8322218322218322,0.8434538434538434,0.8778518778518779,0.8841698841698842,0.8841698841698842,0.8841698841698842,0.8841698841698842
./instances/realistic-instances/5-10-1762875.cdop,WS./settings/Memetic_MMX_1287823.config,5,10,0.9848246991104134,0.989534275248561,0.989534275248561,0.989534275248561,0.989534275248561,0.9926739926739927,0.9926739926739927,0.9926739926739927,0.9947671376242805,0.9963369963369964,0.9994767137624281,0.9994767137624281,0.9994767137624281,0.9994767137624281
./instances/realistic-instances/20-10-1110588.cdop,WS./settings/Memetic_MMX_1881515.config,20,10,0.9437468608739327,0.9477649422400803,0.9477649422400803,0.9563033651431442,0.9789050728277248,0.9804118533400301,0.9924660974384731,0.9959819186338523,0.9959819186338523,0.9959819186338523,0.9959819186338523,0.9959819186338523,0.9959819186338523,0.9959819186338523
./instances/realistic-instances/25-25-1110588.cdop,WS./settings/Memetic-LS_MMX_1881515.config,25,25,0.7912638739706409,0.7980665950590763,0.8231292517006803,0.8259935553168636,0.8385248836376656,0.8682420336555675,0.8721804511278195,0.8728965270318654,0.8943788041532402,0.8968850698174007,0.8968850698174007,0.9001074113856069,0.9316147511636234,0.9316147511636234
./instances/realistic-instances/10-25-1762875.cdop,WS./settings/Memetic-LS_MMX_1099666.config,10,25,0.8342133051742344,0.8342133051742344,0.8342133051742344,0.8377331925378388,0.8377331925378388,0.8377331925378388,0.8514607532558958,0.8841957057374163,0.9134107708553326,0.9260823653643083,0.9278423090461105,0.9355860612460402,0.9398099260823654,0.9398099260823654
./instances/realistic-instances/5-25-1891798.cdop,WS./settings/Memetic-LS_MPX_1881515.config,5,25,0.8758260869565218,0.8758260869565218,0.8758260869565218,0.8758260869565218,0.8758260869565218,0.8758260869565218,0.8758260869565218,0.8758260869565218,0.8758260869565218,0.8758260869565218,0.8758260869565218,0.9078260869565218,0.936,0.936
./instances/realistic-instances/15-25-1762875.cdop,WS./settings/Memetic_MPX_1287823.config,15,25,0.864796835670622,0.864796835670622,0.8885293060050342,0.8971592952175477,0.8971592952175477,0.8971592952175477,0.8971592952175477,0.9288025889967637,0.9359942466738583,0.9403092412801151,0.9543329737504495,0.9543329737504495,0.9626033800791083,0.9626033800791083
./instances/realistic-instances/5-25-1767920.cdop,WS./settings/Memetic-LS_MPX_1099666.config,5,25,0.8185171523423092,0.8185171523423092,0.8185171523423092,0.8185171523423092,0.8185171523423092,0.8185171523423092,0.8233124308373294,0.83327185540391,0.83327185540391,0.848764293618591,0.848764293618591,0.9007746219107341,0.9007746219107341,0.9007746219107341
./instances/realistic-instances/15-40-1762875.cdop,WS./settings/Memetic_MMX_1099666.config,15,40,0.9147377673600937,0.9182537357163786,0.9197187225314972,0.9654263111631995,0.9665983006152945,0.9665983006152945,0.9665983006152945,0.9724582478757691,0.9797831819513625,0.9789041898622912,0.9789041898622912,0.9835921476706709,0.9847641371227659,0.9847641371227659
./instances/realistic-instances/5-10-1762875.cdop,WS./settings/Memetic-LS_MMX_1099666.config,5,10,0.9110413396127682,0.9366823652537938,0.9366823652537938,0.9366823652537938,0.9607535321821036,0.9654631083202512,0.9706959706959707,0.9706959706959707,0.9811616954474097,0.9811616954474097,0.9811616954474097,0.9905808477237049,0.9905808477237049,0.9905808477237049
./instances/realistic-instances/10-10-1110588.cdop,WS./settings/Memetic-LS_MPX_1099666.config,10,10,0.8615467820443483,0.8777717685235262,0.8777717685235262,0.8842617631151974,0.895619253650622,0.895619253650622,0.895619253650622,0.895619253650622,0.8994050838290968,0.8994050838290968,0.8999459167117361,0.8999459167117361,0.9134667387777177,0.9134667387777177
./instances/realistic-instances/15-10-1767920.cdop,WS./settings/Memetic-LS_MPX_1287823.config,15,10,0.8810728744939271,0.8876518218623481,0.8876518218623481,0.8876518218623481,0.8876518218623481,0.8876518218623481,0.8876518218623481,0.8876518218623481,0.8876518218623481,0.8972672064777328,0.8972672064777328,0.930161943319838,0.9559716599190283,0.9559716599190283
./instances/realistic-instances/5-40-1891798.cdop,WS./settings/Memetic_MMX_1881515.config,5,40,0.9178716020821284,0.9224985540775015,0.9355118565644881,0.9626951995373048,0.9626951995373048,0.9626951995373048,0.9725274725274725,0.9768652400231348,0.9832272990167727,0.9838056680161943,0.9838056680161943,0.9884326200115674,0.9884326200115674,0.9884326200115674
./instances/realistic-instances/15-10-1110588.cdop,WS./settings/Memetic_MMX_1287823.config,15,10,0.971,0.983,0.983,0.983,0.983,0.983,0.983,0.986,0.992,0.992,0.992,0.9955,1.0,1.0
./instances/realistic-instances/20-10-1767920.cdop,WS./settings/Memetic_MMX_1881515.config,20,10,0.9489648531535869,0.9489648531535869,0.9585941261434762,0.9585941261434762,0.9585941261434762,0.9585941261434762,0.9682233991333654,0.9696677900818488,0.9908521906596052,0.999037072701011,1.0,1.0,1.0,1.0
./instances/realistic-instances/5-25-1762875.cdop,WS./settings/Memetic_MPX_1099666.config,5,25,0.8987915407854985,0.9029456193353474,0.9229607250755287,0.9618580060422961,0.9618580060422961,0.9618580060422961,0.956570996978852,0.9577039274924471,0.9697885196374623,0.9697885196374623,0.9705438066465257,0.9750755287009063,0.9709214501510574,0.9709214501510574
./instances/realistic-instances/10-10-1767920.cdop,WS./settings/Memetic_MMX_1099666.config,10,10,0.9584026622296173,0.963948973932335,0.9656128674431503,0.9794786466999446,0.985579589572934,0.9894620077648364,0.9894620077648364,0.9894620077648364,0.9894620077648364,0.9894620077648364,0.9894620077648364,0.9955629506378258,0.9955629506378258,0.9955629506378258
./instances/realistic-instances/20-10-1762875.cdop,WS./settings/Memetic-LS_MMX_1287823.config,20,10,0.7671829622458858,0.7909002904162633,0.7942884801548886,0.8368828654404646,0.8455953533397871,0.856727976766699,0.882865440464666,0.882865440464666,0.8978702807357212,0.8978702807357212,0.9075508228460794,0.9075508228460794,0.9075508228460794,0.9075508228460794
./instances/realistic-instances/25-10-1891798.cdop,WS./settings/Memetic_MPX_1881515.config,25,10,0.7531512605042017,0.7584033613445378,0.7584033613445378,0.7584033613445378,0.7584033613445378,0.7757352941176471,0.7757352941176471,0.8314075630252101,0.8314075630252101,0.8314075630252101,0.8314075630252101,0.8314075630252101,0.8314075630252101,0.8314075630252101
./instances/realistic-instances/15-40-1767920.cdop,WS./settings/Memetic-LS_MMX_1287823.config,15,40,0.7983820784069695,0.7983820784069695,0.8030491599253267,0.8030491599253267,0.8030491599253267,0.8316739265712508,0.8316739265712508,0.8316739265712508,0.8316739265712508,0.8478531425015557,0.857809583074051,0.881144990665837,0.8892345986309894,0.8892345986309894
./instances/realistic-instances/5-40-1110588.cdop,WS./settings/Memetic-LS_MMX_1287823.config,5,40,0.8300747556066705,0.8300747556066705,0.8300747556066705,0.8300747556066705,0.8300747556066705,0.8300747556066705,0.8300747556066705,0.8300747556066705,0.8300747556066705,0.8300747556066705,0.8671650373778034,0.8674525589419206,0.8674525589419206,0.8674525589419206
./instances/realistic-instances/10-25-1767920.cdop,WS./settings/Memetic_MPX_1099666.config,10,25,0.8928006329113924,0.9442246835443038,0.9442246835443038,0.9462025316455697,0.9462025316455697,0.9509493670886076,0.9509493670886076,0.9509493670886076,0.9509493670886076,0.9533227848101266,0.9620253164556962,0.9675632911392406,0.9675632911392406,0.9675632911392406
./instances/realistic-instances/5-25-1762875.cdop,WS./settings/Memetic-LS_MMX_1099666.config,5,25,0.8323262839879154,0.8406344410876133,0.8731117824773413,0.8912386706948641,0.9029456193353474,0.9063444108761329,0.9316465256797583,0.9316465256797583,0.9316465256797583,0.9459969788519638,0.9459969788519638,0.9459969788519638,0.9459969788519638,0.9459969788519638
./instances/realistic-instances/10-40-1917698.cdop,WS./settings/Memetic-LS_MPX_1287823.config,10,40,0.8309232480533927,0.8309232480533927,0.8309232480533927,0.8309232480533927,0.8309232480533927,0.8309232480533927,0.8309232480533927,0.8309232480533927,0.8309232480533927,0.8417686318131257,0.8520578420467185,0.8578976640711902,0.8809788654060067,0.8809788654060067
./instances/realistic-instances/20-25-1762875.cdop,WS./settings/Memetic-LS_MMX_1287823.config,20,25,0.7692886714339481,0.7692886714339481,0.7692886714339481,0.7809559653744825,0.7809559653744825,0.7813323296951449,0.8009032743695897,0.8009032743695897,0.8223560406473467,0.8701543093714715,0.8852088821979677,0.8852088821979677,0.8927361686112156,0.8927361686112156
./instances/realistic-instances/10-40-1767920.cdop,WS./settings/Memetic_MMX_1099666.config,10,40,0.9012208657047724,0.9597669256381798,0.9597669256381798,0.9597669256381798,0.9664261931187569,0.9664261931187569,0.9705882352941176,0.9705882352941176,0.9905660377358491,0.9905660377358491,0.9905660377358491,0.9905660377358491,0.9944506104328524,0.9944506104328524
./instances/realistic-instances/15-40-1762875.cdop,WS./settings/Memetic-LS_MMX_1099666.config,15,40,0.7972458247875769,0.7981248168766482,0.8010547905068854,0.8022267799589804,0.8022267799589804,0.8022267799589804,0.8022267799589804,0.8206856138294756,0.8350424846176384,0.8350424846176384,0.8830940521535307,0.9047758570172868,0.9185467330794023,0.9185467330794023
./instances/realistic-instances/15-25-1891798.cdop,WS./settings/Memetic-LS_MPX_1881515.config,15,25,0.7786821705426357,0.7786821705426357,0.7786821705426357,0.7786821705426357,0.7786821705426357,0.7786821705426357,0.7786821705426357,0.7786821705426357,0.7786821705426357,0.7786821705426357,0.7786821705426357,0.7786821705426357,0.7786821705426357,0.7786821705426357
./instances/realistic-instances/5-40-1762875.cdop,WS./settings/Memetic-LS_MPX_1287823.config,5,40,0.9071888412017167,0.9071888412017167,0.9071888412017167,0.9071888412017167,0.9071888412017167,0.9179184549356223,0.9179184549356223,0.9179184549356223,0.9179184549356223,0.9179184549356223,0.9179184549356223,0.9179184549356223,0.9179184549356223,0.9179184549356223
./instances/realistic-instances/20-25-1767920.cdop,WS./settings/Memetic_MPX_1881515.config,20,25,0.7992700729927007,0.8197080291970803,0.8197080291970803,0.8197080291970803,0.8208029197080292,0.8240875912408759,0.8448905109489051,0.8583941605839416,0.8824817518248175,0.9010948905109489,0.9094890510948905,0.9094890510948905,0.9094890510948905,0.9094890510948905
./instances/realistic-instances/20-25-1917698.cdop,WS./settings/Memetic-LS_MMX_1287823.config,20,25,0.8276743336984301,0.8276743336984301,0.8276743336984301,0.8375319459656809,0.8375319459656809,0.8375319459656809,0.8389923329682366,0.8455640744797371,0.8630887185104053,0.8893756845564075,0.8893756845564075,0.9028842643300474,0.9076305220883534,0.9076305220883534
./instances/realistic-instances/25-25-1767920.cdop,WS./settings/Memetic_MPX_1881515.config,25,25,0.7877885331347729,0.7877885331347729,0.7877885331347729,0.800819061801936,0.8112434847356664,0.8220402084884587,0.8358153387937454,0.8484735666418466,0.8555472822040209,0.8585256887565152,0.8585256887565152,0.8641102010424423,0.8641102010424423,0.8641102010424423
./instances/realistic-instances/25-10-1762875.cdop,WS./settings/Memetic_MMX_1099666.config,25,10,0.9301435406698565,0.945933014354067,0.945933014354067,0.945933014354067,0.945933014354067,0.9521531100478469,0.9521531100478469,0.9559808612440192,0.976555023923445,0.9942583732057416,0.9942583732057416,0.9942583732057416,0.9942583732057416,0.9942583732057416
./instances/realistic-instances/20-10-1762875.cdop,WS./settings/Memetic-LS_MMX_1881515.config,20,10,0.8030009680542111,0.8030009680542111,0.8030009680542111,0.8262342691190707,0.846079380445305,0.8572120038722169,0.8649564375605033,0.872216844143272,0.8872216844143272,0.9181994191674734,0.9181994191674734,0.9409486931268151,0.9409486931268151,0.9409486931268151
./instances/realistic-instances/5-25-1917698.cdop,WS./settings/Memetic-LS_MMX_1287823.config,5,25,0.8463431786216596,0.8463431786216596,0.8463431786216596,0.8477496483825597,0.8551336146272855,0.8765822784810127,0.8917018284106891,0.9043600562587905,0.9251054852320675,0.9261603375527426,0.9360056258790436,0.9469057665260197,0.9514767932489452,0.9514767932489452
./instances/realistic-instances/10-25-1110588.cdop,WS./settings/Memetic-LS_MPX_1881515.config,10,25,0.837809187279152,0.837809187279152,0.8392226148409894,0.8392226148409894,0.8420494699646643,0.8773851590106007,0.8773851590106007,0.8876325088339223,0.8897526501766785,0.8897526501766785,0.9007067137809187,0.9081272084805654,0.9137809187279152,0.9137809187279152
./instances/realistic-instances/15-40-1917698.cdop,WS./settings/Memetic_MMX_1287823.config,15,40,0.9169455430483724,0.9300273805902038,0.9385457864313964,0.9409796166717371,0.9409796166717371,0.9583206571341649,0.9659263766352297,0.9671432917554,0.9762701551566778,0.9762701551566778,0.9963492546394889,0.9969577121995741,0.9969577121995741,0.9969577121995741
./instances/realistic-instances/10-10-1110588.cdop,WS./settings/Memetic_MMX_1099666.config,10,10,0.9772850189291509,0.9789075175770687,1.0,1.0,1.0,1.0,1.0,1.0,1.0,1.0,1.0,1.0,1.0,1.0
./instances/realistic-instances/15-10-1891798.cdop,WS./settings/Memetic-LS_MPX_1099666.config,15,10,0.7002457002457002,0.7002457002457002,0.7036855036855036,0.7203931203931204,0.7321867321867321,0.7321867321867321,0.7321867321867321,0.7823095823095824,0.7995085995085995,0.8235872235872236,0.855036855036855,0.856019656019656,0.856019656019656,0.856019656019656
./instances/realistic-instances/20-25-1110588.cdop,WS./settings/Memetic_MMX_1881515.config,20,25,0.8957975986277873,0.9013722126929674,0.9146655231560892,0.9322469982847341,0.9369639794168096,0.9369639794168096,0.9468267581475128,0.9631217838765008,0.9815608919382505,0.9832761578044596,0.9849914236706689,1.0,1.0,1.0
./instances/realistic-instances/10-40-1917698.cdop,WS./settings/Memetic_MMX_1881515.config,10,40,0.9254727474972191,0.9371523915461624,0.9371523915461624,0.9388209121245829,0.9599555061179088,0.9730255839822024,0.9777530589543938,0.9791434927697441,0.9994438264738599,0.9983314794215795,0.9991657397107898,1.0,1.0,1.0
./instances/realistic-instances/20-10-1917698.cdop,WS./settings/Memetic-LS_MPX_1099666.config,20,10,0.7657054582904222,0.7657054582904222,0.7657054582904222,0.7657054582904222,0.7657054582904222,0.7657054582904222,0.7754891864057673,0.782183316168898,0.7976313079299691,0.7976313079299691,0.8043254376930999,0.8074150360453141,0.8135942327497425,0.8135942327497425
./instances/realistic-instances/10-40-1762875.cdop,WS./settings/Memetic-LS_MMX_1881515.config,10,40,0.7266387726638772,0.7266387726638772,0.7612273361227336,0.7612273361227336,0.7612273361227336,0.7860529986052999,0.7860529986052999,0.7916317991631799,0.7916317991631799,0.7916317991631799,0.8259414225941423,0.8387726638772663,0.8563458856345886,0.8563458856345886
./instances/realistic-instances/25-10-1767920.cdop,WS./settings/Memetic_MPX_1287823.config,25,10,0.7741197988111569,0.7741197988111569,0.7791495198902606,0.7791495198902606,0.7791495198902606,0.7791495198902606,0.7791495198902606,0.7791495198902606,0.7791495198902606,0.8079561042524005,0.8248742569730224,0.8335619570187471,0.8335619570187471,0.8335619570187471
./instances/realistic-instances/10-25-1917698.cdop,WS./settings/Memetic_MMX_1881515.config,10,25,0.9649379108838568,0.9590942293644996,0.9638422205989774,0.9638422205989774,0.9638422205989774,0.997808619430241,1.0,1.0,1.0,1.0,1.0,1.0,1.0,1.0
./instances/realistic-instances/5-10-1762875.cdop,WS./settings/Memetic_MPX_1287823.config,5,10,0.978021978021978,0.9827315541601256,0.989010989010989,0.989010989010989,0.989010989010989,0.989534275248561,0.9937205651491365,0.9937205651491365,0.9937205651491365,0.9937205651491365,0.9937205651491365,0.9963369963369964,0.9994767137624281,0.9994767137624281
./instances/realistic-instances/10-10-1767920.cdop,WS./settings/Memetic_MPX_1099666.config,10,10,0.913477537437604,0.9212423738214087,0.922906267332224,0.930116472545757,0.93732667775929,0.93732667775929,0.93732667775929,0.947310038824182,0.947310038824182,0.9517470881863561,0.9683860232945092,0.9683860232945092,0.9761508596783139,0.9761508596783139
./instances/realistic-instances/5-25-1917698.cdop,WS./settings/Memetic-LS_MPX_1287823.config,5,25,0.8846694796061885,0.8846694796061885,0.8976793248945147,0.8976793248945147,0.9075246132208158,0.9085794655414908,0.9131504922644164,0.9131504922644164,0.9370604781997187,0.9511251758087201,0.9521800281293952,0.9637834036568214,0.9683544303797469,0.9683544303797469
./instances/realistic-instances/10-40-1767920.cdop,WS./settings/Memetic_MPX_1881515.config,10,40,0.8823529411764706,0.9064927857935627,0.931465038845727,0.931465038845727,0.931465038845727,0.9339622641509434,0.9339622641509434,0.9339622641509434,0.9386792452830188,0.9386792452830188,0.9386792452830188,0.9386792452830188,0.9386792452830188,0.9386792452830188
./instances/realistic-instances/20-10-1762875.cdop,WS./settings/Memetic_MPX_1287823.config,20,10,0.7512100677637947,0.7512100677637947,0.7512100677637947,0.7512100677637947,0.7686350435624395,0.8112294288480155,0.8252662149080349,0.8252662149080349,0.8252662149080349,0.8252662149080349,0.8431752178121975,0.8431752178121975,0.8436592449177154,0.8436592449177154
./instances/realistic-instances/10-25-1110588.cdop,WS./settings/Memetic-LS_MMX_1881515.config,10,25,0.8498233215547704,0.850530035335689,0.8614840989399293,0.8614840989399293,0.8784452296819788,0.8784452296819788,0.8865724381625442,0.8985865724381625,0.9074204946996467,0.9074204946996467,0.9074204946996467,0.9102473498233216,0.9229681978798586,0.9229681978798586
./instances/realistic-instances/20-25-1110588.cdop,WS./settings/Memetic-LS_MMX_1881515.config,20,25,0.6423670668953688,0.6505145797598628,0.6505145797598628,0.6676672384219554,0.6972555746140652,0.7530017152658662,0.7928816466552315,0.8224699828473413,0.8391938250428816,0.8533447684391081,0.855917667238422,0.855917667238422,0.8910806174957119,0.8910806174957119
./instances/realistic-instances/25-25-1767920.cdop,WS./settings/Memetic-LS_MPX_1099666.config,25,25,0.7475800446760983,0.7475800446760983,0.7475800446760983,0.7475800446760983,0.7475800446760983,0.7475800446760983,0.7475800446760983,0.7475800446760983,0.7475800446760983,0.7475800446760983,0.7475800446760983,0.7475800446760983,0.7475800446760983,0.7475800446760983
./instances/realistic-instances/5-10-1767920.cdop,WS./settings/Memetic-LS_MPX_1287823.config,5,10,0.9032073310423826,0.9032073310423826,0.9381443298969072,0.9427262313860252,0.9593356242840779,0.9713631156930126,0.9713631156930126,0.9713631156930126,0.9725085910652921,0.9747995418098511,0.9747995418098511,0.9747995418098511,0.9747995418098511,0.9747995418098511
./instances/realistic-instances/15-25-1110588.cdop,WS./settings/Memetic-LS_MPX_1099666.config,15,25,0.7977712225499836,0.7977712225499836,0.7977712225499836,0.7977712225499836,0.7977712225499836,0.7977712225499836,0.7977712225499836,0.7977712225499836,0.7977712225499836,0.7977712225499836,0.7977712225499836,0.7977712225499836,0.7977712225499836,0.7977712225499836
./instances/realistic-instances/10-40-1762875.cdop,WS./settings/Memetic_MMX_1287823.config,10,40,0.9514644351464435,0.9564853556485355,0.9634588563458857,0.9634588563458857,0.9695955369595537,0.9821478382147838,0.9821478382147838,0.9821478382147838,0.9841004184100418,0.9857740585774059,0.9882845188284519,1.0,1.0,1.0
./instances/realistic-instances/25-25-1762875.cdop,WS./settings/Memetic_MMX_1099666.config,25,25,0.9582309582309583,0.95998595998596,0.95998595998596,0.95998595998596,0.9617409617409617,0.9792909792909793,0.9803439803439803,0.9806949806949807,0.9912249912249912,0.9912249912249912,0.9912249912249912,0.9912249912249912,0.9912249912249912,0.9912249912249912
./instances/realistic-instances/20-25-1767920.cdop,WS./settings/Memetic-LS_MPX_1881515.config,20,25,0.7992700729927007,0.7992700729927007,0.7992700729927007,0.7992700729927007,0.8007299270072993,0.8007299270072993,0.8007299270072993,0.8007299270072993,0.8007299270072993,0.8007299270072993,0.808029197080292,0.808029197080292,0.808029197080292,0.808029197080292
./instances/realistic-instances/10-10-1917698.cdop,WS./settings/Memetic_MPX_1287823.config,10,10,0.8875379939209727,0.8900709219858156,0.8991894630192503,0.9189463019250254,0.9371833839918946,0.9437689969604863,0.9437689969604863,0.9437689969604863,0.955420466058764,0.955420466058764,0.9650455927051672,0.9650455927051672,0.9650455927051672,0.9650455927051672
./instances/realistic-instances/10-25-1891798.cdop,WS./settings/Memetic-LS_MMX_1099666.config,10,25,0.8457657657657658,0.8457657657657658,0.8457657657657658,0.8457657657657658,0.8457657657657658,0.8457657657657658,0.8717117117117117,0.8864864864864865,0.9048648648648648,0.9138738738738739,0.9156756756756756,0.9156756756756756,0.9156756756756756,0.9156756756756756
./instances/realistic-instances/25-25-1891798.cdop,WS./settings/Memetic_MMX_1881515.config,25,25,0.9398211829436038,0.9508253094910591,0.9508253094910591,0.9508253094910591,0.968707015130674,0.9831499312242091,0.9886519944979367,0.9886519944979367,0.9924346629986245,0.9934662998624484,1.0,1.0,1.0,1.0
./instances/realistic-instances/5-10-1762875.cdop,WS./settings/Memetic_MMX_1881515.config,5,10,0.989534275248561,0.9994767137624281,0.9994767137624281,0.9994767137624281,0.9994767137624281,0.9994767137624281,0.9994767137624281,0.9994767137624281,0.9994767137624281,0.9994767137624281,0.9994767137624281,0.9994767137624281,0.9994767137624281,0.9994767137624281
./instances/realistic-instances/10-10-1767920.cdop,WS./settings/Memetic-LS_MMX_1287823.config,10,10,0.762063227953411,0.762063227953411,0.8452579034941764,0.8452579034941764,0.8901830282861897,0.9168053244592346,0.9168053244592346,0.9168053244592346,0.9168053244592346,0.9184692179700499,0.922906267332224,0.942318358291736,0.947310038824182,0.947310038824182
./instances/realistic-instances/10-25-1110588.cdop,WS./settings/Memetic_MPX_1099666.config,10,25,0.9399293286219081,0.945583038869258,0.9498233215547703,0.9498233215547703,0.9498233215547703,0.9554770318021202,0.9554770318021202,0.9554770318021202,0.9565371024734982,0.9565371024734982,0.9565371024734982,0.9565371024734982,0.9756183745583039,0.9756183745583039
./instances/realistic-instances/20-25-1110588.cdop,WS./settings/Memetic_MMX_1287823.config,20,25,0.8915094339622641,0.8919382504288165,0.9356775300171527,0.9382504288164666,0.9764150943396226,0.9781303602058319,0.983704974271012,0.9841337907375644,0.9841337907375644,0.9901372212692967,0.9974271012006861,0.9974271012006861,0.9974271012006861,0.9974271012006861
./instances/realistic-instances/20-25-1917698.cdop,WS./settings/Memetic_MMX_1881515.config,20,25,0.91894852135816,0.9393939393939394,0.9393939393939394,0.9514421321650237,0.9718875502008032,0.9762687112084703,0.9762687112084703,0.9762687112084703,0.9762687112084703,0.9762687112084703,0.9890470974808324,0.9989047097480832,0.9989047097480832,0.9989047097480832
./instances/realistic-instances/20-10-1110588.cdop,WS./settings/Memetic-LS_MMX_1287823.config,20,10,0.7769964841788046,0.802611752887996,0.8186840783525866,0.8347564038171773,0.8347564038171773,0.8392767453540935,0.8890005022601708,0.8975389251632345,0.9121044701155199,0.9121044701155199,0.940733299849322,0.9477649422400803,0.9492717227523857,0.9492717227523857
./instances/realistic-instances/15-40-1110588.cdop,WS./settings/Memetic_MMX_1287823.config,15,40,0.8963153384747216,0.9200228506141103,0.9414453013424736,0.9488717509283062,0.9531562410739789,0.9640102827763496,0.9762924878606113,0.9762924878606113,0.9762924878606113,0.9762924878606113,0.9825764067409312,0.9974293059125964,1.0,1.0
./instances/realistic-instances/10-10-1891798.cdop,WS./settings/Memetic_MMX_1287823.config,10,10,0.9750679963735267,0.9800543970988214,0.9800543970988214,0.9900271985494107,0.9918404351767905,0.9959202175883953,0.9963735267452403,0.9963735267452403,0.9963735267452403,0.9972801450589301,0.9986400725294651,0.9986400725294651,0.9986400725294651,0.9986400725294651
./instances/realistic-instances/5-25-1767920.cdop,WS./settings/Memetic_MMX_1287823.config,5,25,0.9354481741054961,0.950571744743637,0.9682773884175581,0.9745481372187385,0.9800811508668388,0.9800811508668388,0.9819254887495389,0.9819254887495389,0.9966801918111398,0.9966801918111398,1.0,1.0,1.0,1.0
./instances/realistic-instances/5-25-1891798.cdop,WS./settings/Memetic-LS_MPX_1287823.config,5,25,0.8758260869565218,0.8758260869565218,0.8758260869565218,0.8758260869565218,0.8758260869565218,0.8758260869565218,0.8758260869565218,0.8758260869565218,0.8758260869565218,0.8758260869565218,0.8758260869565218,0.8897391304347826,0.9092173913043479,0.9092173913043479
./instances/realistic-instances/10-40-1767920.cdop,WS./settings/Memetic-LS_MPX_1881515.config,10,40,0.7869034406215316,0.7869034406215316,0.7869034406215316,0.7869034406215316,0.7869034406215316,0.7869034406215316,0.7869034406215316,0.7869034406215316,0.7869034406215316,0.7869034406215316,0.7869034406215316,0.7963374028856826,0.8465593784683685,0.8465593784683685
./instances/realistic-instances/20-25-1762875.cdop,WS./settings/Memetic-LS_MPX_1287823.config,20,25,0.7692886714339481,0.7692886714339481,0.7692886714339481,0.7692886714339481,0.7692886714339481,0.7692886714339481,0.7692886714339481,0.8069251035001882,0.818968761761385,0.818968761761385,0.818968761761385,0.818968761761385,0.818968761761385,0.818968761761385
./instances/realistic-instances/5-40-1917698.cdop,WS./settings/Memetic-LS_MPX_1287823.config,5,40,0.8604968604968605,0.8604968604968605,0.8604968604968605,0.8604968604968605,0.8604968604968605,0.8604968604968605,0.8604968604968605,0.8604968604968605,0.8604968604968605,0.8604968604968605,0.8714168714168714,0.9407589407589407,0.9407589407589407,0.9407589407589407
./instances/realistic-instances/25-25-1110588.cdop,WS./settings/Memetic_MMX_1287823.config,25,25,0.9269602577873255,0.9563193698532044,0.9563193698532044,0.9563193698532044,0.9735051915503043,0.9735051915503043,0.9735051915503043,0.9820981023988543,0.9892588614393125,0.9899749373433584,0.9921231650554959,0.9928392409595417,0.9928392409595417,0.9928392409595417
./instances/realistic-instances/15-10-1891798.cdop,WS./settings/Memetic-LS_MMX_1099666.config,15,10,0.774938574938575,0.7891891891891892,0.7896805896805896,0.8692874692874692,0.9012285012285012,0.9071253071253071,0.9071253071253071,0.9071253071253071,0.9105651105651106,0.9312039312039312,0.9312039312039312,0.9312039312039312,0.9312039312039312,0.9312039312039312
./instances/realistic-instances/15-10-1917698.cdop,WS./settings/Memetic_MPX_1099666.config,15,10,0.8330640818524502,0.8583737210554658,0.8594507269789984,0.8594507269789984,0.8992999461497039,0.8992999461497039,0.9019924609585352,0.9019924609585352,0.9019924609585352,0.9149165320409263,0.9149165320409263,0.9149165320409263,0.9159935379644588,0.9159935379644588
./instances/realistic-instances/5-10-1767920.cdop,WS./settings/Memetic-LS_MPX_1099666.config,5,10,0.9032073310423826,0.9032073310423826,0.9032073310423826,0.9381443298969072,0.9593356242840779,0.9593356242840779,0.9713631156930126,0.9713631156930126,0.9747995418098511,0.9747995418098511,0.9747995418098511,0.9747995418098511,0.9747995418098511,0.9747995418098511
./instances/realistic-instances/20-25-1891798.cdop,WS./settings/Memetic_MPX_1881515.config,20,25,0.8811846689895471,0.8874564459930313,0.8874564459930313,0.8874564459930313,0.8874564459930313,0.8902439024390244,0.8930313588850174,0.8930313588850174,0.8930313588850174,0.9017421602787457,0.9017421602787457,0.9024390243902439,0.9024390243902439,0.9024390243902439
./instances/realistic-instances/10-10-1767920.cdop,WS./settings/Memetic_MPX_1881515.config,10,10,0.9217970049916805,0.9245701608430393,0.9312257348863006,0.9312257348863006,0.9450915141430949,0.9450915141430949,0.9456461453133667,0.9556295063782585,0.9556295063782585,0.956738768718802,0.9595119245701609,0.9728230726566833,0.9767054908485857,0.9767054908485857
./instances/realistic-instances/20-10-1917698.cdop,WS./settings/Memetic_MMX_1099666.config,20,10,0.970648815653965,0.972193614830072,0.972193614830072,0.972193614830072,0.972193614830072,0.9727085478887745,0.9799176107106076,0.9799176107106076,0.9814624098867147,0.9922760041194645,0.9922760041194645,0.9922760041194645,0.9922760041194645,0.9922760041194645
./instances/realistic-instances/10-40-1767920.cdop,WS./settings/Memetic_MMX_1881515.config,10,40,0.9309100998890122,0.9309100998890122,0.9309100998890122,0.9447835738068813,0.9533851276359601,0.9597669256381798,0.9600443951165372,0.9700332963374029,0.974472807991121,0.974472807991121,0.9764150943396226,0.9764150943396226,0.9905660377358491,0.9905660377358491
./instances/realistic-instances/15-10-1110588.cdop,WS./settings/Memetic_MPX_1881515.config,15,10,0.9045,0.9205,0.9205,0.9205,0.9285,0.934,0.934,0.934,0.938,0.955,0.955,0.955,0.9645,0.9645
./instances/realistic-instances/25-25-1767920.cdop,WS./settings/Memetic_MMX_1287823.config,25,25,0.9292628443782577,0.9341027550260611,0.9422933730454207,0.9478778853313478,0.9478778853313478,0.9798957557706627,0.9798957557706627,0.9798957557706627,0.9843633655994043,1.0,1.0,1.0,1.0,1.0
./instances/realistic-instances/25-25-1762875.cdop,WS./settings/Memetic_MPX_1287823.config,25,25,0.8002808002808003,0.8002808002808003,0.8301158301158301,0.8301158301158301,0.8357318357318357,0.8357318357318357,0.8357318357318357,0.8357318357318357,0.8357318357318357,0.8357318357318357,0.8571428571428571,0.8571428571428571,0.8968058968058968,0.8968058968058968
./instances/realistic-instances/15-40-1767920.cdop,WS./settings/Memetic-LS_MPX_1881515.config,15,40,0.7983820784069695,0.7983820784069695,0.7983820784069695,0.7983820784069695,0.7983820784069695,0.7983820784069695,0.7983820784069695,0.7983820784069695,0.7983820784069695,0.7983820784069695,0.7983820784069695,0.7983820784069695,0.7983820784069695,0.7983820784069695
./instances/realistic-instances/10-10-1917698.cdop,WS./settings/Memetic_MMX_1099666.config,10,10,0.9721377912867275,0.977710233029382,0.977710233029382,0.977710233029382,0.9918946301925026,0.9954407294832827,0.9954407294832827,0.9954407294832827,0.9954407294832827,0.9954407294832827,0.997467071935157,0.9979736575481256,0.9994934143870314,0.9994934143870314
./instances/realistic-instances/5-25-1762875.cdop,WS./settings/Memetic_MMX_1287823.config,5,25,0.9618580060422961,0.9746978851963746,0.9746978851963746,0.9746978851963746,0.9758308157099698,0.9780966767371602,0.9780966767371602,0.9780966767371602,0.9799848942598187,0.9799848942598187,0.9799848942598187,0.9814954682779456,0.9898036253776435,0.9898036253776435
./instances/realistic-instances/5-10-1110588.cdop,WS./settings/Memetic_MPX_1287823.config,5,10,0.9699286442405708,0.9699286442405708,0.9857288481141692,0.9857288481141692,0.9857288481141692,0.9857288481141692,0.9857288481141692,0.9882772680937818,0.991335372069317,0.991335372069317,0.9959225280326198,0.9959225280326198,0.9959225280326198,0.9959225280326198
./instances/realistic-instances/10-40-1917698.cdop,WS./settings/Memetic_MMX_1099666.config,10,40,0.9093437152391546,0.9093437152391546,0.9452169076751946,0.9719132369299222,0.9719132369299222,0.9719132369299222,0.9719132369299222,0.9719132369299222,0.9746941045606229,0.9805339265850945,0.9838709677419355,0.9913793103448276,0.9933259176863182,0.9933259176863182
./instances/realistic-instances/15-40-1917698.cdop,WS./settings/Memetic-LS_MPX_1287823.config,15,40,0.674170976574384,0.674170976574384,0.674170976574384,0.674170976574384,0.674170976574384,0.674170976574384,0.6921204745968969,0.6921204745968969,0.6921204745968969,0.7036811682385153,0.7036811682385153,0.7219348950410709,0.763614237906906,0.763614237906906
./instances/realistic-instances/15-40-1110588.cdop,WS./settings/Memetic-LS_MPX_1099666.config,15,40,0.7832047986289632,0.7832047986289632,0.7832047986289632,0.7832047986289632,0.7832047986289632,0.7832047986289632,0.7832047986289632,0.7832047986289632,0.7832047986289632,0.7832047986289632,0.7832047986289632,0.7832047986289632,0.7832047986289632,0.7832047986289632
./instances/realistic-instances/25-25-1917698.cdop,WS./settings/Memetic-LS_MPX_1287823.config,25,25,0.7611886860007161,0.7611886860007161,0.7611886860007161,0.7611886860007161,0.7611886860007161,0.7611886860007161,0.7611886860007161,0.7611886860007161,0.7611886860007161,0.7611886860007161,0.7611886860007161,0.7611886860007161,0.7765843179377014,0.7765843179377014
./instances/realistic-instances/15-25-1917698.cdop,WS./settings/Memetic-LS_MMX_1287823.config,15,25,0.8144252441773103,0.818557475582269,0.8200601051840721,0.82381667918858,0.82381667918858,0.8271975957926371,0.8636363636363636,0.8730277986476334,0.8745304282494365,0.8745304282494365,0.8745304282494365,0.9120961682945155,0.9173553719008265,0.9173553719008265
./instances/realistic-instances/10-10-1767920.cdop,WS./settings/Memetic-LS_MPX_1881515.config,10,10,0.7770382695507487,0.7986688851913477,0.7986688851913477,0.8164170826400444,0.8230726566833056,0.8325013865779257,0.8663338879645036,0.8801996672212978,0.8924015529672767,0.9145867997781475,0.9145867997781475,0.9145867997781475,0.9145867997781475,0.9145867997781475
./instances/realistic-instances/5-40-1762875.cdop,WS./settings/Memetic_MMX_1099666.config,5,40,0.9375,0.9444742489270386,0.9444742489270386,0.9444742489270386,0.95681330472103,0.9712982832618026,0.9723712446351931,0.9812231759656652,0.9849785407725322,0.9887339055793991,0.989538626609442,0.9908798283261803,0.9965128755364807,0.9965128755364807
./instances/realistic-instances/20-25-1767920.cdop,WS./settings/Memetic_MPX_1099666.config,20,25,0.7992700729927007,0.7992700729927007,0.7992700729927007,0.8291970802919708,0.8613138686131386,0.8613138686131386,0.8613138686131386,0.8631386861313869,0.8883211678832117,0.8883211678832117,0.897080291970803,0.897080291970803,0.897080291970803,0.897080291970803
./instances/realistic-instances/20-25-1762875.cdop,WS./settings/Memetic-LS_MMX_1881515.config,20,25,0.7692886714339481,0.7692886714339481,0.7756868648852089,0.7756868648852089,0.7783214151298457,0.7783214151298457,0.7783214151298457,0.7783214151298457,0.8110651110274746,0.8411742566804666,0.8675197591268348,0.8739179525780956,0.8810688746706812,0.8810688746706812
./instances/realistic-instances/10-40-1891798.cdop,WS./settings/Memetic_MMX_1881515.config,10,40,0.9228521332554062,0.9430157802454705,0.9430157802454705,0.9514903565166569,0.9514903565166569,0.9801285797779077,0.983635300993571,0.9859731151373465,0.9906487434248977,0.9906487434248977,0.994155464640561,0.994155464640561,0.994155464640561,0.994155464640561
./instances/realistic-instances/20-10-1767920.cdop,WS./settings/Memetic_MPX_1099666.config,20,10,0.8271545498314877,0.8281174771304767,0.8719306692344728,0.8719306692344728,0.8719306692344728,0.8762638420799229,0.8762638420799229,0.8955223880597015,0.8955223880597015,0.8955223880597015,0.8955223880597015,0.8955223880597015,0.8955223880597015,0.8955223880597015
./instances/realistic-instances/20-25-1110588.cdop,WS./settings/Memetic-LS_MPX_1099666.config,20,25,0.6423670668953688,0.6423670668953688,0.6423670668953688,0.6423670668953688,0.6423670668953688,0.6423670668953688,0.6513722126929674,0.6548027444253859,0.6548027444253859,0.6569468267581475,0.6573756432246999,0.6676672384219554,0.6676672384219554,0.6676672384219554
./instances/realistic-instances/5-25-1767920.cdop,WS./settings/Memetic_MMX_1099666.config,5,25,0.9457764662486168,0.9623755071929178,0.9612689044632977,0.9612689044632977,0.9874585023976392,0.9874585023976392,0.9874585023976392,0.9874585023976392,0.9900405754334194,0.9900405754334194,0.9900405754334194,0.9900405754334194,0.9900405754334194,0.9900405754334194
./instances/realistic-instances/25-25-1767920.cdop,WS./settings/Memetic_MPX_1287823.config,25,25,0.7475800446760983,0.7475800446760983,0.7810871183916605,0.8253909158600149,0.827252419955324,0.827252419955324,0.8279970215934475,0.8306031273268801,0.8332092330603127,0.8332092330603127,0.8332092330603127,0.8332092330603127,0.840282948622487,0.840282948622487
./instances/realistic-instances/10-40-1917698.cdop,WS./settings/Memetic-LS_MPX_1099666.config,10,40,0.8309232480533927,0.8309232480533927,0.8309232480533927,0.8309232480533927,0.8309232480533927,0.8309232480533927,0.8309232480533927,0.8309232480533927,0.8309232480533927,0.8309232480533927,0.8378754171301446,0.8517797552836485,0.8823692992213571,0.8823692992213571
./instances/realistic-instances/10-10-1917698.cdop,WS./settings/Memetic_MMX_1881515.config,10,10,0.96403242147923,0.96403242147923,0.975177304964539,0.975177304964539,0.9918946301925026,0.997467071935157,0.997467071935157,0.997467071935157,1.0,1.0,1.0,1.0,1.0,1.0
./instances/realistic-instances/15-25-1762875.cdop,WS./settings/Memetic-LS_MMX_1287823.config,15,25,0.8054656598345918,0.8054656598345918,0.8054656598345918,0.8054656598345918,0.8432218626393384,0.8482560230133046,0.8547285149226896,0.866235167206041,0.9115426105717368,0.9144192736425746,0.9262855088097807,0.9327580007191658,0.9381517439769866,0.9381517439769866
./instances/realistic-instances/15-25-1110588.cdop,WS./settings/Memetic-LS_MPX_1287823.config,15,25,0.7977712225499836,0.7977712225499836,0.7977712225499836,0.7977712225499836,0.7977712225499836,0.7977712225499836,0.7977712225499836,0.7977712225499836,0.7977712225499836,0.7977712225499836,0.7977712225499836,0.7977712225499836,0.7977712225499836,0.7977712225499836
./instances/realistic-instances/10-40-1110588.cdop,WS./settings/Memetic_MMX_1881515.config,10,40,0.9014880952380953,0.9324404761904762,0.9345238095238095,0.9345238095238095,0.9538690476190477,0.9553571428571429,0.9616071428571429,0.975297619047619,0.9764880952380952,0.9764880952380952,0.9764880952380952,0.9764880952380952,0.9788690476190476,0.9788690476190476
./instances/realistic-instances/5-25-1762875.cdop,WS./settings/Memetic_MPX_1881515.config,5,25,0.93202416918429,0.9467522658610272,0.9558157099697885,0.9558157099697885,0.9561933534743202,0.9735649546827795,0.9735649546827795,0.9735649546827795,0.9735649546827795,0.9735649546827795,0.9735649546827795,0.9735649546827795,0.974320241691843,0.974320241691843
./instances/realistic-instances/20-25-1762875.cdop,WS./settings/Memetic-LS_MMX_1099666.config,20,25,0.7704177643959352,0.7704177643959352,0.7805796010538201,0.803914188934889,0.803914188934889,0.803914188934889,0.803914188934889,0.8249905908919835,0.8630033872788859,0.8739179525780956,0.9021452766277757,0.9266089574708317,0.9480617237485887,0.9480617237485887
./instances/realistic-instances/25-25-1110588.cdop,WS./settings/Memetic_MPX_1287823.config,25,25,0.7912638739706409,0.7912638739706409,0.8421052631578947,0.8421052631578947,0.8421052631578947,0.8421052631578947,0.8421052631578947,0.8514142499104905,0.8514142499104905,0.8600071607590405,0.8600071607590405,0.8635875402792696,0.8635875402792696,0.8635875402792696
./instances/realistic-instances/10-40-1767920.cdop,WS./settings/Memetic_MPX_1099666.config,10,40,0.8751387347391787,0.8751387347391787,0.8840177580466149,0.9242508324084351,0.9242508324084351,0.9242508324084351,0.9334073251942286,0.9422863485016648,0.9478357380688124,0.9506104328523862,0.9506104328523862,0.9536625971143174,0.9536625971143174,0.9536625971143174
./instances/realistic-instances/20-10-1891798.cdop,WS./settings/Memetic-LS_MPX_1099666.config,20,10,0.7711864406779662,0.7711864406779662,0.7711864406779662,0.7711864406779662,0.7711864406779662,0.7711864406779662,0.7809991079393399,0.8024085637823372,0.8269402319357716,0.8376449598572703,0.8376449598572703,0.8728813559322034,0.8818019625334522,0.8818019625334522
./instances/realistic-instances/5-10-1110588.cdop,WS./settings/Memetic_MMX_1287823.config,5,10,0.9877675840978594,0.9877675840978594,0.9877675840978594,0.9877675840978594,0.990316004077472,0.990316004077472,0.9938837920489296,0.9959225280326198,0.9959225280326198,0.9959225280326198,1.0,1.0,1.0,1.0
./instances/realistic-instances/10-10-1917698.cdop,WS./settings/Memetic_MMX_1287823.config,10,10,0.9559270516717325,0.96403242147923,0.9756838905775076,0.9929078014184397,0.9954407294832827,0.9954407294832827,0.9954407294832827,0.9954407294832827,0.9954407294832827,0.9954407294832827,0.997467071935157,0.997467071935157,0.997467071935157,0.997467071935157
./instances/realistic-instances/15-40-1917698.cdop,WS./settings/Memetic_MMX_1099666.config,15,40,0.9078186796470946,0.9282020079099483,0.9282020079099483,0.9434134469120778,0.9516276239732279,0.9516276239732279,0.9516276239732279,0.9516276239732279,0.9516276239732279,0.9875266200182538,1.0,1.0,1.0,1.0
./instances/realistic-instances/15-25-1767920.cdop,WS./settings/Memetic_MPX_1099666.config,15,25,0.8515268515268515,0.8852228852228852,0.8852228852228852,0.892944892944893,0.9133029133029134,0.9133029133029134,0.9133029133029134,0.9133029133029134,0.9143559143559143,0.9371709371709371,0.9371709371709371,0.9371709371709371,0.9420849420849421,0.9420849420849421
./instances/realistic-instances/15-25-1767920.cdop,WS./settings/Memetic-LS_MPX_1099666.config,15,25,0.7908037908037908,0.7908037908037908,0.7908037908037908,0.7908037908037908,0.7908037908037908,0.7908037908037908,0.7908037908037908,0.7908037908037908,0.7908037908037908,0.7908037908037908,0.7908037908037908,0.7908037908037908,0.8269568269568269,0.8269568269568269
./instances/realistic-instances/15-25-1110588.cdop,WS./settings/Memetic-LS_MMX_1287823.config,15,25,0.8056374959029826,0.8056374959029826,0.8056374959029826,0.8056374959029826,0.8194034742707309,0.8194034742707309,0.8213700426089806,0.8590626024254343,0.8607014093739758,0.9003605375286792,0.9019993444772206,0.9174041297935103,0.9177318911832186,0.9177318911832186
./instances/realistic-instances/25-25-1767920.cdop,WS./settings/Memetic_MPX_1099666.config,25,25,0.7963514519731943,0.7963514519731943,0.7963514519731943,0.8142218912881608,0.8503350707371556,0.8574087862993298,0.8585256887565152,0.862620997766195,0.8719285182427401,0.8827252419955324,0.8864482501861504,0.8864482501861504,0.8864482501861504,0.8864482501861504
./instances/realistic-instances/5-25-1917698.cdop,WS./settings/Memetic-LS_MMX_1099666.config,5,25,0.8213783403656821,0.8347398030942335,0.8519690576652602,0.8621659634317862,0.8758790436005626,0.9011954992967651,0.9215893108298172,0.9275668073136427,0.9275668073136427,0.9331926863572433,0.9331926863572433,0.9331926863572433,0.9331926863572433,0.9331926863572433
./instances/realistic-instances/5-10-1110588.cdop,WS./settings/Memetic_MMX_1881515.config,5,10,0.9801223241590215,0.9831804281345565,0.9882772680937818,0.9928644240570846,0.9928644240570846,0.9928644240570846,0.9928644240570846,0.9928644240570846,0.9928644240570846,1.0,1.0,1.0,1.0,1.0
./instances/realistic-instances/15-10-1767920.cdop,WS./settings/Memetic-LS_MMX_1287823.config,15,10,0.895242914979757,0.9008097165991903,0.9008097165991903,0.9008097165991903,0.9008097165991903,0.9008097165991903,0.9008097165991903,0.9493927125506073,0.9615384615384616,0.9615384615384616,0.9827935222672065,0.9873481781376519,0.9873481781376519,0.9873481781376519
./instances/realistic-instances/10-40-1891798.cdop,WS./settings/Memetic_MPX_1287823.config,10,40,0.9015195791934542,0.9015195791934542,0.9114552893045003,0.9181765049678551,0.9181765049678551,0.940677966101695,0.9468147282291058,0.9479836353009936,0.9558737580362361,0.9558737580362361,0.9558737580362361,0.9558737580362361,0.9558737580362361,0.9558737580362361
./instances/realistic-instances/5-40-1762875.cdop,WS./settings/Memetic_MPX_1287823.config,5,40,0.924892703862661,0.9415236051502146,0.9415236051502146,0.9428648068669528,0.9616416309012875,0.9616416309012875,0.9616416309012875,0.9645922746781116,0.9645922746781116,0.9645922746781116,0.9645922746781116,0.9812231759656652,0.987392703862661,0.987392703862661
./instances/realistic-instances/10-10-1110588.cdop,WS./settings/Memetic_MPX_1881515.config,10,10,0.9259058950784208,0.9259058950784208,0.9259058950784208,0.9296917252568956,0.9329367225527312,0.9394267171444024,0.9621416982152515,0.9637641968631693,0.9637641968631693,0.9637641968631693,0.9648458626284478,0.9789075175770687,0.9789075175770687,0.9789075175770687
./instances/realistic-instances/15-25-1110588.cdop,WS./settings/Memetic-LS_MPX_1881515.config,15,25,0.7977712225499836,0.7977712225499836,0.7977712225499836,0.7977712225499836,0.7977712225499836,0.7977712225499836,0.7977712225499836,0.7977712225499836,0.7977712225499836,0.7977712225499836,0.7977712225499836,0.7977712225499836,0.7977712225499836,0.7977712225499836
./instances/realistic-instances/15-10-1762875.cdop,WS./settings/Memetic-LS_MMX_1287823.config,15,10,0.85995085995086,0.8697788697788698,0.8732186732186732,0.8732186732186732,0.8933660933660934,0.8938574938574939,0.9081081081081082,0.9238329238329238,0.942997542997543,0.9479115479115479,0.9665847665847666,0.9665847665847666,0.9764127764127765,0.9764127764127765
./instances/realistic-instances/5-10-1891798.cdop,WS./settings/Memetic_MMX_1099666.config,5,10,0.9881626351003603,0.9881626351003603,0.9917653113741637,0.997941327843541,0.997941327843541,0.997941327843541,0.997941327843541,0.997941327843541,0.997941327843541,1.0,1.0,1.0,1.0,1.0
./instances/realistic-instances/25-10-1767920.cdop,WS./settings/Memetic_MPX_1099666.config,25,10,0.7741197988111569,0.7741197988111569,0.7741197988111569,0.7741197988111569,0.7741197988111569,0.8024691358024691,0.8024691358024691,0.8024691358024691,0.8161865569272977,0.823045267489712,0.8326474622770919,0.8326474622770919,0.8326474622770919,0.8326474622770919
./instances/realistic-instances/15-40-1762875.cdop,WS./settings/Memetic-LS_MMX_1881515.config,15,40,0.7972458247875769,0.7972458247875769,0.7981248168766482,0.799296806328743,0.8010547905068854,0.8010547905068854,0.821271608555523,0.838851450336947,0.8444184002343978,0.8482273659537064,0.8485203633167302,0.8784060943451509,0.8860240257837679,0.8860240257837679
./instances/realistic-instances/15-10-1917698.cdop,WS./settings/Memetic_MMX_1881515.config,15,10,0.9784598815293484,0.9784598815293484,0.9784598815293484,0.9784598815293484,0.9784598815293484,0.9876144318793754,0.9876144318793754,0.9876144318793754,1.0,1.0,1.0,1.0,1.0,1.0
./instances/realistic-instances/25-10-1891798.cdop,WS./settings/Memetic_MPX_1099666.config,25,10,0.7536764705882353,0.7536764705882353,0.7536764705882353,0.7536764705882353,0.7536764705882353,0.756827731092437,0.8051470588235294,0.8051470588235294,0.8051470588235294,0.8051470588235294,0.8051470588235294,0.8051470588235294,0.8298319327731093,0.8298319327731093
./instances/realistic-instances/15-25-1762875.cdop,WS./settings/Memetic-LS_MPX_1099666.config,15,25,0.8054656598345918,0.8054656598345918,0.8054656598345918,0.8087019057892845,0.8087019057892845,0.8087019057892845,0.8087019057892845,0.8087019057892845,0.8087019057892845,0.8087019057892845,0.8087019057892845,0.8367493707299533,0.8529306005034161,0.8529306005034161
./instances/realistic-instances/10-40-1767920.cdop,WS./settings/Memetic_MMX_1287823.config,10,40,0.9267480577136515,0.9356270810210877,0.9367369589345172,0.9420088790233074,0.9420088790233074,0.9642064372918979,0.9711431742508324,0.9711431742508324,0.9711431742508324,0.9750277469478358,0.9750277469478358,0.9836293007769146,0.9900110987791343,0.9900110987791343
./instances/realistic-instances/10-40-1767920.cdop,WS./settings/Memetic-LS_MMX_1287823.config,10,40,0.7869034406215316,0.7869034406215316,0.8085460599334073,0.8085460599334073,0.8085460599334073,0.8349056603773585,0.8565482796892342,0.8709766925638179,0.8726415094339622,0.8726415094339622,0.8879023307436182,0.8895671476137624,0.9284128745837957,0.9284128745837957
./instances/realistic-instances/25-25-1762875.cdop,WS./settings/Memetic_MMX_1881515.config,25,25,0.9315549315549315,0.9396279396279397,0.9466479466479466,0.946998946998947,0.9578799578799578,0.9838539838539838,0.9863109863109863,0.9863109863109863,0.9863109863109863,0.9863109863109863,0.9933309933309933,0.9961389961389961,1.0,1.0
./instances/realistic-instances/15-40-1762875.cdop,WS./settings/Memetic_MMX_1881515.config,15,40,0.9208907119835922,0.9211837093466159,0.9501904482859654,0.9607383533548198,0.9619103428069148,0.9619103428069148,0.9622033401699385,0.9680632874304131,0.9818341634925286,0.987987108116027,0.9903310870202168,0.9903310870202168,1.0,1.0
./instances/realistic-instances/5-10-1891798.cdop,WS./settings/Memetic_MPX_1287823.config,5,10,0.9881626351003603,0.9891919711785898,0.993309315491508,0.993309315491508,0.993309315491508,0.9938239835306227,0.997941327843541,0.997941327843541,0.997941327843541,1.0,1.0,1.0,1.0,1.0
./instances/realistic-instances/15-10-1762875.cdop,WS./settings/Memetic_MPX_1287823.config,15,10,0.8687960687960687,0.8687960687960687,0.8810810810810811,0.9169533169533169,0.9169533169533169,0.9307125307125307,0.9503685503685504,0.9503685503685504,0.9557739557739557,0.9557739557739557,0.9557739557739557,0.9557739557739557,0.9557739557739557,0.9557739557739557
./instances/realistic-instances/15-10-1891798.cdop,WS./settings/Memetic_MPX_1287823.config,15,10,0.8658476658476658,0.8658476658476658,0.8707616707616708,0.8707616707616708,0.8707616707616708,0.8707616707616708,0.8707616707616708,0.8727272727272727,0.8727272727272727,0.8884520884520885,0.8884520884520885,0.8884520884520885,0.8884520884520885,0.8884520884520885
./instances/realistic-instances/20-25-1891798.cdop,WS./settings/Memetic-LS_MMX_1099666.config,20,25,0.7728222996515679,0.7885017421602788,0.7885017421602788,0.7982578397212543,0.8097560975609757,0.8257839721254355,0.8271777003484321,0.840766550522648,0.840766550522648,0.8491289198606272,0.867595818815331,0.867595818815331,0.9205574912891986,0.9205574912891986
./instances/realistic-instances/15-40-1762875.cdop,WS./settings/Memetic-LS_MMX_1287823.config,15,40,0.7981248168766482,0.7981248168766482,0.8010547905068854,0.8010547905068854,0.8010547905068854,0.8010547905068854,0.8010547905068854,0.8077937298564313,0.8162906533841195,0.8356284793436859,0.8643422209200117,0.8766481101670085,0.9021388807500732,0.9021388807500732
./instances/realistic-instances/25-25-1110588.cdop,WS./settings/Memetic-LS_MPX_1099666.config,25,25,0.7912638739706409,0.7912638739706409,0.7912638739706409,0.7912638739706409,0.7912638739706409,0.7912638739706409,0.7912638739706409,0.7912638739706409,0.7912638739706409,0.7912638739706409,0.7912638739706409,0.7912638739706409,0.7912638739706409,0.7912638739706409
./instances/realistic-instances/15-25-1891798.cdop,WS./settings/Memetic-LS_MMX_1099666.config,15,25,0.7786821705426357,0.7786821705426357,0.7786821705426357,0.7992248062015503,0.8046511627906977,0.8046511627906977,0.8286821705426357,0.8531007751937985,0.8798449612403101,0.8922480620155039,0.9,0.9108527131782945,0.9108527131782945,0.9108527131782945
./instances/realistic-instances/25-25-1767920.cdop,WS./settings/Memetic-LS_MPX_1287823.config,25,25,0.7475800446760983,0.7475800446760983,0.7475800446760983,0.7475800446760983,0.7475800446760983,0.7475800446760983,0.7475800446760983,0.7475800446760983,0.7475800446760983,0.7475800446760983,0.7516753536857781,0.7542814594192108,0.7542814594192108,0.7542814594192108
./instances/realistic-instances/5-40-1917698.cdop,WS./settings/Memetic_MMX_1881515.config,5,40,0.9159159159159159,0.9473109473109473,0.9519519519519519,0.954954954954955,0.954954954954955,0.956046956046956,0.9647829647829648,0.9680589680589681,0.9680589680589681,0.9721539721539721,0.9808899808899809,0.9817089817089817,0.9871689871689872,0.9871689871689872
./instances/realistic-instances/20-25-1767920.cdop,WS./settings/Memetic-LS_MPX_1287823.config,20,25,0.7992700729927007,0.7992700729927007,0.7992700729927007,0.7992700729927007,0.7992700729927007,0.7992700729927007,0.8007299270072993,0.8007299270072993,0.8007299270072993,0.8007299270072993,0.8007299270072993,0.808029197080292,0.808029197080292,0.808029197080292
./instances/realistic-instances/15-10-1891798.cdop,WS./settings/Memetic_MMX_1099666.config,15,10,0.9724815724815725,0.9724815724815725,0.9896805896805897,0.9896805896805897,0.9906633906633907,0.9906633906633907,0.9906633906633907,0.9906633906633907,0.9906633906633907,0.9906633906633907,0.9906633906633907,0.9970515970515971,0.9970515970515971,0.9970515970515971
./instances/realistic-instances/10-40-1110588.cdop,WS./settings/Memetic-LS_MPX_1287823.config,10,40,0.8142857142857143,0.8142857142857143,0.8142857142857143,0.8142857142857143,0.8142857142857143,0.8142857142857143,0.8142857142857143,0.8142857142857143,0.8142857142857143,0.8142857142857143,0.8142857142857143,0.8142857142857143,0.8142857142857143,0.8142857142857143
./instances/realistic-instances/20-10-1762875.cdop,WS./settings/Memetic-LS_MPX_1099666.config,20,10,0.7512100677637947,0.7512100677637947,0.7512100677637947,0.7512100677637947,0.7512100677637947,0.7512100677637947,0.7594385285575992,0.78702807357212,0.7981606969990319,0.7981606969990319,0.8044530493707648,0.8044530493707648,0.8054211035818006,0.8054211035818006
./instances/realistic-instances/5-10-1762875.cdop,WS./settings/Memetic-LS_MMX_1881515.config,5,10,0.9110413396127682,0.9110413396127682,0.9110413396127682,0.9110413396127682,0.9167974882260597,0.9167974882260597,0.9167974882260597,0.9549973835688121,0.9591836734693877,0.9591836734693877,0.9607535321821036,0.9706959706959707,0.9712192569335426,0.9712192569335426
./instances/realistic-instances/20-10-1110588.cdop,WS./settings/Memetic_MMX_1099666.config,20,10,0.9618282270215972,0.9648417880462079,0.9648417880462079,0.9779005524861878,0.9804118533400301,0.9804118533400301,0.9804118533400301,0.9834254143646409,0.9834254143646409,0.9919638372677047,0.9989954796584631,0.9989954796584631,0.9989954796584631,0.9989954796584631
./instances/realistic-instances/10-25-1767920.cdop,WS./settings/Memetic-LS_MPX_1287823.config,10,25,0.8176424050632911,0.8176424050632911,0.8176424050632911,0.8176424050632911,0.8176424050632911,0.8176424050632911,0.8176424050632911,0.8176424050632911,0.8176424050632911,0.8540348101265823,0.8540348101265823,0.8540348101265823,0.8908227848101266,0.8908227848101266
./instances/realistic-instances/25-25-1917698.cdop,WS./settings/Memetic_MPX_1287823.config,25,25,0.7611886860007161,0.7611886860007161,0.7611886860007161,0.7762262799856785,0.7901897601145721,0.7901897601145721,0.807733619763695,0.807733619763695,0.807733619763695,0.807733619763695,0.8188327962764053,0.8188327962764053,0.8188327962764053,0.8188327962764053
./instances/realistic-instances/20-10-1767920.cdop,WS./settings/Memetic-LS_MPX_1099666.config,20,10,0.7010110736639383,0.7010110736639383,0.7010110736639383,0.7010110736639383,0.7010110736639383,0.7010110736639383,0.7091959557053442,0.7091959557053442,0.719306692344728,0.7910447761194029,0.7968223399133365,0.8160808858931151,0.8228213769860375,0.8228213769860375
./instances/realistic-instances/25-10-1762875.cdop,WS./settings/Memetic_MMX_1881515.config,25,10,0.9244019138755981,0.9593301435406698,0.960287081339713,0.9679425837320574,0.9770334928229665,0.9894736842105263,0.9894736842105263,0.9894736842105263,0.9894736842105263,0.9894736842105263,0.9894736842105263,0.9894736842105263,0.9894736842105263,0.9894736842105263
./instances/realistic-instances/10-25-1767920.cdop,WS./settings/Memetic_MPX_1287823.config,10,25,0.9050632911392406,0.908623417721519,0.9177215189873418,0.9323575949367089,0.9323575949367089,0.9331487341772152,0.9430379746835443,0.9600474683544303,0.9600474683544303,0.9600474683544303,0.9600474683544303,0.9671677215189873,0.9691455696202531,0.9691455696202531
./instances/realistic-instances/5-10-1110588.cdop,WS./settings/Memetic_MPX_1099666.config,5,10,0.9694189602446484,0.9765545361875637,0.9775739041794088,0.9775739041794088,0.9796126401630989,0.9796126401630989,0.9882772680937818,0.9882772680937818,0.9882772680937818,0.9882772680937818,0.9882772680937818,0.9918450560652395,0.9928644240570846,0.9928644240570846
./instances/realistic-instances/5-25-1917698.cdop,WS./settings/Memetic-LS_MPX_1881515.config,5,25,0.8565400843881856,0.8565400843881856,0.8670886075949367,0.8822081575246132,0.909634317862166,0.9177215189873418,0.9244022503516175,0.9433895921237694,0.9433895921237694,0.9433895921237694,0.9447960618846695,0.9581575246132208,0.9581575246132208,0.9581575246132208
./instances/realistic-instances/10-40-1917698.cdop,WS./settings/Memetic_MPX_1099666.config,10,40,0.8690211345939933,0.9129588431590656,0.9129588431590656,0.9182424916573971,0.9182424916573971,0.9182424916573971,0.9213014460511679,0.9213014460511679,0.9354838709677419,0.9518909899888766,0.9596774193548387,0.9596774193548387,0.9596774193548387,0.9596774193548387
./instances/realistic-instances/5-40-1110588.cdop,WS./settings/Memetic-LS_MPX_1099666.config,5,40,0.8300747556066705,0.8300747556066705,0.8300747556066705,0.8300747556066705,0.8300747556066705,0.8300747556066705,0.8300747556066705,0.8300747556066705,0.8300747556066705,0.8300747556066705,0.8300747556066705,0.8832662449683726,0.8852788959171938,0.8852788959171938
./instances/realistic-instances/5-40-1917698.cdop,WS./settings/Memetic_MMX_1099666.config,5,40,0.9175539175539176,0.9342069342069342,0.9497679497679498,0.9497679497679498,0.9615069615069615,0.9694239694239695,0.9748839748839749,0.9748839748839749,0.9830739830739831,0.9907179907179907,0.9907179907179907,0.9907179907179907,0.993993993993994,0.993993993993994
./instances/realistic-instances/20-10-1762875.cdop,WS./settings/Memetic-LS_MMX_1099666.config,20,10,0.8262342691190707,0.8262342691190707,0.8262342691190707,0.846079380445305,0.846079380445305,0.8475314617618587,0.8475314617618587,0.8610842207163601,0.8610842207163601,0.8939980638915779,0.8993223620522749,0.9065827686350436,0.9332042594385286,0.9332042594385286
./instances/realistic-instances/15-10-1762875.cdop,WS./settings/Memetic_MMX_1099666.config,15,10,0.9621621621621622,0.9675675675675676,0.9793611793611794,0.9793611793611794,0.9793611793611794,0.9793611793611794,0.9842751842751842,0.9842751842751842,0.9926289926289926,0.9945945945945946,0.9945945945945946,0.9945945945945946,0.9945945945945946,0.9945945945945946
./instances/realistic-instances/15-40-1767920.cdop,WS./settings/Memetic-LS_MPX_1099666.config,15,40,0.7983820784069695,0.7983820784069695,0.7983820784069695,0.7983820784069695,0.7983820784069695,0.7983820784069695,0.7983820784069695,0.7983820784069695,0.7983820784069695,0.7983820784069695,0.7983820784069695,0.7983820784069695,0.7983820784069695,0.7983820784069695
./instances/realistic-instances/5-10-1767920.cdop,WS./settings/Memetic-LS_MPX_1881515.config,5,10,0.9215349369988545,0.9215349369988545,0.9215349369988545,0.9455899198167239,0.9455899198167239,0.9650630011454754,0.9650630011454754,0.9650630011454754,0.9673539518900344,0.9673539518900344,0.9673539518900344,0.9673539518900344,0.9673539518900344,0.9673539518900344
./instances/realistic-instances/5-40-1767920.cdop,WS./settings/Memetic_MPX_1881515.config,5,40,0.923125,0.955,0.955,0.95375,0.95625,0.9634375,0.9634375,0.9634375,0.9634375,0.9634375,0.9640625,0.9640625,0.9640625,0.9640625
./instances/realistic-instances/5-25-1917698.cdop,WS./settings/Memetic-LS_MMX_1881515.config,5,25,0.8263009845288326,0.8396624472573839,0.8730661040787623,0.8920534458509142,0.9054149085794655,0.9089310829817159,0.9170182841068917,0.9251054852320675,0.930379746835443,0.9360056258790436,0.9367088607594937,0.9437412095639943,0.9641350210970464,0.9641350210970464
./instances/realistic-instances/25-25-1110588.cdop,WS./settings/Memetic-LS_MMX_1287823.config,25,25,0.7912638739706409,0.7912638739706409,0.8249194414607949,0.8435374149659864,0.8754027926960258,0.8754027926960258,0.8793412101682778,0.8811313999283924,0.9051199427139277,0.9190834228428213,0.9201575366988901,0.9323308270676691,0.9369853204439671,0.9369853204439671
./instances/realistic-instances/15-10-1917698.cdop,WS./settings/Memetic_MPX_1881515.config,15,10,0.8750673128702208,0.8750673128702208,0.8750673128702208,0.9073774905761982,0.908992999461497,0.9326871297792138,0.9326871297792138,0.9326871297792138,0.9326871297792138,0.9402261712439418,0.9402261712439418,0.9402261712439418,0.9402261712439418,0.9402261712439418
./instances/realistic-instances/10-25-1110588.cdop,WS./settings/Memetic_MPX_1287823.config,10,25,0.9469964664310954,0.9469964664310954,0.9469964664310954,0.9469964664310954,0.9469964664310954,0.9611307420494699,0.9664310954063604,0.9664310954063604,0.9717314487632509,0.9717314487632509,0.9717314487632509,0.9717314487632509,0.9717314487632509,0.9717314487632509
./instances/realistic-instances/10-10-1891798.cdop,WS./settings/Memetic-LS_MMX_1287823.config,10,10,0.8980054397098821,0.9020852221214869,0.9034451495920217,0.9374433363553943,0.9374433363553943,0.9397098821396193,0.9406165004533091,0.9406165004533091,0.9460562103354487,0.957388939256573,0.957388939256573,0.957388939256573,0.957388939256573,0.957388939256573
./instances/realistic-instances/25-10-1110588.cdop,WS./settings/Memetic_MPX_1881515.config,25,10,0.6900282220131703,0.7248353715898401,0.7248353715898401,0.7596425211665099,0.7596425211665099,0.7634054562558796,0.7737535277516463,0.7737535277516463,0.7949200376293509,0.7949200376293509,0.8080903104421449,0.8245531514581373,0.8306679209783632,0.8306679209783632
./instances/realistic-instances/5-40-1917698.cdop,WS./settings/Memetic-LS_MPX_1099666.config,5,40,0.8604968604968605,0.8604968604968605,0.8604968604968605,0.8604968604968605,0.8604968604968605,0.8604968604968605,0.8604968604968605,0.8604968604968605,0.8604968604968605,0.8894348894348895,0.9099099099099099,0.9271089271089271,0.9451269451269452,0.9451269451269452
./instances/realistic-instances/10-25-1891798.cdop,WS./settings/Memetic_MMX_1881515.config,10,25,0.9571171171171171,0.961081081081081,0.9621621621621622,0.9643243243243244,0.9675675675675676,0.9693693693693693,0.978018018018018,0.978018018018018,0.978018018018018,0.983063063063063,0.9884684684684685,0.9884684684684685,0.9913513513513513,0.9913513513513513
./instances/realistic-instances/10-25-1891798.cdop,WS./settings/Memetic_MPX_1099666.config,10,25,0.8944144144144144,0.8962162162162162,0.9099099099099099,0.9099099099099099,0.9099099099099099,0.9099099099099099,0.9099099099099099,0.910990990990991,0.9272072072072072,0.9272072072072072,0.941981981981982,0.941981981981982,0.941981981981982,0.941981981981982
./instances/realistic-instances/20-25-1891798.cdop,WS./settings/Memetic-LS_MPX_1881515.config,20,25,0.7728222996515679,0.7728222996515679,0.7728222996515679,0.7728222996515679,0.7728222996515679,0.7728222996515679,0.786759581881533,0.786759581881533,0.786759581881533,0.786759581881533,0.786759581881533,0.786759581881533,0.786759581881533,0.786759581881533
./instances/realistic-instances/5-40-1767920.cdop,WS./settings/Memetic-LS_MMX_1287823.config,5,40,0.8284375,0.8284375,0.8284375,0.8284375,0.8284375,0.8284375,0.8284375,0.8371875,0.8371875,0.8403125,0.8625,0.9190625,0.9190625,0.9190625
./instances/realistic-instances/25-25-1767920.cdop,WS./settings/Memetic_MMX_1099666.config,25,25,0.9337304542069993,0.9393149664929263,0.9575577066269546,0.9575577066269546,0.9575577066269546,0.9575577066269546,0.9664929262844378,0.9787788533134772,0.9825018615040954,0.9825018615040954,0.9847356664184661,0.9847356664184661,0.9914370811615786,0.9914370811615786
./instances/realistic-instances/25-10-1110588.cdop,WS./settings/Memetic-LS_MMX_1099666.config,25,10,0.7775164628410159,0.7775164628410159,0.7775164628410159,0.7775164628410159,0.7803386641580433,0.7803386641580433,0.8273753527751646,0.9002822201317028,0.9002822201317028,0.9002822201317028,0.9209783631232361,0.9487300094073378,0.9510818438381938,0.9510818438381938
./instances/realistic-instances/15-10-1110588.cdop,WS./settings/Memetic-LS_MPX_1287823.config,15,10,0.8405,0.8405,0.8405,0.8515,0.8515,0.8665,0.881,0.882,0.882,0.893,0.893,0.893,0.893,0.893
./instances/realistic-instances/15-25-1917698.cdop,WS./settings/Memetic_MMX_1099666.config,15,25,0.9474079639368895,0.9560480841472577,0.9560480841472577,0.966190833959429,0.9748309541697971,0.9797145003756574,0.9797145003756574,0.9797145003756574,0.9797145003756574,0.9800901577761082,0.9973703981968445,0.9973703981968445,0.9996243425995492,0.9996243425995492
./instances/realistic-instances/10-25-1917698.cdop,WS./settings/Memetic-LS_MMX_1881515.config,10,25,0.8681519357195033,0.8681519357195033,0.8681519357195033,0.8681519357195033,0.8681519357195033,0.8681519357195033,0.8681519357195033,0.8681519357195033,0.8780131482834186,0.8995617238860482,0.9149013878743608,0.9156318480642806,0.9156318480642806,0.9156318480642806
./instances/realistic-instances/10-10-1110588.cdop,WS./settings/Memetic_MPX_1099666.config,10,10,0.9107625743645213,0.9107625743645213,0.9415900486749594,0.9502433747971877,0.9513250405624663,0.9594375338020552,0.9594375338020552,0.9594375338020552,0.9594375338020552,0.9594375338020552,0.9594375338020552,0.9594375338020552,0.9605191995673337,0.9605191995673337
./instances/realistic-instances/15-10-1110588.cdop,WS./settings/Memetic-LS_MMX_1881515.config,15,10,0.834,0.834,0.86,0.86,0.86,0.86,0.879,0.8855,0.887,0.9275,0.9385,0.9385,0.939,0.939
./instances/realistic-instances/20-10-1110588.cdop,WS./settings/Memetic_MPX_1099666.config,20,10,0.7574083375188347,0.7810145655449523,0.8312405826217981,0.8312405826217981,0.838774485183325,0.838774485183325,0.838774485183325,0.838774485183325,0.838774485183325,0.838774485183325,0.8764439979909593,0.886991461577097,0.903566047212456,0.903566047212456
./instances/realistic-instances/5-25-1110588.cdop,WS./settings/Memetic_MMX_1881515.config,5,25,0.9327265532251682,0.9821923229125445,0.9821923229125445,0.9821923229125445,0.9924812030075187,0.9924812030075187,0.9924812030075187,0.9924812030075187,0.9924812030075187,0.9924812030075187,0.9924812030075187,0.9976256430550059,1.0,1.0
./instances/realistic-instances/5-10-1917698.cdop,WS./settings/Memetic-LS_MPX_1287823.config,5,10,0.9118773946360154,0.9118773946360154,0.9118773946360154,0.9168035030103996,0.9168035030103996,0.9299397920087575,0.9622331691297209,0.9627805145046524,0.9627805145046524,0.9627805145046524,0.9627805145046524,0.9627805145046524,0.9704433497536946,0.9704433497536946
./instances/realistic-instances/10-40-1762875.cdop,WS./settings/Memetic-LS_MPX_1099666.config,10,40,0.7266387726638772,0.7266387726638772,0.7266387726638772,0.7266387726638772,0.7266387726638772,0.7266387726638772,0.7266387726638772,0.7266387726638772,0.7266387726638772,0.7266387726638772,0.7266387726638772,0.7266387726638772,0.7266387726638772,0.7266387726638772
./instances/realistic-instances/15-10-1762875.cdop,WS./settings/Memetic-LS_MPX_1881515.config,15,10,0.8329238329238329,0.8329238329238329,0.8329238329238329,0.8329238329238329,0.8329238329238329,0.8329238329238329,0.8329238329238329,0.8329238329238329,0.8329238329238329,0.8329238329238329,0.8329238329238329,0.8329238329238329,0.8412776412776413,0.8412776412776413
./instances/realistic-instances/10-10-1762875.cdop,WS./settings/Memetic_MMX_1099666.config,10,10,0.9761677788369876,0.982840800762631,0.9871306005719733,0.9871306005719733,0.9871306005719733,0.9923736892278361,0.9923736892278361,0.9947569113441372,0.9957102001906578,0.9957102001906578,0.9957102001906578,0.9957102001906578,1.0,1.0
./instances/realistic-instances/10-10-1891798.cdop,WS./settings/Memetic_MPX_1881515.config,10,10,0.914324569356301,0.9161378059836809,0.9161378059836809,0.9161378059836809,0.9233907524932004,0.9333635539437897,0.9419764279238441,0.942883046237534,0.9605621033544878,0.9605621033544878,0.9605621033544878,0.9673617407071623,0.9705349048050771,0.9705349048050771
./instances/realistic-instances/10-40-1917698.cdop,WS./settings/Memetic-LS_MMX_1287823.config,10,40,0.8309232480533927,0.8309232480533927,0.8309232480533927,0.8309232480533927,0.8317575083426029,0.8406562847608454,0.8451056729699666,0.8637374860956618,0.8637374860956618,0.8637374860956618,0.8762513904338154,0.8932146829810901,0.917686318131257,0.917686318131257
./instances/realistic-instances/10-40-1891798.cdop,WS./settings/Memetic-LS_MMX_1881515.config,10,40,0.8664523670368206,0.8664523670368206,0.8664523670368206,0.8664523670368206,0.8664523670368206,0.8664523670368206,0.8705435417884279,0.8705435417884279,0.8705435417884279,0.8752191700759789,0.8781414377556984,0.8962594973699591,0.907364114552893,0.907364114552893
./instances/realistic-instances/15-10-1762875.cdop,WS./settings/Memetic-LS_MMX_1099666.config,15,10,0.8461916461916462,0.8461916461916462,0.8663390663390663,0.9056511056511056,0.9056511056511056,0.9135135135135135,0.9208845208845209,0.9208845208845209,0.9425061425061425,0.9425061425061425,0.9425061425061425,0.9425061425061425,0.9641277641277641,0.9641277641277641
./instances/realistic-instances/5-40-1767920.cdop,WS./settings/Memetic-LS_MMX_1881515.config,5,40,0.8284375,0.8284375,0.8284375,0.8284375,0.8284375,0.8284375,0.83125,0.83125,0.83125,0.8446875,0.880625,0.9025,0.9034375,0.9034375
./instances/realistic-instances/15-40-1767920.cdop,WS./settings/Memetic_MPX_1881515.config,15,40,0.8746110765401369,0.8926571250777847,0.8926571250777847,0.8926571250777847,0.8926571250777847,0.8926571250777847,0.8926571250777847,0.8926571250777847,0.9116365899191039,0.9116365899191039,0.925326695706285,0.9362165525824517,0.9471064094586186,0.9471064094586186
./instances/realistic-instances/25-10-1917698.cdop,WS./settings/Memetic-LS_MPX_1099666.config,25,10,0.6905940594059405,0.6905940594059405,0.6905940594059405,0.6905940594059405,0.6905940594059405,0.6905940594059405,0.7074257425742574,0.7074257425742574,0.7074257425742574,0.7158415841584158,0.7326732673267327,0.7326732673267327,0.7326732673267327,0.7326732673267327
./instances/realistic-instances/5-40-1762875.cdop,WS./settings/Memetic-LS_MMX_1099666.config,5,40,0.9071888412017167,0.9179184549356223,0.9179184549356223,0.9179184549356223,0.9179184549356223,0.9179184549356223,0.9179184549356223,0.9179184549356223,0.9179184549356223,0.9179184549356223,0.9179184549356223,0.9291845493562232,0.9383047210300429,0.9383047210300429
./instances/realistic-instances/10-25-1891798.cdop,WS./settings/Memetic_MMX_1099666.config,10,25,0.9531531531531532,0.96,0.9661261261261261,0.969009009009009,0.9754954954954955,0.9754954954954955,0.9754954954954955,0.9754954954954955,0.9754954954954955,0.9873873873873874,0.9873873873873874,0.9873873873873874,0.9873873873873874,0.9873873873873874
./instances/realistic-instances/10-25-1762875.cdop,WS./settings/Memetic-LS_MPX_1881515.config,10,25,0.8342133051742344,0.8398451249560014,0.8398451249560014,0.8398451249560014,0.8398451249560014,0.8412530799014432,0.8588525167194649,0.8588525167194649,0.8630763815557903,0.8630763815557903,0.8630763815557903,0.8665962689193946,0.8665962689193946,0.8665962689193946
./instances/realistic-instances/5-40-1891798.cdop,WS./settings/Memetic-LS_MPX_1881515.config,5,40,0.7816657027183342,0.7816657027183342,0.7834008097165992,0.7894736842105263,0.8030653556969346,0.8030653556969346,0.8030653556969346,0.8030653556969346,0.8406593406593407,0.898207056101793,0.9117987275882012,0.9117987275882012,0.9117987275882012,0.9117987275882012
./instances/realistic-instances/10-25-1767920.cdop,WS./settings/Memetic-LS_MPX_1881515.config,10,25,0.8176424050632911,0.8176424050632911,0.8176424050632911,0.8176424050632911,0.8176424050632911,0.8176424050632911,0.8176424050632911,0.8176424050632911,0.8267405063291139,0.853243670886076,0.853243670886076,0.8674841772151899,0.8884493670886076,0.8884493670886076
./instances/realistic-instances/10-10-1891798.cdop,WS./settings/Memetic_MPX_1287823.config,10,10,0.915684496826836,0.915684496826836,0.9383499546690843,0.9383499546690843,0.9383499546690843,0.9383499546690843,0.9446962828649139,0.9456029011786038,0.9519492293744334,0.9551223934723482,0.9551223934723482,0.9551223934723482,0.9605621033544878,0.9605621033544878
./instances/realistic-instances/5-25-1110588.cdop,WS./settings/Memetic-LS_MPX_1287823.config,5,25,0.854372774040364,0.854372774040364,0.8658488326078354,0.8729719034428176,0.8777206173328057,0.888800949742778,0.9034428175702414,0.9172932330827067,0.9299564701226751,0.9319351009101702,0.9319351009101702,0.9319351009101702,0.9481598733676296,0.9481598733676296
./instances/realistic-instances/5-40-1762875.cdop,WS./settings/Memetic-LS_MMX_1287823.config,5,40,0.9179184549356223,0.9179184549356223,0.9179184549356223,0.9179184549356223,0.9179184549356223,0.9179184549356223,0.9179184549356223,0.9179184549356223,0.9179184549356223,0.9179184549356223,0.9240879828326181,0.927843347639485,0.927843347639485,0.927843347639485
./instances/realistic-instances/20-10-1110588.cdop,WS./settings/Memetic_MPX_1287823.config,20,10,0.8337518834756403,0.8337518834756403,0.8337518834756403,0.8337518834756403,0.8337518834756403,0.8337518834756403,0.8337518834756403,0.8337518834756403,0.8337518834756403,0.8337518834756403,0.8824711200401808,0.8824711200401808,0.8824711200401808,0.8824711200401808
./instances/realistic-instances/10-25-1762875.cdop,WS./settings/Memetic-LS_MPX_1287823.config,10,25,0.8342133051742344,0.8342133051742344,0.8342133051742344,0.8342133051742344,0.8342133051742344,0.8342133051742344,0.8342133051742344,0.8342133051742344,0.8398451249560014,0.8651883139739528,0.8655403027103132,0.866948257655755,0.875747976064766,0.875747976064766
./instances/realistic-instances/15-40-1891798.cdop,WS./settings/Memetic-LS_MMX_1287823.config,15,40,0.7521989687594783,0.7521989687594783,0.7521989687594783,0.7521989687594783,0.7521989687594783,0.7521989687594783,0.75674855929633,0.7573551713679102,0.7579617834394905,0.7955717318774643,0.8804974218986957,0.908098271155596,0.9344858962693358,0.9344858962693358
./instances/realistic-instances/15-40-1917698.cdop,WS./settings/Memetic-LS_MMX_1099666.config,15,40,0.6918162458168543,0.6918162458168543,0.7042896257986005,0.7222391238211134,0.7331913599026468,0.7392759355034987,0.7903863705506541,0.8022512929723152,0.8220261636750836,0.8542744143595984,0.8965622147855187,0.9078186796470946,0.9227258898691816,0.9227258898691816
./instances/realistic-instances/5-25-1110588.cdop,WS./settings/Memetic_MPX_1287823.config,5,25,0.9584487534626038,0.9584487534626038,0.9584487534626038,0.9608231104075979,0.9699248120300752,0.9699248120300752,0.9746735259200633,0.9770478828650574,0.9790265136525524,0.9873367629600317,0.9920854768500198,0.9920854768500198,0.998417095370004,0.998417095370004
./instances/realistic-instances/25-10-1762875.cdop,WS./settings/Memetic_MPX_1287823.config,25,10,0.7564593301435407,0.7564593301435407,0.7564593301435407,0.7564593301435407,0.7564593301435407,0.7564593301435407,0.761244019138756,0.8483253588516746,0.8483253588516746,0.8545454545454545,0.8545454545454545,0.8545454545454545,0.8669856459330143,0.8669856459330143
./instances/realistic-instances/25-10-1110588.cdop,WS./settings/Memetic_MPX_1099666.config,25,10,0.7253057384760113,0.7253057384760113,0.7347130761994356,0.7347130761994356,0.7347130761994356,0.753527751646284,0.753527751646284,0.753527751646284,0.753527751646284,0.753527751646284,0.7770460959548448,0.825964252116651,0.825964252116651,0.825964252116651
./instances/realistic-instances/5-25-1917698.cdop,WS./settings/Memetic-LS_MPX_1099666.config,5,25,0.8614627285513361,0.8614627285513361,0.8614627285513361,0.8913502109704642,0.8913502109704642,0.9117440225035162,0.9117440225035162,0.9117440225035162,0.9184247538677919,0.9286216596343179,0.9469057665260197,0.9486638537271449,0.9486638537271449,0.9486638537271449
./instances/realistic-instances/20-10-1917698.cdop,WS./settings/Memetic-LS_MMX_1881515.config,20,10,0.7657054582904222,0.772399588053553,0.8110195674562307,0.8341915550978373,0.8341915550978373,0.8341915550978373,0.8795056642636457,0.8861997940267765,0.8908341915550978,0.917610710607621,0.931513903192585,0.9340885684860968,0.9407826982492276,0.9407826982492276
./instances/realistic-instances/5-40-1767920.cdop,WS./settings/Memetic_MPX_1099666.config,5,40,0.9275,0.9275,0.9328125,0.9584375,0.9646875,0.9709375,0.97375,0.97375,0.97375,0.97375,0.97375,0.97375,0.974375,0.974375
./instances/realistic-instances/10-40-1762875.cdop,WS./settings/Memetic-LS_MMX_1287823.config,10,40,0.7305439330543934,0.7305439330543934,0.7305439330543934,0.7305439330543934,0.7603905160390516,0.7732217573221757,0.7804741980474198,0.8133891213389122,0.8253835425383542,0.8253835425383542,0.8362622036262204,0.8516039051603905,0.8552301255230126,0.8552301255230126
./instances/realistic-instances/5-10-1110588.cdop,WS./settings/Memetic-LS_MMX_1881515.config,5,10,0.9174311926605505,0.9311926605504587,0.9429153924566769,0.9429153924566769,0.9750254841997962,0.9750254841997962,0.9750254841997962,0.9750254841997962,0.9750254841997962,0.9836901121304791,0.9836901121304791,0.9872579001019368,0.9872579001019368,0.9872579001019368
./instances/realistic-instances/25-25-1762875.cdop,WS./settings/Memetic_MMX_1287823.config,25,25,0.9336609336609336,0.9357669357669358,0.9613899613899614,0.9687609687609687,0.9778869778869779,0.9778869778869779,0.9778869778869779,0.9778869778869779,0.9778869778869779,0.9785889785889786,0.9891189891189891,0.9926289926289926,0.9926289926289926,0.9926289926289926
./instances/realistic-instances/25-25-1917698.cdop,WS./settings/Memetic_MPX_1881515.config,25,25,0.7780164697457931,0.7780164697457931,0.7780164697457931,0.7780164697457931,0.7780164697457931,0.7787325456498388,0.7962764052989617,0.7962764052989617,0.8145363408521303,0.832796276405299,0.8442534908700322,0.8564267812388113,0.8564267812388113,0.8564267812388113
./instances/realistic-instances/15-10-1917698.cdop,WS./settings/Memetic_MPX_1287823.config,15,10,0.9030694668820679,0.9030694668820679,0.9030694668820679,0.9079159935379645,0.9079159935379645,0.9100700053850296,0.9122240172320948,0.9122240172320948,0.9138395261173936,0.9138395261173936,0.9219170705438879,0.9219170705438879,0.925686591276252,0.925686591276252
./instances/realistic-instances/5-40-1917698.cdop,WS./settings/Memetic_MPX_1881515.config,5,40,0.9178269178269178,0.9295659295659295,0.9295659295659295,0.9494949494949495,0.9601419601419602,0.9658749658749659,0.9696969696969697,0.9696969696969697,0.9871689871689872,0.9871689871689872,0.9926289926289926,0.9926289926289926,0.9926289926289926,0.9926289926289926
./instances/realistic-instances/20-10-1891798.cdop,WS./settings/Memetic_MMX_1099666.config,20,10,0.955842997323818,0.955842997323818,0.9580731489741302,0.9580731489741302,0.9580731489741302,0.9803746654772525,0.9803746654772525,0.9803746654772525,0.9901873327386262,0.9901873327386262,0.9924174843889384,0.9924174843889384,0.9924174843889384,0.9924174843889384
./instances/realistic-instances/25-25-1917698.cdop,WS./settings/Memetic_MMX_1287823.config,25,25,0.9237379162191193,0.9402076620121733,0.941639813820265,0.9434300035803795,0.9545291800930898,0.9545291800930898,0.9545291800930898,0.9620479770855711,0.9620479770855711,0.9620479770855711,0.9677765843179377,0.9863945578231292,0.9949874686716792,0.9949874686716792
./instances/realistic-instances/10-40-1110588.cdop,WS./settings/Memetic-LS_MMX_1881515.config,10,40,0.8142857142857143,0.8142857142857143,0.8214285714285714,0.8425595238095238,0.8425595238095238,0.8473214285714286,0.8473214285714286,0.8491071428571428,0.8627976190476191,0.8657738095238096,0.8714285714285714,0.8791666666666667,0.8806547619047619,0.8806547619047619
./instances/realistic-instances/15-40-1917698.cdop,WS./settings/Memetic-LS_MPX_1099666.config,15,40,0.674170976574384,0.674170976574384,0.674170976574384,0.674170976574384,0.674170976574384,0.6766048068147247,0.7237602677213264,0.7237602677213264,0.7237602677213264,0.7258898691816246,0.7353209613629449,0.7462731974444783,0.7773045330088226,0.7773045330088226
./instances/realistic-instances/20-10-1110588.cdop,WS./settings/Memetic-LS_MPX_1287823.config,20,10,0.7147162230035158,0.7147162230035158,0.7433450527373179,0.7433450527373179,0.7433450527373179,0.7433450527373179,0.7433450527373179,0.7433450527373179,0.7433450527373179,0.7433450527373179,0.7810145655449523,0.8518332496233049,0.8633852335509794,0.8633852335509794
./instances/realistic-instances/10-40-1762875.cdop,WS./settings/Memetic_MPX_1287823.config,10,40,0.8437935843793585,0.8588563458856346,0.9154811715481171,0.9160390516039052,0.9232914923291492,0.9232914923291492,0.9232914923291492,0.9283124128312413,0.9283124128312413,0.9291492329149232,0.9294281729428173,0.9478382147838215,0.9478382147838215,0.9478382147838215
./instances/realistic-instances/15-10-1917698.cdop,WS./settings/Memetic_MMX_1287823.config,15,10,0.975767366720517,0.975767366720517,0.975767366720517,0.9903069466882067,0.9967689822294022,0.9967689822294022,0.9967689822294022,0.9967689822294022,1.0,1.0,1.0,1.0,1.0,1.0
./instances/realistic-instances/25-10-1762875.cdop,WS./settings/Memetic_MMX_1287823.config,25,10,0.94688995215311,0.94688995215311,0.94688995215311,0.9492822966507177,0.961244019138756,0.9636363636363636,0.9636363636363636,0.9717703349282296,0.9832535885167464,0.9832535885167464,0.9832535885167464,0.9832535885167464,0.9832535885167464,0.9832535885167464
./instances/realistic-instances/20-10-1767920.cdop,WS./settings/Memetic_MMX_1099666.config,20,10,0.9561868078960039,0.9715936446798267,0.9715936446798267,0.9826673086181993,0.9826673086181993,0.9874819451131439,0.9874819451131439,0.9918151179585941,0.9918151179585941,0.9918151179585941,0.9918151179585941,0.9918151179585941,0.9985556090515166,0.9985556090515166
./instances/realistic-instances/5-25-1891798.cdop,WS./settings/Memetic-LS_MPX_1099666.config,5,25,0.8758260869565218,0.8758260869565218,0.8758260869565218,0.8758260869565218,0.8758260869565218,0.8758260869565218,0.8758260869565218,0.8758260869565218,0.8758260869565218,0.8758260869565218,0.8758260869565218,0.8758260869565218,0.9248695652173913,0.9248695652173913
./instances/realistic-instances/25-10-1891798.cdop,WS./settings/Memetic-LS_MMX_1881515.config,25,10,0.7463235294117647,0.7542016806722689,0.8109243697478992,0.8608193277310925,0.8813025210084033,0.8813025210084033,0.8897058823529411,0.9107142857142857,0.9154411764705882,0.9543067226890757,0.9543067226890757,0.9543067226890757,0.9543067226890757,0.9543067226890757
./instances/realistic-instances/15-25-1767920.cdop,WS./settings/Memetic_MPX_1287823.config,15,25,0.8648648648648649,0.9045279045279045,0.9045279045279045,0.9045279045279045,0.9045279045279045,0.9045279045279045,0.9045279045279045,0.9168129168129168,0.9168129168129168,0.9168129168129168,0.9431379431379432,0.9462969462969463,0.9462969462969463,0.9462969462969463
./instances/realistic-instances/5-25-1767920.cdop,WS./settings/Memetic_MPX_1287823.config,5,25,0.9450387310955367,0.9450387310955367,0.9490962744374769,0.9502028771670971,0.9502028771670971,0.9502028771670971,0.9502028771670971,0.9502028771670971,0.9502028771670971,0.9502028771670971,0.966433050534858,0.966433050534858,0.9719660641829583,0.9719660641829583
./instances/realistic-instances/10-10-1891798.cdop,WS./settings/Memetic-LS_MMX_1099666.config,10,10,0.9057116953762466,0.9247506799637353,0.9247506799637353,0.9247506799637353,0.9247506799637353,0.9247506799637353,0.9446962828649139,0.9487760652765186,0.9487760652765186,0.9487760652765186,0.9487760652765186,0.9505893019038985,0.9551223934723482,0.9551223934723482
./instances/realistic-instances/10-25-1891798.cdop,WS./settings/Memetic-LS_MMX_1881515.config,10,25,0.8457657657657658,0.8457657657657658,0.8457657657657658,0.8457657657657658,0.8457657657657658,0.8457657657657658,0.8457657657657658,0.8594594594594595,0.9106306306306307,0.9279279279279279,0.9308108108108109,0.9340540540540541,0.9430630630630631,0.9430630630630631
./instances/realistic-instances/5-25-1917698.cdop,WS./settings/Memetic_MMX_1099666.config,5,25,0.9328410689170182,0.950070323488045,0.9672995780590717,0.9672995780590717,0.9722222222222222,0.9722222222222222,0.9796061884669479,0.9852320675105485,0.9852320675105485,0.9852320675105485,0.9901547116736991,0.9901547116736991,0.9901547116736991,0.9901547116736991
./instances/realistic-instances/25-10-1917698.cdop,WS./settings/Memetic-LS_MMX_1099666.config,25,10,0.7237623762376237,0.755940594059406,0.8207920792079207,0.8207920792079207,0.8207920792079207,0.8207920792079207,0.8207920792079207,0.8425742574257425,0.897029702970297,0.9123762376237624,0.9242574257425743,0.950990099009901,0.950990099009901,0.950990099009901
./instances/realistic-instances/25-10-1762875.cdop,WS./settings/Memetic-LS_MPX_1099666.config,25,10,0.6100478468899522,0.6100478468899522,0.6100478468899522,0.6100478468899522,0.6382775119617224,0.6382775119617224,0.6382775119617224,0.6382775119617224,0.6468899521531101,0.6598086124401914,0.6598086124401914,0.6598086124401914,0.6779904306220096,0.6779904306220096
./instances/realistic-instances/15-10-1762875.cdop,WS./settings/Memetic-LS_MMX_1881515.config,15,10,0.8412776412776413,0.8412776412776413,0.8619164619164619,0.8742014742014742,0.8894348894348895,0.9051597051597051,0.9223587223587224,0.9223587223587224,0.9267813267813267,0.9646191646191646,0.9656019656019657,0.9906633906633907,0.9906633906633907,0.9906633906633907
./instances/realistic-instances/10-40-1110588.cdop,WS./settings/Memetic_MMX_1287823.config,10,40,0.9005952380952381,0.9196428571428571,0.9648809523809524,0.9681547619047619,0.9827380952380952,0.9833333333333333,0.9833333333333333,0.9839285714285714,0.9964285714285714,0.9964285714285714,0.9964285714285714,0.9964285714285714,0.9976190476190476,0.9976190476190476
./instances/realistic-instances/20-10-1917698.cdop,WS./settings/Memetic-LS_MMX_1287823.config,20,10,0.7657054582904222,0.8233779608650875,0.8233779608650875,0.8316168898043255,0.8486096807415036,0.8486096807415036,0.8722966014418125,0.8753861997940268,0.8769309989701339,0.8789907312049433,0.942842430484037,0.942842430484037,0.9459320288362513,0.9459320288362513
./instances/realistic-instances/15-40-1767920.cdop,WS./settings/Memetic_MMX_1099666.config,15,40,0.9433727442439328,0.9620410703173615,0.9620410703173615,0.9763534536403236,0.9791537025513379,0.9791537025513379,0.9828873677660237,0.9828873677660237,0.9863098942128189,0.9863098942128189,0.9965774735532047,1.0,1.0,1.0
./instances/realistic-instances/10-25-1891798.cdop,WS./settings/Memetic-LS_MPX_1287823.config,10,25,0.8446846846846847,0.8446846846846847,0.8446846846846847,0.8446846846846847,0.8446846846846847,0.8446846846846847,0.8446846846846847,0.8446846846846847,0.8446846846846847,0.8446846846846847,0.8446846846846847,0.8446846846846847,0.8446846846846847,0.8446846846846847
./instances/realistic-instances/25-10-1891798.cdop,WS./settings/Memetic_MMX_1287823.config,25,10,0.9679621848739496,0.9800420168067226,0.9816176470588235,0.9816176470588235,0.9816176470588235,0.9816176470588235,0.9816176470588235,0.9816176470588235,0.9926470588235294,0.9926470588235294,0.9978991596638656,0.9978991596638656,0.9978991596638656,0.9978991596638656
./instances/realistic-instances/25-10-1767920.cdop,WS./settings/Memetic-LS_MPX_1287823.config,25,10,0.7741197988111569,0.7741197988111569,0.7741197988111569,0.7741197988111569,0.7741197988111569,0.7741197988111569,0.7741197988111569,0.7741197988111569,0.7741197988111569,0.7741197988111569,0.7741197988111569,0.7782350251486054,0.7782350251486054,0.7782350251486054
./instances/realistic-instances/15-10-1110588.cdop,WS./settings/Memetic-LS_MMX_1099666.config,15,10,0.834,0.8505,0.8625,0.8625,0.8655,0.8655,0.88,0.892,0.907,0.907,0.907,0.908,0.916,0.916
./instances/realistic-instances/5-10-1110588.cdop,WS./settings/Memetic-LS_MMX_1099666.config,5,10,0.9561671763506626,0.9561671763506626,0.9638124362895005,0.9658511722731906,0.9658511722731906,0.9745158002038736,0.9745158002038736,0.9745158002038736,0.9745158002038736,0.9796126401630989,0.9882772680937818,0.9882772680937818,0.9882772680937818,0.9882772680937818
./instances/realistic-instances/10-40-1767920.cdop,WS./settings/Memetic-LS_MMX_1881515.config,10,40,0.7869034406215316,0.7869034406215316,0.7869034406215316,0.7869034406215316,0.7869034406215316,0.7869034406215316,0.8054938956714761,0.8157602663706992,0.8254716981132075,0.8379578246392897,0.8665371809100999,0.896503884572697,0.8973362930077692,0.8973362930077692
./instances/realistic-instances/5-40-1917698.cdop,WS./settings/Memetic_MPX_1287823.config,5,40,0.9273819273819274,0.9273819273819274,0.960960960960961,0.9620529620529621,0.9620529620529621,0.9620529620529621,0.9645099645099645,0.9672399672399672,0.9702429702429702,0.9702429702429702,0.972972972972973,0.9863499863499864,0.9863499863499864,0.9863499863499864
./instances/realistic-instances/25-25-1891798.cdop,WS./settings/Memetic_MMX_1287823.config,25,25,0.9463548830811555,0.9635488308115543,0.9645804676753783,0.9773039889958735,0.9773039889958735,0.9773039889958735,0.9773039889958735,0.9803988995873453,0.9834938101788171,0.9865887207702888,0.9924346629986245,0.9924346629986245,0.9962173314993122,0.9962173314993122
./instances/realistic-instances/5-10-1762875.cdop,WS./settings/Memetic_MPX_1099666.config,5,10,0.967556253270539,0.9727891156462585,0.9738356881214024,0.9937205651491365,0.9937205651491365,0.9937205651491365,0.9937205651491365,0.9937205651491365,0.9937205651491365,0.9937205651491365,0.9937205651491365,0.9942438513867086,0.9942438513867086,0.9942438513867086
./instances/realistic-instances/10-40-1762875.cdop,WS./settings/Memetic_MMX_1099666.config,10,40,0.9302649930264993,0.9302649930264993,0.9358437935843794,0.9606694560669456,0.9751743375174338,0.9751743375174338,0.9751743375174338,0.9871687587168759,0.9871687587168759,0.9871687587168759,0.9871687587168759,0.9871687587168759,0.999721059972106,0.999721059972106
./instances/realistic-instances/5-40-1917698.cdop,WS./settings/Memetic_MPX_1099666.config,5,40,0.9342069342069342,0.9342069342069342,0.9519519519519519,0.9546819546819547,0.9546819546819547,0.9546819546819547,0.9546819546819547,0.9546819546819547,0.9546819546819547,0.974064974064974,0.9882609882609883,0.9937209937209938,0.9945399945399945,0.9945399945399945
./instances/realistic-instances/10-25-1110588.cdop,WS./settings/Memetic-LS_MPX_1287823.config,10,25,0.837809187279152,0.837809187279152,0.837809187279152,0.837809187279152,0.837809187279152,0.837809187279152,0.8681978798586573,0.8872791519434629,0.8911660777385159,0.8911660777385159,0.8964664310954064,0.9169611307420494,0.9169611307420494,0.9169611307420494
./instances/realistic-instances/5-40-1891798.cdop,WS./settings/Memetic_MPX_1881515.config,5,40,0.8987854251012146,0.9259687680740313,0.9259687680740313,0.9595141700404858,0.9595141700404858,0.9652978600347022,0.9652978600347022,0.9652978600347022,0.9652978600347022,0.973395026026605,0.973395026026605,0.979757085020243,0.9820705610179294,0.9820705610179294
./instances/realistic-instances/20-25-1917698.cdop,WS./settings/Memetic_MPX_1099666.config,20,25,0.8276743336984301,0.8276743336984301,0.8276743336984301,0.8276743336984301,0.8276743336984301,0.8630887185104053,0.8630887185104053,0.8630887185104053,0.8714859437751004,0.8714859437751004,0.8714859437751004,0.8714859437751004,0.8784227820372399,0.8784227820372399
./instances/realistic-instances/5-25-1762875.cdop,WS./settings/Memetic-LS_MPX_1099666.config,5,25,0.8323262839879154,0.8323262839879154,0.8323262839879154,0.8323262839879154,0.8323262839879154,0.8323262839879154,0.8323262839879154,0.8323262839879154,0.8323262839879154,0.8323262839879154,0.8919939577039275,0.8972809667673716,0.8972809667673716,0.8972809667673716
./instances/realistic-instances/15-25-1767920.cdop,WS./settings/Memetic_MMX_1287823.config,15,25,0.9389259389259389,0.9441909441909442,0.9441909441909442,0.9533169533169533,0.9533169533169533,0.9533169533169533,0.9533169533169533,0.9533169533169533,0.9722709722709723,0.9778869778869779,0.9803439803439803,0.9905229905229905,0.9908739908739909,0.9908739908739909
./instances/realistic-instances/25-25-1762875.cdop,WS./settings/Memetic-LS_MMX_1881515.config,25,25,0.8002808002808003,0.8171288171288171,0.8346788346788346,0.8374868374868375,0.8588978588978589,0.8627588627588627,0.8627588627588627,0.8739908739908739,0.8767988767988768,0.8806598806598807,0.905931905931906,0.905931905931906,0.9462969462969463,0.9462969462969463
./instances/realistic-instances/15-10-1110588.cdop,WS./settings/Memetic_MPX_1287823.config,15,10,0.8945,0.901,0.9275,0.9275,0.9345,0.958,0.958,0.958,0.958,0.958,0.958,0.9585,0.9585,0.9585
./instances/realistic-instances/10-10-1762875.cdop,WS./settings/Memetic_MPX_1287823.config,10,10,0.9213536701620592,0.9356530028598665,0.9356530028598665,0.9356530028598665,0.949952335557674,0.949952335557674,0.9632983794089609,0.9632983794089609,0.9652049571020019,0.9775977121067684,0.9775977121067684,0.9775977121067684,0.9775977121067684,0.9775977121067684
./instances/realistic-instances/15-40-1110588.cdop,WS./settings/Memetic-LS_MMX_1287823.config,15,40,0.7832047986289632,0.7832047986289632,0.7832047986289632,0.7832047986289632,0.7832047986289632,0.7832047986289632,0.7832047986289632,0.7912025135675521,0.808626106826621,0.8266209654384462,0.8626106826620965,0.8768923164810054,0.8886032562125107,0.8886032562125107
./instances/realistic-instances/25-25-1891798.cdop,WS./settings/Memetic-LS_MPX_1881515.config,25,25,0.6825997248968363,0.6825997248968363,0.6825997248968363,0.6825997248968363,0.6825997248968363,0.6825997248968363,0.6825997248968363,0.6825997248968363,0.6946354883081155,0.7152682255845942,0.7152682255845942,0.7152682255845942,0.7152682255845942,0.7152682255845942
./instances/realistic-instances/10-25-1891798.cdop,WS./settings/Memetic_MMX_1287823.config,10,25,0.9589189189189189,0.9625225225225226,0.9625225225225226,0.9625225225225226,0.9646846846846847,0.9722522522522522,0.9722522522522522,0.9819819819819819,0.9834234234234234,0.9834234234234234,0.9841441441441442,0.9891891891891892,0.9924324324324324,0.9924324324324324
./instances/realistic-instances/15-25-1110588.cdop,WS./settings/Memetic_MMX_1287823.config,15,25,0.9393641429039659,0.9432972795804654,0.9442805637495904,0.9750901343821697,0.9773844641101278,0.9790232710586693,0.9790232710586693,0.9790232710586693,0.989839396919043,0.989839396919043,0.989839396919043,0.9924614880367093,0.9924614880367093,0.9924614880367093
./instances/realistic-instances/10-10-1762875.cdop,WS./settings/Memetic-LS_MPX_1881515.config,10,10,0.8775023832221163,0.8822688274547188,0.8822688274547188,0.8822688274547188,0.8822688274547188,0.9046711153479504,0.9046711153479504,0.9299332697807435,0.9542421353670162,0.9542421353670162,0.9542421353670162,0.9542421353670162,0.9542421353670162,0.9542421353670162
./instances/realistic-instances/5-40-1767920.cdop,WS./settings/Memetic-LS_MMX_1099666.config,5,40,0.8284375,0.8284375,0.8284375,0.8284375,0.8284375,0.8284375,0.8284375,0.8284375,0.8303125,0.8303125,0.8728125,0.8965625,0.8975,0.8975
./instances/realistic-instances/15-25-1891798.cdop,WS./settings/Memetic-LS_MMX_1287823.config,15,25,0.7786821705426357,0.7786821705426357,0.8077519379844961,0.8096899224806201,0.8116279069767441,0.8313953488372093,0.834108527131783,0.8476744186046512,0.8480620155038759,0.8713178294573644,0.8713178294573644,0.9135658914728683,0.9302325581395349,0.9302325581395349
./instances/realistic-instances/15-40-1110588.cdop,WS./settings/Memetic_MMX_1881515.config,15,40,0.8977435018566124,0.9354470151385319,0.9354470151385319,0.9431590974007427,0.9620108540417024,0.9637246500999714,0.9745786918023421,0.9782919165952585,0.9785775492716366,0.9785775492716366,0.9851471008283348,0.9851471008283348,0.9851471008283348,0.9851471008283348
./instances/realistic-instances/20-25-1917698.cdop,WS./settings/Memetic-LS_MMX_1099666.config,20,25,0.8276743336984301,0.8276743336984301,0.8276743336984301,0.8276743336984301,0.8276743336984301,0.841548010222709,0.8426433004746258,0.8426433004746258,0.8488499452354874,0.8605330412559328,0.8692953632712669,0.8849945235487404,0.886820007301935,0.886820007301935
./instances/realistic-instances/10-10-1767920.cdop,WS./settings/Memetic_MPX_1287823.config,10,10,0.9240155296727676,0.9240155296727676,0.9240155296727676,0.9434276206322796,0.9572933998890738,0.9572933998890738,0.9572933998890738,0.961730449251248,0.961730449251248,0.9628397115917915,0.9683860232945092,0.9683860232945092,0.9683860232945092,0.9683860232945092
./instances/realistic-instances/5-40-1110588.cdop,WS./settings/Memetic_MMX_1881515.config,5,40,0.8990799309948246,0.8990799309948246,0.9039677975848188,0.933870040253019,0.9401955146635997,0.9401955146635997,0.9551466359976998,0.9775733179988499,0.9876365727429557,0.9876365727429557,0.9919493962047153,0.9919493962047153,0.9919493962047153,0.9919493962047153
./instances/realistic-instances/10-25-1917698.cdop,WS./settings/Memetic-LS_MPX_1881515.config,10,25,0.8681519357195033,0.8681519357195033,0.8681519357195033,0.8681519357195033,0.8681519357195033,0.8681519357195033,0.8681519357195033,0.8681519357195033,0.8681519357195033,0.8834915997078159,0.8834915997078159,0.8834915997078159,0.8889700511322133,0.8889700511322133
./instances/realistic-instances/5-25-1767920.cdop,WS./settings/Memetic-LS_MMX_1099666.config,5,25,0.8185171523423092,0.8185171523423092,0.8185171523423092,0.8421246772408705,0.8421246772408705,0.8465510881593508,0.8465510881593508,0.8720029509406123,0.8756916267060125,0.8756916267060125,0.9029878273699742,0.9490962744374769,0.9620066396163777,0.9620066396163777
./instances/realistic-instances/10-10-1762875.cdop,WS./settings/Memetic-LS_MPX_1099666.config,10,10,0.8775023832221163,0.8775023832221163,0.8775023832221163,0.8775023832221163,0.8956148713060057,0.9041944709246902,0.9122974261201144,0.9218303145853194,0.9218303145853194,0.9218303145853194,0.9218303145853194,0.9242135367016205,0.9242135367016205,0.9242135367016205
./instances/realistic-instances/20-10-1891798.cdop,WS./settings/Memetic-LS_MMX_1287823.config,20,10,0.7850133809099019,0.8055307760927743,0.8055307760927743,0.8055307760927743,0.8055307760927743,0.8202497769848349,0.8278322925958965,0.8278322925958965,0.8679750223015165,0.8679750223015165,0.9094558429973238,0.9567350579839429,0.9567350579839429,0.9567350579839429
./instances/realistic-instances/20-25-1762875.cdop,WS./settings/Memetic_MMX_1099666.config,20,25,0.9424162589386527,0.9544599171998495,0.9601053820097855,0.9668799397817087,0.9668799397817087,0.9785472337222432,0.9785472337222432,0.9785472337222432,0.9796763266842303,0.9800526910048928,0.9860745201354911,0.988709070380128,0.994354535190064,0.994354535190064
./instances/realistic-instances/10-40-1762875.cdop,WS./settings/Memetic-LS_MPX_1881515.config,10,40,0.7266387726638772,0.7266387726638772,0.7266387726638772,0.7266387726638772,0.7266387726638772,0.7266387726638772,0.7266387726638772,0.7266387726638772,0.7266387726638772,0.7266387726638772,0.7266387726638772,0.7266387726638772,0.7266387726638772,0.7266387726638772
./instances/realistic-instances/15-10-1767920.cdop,WS./settings/Memetic_MPX_1099666.config,15,10,0.8982793522267206,0.8982793522267206,0.9418016194331984,0.9418016194331984,0.9418016194331984,0.9418016194331984,0.9418016194331984,0.9418016194331984,0.9418016194331984,0.9418016194331984,0.9418016194331984,0.9418016194331984,0.957995951417004,0.957995951417004
./instances/realistic-instances/20-25-1110588.cdop,WS./settings/Memetic_MPX_1287823.config,20,25,0.7024013722126929,0.7641509433962265,0.7924528301886793,0.7924528301886793,0.7997427101200686,0.8173241852487135,0.8520583190394511,0.8520583190394511,0.8520583190394511,0.8520583190394511,0.8520583190394511,0.8520583190394511,0.8520583190394511,0.8520583190394511
./instances/realistic-instances/15-25-1917698.cdop,WS./settings/Memetic-LS_MMX_1099666.config,15,25,0.8144252441773103,0.8144252441773103,0.818557475582269,0.8234410217881293,0.82381667918858,0.873779113448535,0.8782870022539444,0.8782870022539444,0.8895567242674681,0.9274981217129977,0.9274981217129977,0.9274981217129977,0.9312546957175056,0.9312546957175056
./instances/realistic-instances/5-40-1110588.cdop,WS./settings/Memetic_MPX_1287823.config,5,40,0.9393329499712478,0.9393329499712478,0.9393329499712478,0.941345600920069,0.9416331224841863,0.9583093732029903,0.9583093732029903,0.9620471535365153,0.9741230592294422,0.984186313973548,0.984186313973548,0.984186313973548,0.984186313973548,0.984186313973548
./instances/realistic-instances/25-25-1110588.cdop,WS./settings/Memetic_MMX_1099666.config,25,25,0.9348370927318296,0.9509488005728607,0.9534550662370211,0.9684926602219835,0.9695667740780523,0.9738632295023273,0.9849624060150376,0.9849624060150376,0.9849624060150376,0.9849624060150376,0.9849624060150376,0.9849624060150376,0.9860365198711063,0.9860365198711063
./instances/realistic-instances/20-25-1891798.cdop,WS./settings/Memetic_MPX_1287823.config,20,25,0.7958188153310104,0.7958188153310104,0.8160278745644599,0.8428571428571429,0.8428571428571429,0.8428571428571429,0.8428571428571429,0.8428571428571429,0.8599303135888502,0.8602787456445993,0.8602787456445993,0.8668989547038327,0.8668989547038327,0.8668989547038327
./instances/realistic-instances/10-25-1917698.cdop,WS./settings/Memetic-LS_MMX_1287823.config,10,25,0.8681519357195033,0.8681519357195033,0.8681519357195033,0.8681519357195033,0.8681519357195033,0.8681519357195033,0.8681519357195033,0.8681519357195033,0.8681519357195033,0.8681519357195033,0.9240321402483564,0.9357195032870709,0.9357195032870709,0.9357195032870709
./instances/realistic-instances/10-25-1767920.cdop,WS./settings/Memetic_MMX_1287823.config,10,25,0.9335443037974683,0.9367088607594937,0.9367088607594937,0.946993670886076,0.9707278481012658,0.9707278481012658,0.9707278481012658,0.9707278481012658,0.9707278481012658,0.9707278481012658,0.9707278481012658,0.9762658227848101,0.9814082278481012,0.9814082278481012
./instances/realistic-instances/15-10-1917698.cdop,WS./settings/Memetic-LS_MMX_1287823.config,15,10,0.8050619278406032,0.8050619278406032,0.8222940226171244,0.8341410877759827,0.843834141087776,0.8885298869143781,0.9030694668820679,0.9165320409262251,0.9165320409262251,0.9375336564351104,0.9375336564351104,0.9375336564351104,0.9499192245557351,0.9499192245557351
./instances/realistic-instances/5-25-1891798.cdop,WS./settings/Memetic_MPX_1099666.config,5,25,0.9394782608695652,0.9394782608695652,0.9394782608695652,0.9394782608695652,0.9725217391304348,0.9725217391304348,0.9725217391304348,0.9725217391304348,0.9725217391304348,0.9725217391304348,0.9725217391304348,0.9725217391304348,0.9725217391304348,0.9725217391304348
./instances/realistic-instances/20-10-1917698.cdop,WS./settings/Memetic_MMX_1287823.config,20,10,0.9639546858908342,0.9639546858908342,0.9639546858908342,0.9639546858908342,0.9644696189495365,0.9794026776519053,0.981977342945417,0.981977342945417,0.9840370751802265,0.9840370751802265,0.9922760041194645,0.9922760041194645,0.9984552008238929,0.9984552008238929
./instances/realistic-instances/5-40-1891798.cdop,WS./settings/Memetic_MMX_1287823.config,5,40,0.924812030075188,0.924812030075188,0.9574898785425101,0.9713707345286293,0.9713707345286293,0.9713707345286293,0.9736842105263158,0.9849624060150376,0.9849624060150376,0.9855407750144592,0.9855407750144592,0.9855407750144592,0.9924812030075187,0.9924812030075187
./instances/realistic-instances/10-25-1110588.cdop,WS./settings/Memetic_MPX_1881515.config,10,25,0.9508833922261484,0.9508833922261484,0.9537102473498233,0.9537102473498233,0.9568904593639576,0.9568904593639576,0.9660777385159011,0.9660777385159011,0.9689045936395759,0.9689045936395759,0.9689045936395759,0.9689045936395759,0.9706713780918728,0.9706713780918728
./instances/realistic-instances/20-25-1767920.cdop,WS./settings/Memetic-LS_MPX_1099666.config,20,25,0.7992700729927007,0.7992700729927007,0.7992700729927007,0.7992700729927007,0.7992700729927007,0.7992700729927007,0.7992700729927007,0.7992700729927007,0.808029197080292,0.808029197080292,0.808029197080292,0.808029197080292,0.808029197080292,0.808029197080292
./instances/realistic-instances/15-10-1767920.cdop,WS./settings/Memetic-LS_MPX_1881515.config,15,10,0.8724696356275303,0.8775303643724697,0.8775303643724697,0.8775303643724697,0.8775303643724697,0.8942307692307693,0.8942307692307693,0.8942307692307693,0.895242914979757,0.9114372469635628,0.9245951417004049,0.9316801619433198,0.9316801619433198,0.9316801619433198
./instances/realistic-instances/20-25-1767920.cdop,./settings/Memetic-LS_MMX_1099666.config,20,25,0.5562043795620438,0.5978102189781022,0.635036496350365,0.6708029197080292,0.7412408759124087,0.8083941605839416,0.8343065693430657,0.8777372262773723,0.8930656934306569,0.897080291970803,0.9032846715328468,0.9138686131386862,0.92992700729927,0.92992700729927
./instances/realistic-instances/15-25-1762875.cdop,./settings/Memetic_MMX_1287823.config,15,25,0.941747572815534,0.9453434016540813,0.9492988133764833,0.9561308881697231,0.9582883854728514,0.9611650485436893,0.9611650485436893,0.9672779575692197,0.9751887810140237,0.9751887810140237,0.9816612729234089,0.9816612729234089,0.9892125134843581,0.9892125134843581
./instances/realistic-instances/10-10-1767920.cdop,./settings/Memetic-LS_MMX_1881515.config,10,10,0.7542983915696062,0.7542983915696062,0.7631724902939545,0.7681641708264004,0.812534664448142,0.8141985579589573,0.8275097060454798,0.8696616749861342,0.8829728230726567,0.8879645036051026,0.8879645036051026,0.8912922906267332,0.8912922906267332,0.8912922906267332
./instances/realistic-instances/25-25-1110588.cdop,./settings/Memetic-LS_MPX_1881515.config,25,25,0.5492302184031508,0.5492302184031508,0.5492302184031508,0.568922305764411,0.6655925528105979,0.6716791979949874,0.677765843179377,0.6888650196920874,0.6981740064446831,0.7124955245255997,0.7175080558539205,0.7175080558539205,0.7368421052631579,0.7368421052631579
./instances/realistic-instances/15-40-1767920.cdop,./settings/Memetic_MMX_1881515.config,15,40,0.9250155569383945,0.9287492221530803,0.9362165525824517,0.939639079029247,0.939639079029247,0.9589296826384568,0.9604853764779091,0.9710640945861855,0.9710640945861855,0.9710640945861855,0.9775980087118855,0.9819539514623522,0.9819539514623522,0.9819539514623522
./instances/realistic-instances/20-25-1891798.cdop,./settings/Memetic-LS_MMX_1881515.config,20,25,0.5414634146341464,0.632404181184669,0.6794425087108014,0.6818815331010453,0.7766550522648084,0.8355400696864111,0.872822299651568,0.872822299651568,0.872822299651568,0.872822299651568,0.8905923344947735,0.9010452961672474,0.9010452961672474,0.9010452961672474
./instances/realistic-instances/20-25-1762875.cdop,./settings/Memetic_MPX_1099666.config,20,25,0.8121942039894618,0.8904779826872412,0.8942416258938652,0.8942416258938652,0.9036507339104253,0.9036507339104253,0.9059089198343997,0.9281144147534813,0.9281144147534813,0.9281144147534813,0.9281144147534813,0.9281144147534813,0.9281144147534813,0.9281144147534813
./instances/realistic-instances/25-25-1110588.cdop,./settings/Memetic_MPX_1881515.config,25,25,0.6999641962047977,0.7633369137128536,0.8506981740064447,0.8582169709989259,0.8617973505191551,0.8664518438954529,0.8728965270318654,0.8754027926960258,0.8754027926960258,0.8754027926960258,0.8754027926960258,0.8754027926960258,0.8754027926960258,0.8754027926960258
./instances/realistic-instances/10-10-1767920.cdop,./settings/Memetic-LS_MPX_1099666.config,10,10,0.7703826955074875,0.7981142540210759,0.8180809761508597,0.8180809761508597,0.8463671658347199,0.8463671658347199,0.8813089295618414,0.8890737659456461,0.9057127010537992,0.906267332224071,0.9317803660565723,0.9406544647809207,0.9406544647809207,0.9406544647809207
./instances/realistic-instances/15-40-1762875.cdop,./settings/Memetic-LS_MPX_1099666.config,15,40,0.544975095224143,0.5558159976560211,0.5906826838558453,0.5906826838558453,0.5906826838558453,0.6276003515968356,0.6516261353647818,0.6982127160855552,0.7483152651626135,0.7500732493407559,0.7500732493407559,0.7661881043070612,0.8262525637269265,0.8262525637269265
./instances/realistic-instances/15-40-1917698.cdop,./settings/Memetic-LS_MPX_1881515.config,15,40,0.4730757529662306,0.4730757529662306,0.5083662914511713,0.5889869181624582,0.5889869181624582,0.5941588074231823,0.5941588074231823,0.6041983571645878,0.6297535746881655,0.674170976574384,0.7356251901429876,0.7411013081837542,0.8004259202920596,0.8004259202920596
./instances/realistic-instances/5-10-1767920.cdop,./settings/Memetic-LS_MMX_1881515.config,5,10,0.9054982817869416,0.9066437571592211,0.9249713631156931,0.927262313860252,0.9404352806414662,0.9576174112256587,0.9633447880870561,0.9633447880870561,0.9633447880870561,0.9810996563573883,0.9810996563573883,0.9810996563573883,0.9810996563573883,0.9810996563573883
./instances/realistic-instances/5-10-1891798.cdop,./settings/Memetic-LS_MMX_1099666.config,5,10,0.8656716417910447,0.8656716417910447,0.8888317035512094,0.9058157488419969,0.9058157488419969,0.9058157488419969,0.9547092125579002,0.9675759135357694,0.9675759135357694,0.970663921770458,0.9804426145136387,0.9804426145136387,0.9804426145136387,0.9804426145136387
./instances/realistic-instances/10-25-1917698.cdop,./settings/Memetic-LS_MMX_1099666.config,10,25,0.4408327246165084,0.654127100073046,0.6691015339663988,0.6964937910883857,0.7454346238130022,0.8528122717311907,0.9002921840759679,0.9065010956902849,0.9222059897735574,0.9382761139517897,0.9382761139517897,0.943754565376187,0.9693206720233747,0.9693206720233747
./instances/realistic-instances/20-10-1917698.cdop,./settings/Memetic_MPX_1287823.config,20,10,0.8269824922760041,0.8269824922760041,0.8269824922760041,0.849124613800206,0.8733264675592173,0.8872296601441813,0.8872296601441813,0.8872296601441813,0.8872296601441813,0.8877445932028837,0.9140061791967045,0.9140061791967045,0.9140061791967045,0.9140061791967045
./instances/realistic-instances/10-10-1891798.cdop,./settings/Memetic-LS_MPX_1881515.config,10,10,0.7733454215775158,0.7733454215775158,0.7733454215775158,0.8118766999093382,0.8445149592021759,0.8608340888485947,0.8608340888485947,0.8649138712601995,0.885312783318223,0.9070716228467816,0.9088848594741614,0.914324569356301,0.914324569356301,0.914324569356301
./instances/realistic-instances/15-40-1917698.cdop,./settings/Memetic-LS_MMX_1287823.config,15,40,0.5536963796775175,0.6005476118040767,0.6766048068147247,0.6985092789777912,0.770307271067843,0.7730453300882264,0.794949802251293,0.8512321265591725,0.854578643139641,0.8813507757833892,0.8898691816245817,0.8935199269850927,0.9011256464861576,0.9011256464861576
./instances/realistic-instances/15-10-1110588.cdop,./settings/Memetic_MPX_1099666.config,15,10,0.9005,0.9155,0.921,0.924,0.924,0.9375,0.9405,0.948,0.952,0.952,0.953,0.9565,0.9565,0.9565
./instances/realistic-instances/10-25-1762875.cdop,./settings/Memetic_MMX_1099666.config,10,25,0.9510735656458993,0.970080957409363,0.9834565293910594,0.9834565293910594,0.9834565293910594,0.9859204505455825,0.9859204505455825,0.9859204505455825,0.9859204505455825,0.9859204505455825,0.9859204505455825,0.9859204505455825,0.9936642027455121,0.9936642027455121
./instances/realistic-instances/10-25-1767920.cdop,./settings/Memetic_MPX_1881515.config,10,25,0.9094145569620253,0.9094145569620253,0.9094145569620253,0.9141613924050633,0.9177215189873418,0.9394778481012658,0.9394778481012658,0.9394778481012658,0.9394778481012658,0.9394778481012658,0.9703322784810127,0.9703322784810127,0.9742879746835443,0.9742879746835443
./instances/realistic-instances/5-40-1767920.cdop,./settings/Memetic-LS_MPX_1881515.config,5,40,0.6528125,0.7459375,0.7628125,0.773125,0.783125,0.829375,0.848125,0.8715625,0.889375,0.8959375,0.8959375,0.90625,0.9125,0.9125
./instances/realistic-instances/5-25-1917698.cdop,./settings/Memetic_MMX_1881515.config,5,25,0.9430379746835443,0.9486638537271449,0.9549929676511955,0.9549929676511955,0.9585091420534458,0.9585091420534458,0.9796061884669479,0.9887482419127989,0.9887482419127989,0.9887482419127989,0.989803094233474,0.9922644163150492,0.9922644163150492,0.9922644163150492
./instances/realistic-instances/5-40-1891798.cdop,./settings/Memetic-LS_MPX_1099666.config,5,40,0.6925968768074031,0.7041642567958357,0.7215153267784846,0.7481203007518797,0.7810873337189127,0.813475997686524,0.8441295546558705,0.8724696356275303,0.8724696356275303,0.8883747831116252,0.9063042220936958,0.9097744360902256,0.9132446500867554,0.9132446500867554
./instances/realistic-instances/5-10-1917698.cdop,./settings/Memetic-LS_MPX_1881515.config,5,10,0.8773946360153256,0.8823207443897099,0.909688013136289,0.9151614668856048,0.9200875752599891,0.9206349206349206,0.9206349206349206,0.9206349206349206,0.9206349206349206,0.9206349206349206,0.9518336070060208,0.9518336070060208,0.9518336070060208,0.9518336070060208
./instances/realistic-instances/25-10-1110588.cdop,./settings/Memetic-LS_MPX_1099666.config,25,10,0.5211665098777046,0.5493885230479775,0.5493885230479775,0.5493885230479775,0.5493885230479775,0.5526810912511759,0.5959548447789276,0.6688617121354656,0.6688617121354656,0.6688617121354656,0.6688617121354656,0.6688617121354656,0.6688617121354656,0.6688617121354656
./instances/realistic-instances/25-10-1762875.cdop,./settings/Memetic-LS_MPX_1881515.config,25,10,0.5229665071770335,0.5564593301435407,0.5564593301435407,0.5593301435406699,0.5789473684210527,0.5875598086124402,0.600956937799043,0.6526315789473685,0.6770334928229665,0.69377990430622,0.7239234449760765,0.754066985645933,0.7598086124401914,0.7598086124401914
./instances/realistic-instances/5-25-1110588.cdop,./settings/Memetic-LS_MPX_1881515.config,5,25,0.7740403640680649,0.7867036011080333,0.8239018599129403,0.8239018599129403,0.8634744756628413,0.8757419865453107,0.8990898298377523,0.8990898298377523,0.8990898298377523,0.9311436485951722,0.9311436485951722,0.9402453502176494,0.9402453502176494,0.9402453502176494
./instances/realistic-instances/15-10-1891798.cdop,./settings/Memetic-LS_MPX_1287823.config,15,10,0.6196560196560197,0.6452088452088452,0.6452088452088452,0.6800982800982801,0.7213759213759213,0.7213759213759213,0.7533169533169534,0.7587223587223587,0.773955773955774,0.7803439803439803,0.8398034398034399,0.8525798525798526,0.8535626535626536,0.8535626535626536
./instances/realistic-instances/20-10-1767920.cdop,./settings/Memetic-LS_MMX_1881515.config,20,10,0.7780452575830524,0.784785748675975,0.8127106403466539,0.8180067404910929,0.830524795377949,0.857486759749639,0.8873375060182956,0.8873375060182956,0.9123736157920077,0.9205584978334136,0.921039961482908,0.9316321617717862,0.9316321617717862,0.9316321617717862
./instances/realistic-instances/20-25-1762875.cdop,./settings/Memetic_MPX_1881515.config,20,25,0.8264960481746331,0.8264960481746331,0.8264960481746331,0.8264960481746331,0.8641324802408732,0.8663906661648476,0.8697779450508092,0.874294316898758,0.8998870907038012,0.8998870907038012,0.8998870907038012,0.9269853217914942,0.9269853217914942,0.9269853217914942
./instances/realistic-instances/5-25-1110588.cdop,./settings/Memetic_MMX_1099666.config,5,25,0.9544914918876137,0.962801741195093,0.9643846458250891,0.9643846458250891,0.9738820736050653,0.9738820736050653,0.9738820736050653,0.9766521567075583,0.9790265136525524,0.9849624060150376,0.9944598337950139,0.9944598337950139,0.9944598337950139,0.9944598337950139
./instances/realistic-instances/5-25-1767920.cdop,./settings/Memetic_MMX_1881515.config,5,25,0.9561047583917374,0.9561047583917374,0.9594245665805976,0.965695315381778,0.9723349317594984,0.9730726669125784,0.9786056805606788,0.983400959055699,0.983400959055699,0.983400959055699,0.9881962375507193,0.9926226484691996,0.9944669863518997,0.9944669863518997
./instances/realistic-instances/5-40-1762875.cdop,./settings/Memetic_MMX_1881515.config,5,40,0.9417918454935622,0.9417918454935622,0.9509120171673819,0.960568669527897,0.960568669527897,0.9611051502145923,0.9678111587982833,0.9678111587982833,0.9729077253218884,0.9774678111587983,0.9849785407725322,0.9930257510729614,0.9989270386266095,0.9989270386266095
./instances/realistic-instances/20-25-1917698.cdop,./settings/Memetic-LS_MMX_1881515.config,20,25,0.524644030668127,0.6042351223074115,0.7028112449799196,0.7126688572471706,0.7447973713033954,0.7772909821102593,0.7864184008762322,0.8229280759401242,0.8762322015334063,0.8791529755385177,0.8831690397955458,0.9178532311062432,0.9218692953632712,0.9218692953632712
./instances/realistic-instances/20-25-1110588.cdop,./settings/Memetic-LS_MPX_1881515.config,20,25,0.42152658662092624,0.42152658662092624,0.42152658662092624,0.42152658662092624,0.42152658662092624,0.42152658662092624,0.42152658662092624,0.4339622641509434,0.4339622641509434,0.4841337907375643,0.4841337907375643,0.5090051457975986,0.5167238421955404,0.5167238421955404
./instances/realistic-instances/10-10-1110588.cdop,./settings/Memetic-LS_MPX_1287823.config,10,10,0.7182260681449432,0.777176852352623,0.7787993510005409,0.8182801514332071,0.8296376419686317,0.8431584640346133,0.8723634396971336,0.8869659275283938,0.9286100594916171,0.9340183883180098,0.9421308815575987,0.9459167117360735,0.9480800432666306,0.9480800432666306
./instances/realistic-instances/25-10-1917698.cdop,./settings/Memetic_MMX_1287823.config,25,10,0.95,0.9524752475247524,0.9688118811881188,0.9787128712871287,0.9816831683168317,0.9861386138613861,0.9861386138613861,0.9861386138613861,0.9861386138613861,0.9881188118811881,0.9881188118811881,0.9930693069306931,0.9930693069306931,0.9930693069306931
./instances/realistic-instances/20-10-1110588.cdop,./settings/Memetic-LS_MPX_1099666.config,20,10,0.633852335509794,0.6579608237066801,0.6579608237066801,0.6805625313912607,0.6880964339527875,0.7026619789050729,0.731290808638875,0.7559015570065294,0.7694625816172778,0.7780010045203415,0.7815168257157208,0.8402812656956303,0.8427925665494727,0.8427925665494727
./instances/realistic-instances/5-25-1762875.cdop,./settings/Memetic_MPX_1287823.config,5,25,0.9123867069486404,0.9123867069486404,0.9384441087613293,0.9384441087613293,0.9569486404833837,0.9569486404833837,0.9569486404833837,0.9599697885196374,0.9641238670694864,0.9641238670694864,0.9641238670694864,0.9641238670694864,0.9675226586102719,0.9675226586102719
./instances/realistic-instances/5-25-1110588.cdop,./settings/Memetic-LS_MMX_1099666.config,5,25,0.7985753858330036,0.813612979817966,0.8539770478828651,0.8725761772853186,0.8725761772853186,0.925999208547685,0.9366838148001583,0.9414325286901464,0.9485555995251286,0.9485555995251286,0.9485555995251286,0.9485555995251286,0.9485555995251286,0.9485555995251286
./instances/realistic-instances/25-25-1110588.cdop,./settings/Memetic_MMX_1881515.config,25,25,0.958109559613319,0.9595417114214106,0.9634801288936627,0.974579305406373,0.9781596849266022,0.9806659505907627,0.9849624060150376,0.9849624060150376,0.9849624060150376,0.9849624060150376,0.9871106337271751,0.9871106337271751,0.9871106337271751,0.9871106337271751
./instances/realistic-instances/25-10-1917698.cdop,./settings/Memetic_MPX_1287823.config,25,10,0.7599009900990099,0.7599009900990099,0.7599009900990099,0.7599009900990099,0.7717821782178218,0.7757425742574258,0.7757425742574258,0.7905940594059406,0.7905940594059406,0.8173267326732673,0.8381188118811881,0.850990099009901,0.850990099009901,0.850990099009901
./instances/realistic-instances/5-40-1762875.cdop,./settings/Memetic-LS_MPX_1099666.config,5,40,0.7408798283261803,0.7408798283261803,0.7518776824034334,0.7561695278969958,0.7888948497854077,0.8358369098712446,0.8476394849785408,0.8857296137339056,0.9058476394849786,0.9133583690987125,0.9171137339055794,0.9206008583690987,0.9334763948497854,0.9334763948497854
./instances/realistic-instances/15-40-1110588.cdop,./settings/Memetic-LS_MMX_1099666.config,15,40,0.4924307340759783,0.5229934304484433,0.560982576406741,0.5941159668666095,0.6103970294201657,0.6803770351328192,0.7226506712367895,0.7714938588974579,0.8291916595258497,0.852042273636104,0.8528991716652385,0.8680377035132819,0.8871750928306198,0.8871750928306198
./instances/realistic-instances/5-10-1917698.cdop,./settings/Memetic_MPX_1099666.config,5,10,0.9786535303776683,0.9786535303776683,0.9841269841269841,0.9841269841269841,0.9841269841269841,0.9841269841269841,0.9939792008757526,0.9939792008757526,0.9939792008757526,0.9939792008757526,0.9939792008757526,0.9939792008757526,0.9939792008757526,0.9939792008757526
./instances/realistic-instances/25-10-1110588.cdop,./settings/Memetic_MMX_1099666.config,25,10,0.9303857008466604,0.9303857008466604,0.9341486359360301,0.9576669802445907,0.9741298212605832,0.9741298212605832,0.9741298212605832,0.9741298212605832,0.9741298212605832,0.98447789275635,0.9910630291627469,0.9910630291627469,0.9910630291627469,0.9910630291627469
./instances/realistic-instances/5-25-1891798.cdop,./settings/Memetic_MPX_1287823.config,5,25,0.9165217391304348,0.9565217391304348,0.9565217391304348,0.9565217391304348,0.9603478260869566,0.968,0.968,0.968,0.9704347826086956,0.9728695652173913,0.9728695652173913,0.9728695652173913,0.9728695652173913,0.9728695652173913
./instances/realistic-instances/10-25-1891798.cdop,./settings/Memetic-LS_MMX_1287823.config,10,25,0.5491891891891892,0.569009009009009,0.6363963963963964,0.7924324324324324,0.8079279279279279,0.8172972972972973,0.8540540540540541,0.8767567567567568,0.9084684684684685,0.9084684684684685,0.9084684684684685,0.9308108108108109,0.9347747747747748,0.9347747747747748
./instances/realistic-instances/5-10-1891798.cdop,./settings/Memetic-LS_MPX_1881515.config,5,10,0.833762223365929,0.8522902727740608,0.914565105506948,0.9315491507977355,0.9315491507977355,0.9480185280494081,0.9531652084405559,0.9608852290272774,0.9608852290272774,0.9608852290272774,0.9670612454966546,0.970663921770458,0.970663921770458,0.970663921770458
./instances/realistic-instances/20-10-1110588.cdop,./settings/Memetic-LS_MMX_1881515.config,20,10,0.6720241084881969,0.7197388247112004,0.724761426418885,0.789552988448016,0.789552988448016,0.832245102963335,0.838774485183325,0.8900050226017077,0.903566047212456,0.903566047212456,0.903566047212456,0.903566047212456,0.9110999497739829,0.9110999497739829
./instances/realistic-instances/10-40-1767920.cdop,./settings/Memetic-LS_MPX_1287823.config,10,40,0.537180910099889,0.6051609322974473,0.6254162042175361,0.6670366259711432,0.7180910099889012,0.7416759156492786,0.7597114317425083,0.771087680355161,0.7799667036625971,0.8246392896781354,0.827968923418424,0.8823529411764706,0.8956714761376249,0.8956714761376249
./instances/realistic-instances/5-25-1762875.cdop,./settings/Memetic-LS_MPX_1881515.config,5,25,0.7352719033232629,0.7447129909365559,0.7688821752265861,0.8187311178247734,0.8270392749244713,0.8572507552870091,0.8731117824773413,0.8836858006042296,0.8904833836858006,0.8927492447129909,0.9059667673716012,0.9112537764350453,0.9176737160120846,0.9176737160120846
./instances/realistic-instances/5-10-1767920.cdop,./settings/Memetic_MPX_1881515.config,5,10,0.97709049255441,0.97709049255441,0.97709049255441,0.97709049255441,0.9833906071019473,0.9879725085910653,0.9879725085910653,0.9879725085910653,0.9879725085910653,0.9891179839633448,0.9891179839633448,0.9891179839633448,0.9896907216494846,0.9896907216494846
./instances/realistic-instances/15-40-1917698.cdop,./settings/Memetic_MPX_1881515.config,15,40,0.8235473075752966,0.8688773958016428,0.8688773958016428,0.8688773958016428,0.8743535138424094,0.8999087313659873,0.9111651962275631,0.9221174323090965,0.9221174323090965,0.9221174323090965,0.9291146942500761,0.9339823547307575,0.9339823547307575,0.9339823547307575
./instances/realistic-instances/25-10-1110588.cdop,./settings/Memetic_MMX_1287823.config,25,10,0.9628410159924742,0.9628410159924742,0.9628410159924742,0.9628410159924742,0.9628410159924742,0.9731890874882408,0.9783631232361242,0.9783631232361242,0.9783631232361242,0.9943555973659455,0.9981185324553151,0.9981185324553151,0.9981185324553151,0.9981185324553151
./instances/realistic-instances/20-25-1891798.cdop,./settings/Memetic_MMX_1287823.config,20,25,0.9038327526132404,0.937630662020906,0.9442508710801394,0.9668989547038328,0.9696864111498258,0.9745644599303136,0.9818815331010453,0.9818815331010453,0.9818815331010453,0.9818815331010453,0.9923344947735192,0.9923344947735192,0.9923344947735192,0.9923344947735192
./instances/realistic-instances/10-10-1917698.cdop,./settings/Memetic-LS_MMX_1881515.config,10,10,0.7968591691995948,0.8191489361702128,0.8191489361702128,0.8627152988855117,0.8647416413373861,0.8748733535967579,0.9027355623100304,0.916919959473151,0.9270516717325228,0.9539007092198581,0.9539007092198581,0.9539007092198581,0.9832826747720365,0.9832826747720365
./instances/realistic-instances/10-25-1891798.cdop,./settings/Memetic-LS_MPX_1099666.config,10,25,0.6803603603603604,0.7120720720720721,0.7120720720720721,0.714954954954955,0.7495495495495496,0.7556756756756757,0.8043243243243243,0.8043243243243243,0.8043243243243243,0.8295495495495495,0.8540540540540541,0.865945945945946,0.8807207207207207,0.8807207207207207
./instances/realistic-instances/15-25-1891798.cdop,./settings/Memetic_MPX_1287823.config,15,25,0.8155038759689922,0.8294573643410853,0.8294573643410853,0.8294573643410853,0.8294573643410853,0.8426356589147287,0.8503875968992248,0.8565891472868217,0.8565891472868217,0.8565891472868217,0.8565891472868217,0.8953488372093024,0.8965116279069767,0.8965116279069767
./instances/realistic-instances/15-40-1110588.cdop,./settings/Memetic-LS_MPX_1881515.config,15,40,0.5135675521279635,0.5612682090831191,0.5655526992287918,0.5686946586689517,0.5849757212225078,0.6626678091973722,0.7043701799485861,0.7660668380462725,0.7743501856612397,0.8060554127392173,0.823193373321908,0.8326192516423879,0.8591830905455584,0.8591830905455584
./instances/realistic-instances/10-25-1762875.cdop,./settings/Memetic-LS_MMX_1881515.config,10,25,0.6930658218936994,0.7363604364660331,0.7363604364660331,0.7979584653291095,0.8275255191833861,0.8986272439281943,0.9049630411826821,0.914466737064414,0.925026399155227,0.9355860612460402,0.9468497008095741,0.9468497008095741,0.9468497008095741,0.9468497008095741
./instances/realistic-instances/15-10-1767920.cdop,./settings/Memetic_MMX_1881515.config,15,10,0.978744939271255,0.978744939271255,0.978744939271255,0.978744939271255,0.978744939271255,0.978744939271255,0.9924089068825911,0.9924089068825911,0.9924089068825911,1.0,1.0,1.0,1.0,1.0
./instances/realistic-instances/10-25-1762875.cdop,./settings/Memetic_MMX_1287823.config,10,25,0.9288982752551919,0.938753959873284,0.9605772615276311,0.9623372052094333,0.9799366420274551,0.9848644843365012,0.9883843717001056,0.9904963041182682,0.9904963041182682,0.9904963041182682,0.9971840901091165,0.9971840901091165,0.9985920450545582,0.9985920450545582
./instances/realistic-instances/20-25-1762875.cdop,./settings/Memetic_MMX_1287823.config,20,25,0.9473089951072639,0.9476853594279262,0.9476853594279262,0.9612344749717727,0.9653744824990591,0.9695144900263455,0.9789235980429055,0.9853217914941663,0.9879563417388032,0.9872036130974784,0.9883327060594655,0.9883327060594655,0.9883327060594655,0.9883327060594655
./instances/realistic-instances/5-10-1762875.cdop,./settings/Memetic-LS_MPX_1287823.config,5,10,0.8403976975405547,0.8979591836734694,0.901622187336473,0.9215070643642073,0.9215070643642073,0.9215070643642073,0.9215070643642073,0.9335426478283622,0.9743589743589743,0.9743589743589743,0.9743589743589743,0.9743589743589743,0.9811616954474097,0.9811616954474097
./instances/realistic-instances/10-10-1762875.cdop,./settings/Memetic-LS_MMX_1881515.config,10,10,0.8741658722592945,0.9108674928503336,0.9175405147759771,0.9342230695900858,0.946139180171592,0.9475691134413727,0.9475691134413727,0.959485224022879,0.959485224022879,0.959485224022879,0.9680648236415634,0.9704480457578646,0.9871306005719733,0.9871306005719733
./instances/realistic-instances/15-10-1891798.cdop,./settings/Memetic_MPX_1099666.config,15,10,0.7950859950859951,0.8800982800982801,0.8800982800982801,0.8800982800982801,0.8800982800982801,0.8894348894348895,0.8894348894348895,0.8894348894348895,0.8894348894348895,0.8894348894348895,0.9100737100737101,0.9184275184275185,0.9184275184275185,0.9184275184275185
./instances/realistic-instances/5-25-1110588.cdop,./settings/Memetic-LS_MMX_1881515.config,5,25,0.7431737237831421,0.8009497427779976,0.8084685397704788,0.8294420261179264,0.8294420261179264,0.8428967154728928,0.8820736050652949,0.8820736050652949,0.9054214483577364,0.9074000791452315,0.9074000791452315,0.9157103284527107,0.9461812425801346,0.9461812425801346
./instances/realistic-instances/10-40-1110588.cdop,./settings/Memetic-LS_MMX_1287823.config,10,40,0.555952380952381,0.5839285714285715,0.6044642857142857,0.6425595238095239,0.7330357142857142,0.7452380952380953,0.7821428571428571,0.8133928571428571,0.8354166666666667,0.8476190476190476,0.8571428571428571,0.8800595238095238,0.9068452380952381,0.9068452380952381
./instances/realistic-instances/5-25-1110588.cdop,./settings/Memetic-LS_MPX_1099666.config,5,25,0.7356549267906609,0.7661258409180847,0.8017411950929957,0.8472497032053818,0.8472497032053818,0.8472497032053818,0.8963197467352592,0.9176889592402058,0.9176889592402058,0.9176889592402058,0.9220419469726949,0.9220419469726949,0.928373565492679,0.928373565492679
./instances/realistic-instances/20-10-1917698.cdop,./settings/Memetic_MPX_1099666.config,20,10,0.8722966014418125,0.8722966014418125,0.8722966014418125,0.8722966014418125,0.8722966014418125,0.8722966014418125,0.8769309989701339,0.8903192584963955,0.9109165808444902,0.9109165808444902,0.9109165808444902,0.9109165808444902,0.9109165808444902,0.9109165808444902
./instances/realistic-instances/10-25-1110588.cdop,./settings/Memetic_MMX_1881515.config,10,25,0.9526501766784452,0.958303886925795,0.958303886925795,0.9681978798586572,0.9745583038869258,0.9745583038869258,0.9837455830388693,0.9872791519434629,0.9872791519434629,0.9872791519434629,0.9872791519434629,0.9872791519434629,0.988339222614841,0.988339222614841
./instances/realistic-instances/25-25-1917698.cdop,./settings/Memetic_MMX_1881515.config,25,25,0.9445041174364482,0.9505907626208379,0.9530970282849982,0.9634801288936627,0.9634801288936627,0.9634801288936627,0.9634801288936627,0.9677765843179377,0.9677765843179377,0.9677765843179377,0.9677765843179377,0.9709989258861439,0.9752953813104189,0.9752953813104189
./instances/realistic-instances/25-10-1917698.cdop,./settings/Memetic-LS_MMX_1881515.config,25,10,0.6816831683168317,0.7381188118811881,0.744059405940594,0.7851485148514852,0.7965346534653466,0.8405940594059406,0.8524752475247525,0.8524752475247525,0.8584158415841584,0.8584158415841584,0.8584158415841584,0.8673267326732673,0.9153465346534654,0.9153465346534654
./instances/realistic-instances/15-25-1891798.cdop,./settings/Memetic_MMX_1881515.config,15,25,0.9096899224806202,0.9313953488372093,0.9476744186046512,0.9503875968992248,0.960077519379845,0.9682170542635659,0.9682170542635659,0.9682170542635659,0.9782945736434109,0.9794573643410853,0.982170542635659,0.9918604651162791,0.993798449612403,0.993798449612403
./instances/realistic-instances/10-10-1917698.cdop,./settings/Memetic_MPX_1881515.config,10,10,0.9072948328267477,0.9300911854103343,0.9300911854103343,0.9300911854103343,0.9326241134751773,0.9397163120567376,0.9397163120567376,0.9609929078014184,0.9609929078014184,0.9706180344478217,0.9716312056737588,0.977710233029382,0.986322188449848,0.986322188449848
./instances/realistic-instances/25-10-1767920.cdop,./settings/Memetic_MPX_1881515.config,25,10,0.6863283036122543,0.7091906721536351,0.7242798353909465,0.7242798353909465,0.7242798353909465,0.747599451303155,0.7777777777777778,0.7777777777777778,0.7777777777777778,0.7777777777777778,0.8148148148148148,0.8427069044352995,0.8427069044352995,0.8427069044352995
./instances/realistic-instances/5-10-1110588.cdop,./settings/Memetic_MPX_1881515.config,5,10,0.9745158002038736,0.9745158002038736,0.9745158002038736,0.9760448521916412,0.9811416921508664,0.9857288481141692,0.9857288481141692,0.9857288481141692,0.9928644240570846,0.9928644240570846,0.9928644240570846,0.9928644240570846,0.9928644240570846,0.9928644240570846
./instances/realistic-instances/15-10-1762875.cdop,./settings/Memetic_MMX_1287823.config,15,10,0.966093366093366,0.966093366093366,0.9749385749385749,0.9749385749385749,0.9798525798525799,0.9862407862407863,0.9862407862407863,0.9862407862407863,0.9891891891891892,0.9891891891891892,0.9891891891891892,0.9936117936117936,0.9965601965601966,0.9965601965601966
./instances/realistic-instances/15-40-1891798.cdop,./settings/Memetic-LS_MPX_1287823.config,15,40,0.451319381255687,0.5386715195632393,0.5787079162875342,0.5787079162875342,0.6205641492265697,0.6299666363360631,0.6615104640582348,0.662117076129815,0.7412799514710343,0.7734303912647862,0.8407643312101911,0.8410676372459812,0.8410676372459812,0.8410676372459812
./instances/realistic-instances/10-10-1767920.cdop,./settings/Memetic-LS_MMX_1099666.config,10,10,0.8380476982806434,0.8380476982806434,0.8430393788130893,0.8585690515806988,0.8718801996672213,0.8907376594564614,0.9190238491403216,0.9295618413754853,0.9295618413754853,0.9295618413754853,0.9295618413754853,0.9295618413754853,0.9317803660565723,0.9317803660565723
./instances/realistic-instances/10-25-1767920.cdop,./settings/Memetic-LS_MMX_1287823.config,10,25,0.6372626582278481,0.6582278481012658,0.728243670886076,0.7650316455696202,0.8793512658227848,0.882120253164557,0.8860759493670886,0.8987341772151899,0.8987341772151899,0.8987341772151899,0.9212816455696202,0.9248417721518988,0.928006329113924,0.928006329113924
./instances/realistic-instances/10-25-1110588.cdop,./settings/Memetic-LS_MMX_1099666.config,10,25,0.0,0.6491166077738516,0.6915194346289752,0.8459363957597174,0.8590106007067138,0.8773851590106007,0.8848056537102473,0.9098939929328622,0.927208480565371,0.927208480565371,0.9307420494699646,0.9498233215547703,0.9551236749116607,0.9551236749116607
./instances/realistic-instances/25-25-1891798.cdop,./settings/Memetic-LS_MMX_1287823.config,25,25,0.5216643741403026,0.530949105914718,0.5735900962861072,0.5866574965612105,0.6588720770288858,0.6822558459422283,0.7482806052269602,0.7699449793672627,0.7761348005502063,0.797455295735901,0.8394085281980743,0.8394085281980743,0.8648555708390646,0.8648555708390646
./instances/realistic-instances/10-10-1767920.cdop,./settings/Memetic-LS_MPX_1287823.config,10,10,0.7726012201885746,0.7864669994453688,0.7992235163616195,0.8114254021075984,0.8114254021075984,0.8585690515806988,0.8729894620077648,0.8763172490293955,0.8924015529672767,0.8924015529672767,0.8924015529672767,0.8924015529672767,0.9234608985024958,0.9234608985024958
./instances/realistic-instances/5-10-1110588.cdop,./settings/Memetic-LS_MPX_1099666.config,5,10,0.8771661569826708,0.8771661569826708,0.8771661569826708,0.8776758409785933,0.9113149847094801,0.9388379204892966,0.9566768603465852,0.9566768603465852,0.9566768603465852,0.9566768603465852,0.9566768603465852,0.9582059123343527,0.9582059123343527,0.9582059123343527
./instances/realistic-instances/15-25-1891798.cdop,./settings/Memetic_MMX_1287823.config,15,25,0.9279069767441861,0.9430232558139535,0.9635658914728682,0.9635658914728682,0.9682170542635659,0.9682170542635659,0.9709302325581395,0.9709302325581395,0.9724806201550388,0.9771317829457364,0.9806201550387597,0.9837209302325581,0.9837209302325581,0.9837209302325581
./instances/realistic-instances/15-10-1891798.cdop,./settings/Memetic-LS_MMX_1287823.config,15,10,0.6918918918918919,0.7248157248157249,0.7533169533169534,0.7862407862407862,0.8073710073710074,0.8206388206388207,0.8230958230958231,0.8230958230958231,0.8230958230958231,0.8230958230958231,0.8230958230958231,0.9135135135135135,0.9135135135135135,0.9135135135135135
./instances/realistic-instances/25-10-1767920.cdop,./settings/Memetic-LS_MMX_1099666.config,25,10,0.44490169181527206,0.5230909922267947,0.5230909922267947,0.5701874714220393,0.7174211248285323,0.8321902149062643,0.86374028349337,0.8843164151806127,0.8843164151806127,0.897119341563786,0.904435299497028,0.9204389574759945,0.9401005944215821,0.9401005944215821
./instances/realistic-instances/10-40-1891798.cdop,./settings/Memetic_MMX_1287823.config,10,40,0.961718293395675,0.961718293395675,0.9666861484511982,0.972530683810637,0.9772063120981882,0.9774985388661601,0.9774985388661601,0.9774985388661601,0.9774985388661601,0.9801285797779077,0.9848042080654588,0.9848042080654588,0.9953243717124488,0.9953243717124488
./instances/realistic-instances/15-25-1767920.cdop,./settings/Memetic_MPX_1881515.config,15,25,0.893997893997894,0.8946998946998947,0.905931905931906,0.905931905931906,0.905931905931906,0.905931905931906,0.905931905931906,0.905931905931906,0.9371709371709371,0.9448929448929448,0.9448929448929448,0.9564759564759565,0.9564759564759565,0.9564759564759565
./instances/realistic-instances/15-10-1891798.cdop,./settings/Memetic_MMX_1881515.config,15,10,0.9749385749385749,0.9749385749385749,0.9783783783783784,0.9808353808353808,0.9808353808353808,0.9808353808353808,0.9867321867321868,0.9926289926289926,0.9926289926289926,0.9926289926289926,0.999017199017199,0.999017199017199,0.999017199017199,0.999017199017199
./instances/realistic-instances/20-25-1762875.cdop,./settings/Memetic_MPX_1287823.config,20,25,0.7952578095596537,0.8374106134738427,0.8603688370342492,0.872412495295446,0.872412495295446,0.872412495295446,0.8946179902145277,0.9104252916823485,0.9281144147534813,0.9318780579601054,0.9318780579601054,0.9318780579601054,0.9318780579601054,0.9318780579601054
./instances/realistic-instances/25-10-1917698.cdop,./settings/Memetic_MMX_1099666.config,25,10,0.947029702970297,0.943069306930693,0.9668316831683168,0.9698019801980198,0.9757425742574257,0.9816831683168317,0.9900990099009901,0.9920792079207921,0.9920792079207921,0.9920792079207921,1.0,1.0,1.0,1.0
./instances/realistic-instances/10-40-1891798.cdop,./settings/Memetic-LS_MPX_1881515.config,10,40,0.5575686732904734,0.5645821157218002,0.5645821157218002,0.5645821157218002,0.6420222092343658,0.7291057860900059,0.7291057860900059,0.7694330800701344,0.7863822326125073,0.8071303331385155,0.8091759205143191,0.8328462887200467,0.8760958503798948,0.8760958503798948
./instances/realistic-instances/15-40-1767920.cdop,./settings/Memetic-LS_MPX_1287823.config,15,40,0.5647168637212197,0.6082762912258868,0.6082762912258868,0.6589919103920349,0.6838830118232732,0.7069072806471687,0.7327317983820784,0.7327317983820784,0.7327317983820784,0.7327317983820784,0.7778469197261979,0.8111387678904791,0.8182949595519602,0.8182949595519602
./instances/realistic-instances/10-40-1110588.cdop,./settings/Memetic_MPX_1099666.config,10,40,0.8848214285714285,0.8848214285714285,0.9375,0.9398809523809524,0.9425595238095238,0.9479166666666666,0.9520833333333333,0.9520833333333333,0.9520833333333333,0.9520833333333333,0.9520833333333333,0.9520833333333333,0.9520833333333333,0.9520833333333333
./instances/realistic-instances/25-10-1762875.cdop,./settings/Memetic_MPX_1099666.config,25,10,0.7660287081339713,0.7660287081339713,0.7660287081339713,0.7660287081339713,0.7660287081339713,0.7851674641148325,0.7851674641148325,0.7851674641148325,0.7851674641148325,0.7851674641148325,0.7851674641148325,0.7851674641148325,0.7851674641148325,0.7851674641148325
./instances/realistic-instances/15-40-1767920.cdop,./settings/Memetic-LS_MMX_1099666.config,15,40,0.5435594275046671,0.5973864343497199,0.6129433727442439,0.642190416925949,0.670192906036092,0.6985065339141256,0.7196639701306783,0.7884256378344742,0.8282514001244555,0.8385189794648413,0.8478531425015557,0.8904791537025514,0.9026135656502801,0.9026135656502801
./instances/realistic-instances/5-10-1762875.cdop,./settings/Memetic_MPX_1881515.config,5,10,0.9811616954474097,0.9816849816849816,0.9816849816849816,0.9858712715855573,0.989010989010989,0.9937205651491365,0.9937205651491365,0.9937205651491365,0.9937205651491365,0.9942438513867086,0.9942438513867086,0.9942438513867086,1.0,1.0
./instances/realistic-instances/25-25-1110588.cdop,./settings/Memetic-LS_MPX_1287823.config,25,25,0.44790547798066593,0.44790547798066593,0.46795560329394914,0.49122807017543857,0.6172574292875045,0.652703186537773,0.6573576799140709,0.6784819190834228,0.6895810955961332,0.6895810955961332,0.7357679914070892,0.748657357679914,0.7622627998567848,0.7622627998567848
./instances/realistic-instances/25-10-1891798.cdop,./settings/Memetic_MMX_1881515.config,25,10,0.9548319327731093,0.9884453781512605,0.9921218487394958,0.9921218487394958,0.9921218487394958,0.9921218487394958,0.9921218487394958,0.9921218487394958,0.9921218487394958,0.9921218487394958,0.9921218487394958,0.9921218487394958,0.9921218487394958,0.9921218487394958
./instances/realistic-instances/15-25-1917698.cdop,./settings/Memetic_MMX_1881515.config,15,25,0.9365138993238167,0.9425244177310294,0.9515401953418482,0.9699474079639369,0.9699474079639369,0.9699474079639369,0.9699474079639369,0.9699474079639369,0.9699474079639369,0.980465815176559,0.980465815176559,0.980465815176559,0.980465815176559,0.980465815176559
./instances/realistic-instances/5-10-1767920.cdop,./settings/Memetic_MMX_1287823.config,5,10,0.981672394043528,0.981672394043528,0.9862542955326461,0.9862542955326461,0.9862542955326461,0.9896907216494846,0.9959908361970218,0.9959908361970218,0.9959908361970218,0.9959908361970218,0.9959908361970218,0.9959908361970218,0.9959908361970218,0.9959908361970218
./instances/realistic-instances/25-25-1110588.cdop,./settings/Memetic_MPX_1099666.config,25,25,0.7078410311493019,0.7730039384174723,0.7730039384174723,0.7730039384174723,0.8102398854278553,0.8123881131399928,0.8306480486931614,0.8453276047261009,0.8621553884711779,0.8621553884711779,0.8621553884711779,0.8621553884711779,0.8621553884711779,0.8621553884711779
./instances/realistic-instances/10-40-1767920.cdop,./settings/Memetic_MPX_1287823.config,10,40,0.8754162042175361,0.896503884572697,0.9137069922308546,0.9162042175360711,0.9162042175360711,0.9162042175360711,0.9200887902330743,0.935072142064373,0.94173140954495,0.94173140954495,0.94173140954495,0.9667036625971143,0.9667036625971143,0.9667036625971143
./instances/realistic-instances/25-25-1762875.cdop,./settings/Memetic-LS_MPX_1881515.config,25,25,0.3917163917163917,0.4190944190944191,0.4436644436644437,0.4436644436644437,0.4436644436644437,0.464022464022464,0.5717795717795717,0.5917865917865918,0.616005616005616,0.6742716742716742,0.7199017199017199,0.7451737451737451,0.7648297648297648,0.7648297648297648
./instances/realistic-instances/15-25-1762875.cdop,./settings/Memetic-LS_MPX_1287823.config,15,25,0.5807263574253866,0.5893563466379,0.6346637900035959,0.6346637900035959,0.6713412441567781,0.7108953613807982,0.7486515641855448,0.7666307083782812,0.8069039913700108,0.8432218626393384,0.8432218626393384,0.8432218626393384,0.8536497662711255,0.8536497662711255
./instances/realistic-instances/20-25-1767920.cdop,./settings/Memetic_MMX_1287823.config,20,25,0.9423357664233577,0.9532846715328467,0.9532846715328467,0.9664233576642336,0.9664233576642336,0.9748175182481752,0.9773722627737226,0.9773722627737226,0.9773722627737226,0.9773722627737226,0.9791970802919708,0.9864963503649635,0.9912408759124087,0.9912408759124087
./instances/realistic-instances/15-10-1762875.cdop,./settings/Memetic-LS_MPX_1287823.config,15,10,0.6481572481572482,0.6977886977886978,0.7523341523341524,0.7523341523341524,0.7523341523341524,0.7523341523341524,0.7646191646191646,0.7646191646191646,0.7646191646191646,0.7906633906633906,0.8329238329238329,0.8329238329238329,0.8329238329238329,0.8329238329238329
./instances/realistic-instances/20-10-1767920.cdop,./settings/Memetic-LS_MPX_1287823.config,20,10,0.6172363986519018,0.6273471352912855,0.6562349542609534,0.6793452094366875,0.68608570052961,0.751564756860857,0.7900818488204141,0.8146364949446316,0.8146364949446316,0.8146364949446316,0.817043813192104,0.8252286952335098,0.8252286952335098,0.8252286952335098
./instances/realistic-instances/25-10-1917698.cdop,./settings/Memetic_MPX_1099666.config,25,10,0.7638613861386139,0.7698019801980198,0.7866336633663367,0.7935643564356436,0.7935643564356436,0.7935643564356436,0.7935643564356436,0.799009900990099,0.799009900990099,0.799009900990099,0.8193069306930693,0.8193069306930693,0.8193069306930693,0.8193069306930693
./instances/realistic-instances/25-10-1917698.cdop,./settings/Memetic_MPX_1881515.config,25,10,0.6752475247524753,0.6836633663366337,0.7361386138613861,0.7361386138613861,0.7361386138613861,0.7361386138613861,0.7361386138613861,0.7361386138613861,0.7861386138613862,0.8113861386138614,0.8341584158415841,0.849009900990099,0.849009900990099,0.849009900990099
./instances/realistic-instances/10-40-1762875.cdop,./settings/Memetic-LS_MMX_1099666.config,10,40,0.5442119944211995,0.6192468619246861,0.6203626220362622,0.7101813110181311,0.7140864714086471,0.7732217573221757,0.796373779637378,0.8329149232914923,0.8580195258019526,0.8903765690376569,0.895118549511855,0.901813110181311,0.9168758716875872,0.9168758716875872
./instances/realistic-instances/25-25-1762875.cdop,./settings/Memetic-LS_MMX_1099666.config,25,25,0.5138645138645138,0.5974025974025974,0.6714636714636715,0.7532467532467533,0.7932607932607932,0.8515268515268515,0.8588978588978589,0.8764478764478765,0.8925938925938925,0.9133029133029134,0.9238329238329238,0.9417339417339418,0.9452439452439453,0.9452439452439453
./instances/realistic-instances/20-25-1767920.cdop,./settings/Memetic_MMX_1881515.config,20,25,0.95,0.9583941605839416,0.9583941605839416,0.9583941605839416,0.9635036496350365,0.9737226277372263,0.9766423357664233,0.9766423357664233,0.9766423357664233,0.9766423357664233,0.987956204379562,0.9934306569343065,1.0,1.0
./instances/realistic-instances/5-40-1762875.cdop,./settings/Memetic_MMX_1287823.config,5,40,0.9079935622317596,0.9324034334763949,0.9428648068669528,0.9613733905579399,0.9737124463519313,0.9737124463519313,0.9737124463519313,0.9737124463519313,0.9737124463519313,0.9737124463519313,0.9737124463519313,0.9847103004291845,0.994098712446352,0.994098712446352
./instances/realistic-instances/20-25-1891798.cdop,./settings/Memetic-LS_MMX_1287823.config,20,25,0.6048780487804878,0.6954703832752613,0.7048780487804878,0.7198606271777004,0.7198606271777004,0.7526132404181185,0.7749128919860627,0.8139372822299652,0.8278745644599304,0.8658536585365854,0.8888501742160279,0.8958188153310105,0.9059233449477352,0.9059233449477352
./instances/realistic-instances/10-40-1917698.cdop,./settings/Memetic_MPX_1881515.config,10,40,0.8184093437152391,0.8759733036707452,0.9129588431590656,0.9129588431590656,0.946607341490545,0.946607341490545,0.9596774193548387,0.9596774193548387,0.9660734149054505,0.9660734149054505,0.978865406006674,0.9791434927697441,0.9791434927697441,0.9791434927697441
./instances/realistic-instances/10-25-1917698.cdop,./settings/Memetic_MPX_1287823.config,10,25,0.9028487947406866,0.9028487947406866,0.9028487947406866,0.9028487947406866,0.9101533966398831,0.9101533966398831,0.9466764061358656,0.9466764061358656,0.9466764061358656,0.9466764061358656,0.9510591672753835,0.9510591672753835,0.9510591672753835,0.9510591672753835
./instances/realistic-instances/20-10-1917698.cdop,./settings/Memetic_MMX_1881515.config,20,10,0.9603501544799176,0.9644696189495365,0.9711637487126673,0.9768280123583934,0.9778578784757982,0.9778578784757982,0.9778578784757982,0.9799176107106076,0.9814624098867147,0.9871266735324408,0.9871266735324408,0.9897013388259527,1.0,1.0
./instances/realistic-instances/25-10-1762875.cdop,./settings/Memetic-LS_MMX_1881515.config,25,10,0.44688995215311006,0.5330143540669856,0.6464114832535885,0.6464114832535885,0.6784688995215311,0.7196172248803828,0.776555023923445,0.808133971291866,0.8631578947368421,0.8660287081339713,0.9057416267942584,0.9057416267942584,0.9148325358851674,0.9148325358851674
./instances/realistic-instances/20-25-1917698.cdop,./settings/Memetic_MPX_1881515.config,20,25,0.7710843373493976,0.845929171230376,0.845929171230376,0.845929171230376,0.845929171230376,0.859802847754655,0.859802847754655,0.859802847754655,0.859802847754655,0.859802847754655,0.859802847754655,0.8817086527929902,0.8824388462942679,0.8824388462942679
./instances/realistic-instances/25-25-1767920.cdop,./settings/Memetic-LS_MPX_1881515.config,25,25,0.36075949367088606,0.3749069247952346,0.41511541325390916,0.5122859270290394,0.5193596425912137,0.5402084884586746,0.5510052122114668,0.5685033507073716,0.6116902457185406,0.6299329858525688,0.6686522710349962,0.7148175725986597,0.7248696947133284,0.7248696947133284
./instances/realistic-instances/20-10-1767920.cdop,./settings/Memetic_MPX_1287823.config,20,10,0.809821858449687,0.809821858449687,0.809821858449687,0.8237843042850265,0.8348579682233991,0.8348579682233991,0.8382282137698603,0.8406355320173327,0.861819932595089,0.861819932595089,0.861819932595089,0.861819932595089,0.861819932595089,0.861819932595089
./instances/realistic-instances/10-10-1917698.cdop,./settings/Memetic-LS_MMX_1099666.config,10,10,0.786727456940223,0.7958459979736575,0.8282674772036475,0.8905775075987842,0.8941236068895644,0.8941236068895644,0.9219858156028369,0.9412360688956434,0.9680851063829787,0.9680851063829787,0.9903748733535968,0.9903748733535968,0.9903748733535968,0.9903748733535968
./instances/realistic-instances/20-25-1762875.cdop,./settings/Memetic-LS_MPX_1099666.config,20,25,0.5175009409108017,0.5434700790365073,0.5434700790365073,0.560030109145653,0.6326684230334965,0.6326684230334965,0.6624012043658262,0.6940158073014678,0.7101994730899511,0.7403086187429432,0.7625141136620248,0.7625141136620248,0.7884832517877305,0.7884832517877305
./instances/realistic-instances/5-10-1762875.cdop,./settings/Memetic_MMX_1099666.config,5,10,0.9942438513867086,0.9942438513867086,0.9942438513867086,0.9942438513867086,0.9942438513867086,0.9963369963369964,0.9963369963369964,0.9968602825745683,0.9968602825745683,0.9994767137624281,0.9994767137624281,0.9994767137624281,0.9994767137624281,0.9994767137624281
./instances/realistic-instances/10-40-1891798.cdop,./settings/Memetic-LS_MPX_1099666.config,10,40,0.5601987142022209,0.5631209818819404,0.5935125657510228,0.6566335476329632,0.6654003506721216,0.7133255406195207,0.7413793103448276,0.7706019871420222,0.7706019871420222,0.8398597311513735,0.8503798947983635,0.8848626534190532,0.8924605493863238,0.8924605493863238
./instances/realistic-instances/25-25-1767920.cdop,./settings/Memetic_MMX_1881515.config,25,25,0.9352196574832464,0.9441548771407298,0.9590469099032017,0.9724497393894267,0.9724497393894267,0.9724497393894267,0.9769173492181683,0.9851079672375279,0.9851079672375279,0.9851079672375279,0.9854802680565897,0.9888309754281459,0.9888309754281459,0.9888309754281459
./instances/realistic-instances/10-25-1917698.cdop,./settings/Memetic-LS_MPX_1287823.config,10,25,0.6435354273192111,0.7140248356464572,0.7549306062819576,0.7626004382761139,0.8173849525200877,0.8360116873630388,0.8360116873630388,0.8360116873630388,0.8517165814463111,0.8531775018261505,0.8597516435354273,0.8787436084733382,0.8838568298027758,0.8838568298027758
./instances/realistic-instances/5-10-1762875.cdop,./settings/Memetic-LS_MMX_1287823.config,5,10,0.9277864992150706,0.9335426478283622,0.957613814756672,0.957613814756672,0.957613814756672,0.957613814756672,0.957613814756672,0.9811616954474097,0.9811616954474097,0.9811616954474097,0.9811616954474097,0.9911041339612768,0.9994767137624281,0.9994767137624281
./instances/realistic-instances/25-10-1891798.cdop,./settings/Memetic-LS_MPX_1099666.config,25,10,0.41596638655462187,0.41596638655462187,0.47058823529411764,0.47058823529411764,0.4947478991596639,0.5136554621848739,0.5136554621848739,0.5141806722689075,0.5189075630252101,0.5540966386554622,0.569327731092437,0.5987394957983193,0.601890756302521,0.601890756302521
./instances/realistic-instances/10-10-1110588.cdop,./settings/Memetic_MMX_1287823.config,10,10,0.9751216873985938,0.9751216873985938,0.981611681990265,0.981611681990265,0.981611681990265,0.981611681990265,0.9967550027041644,0.9967550027041644,1.0,1.0,1.0,1.0,1.0,1.0
./instances/realistic-instances/10-25-1917698.cdop,./settings/Memetic_MPX_1881515.config,10,25,0.9174579985390796,0.9236669101533966,0.9485025566106647,0.9485025566106647,0.9485025566106647,0.9485025566106647,0.9612856099342586,0.9612856099342586,0.9612856099342586,0.9612856099342586,0.9631117604090577,0.9631117604090577,0.9631117604090577,0.9631117604090577
./instances/realistic-instances/5-25-1767920.cdop,./settings/Memetic-LS_MPX_1287823.config,5,25,0.7141276281814829,0.7753596458871265,0.8126152711176687,0.8461822205828108,0.8579859830320915,0.8734784212467724,0.9029878273699742,0.9029878273699742,0.9040944300995942,0.9040944300995942,0.9040944300995942,0.9040944300995942,0.9040944300995942,0.9040944300995942
./instances/realistic-instances/15-40-1917698.cdop,./settings/Memetic-LS_MMX_1881515.config,15,40,0.5825981137815638,0.5911165196227564,0.6212351688469729,0.6212351688469729,0.656221478551871,0.7529662306054152,0.808335868573167,0.8284149680559781,0.8536659567995132,0.9072102220870094,0.9117736537876483,0.9303316093702464,0.9327654396105871,0.9327654396105871
./instances/realistic-instances/10-40-1762875.cdop,./settings/Memetic_MPX_1881515.config,10,40,0.9118549511854951,0.9118549511854951,0.9146443514644351,0.9146443514644351,0.9241283124128312,0.9221757322175732,0.9266387726638773,0.9322175732217574,0.9355648535564853,0.9355648535564853,0.9386331938633193,0.9386331938633193,0.9788005578800558,0.9788005578800558
./instances/realistic-instances/20-25-1917698.cdop,./settings/Memetic-LS_MPX_1099666.config,20,25,0.5724717050018255,0.5772179627601315,0.5965680905439942,0.5994888645491055,0.6129974443227455,0.6129974443227455,0.6129974443227455,0.6297918948521358,0.6841913106973347,0.6841913106973347,0.7185104052573932,0.7667031763417306,0.7926250456370938,0.7926250456370938
./instances/realistic-instances/5-10-1891798.cdop,./settings/Memetic-LS_MPX_1287823.config,5,10,0.9140504374678332,0.9140504374678332,0.9310344827586207,0.961914565105507,0.9758106021616058,0.9758106021616058,0.9917653113741637,0.9917653113741637,0.9917653113741637,0.9917653113741637,0.9917653113741637,0.9917653113741637,0.9917653113741637,0.9917653113741637
./instances/realistic-instances/20-25-1762875.cdop,./settings/Memetic_MMX_1881515.config,20,25,0.9416635302973279,0.9450508091832894,0.9668799397817087,0.9668799397817087,0.9672563041023711,0.9770417764395936,0.9770417764395936,0.9789235980429055,0.9913436206247648,0.9913436206247648,0.9913436206247648,0.9913436206247648,0.9913436206247648,0.9913436206247648
./instances/realistic-instances/10-10-1110588.cdop,./settings/Memetic-LS_MMX_1099666.config,10,10,0.8231476473769606,0.8382909680908599,0.8615467820443483,0.8777717685235262,0.9026500811249324,0.908058409951325,0.9118442401297999,0.9118442401297999,0.9232017306652245,0.9232017306652245,0.9232017306652245,0.9232017306652245,0.9437533802055165,0.9437533802055165
./instances/realistic-instances/20-10-1917698.cdop,./settings/Memetic-LS_MPX_1881515.config,20,10,0.611740473738414,0.611740473738414,0.611740473738414,0.6513903192584964,0.6869207003089598,0.7018537590113285,0.709577754891864,0.7713697219361483,0.8187435633367662,0.8280123583934088,0.8326467559217302,0.8712667353244078,0.9011328527291452,0.9011328527291452
./instances/realistic-instances/25-25-1767920.cdop,./settings/Memetic-LS_MMX_1099666.config,25,25,0.5919583023082651,0.5956813104988831,0.6262099776619509,0.6433358153387937,0.6448250186150409,0.7524199553239017,0.7825763216679077,0.8361876396128072,0.887192851824274,0.8994787788533135,0.9154877140729709,0.9154877140729709,0.9158600148920327,0.9158600148920327
./instances/realistic-instances/25-10-1767920.cdop,./settings/Memetic-LS_MPX_1099666.config,25,10,0.4435299497027892,0.4883401920438957,0.5281207133058985,0.5386374028349337,0.5386374028349337,0.5386374028349337,0.5743026977594878,0.5989940557841792,0.6671239140374943,0.7027892089620484,0.7219935985368084,0.7219935985368084,0.7219935985368084,0.7219935985368084
./instances/realistic-instances/5-10-1767920.cdop,./settings/Memetic-LS_MMX_1099666.config,5,10,0.9163802978235968,0.9163802978235968,0.9192439862542955,0.9255441008018328,0.9255441008018328,0.9255441008018328,0.929553264604811,0.9753722794959908,0.9753722794959908,0.9822451317296678,0.9822451317296678,0.9822451317296678,0.9822451317296678,0.9822451317296678
./instances/realistic-instances/10-40-1762875.cdop,./settings/Memetic_MMX_1881515.config,10,40,0.9126917712691771,0.9126917712691771,0.9291492329149232,0.9500697350069734,0.9500697350069734,0.9701534170153417,0.9701534170153417,0.9701534170153417,0.9891213389121339,0.996094839609484,0.9974895397489539,0.9974895397489539,0.9974895397489539,0.9974895397489539
./instances/realistic-instances/15-25-1917698.cdop,./settings/Memetic-LS_MPX_1287823.config,15,25,0.6374906085649887,0.6525169045830203,0.6679188580015026,0.6682945154019534,0.6945905334335086,0.708114199849737,0.7377911344853494,0.80954169797145,0.8365890308039068,0.8486100676183321,0.8516153268219384,0.8610067618332081,0.8688955672426747,0.8688955672426747
./instances/realistic-instances/10-10-1762875.cdop,./settings/Memetic_MMX_1881515.config,10,10,0.9632983794089609,0.9704480457578646,0.9733079122974261,0.9923736892278361,0.9923736892278361,0.9923736892278361,0.9923736892278361,0.9923736892278361,0.9947569113441372,0.996186844613918,0.996186844613918,1.0,1.0,1.0
./instances/realistic-instances/20-10-1891798.cdop,./settings/Memetic_MPX_1099666.config,20,10,0.7975022301516503,0.8215878679750223,0.8318465655664585,0.8318465655664585,0.856378233719893,0.8630686886708296,0.8630686886708296,0.8782337198929527,0.9165923282783229,0.9201605709188225,0.9299732381801963,0.9299732381801963,0.9299732381801963,0.9299732381801963
./instances/realistic-instances/25-25-1917698.cdop,./settings/Memetic-LS_MMX_1287823.config,25,25,0.30110991765127104,0.3498030791263874,0.49230218403150733,0.5123523093447906,0.5470819906910133,0.6258503401360545,0.664876476906552,0.7150017901897601,0.7629788757608307,0.8442534908700322,0.8861439312567132,0.9040458288578589,0.9190834228428213,0.9190834228428213
./instances/realistic-instances/15-10-1891798.cdop,./settings/Memetic-LS_MPX_1881515.config,15,10,0.6265356265356266,0.6265356265356266,0.6319410319410319,0.634889434889435,0.7194103194103194,0.7425061425061426,0.7823095823095824,0.7886977886977887,0.8063882063882064,0.8368550368550368,0.8368550368550368,0.8368550368550368,0.8368550368550368,0.8368550368550368
./instances/realistic-instances/5-10-1891798.cdop,./settings/Memetic_MMX_1881515.config,5,10,0.997941327843541,0.997941327843541,0.997941327843541,0.997941327843541,1.0,1.0,1.0,1.0,1.0,1.0,1.0,1.0,1.0,1.0
./instances/realistic-instances/5-10-1917698.cdop,./settings/Memetic_MPX_1287823.config,5,10,0.9802955665024631,0.9802955665024631,0.9802955665024631,0.9901477832512315,0.9978106185002736,0.9978106185002736,0.9978106185002736,0.9989053092501369,0.9989053092501369,0.9989053092501369,0.9994526546250684,0.9994526546250684,0.9994526546250684,0.9994526546250684
./instances/realistic-instances/5-40-1110588.cdop,./settings/Memetic-LS_MMX_1099666.config,5,40,0.6748131109833237,0.6926394479585969,0.7032777458309373,0.730879815986199,0.7478435882691202,0.81943645773433,0.8438757906843013,0.8504887866589994,0.8582518688901668,0.8703277745830937,0.9042553191489362,0.9169062679700978,0.926394479585969,0.926394479585969
./instances/realistic-instances/20-10-1891798.cdop,./settings/Memetic-LS_MPX_1287823.config,20,10,0.5972346119536128,0.6239964317573595,0.6694915254237288,0.6735057983942908,0.7595896520963425,0.7836752899197146,0.784121320249777,0.7867975022301517,0.7867975022301517,0.8309545049063336,0.8309545049063336,0.8345227475468332,0.8345227475468332,0.8345227475468332
./instances/realistic-instances/25-10-1917698.cdop,./settings/Memetic_MMX_1881515.config,25,10,0.941089108910891,0.941089108910891,0.9683168316831683,0.9891089108910891,0.9891089108910891,0.9891089108910891,0.9905940594059406,0.9905940594059406,0.9905940594059406,0.9905940594059406,0.9905940594059406,0.9905940594059406,0.9905940594059406,0.9905940594059406
./instances/realistic-instances/10-10-1767920.cdop,./settings/Memetic_MMX_1881515.config,10,10,0.9589572933998891,0.9589572933998891,0.9589572933998891,0.9794786466999446,0.9877981142540211,0.9877981142540211,0.9877981142540211,0.9938990571270105,0.9938990571270105,0.9938990571270105,0.9938990571270105,0.9950083194675541,0.9950083194675541,0.9950083194675541
./instances/realistic-instances/5-40-1767920.cdop,./settings/Memetic_MMX_1099666.config,5,40,0.911875,0.925625,0.9315625,0.9565625,0.9715625,0.9734375,0.9734375,0.9734375,0.97375,0.9815625,0.9815625,0.994375,0.994375,0.994375
./instances/realistic-instances/25-10-1767920.cdop,./settings/Memetic_MMX_1881515.config,25,10,0.9670781893004116,0.9670781893004116,0.9670781893004116,0.9670781893004116,0.9807956104252401,0.9807956104252401,0.9807956104252401,0.9807956104252401,0.9807956104252401,0.9862825788751715,0.9876543209876543,0.9876543209876543,0.9876543209876543,0.9876543209876543
./instances/realistic-instances/15-40-1917698.cdop,./settings/Memetic_MMX_1881515.config,15,40,0.9132947976878613,0.9412838454517798,0.9607544873745056,0.9625798600547611,0.9762701551566778,0.9762701551566778,0.9762701551566778,0.9799209005171889,0.9799209005171889,0.9838758746577426,0.9847885609978704,0.9939154243991482,0.9939154243991482,0.9939154243991482
./instances/realistic-instances/10-10-1891798.cdop,./settings/Memetic_MPX_1099666.config,10,10,0.899818676337262,0.899818676337262,0.927470534904805,0.927470534904805,0.927470534904805,0.927470534904805,0.9501359927470535,0.9546690843155031,0.9596554850407978,0.9596554850407978,0.9596554850407978,0.9596554850407978,0.9596554850407978,0.9596554850407978
./instances/realistic-instances/25-10-1110588.cdop,./settings/Memetic-LS_MMX_1881515.config,25,10,0.5785512699905927,0.665098777046096,0.6881467544684854,0.7351834430856068,0.7817497648165569,0.8551269990592663,0.878645343367827,0.8889934148635936,0.8918156161806209,0.8918156161806209,0.8918156161806209,0.912041392285983,0.9223894637817498,0.9223894637817498
./instances/realistic-instances/10-25-1110588.cdop,./settings/Memetic_MMX_1099666.config,10,25,0.934982332155477,0.9551236749116607,0.962190812720848,0.962190812720848,0.9727915194346289,0.9727915194346289,0.9727915194346289,0.9727915194346289,0.9727915194346289,0.9727915194346289,0.9855123674911661,0.992226148409894,1.0,1.0
./instances/realistic-instances/5-10-1110588.cdop,./settings/Memetic-LS_MPX_1287823.config,5,10,0.9057084607543323,0.918960244648318,0.928644240570846,0.928644240570846,0.9291539245667686,0.9485219164118247,0.9485219164118247,0.9485219164118247,0.9485219164118247,0.9485219164118247,0.9485219164118247,0.9485219164118247,0.9485219164118247,0.9485219164118247
./instances/realistic-instances/15-40-1110588.cdop,./settings/Memetic-LS_MPX_1287823.config,15,40,0.4907169380177092,0.5541273921736647,0.5632676378177663,0.5961153956012568,0.5961153956012568,0.6518137674950014,0.6798057697800628,0.7006569551556698,0.7060839760068551,0.7346472436446729,0.7517852042273636,0.7817766352470723,0.829477292202228,0.829477292202228
./instances/realistic-instances/15-40-1110588.cdop,./settings/Memetic_MMX_1099666.config,15,40,0.8868894601542416,0.9028848900314196,0.9360182804912882,0.9508711796629534,0.9620108540417024,0.9802913453299057,0.9802913453299057,0.9802913453299057,0.9808626106826621,0.9882890602684947,0.9882890602684947,0.9882890602684947,0.9882890602684947,0.9882890602684947
./instances/realistic-instances/20-25-1891798.cdop,./settings/Memetic-LS_MPX_1287823.config,20,25,0.33240418118466897,0.3554006968641115,0.3790940766550523,0.3902439024390244,0.4745644599303136,0.5059233449477352,0.5867595818815331,0.6013937282229965,0.6327526132404181,0.7177700348432056,0.7428571428571429,0.7428571428571429,0.7630662020905923,0.7630662020905923
./instances/realistic-instances/5-40-1891798.cdop,./settings/Memetic-LS_MMX_1881515.config,5,40,0.650375939849624,0.6963562753036437,0.7377096587622903,0.7455176402544823,0.7455176402544823,0.7455176402544823,0.7781954887218046,0.7781954887218046,0.7984384037015616,0.8374783111625217,0.843262001156738,0.869866975130133,0.8854829381145171,0.8854829381145171
./instances/realistic-instances/15-25-1917698.cdop,./settings/Memetic_MPX_1881515.config,15,25,0.845229151014275,0.8508640120210368,0.8508640120210368,0.891435011269722,0.9094665664913599,0.9094665664913599,0.9094665664913599,0.9094665664913599,0.9094665664913599,0.9117205108940646,0.9117205108940646,0.9117205108940646,0.9117205108940646,0.9117205108940646
./instances/realistic-instances/25-10-1891798.cdop,./settings/Memetic-LS_MPX_1881515.config,25,10,0.4889705882352941,0.4889705882352941,0.49737394957983194,0.5173319327731093,0.5399159663865546,0.5399159663865546,0.5399159663865546,0.5399159663865546,0.5399159663865546,0.553046218487395,0.5961134453781513,0.5992647058823529,0.6748949579831933,0.6748949579831933
./instances/realistic-instances/20-10-1917698.cdop,./settings/Memetic-LS_MPX_1287823.config,20,10,0.61740473738414,0.678681771369722,0.7147270854788877,0.7420185375901133,0.7420185375901133,0.7677651905252317,0.770854788877446,0.791967044284243,0.8130792996910402,0.831101956745623,0.831101956745623,0.831101956745623,0.8326467559217302,0.8326467559217302
./instances/realistic-instances/25-25-1917698.cdop,./settings/Memetic_MPX_1099666.config,25,25,0.6580737558181167,0.681704260651629,0.7132116004296455,0.7132116004296455,0.7382742570712496,0.7382742570712496,0.7540279269602578,0.7540279269602578,0.7887576083064805,0.7887576083064805,0.7887576083064805,0.7887576083064805,0.8120300751879699,0.8120300751879699
./instances/realistic-instances/5-10-1917698.cdop,./settings/Memetic_MPX_1881515.config,5,10,0.9709906951286261,0.9770114942528736,0.9835796387520526,0.9835796387520526,0.986863711001642,0.9945265462506842,0.9978106185002736,0.9978106185002736,0.9978106185002736,0.9978106185002736,0.9978106185002736,0.9978106185002736,0.9978106185002736,0.9978106185002736
./instances/realistic-instances/10-10-1767920.cdop,./settings/Memetic_MMX_1287823.config,10,10,0.9661674986134221,0.9739323349972269,0.9739323349972269,0.9839156960621187,0.9839156960621187,0.9861342207432058,0.9933444259567388,0.9933444259567388,0.9933444259567388,0.9933444259567388,1.0,1.0,1.0,1.0
./instances/realistic-instances/15-25-1891798.cdop,./settings/Memetic_MPX_1881515.config,15,25,0.8422480620155038,0.8589147286821706,0.8589147286821706,0.8589147286821706,0.8589147286821706,0.8589147286821706,0.8992248062015504,0.8992248062015504,0.8992248062015504,0.8992248062015504,0.8992248062015504,0.9228682170542636,0.9271317829457364,0.9271317829457364
./instances/realistic-instances/25-10-1767920.cdop,./settings/Memetic-LS_MPX_1881515.config,25,10,0.46776406035665297,0.5125743026977595,0.5203475080018289,0.5203475080018289,0.5203475080018289,0.5409236396890718,0.5660722450845908,0.5756744398719708,0.5756744398719708,0.5756744398719708,0.619570187471422,0.6442615454961134,0.6442615454961134,0.6442615454961134
./instances/realistic-instances/15-10-1917698.cdop,./settings/Memetic-LS_MPX_1881515.config,15,10,0.7022078621432418,0.7022078621432418,0.7022078621432418,0.7544426494345718,0.7845988152934841,0.8169089929994615,0.8465266558966075,0.8465266558966075,0.8659127625201939,0.8659127625201939,0.8659127625201939,0.8659127625201939,0.8659127625201939,0.8659127625201939
./instances/realistic-instances/15-25-1762875.cdop,./settings/Memetic_MMX_1099666.config,15,25,0.9363538295577131,0.944264653002517,0.944264653002517,0.9568500539374326,0.9568500539374326,0.9568500539374326,0.9579288025889967,0.9597267170082704,0.9701546206400575,0.9701546206400575,0.972312117943186,0.972312117943186,0.9931679252067601,0.9931679252067601
./instances/realistic-instances/15-25-1767920.cdop,./settings/Memetic_MMX_1099666.config,15,25,0.9301509301509302,0.9406809406809407,0.9494559494559495,0.9627939627939628,0.9627939627939628,0.9627939627939628,0.9627939627939628,0.9627939627939628,0.9743769743769743,0.9743769743769743,0.978939978939979,0.978939978939979,0.9887679887679888,0.9887679887679888
./instances/realistic-instances/25-10-1917698.cdop,./settings/Memetic-LS_MPX_1881515.config,25,10,0.48514851485148514,0.48514851485148514,0.5301980198019802,0.5430693069306931,0.6,0.6,0.6311881188118812,0.6613861386138614,0.6742574257425743,0.6985148514851485,0.6985148514851485,0.7455445544554455,0.7643564356435644,0.7643564356435644
./instances/realistic-instances/10-10-1917698.cdop,./settings/Memetic_MPX_1099666.config,10,10,0.9118541033434651,0.9148936170212766,0.9164133738601824,0.939209726443769,0.9437689969604863,0.9437689969604863,0.9437689969604863,0.9599797365754813,0.9599797365754813,0.9599797365754813,0.9599797365754813,0.9599797365754813,0.9645390070921985,0.9645390070921985
./instances/realistic-instances/20-10-1917698.cdop,./settings/Memetic-LS_MMX_1099666.config,20,10,0.5082389289392379,0.6132852729145211,0.6812564366632338,0.747167868177137,0.8480947476828012,0.8527291452111225,0.8537590113285273,0.8861997940267765,0.9001029866117405,0.916065911431514,0.952626158599382,0.9572605561277034,0.9639546858908342,0.9639546858908342
./instances/realistic-instances/5-10-1917698.cdop,./settings/Memetic-LS_MMX_1881515.config,5,10,0.8587848932676518,0.8675424192665572,0.8806787082649151,0.8921729611384783,0.9080459770114943,0.9146141215106732,0.9146141215106732,0.9146141215106732,0.9146141215106732,0.9660645867542419,0.9671592775041051,0.9808429118773946,0.9808429118773946,0.9808429118773946
./instances/realistic-instances/10-40-1110588.cdop,./settings/Memetic-LS_MMX_1099666.config,10,40,0.575,0.600297619047619,0.6369047619047619,0.6883928571428571,0.7011904761904761,0.725297619047619,0.7464285714285714,0.8035714285714286,0.8208333333333333,0.84375,0.8607142857142858,0.8666666666666667,0.8720238095238095,0.8720238095238095
./instances/realistic-instances/5-10-1110588.cdop,./settings/Memetic-LS_MMX_1287823.config,5,10,0.9276248725790011,0.9281345565749235,0.9429153924566769,0.944954128440367,0.9648318042813455,0.9648318042813455,0.9648318042813455,0.9668705402650357,0.9668705402650357,0.9806320081549439,0.9806320081549439,0.9806320081549439,0.9806320081549439,0.9806320081549439
./instances/realistic-instances/15-25-1762875.cdop,./settings/Memetic_MPX_1881515.config,15,25,0.866235167206041,0.8820568140956491,0.8820568140956491,0.8870909744696153,0.8870909744696153,0.889967637540453,0.8932038834951457,0.9154980222941388,0.9248471772743617,0.9280834232290543,0.9280834232290543,0.9280834232290543,0.9280834232290543,0.9280834232290543
./instances/realistic-instances/5-25-1917698.cdop,./settings/Memetic_MMX_1287823.config,5,25,0.9507735583684951,0.9588607594936709,0.9623769338959213,0.9623769338959213,0.9658931082981715,0.9658931082981715,0.9690576652601969,0.9831223628691983,0.9852320675105485,0.9855836849507735,0.9855836849507735,0.9855836849507735,0.9855836849507735,0.9855836849507735
./instances/realistic-instances/10-25-1762875.cdop,./settings/Memetic-LS_MPX_1099666.config,10,25,0.6015487504399859,0.6733544526575149,0.695177754311862,0.695177754311862,0.7096092925026399,0.7585357268567405,0.7666314677930306,0.7852868708201337,0.8130939809926082,0.8542766631467793,0.8595564941921858,0.8796198521647307,0.9208025343189018,0.9208025343189018
./instances/realistic-instances/5-10-1767920.cdop,./settings/Memetic_MPX_1287823.config,5,10,0.9593356242840779,0.9667812142038946,0.9679266895761741,0.9702176403207331,0.9868270332187858,0.9868270332187858,0.9868270332187858,0.9868270332187858,0.9868270332187858,0.9868270332187858,0.9902634593356243,0.9902634593356243,0.995418098510882,0.995418098510882
./instances/realistic-instances/10-25-1767920.cdop,./settings/Memetic_MMX_1099666.config,10,25,0.9339398734177216,0.9339398734177216,0.9477848101265823,0.9596518987341772,0.9596518987341772,0.9691455696202531,0.9825949367088608,0.9825949367088608,0.9909018987341772,0.9909018987341772,0.9968354430379747,1.0,1.0,1.0
./instances/realistic-instances/15-10-1110588.cdop,./settings/Memetic-LS_MPX_1881515.config,15,10,0.775,0.775,0.8055,0.809,0.809,0.809,0.8305,0.851,0.8795,0.889,0.9085,0.92,0.924,0.924
./instances/realistic-instances/10-10-1762875.cdop,./settings/Memetic-LS_MMX_1287823.config,10,10,0.7955195424213537,0.8131553860819828,0.8503336510962822,0.882745471877979,0.8898951382268827,0.9080076263107721,0.9080076263107721,0.9080076263107721,0.9080076263107721,0.9099142040038132,0.9137273593898951,0.9165872259294566,0.9690181124880839,0.9690181124880839
./instances/realistic-instances/20-10-1891798.cdop,./settings/Memetic-LS_MMX_1881515.config,20,10,0.4982158786797502,0.7109723461195361,0.7230151650312221,0.7448706512042819,0.7778768956289027,0.8300624442462088,0.8849241748438894,0.8849241748438894,0.8849241748438894,0.8849241748438894,0.8849241748438894,0.8849241748438894,0.9393398751115076,0.9393398751115076
./instances/realistic-instances/5-40-1762875.cdop,./settings/Memetic-LS_MPX_1881515.config,5,40,0.6593347639484979,0.7049356223175965,0.7357832618025751,0.7357832618025751,0.7510729613733905,0.8224248927038627,0.841469957081545,0.8511266094420601,0.8967274678111588,0.8975321888412017,0.8991416309012875,0.9128218884120172,0.9171137339055794,0.9171137339055794
./instances/realistic-instances/5-40-1917698.cdop,./settings/Memetic_MMX_1287823.config,5,40,0.9088179088179088,0.9175539175539176,0.9312039312039312,0.9312039312039312,0.9497679497679498,0.9497679497679498,0.9765219765219765,0.9765219765219765,0.9765219765219765,0.9825279825279826,0.9825279825279826,0.9825279825279826,0.9825279825279826,0.9825279825279826
./instances/realistic-instances/15-25-1762875.cdop,./settings/Memetic_MMX_1881515.config,15,25,0.9255663430420712,0.9327580007191658,0.9449838187702265,0.9593671341244157,0.9618842143113988,0.9629629629629629,0.9679971233369291,0.970873786407767,0.9777058612010069,0.9777058612010069,0.9777058612010069,0.9845379359942467,0.9845379359942467,0.9845379359942467
./instances/realistic-instances/10-25-1767920.cdop,./settings/Memetic-LS_MPX_1099666.config,10,25,0.6981803797468354,0.7088607594936709,0.7088607594936709,0.752373417721519,0.8026107594936709,0.817246835443038,0.8310917721518988,0.870253164556962,0.875,0.875,0.875,0.8908227848101266,0.8975474683544303,0.8975474683544303
./instances/realistic-instances/10-40-1917698.cdop,./settings/Memetic_MMX_1287823.config,10,40,0.942992213570634,0.942992213570634,0.946329254727475,0.946329254727475,0.9810901001112347,0.9810901001112347,0.9810901001112347,0.9810901001112347,0.9838709677419355,0.9838709677419355,0.9885984427141268,0.9885984427141268,0.9885984427141268,0.9885984427141268
./instances/realistic-instances/20-10-1891798.cdop,./settings/Memetic_MPX_1881515.config,20,10,0.8086529884032114,0.8202497769848349,0.8345227475468332,0.8345227475468332,0.8345227475468332,0.8345227475468332,0.8345227475468332,0.8345227475468332,0.8768956289027654,0.8795718108831401,0.8929527207850134,0.8929527207850134,0.8929527207850134,0.8929527207850134
./instances/realistic-instances/25-25-1891798.cdop,./settings/Memetic_MMX_1099666.config,25,25,0.9439477303988996,0.96767537826685,0.9721458046767538,0.9821182943603851,0.9900275103163686,0.9900275103163686,0.9934662998624484,0.9965612104539202,0.9965612104539202,0.9965612104539202,0.9965612104539202,0.9965612104539202,0.9982806052269602,0.9982806052269602
./instances/realistic-instances/5-40-1917698.cdop,./settings/Memetic-LS_MMX_1287823.config,5,40,0.6068796068796068,0.6216216216216216,0.6300846300846301,0.6923286923286923,0.758940758940759,0.825006825006825,0.8711438711438712,0.8847938847938848,0.8910728910728911,0.907998907998908,0.9232869232869233,0.9232869232869233,0.9268359268359269,0.9268359268359269
./instances/realistic-instances/20-25-1917698.cdop,./settings/Memetic_MPX_1287823.config,20,25,0.8021175611537057,0.8021175611537057,0.8181818181818182,0.8284045271997079,0.8284045271997079,0.8284045271997079,0.8404527199707923,0.8784227820372399,0.8886454910551296,0.891201168309602,0.891201168309602,0.891201168309602,0.891201168309602,0.891201168309602
./instances/realistic-instances/25-10-1891798.cdop,./settings/Memetic-LS_MMX_1099666.config,25,10,0.4957983193277311,0.5341386554621849,0.5646008403361344,0.6617647058823529,0.7132352941176471,0.7988445378151261,0.8555672268907563,0.8986344537815126,0.8986344537815126,0.8986344537815126,0.8986344537815126,0.9417016806722689,0.9600840336134454,0.9600840336134454
./instances/realistic-instances/15-25-1917698.cdop,./settings/Memetic_MPX_1099666.config,15,25,0.859504132231405,0.871900826446281,0.871900826446281,0.8764087152516905,0.8812922614575507,0.8812922614575507,0.8812922614575507,0.8812922614575507,0.8865514650638617,0.8865514650638617,0.8940646130728775,0.8940646130728775,0.9083395942900075,0.9083395942900075
./instances/realistic-instances/25-25-1917698.cdop,./settings/Memetic-LS_MPX_1099666.config,25,25,0.2903687790905836,0.2903687790905836,0.32366630862871465,0.32366630862871465,0.32402434658073753,0.35302542069459364,0.3634085213032581,0.3634085213032581,0.4095954171142141,0.42749731471535984,0.42749731471535984,0.42749731471535984,0.4808449695667741,0.4808449695667741
./instances/realistic-instances/15-40-1767920.cdop,./settings/Memetic-LS_MMX_1881515.config,15,40,0.6157436216552582,0.6157436216552582,0.6328562538892346,0.6328562538892346,0.635034225264468,0.6910392034847542,0.7417548226509023,0.8151835718730553,0.8279402613565651,0.8550093341630367,0.8615432482887367,0.8746110765401369,0.8823895457373989,0.8823895457373989
./instances/realistic-instances/5-10-1917698.cdop,./settings/Memetic-LS_MMX_1099666.config,5,10,0.8648056923918993,0.886152162014231,0.9042145593869731,0.9129720853858785,0.9184455391351943,0.9184455391351943,0.9184455391351943,0.9304871373836892,0.9326765188834154,0.9326765188834154,0.9365079365079365,0.9365079365079365,0.9365079365079365,0.9365079365079365
./instances/realistic-instances/15-25-1891798.cdop,./settings/Memetic-LS_MPX_1287823.config,15,25,0.5263565891472868,0.5825581395348837,0.6077519379844961,0.6337209302325582,0.6337209302325582,0.672093023255814,0.6837209302325581,0.6949612403100776,0.7089147286821705,0.7492248062015504,0.7647286821705427,0.8069767441860465,0.8321705426356589,0.8321705426356589
./instances/realistic-instances/5-40-1917698.cdop,./settings/Memetic-LS_MPX_1881515.config,5,40,0.6688506688506689,0.7007917007917008,0.7201747201747202,0.7551187551187551,0.7641277641277642,0.8004368004368004,0.8277368277368278,0.8632268632268633,0.8782418782418783,0.8845208845208845,0.8916188916188916,0.9006279006279007,0.9069069069069069,0.9069069069069069
./instances/realistic-instances/20-25-1110588.cdop,./settings/Memetic_MPX_1099666.config,20,25,0.7435677530017153,0.7843053173241853,0.7843053173241853,0.7843053173241853,0.7843053173241853,0.7843053173241853,0.7843053173241853,0.8434819897084048,0.8434819897084048,0.8434819897084048,0.8516295025728988,0.8584905660377359,0.8584905660377359,0.8584905660377359
./instances/realistic-instances/10-25-1767920.cdop,./settings/Memetic-LS_MMX_1881515.config,10,25,0.5652689873417721,0.5929588607594937,0.6052215189873418,0.7424841772151899,0.7725474683544303,0.7943037974683544,0.8255537974683544,0.8615506329113924,0.8999208860759493,0.9066455696202531,0.9406645569620253,0.9406645569620253,0.9406645569620253,0.9406645569620253
./instances/realistic-instances/10-40-1917698.cdop,./settings/Memetic-LS_MMX_1099666.config,10,40,0.5834260289210234,0.6015016685205784,0.657119021134594,0.6918798665183538,0.7744716351501668,0.7900444938820912,0.8445494994438265,0.8754171301446051,0.8921023359288098,0.8948832035595106,0.9046162402669633,0.9354838709677419,0.9368743047830923,0.9368743047830923
./instances/realistic-instances/20-25-1891798.cdop,./settings/Memetic-LS_MPX_1099666.config,20,25,0.3797909407665505,0.39059233449477354,0.4337979094076655,0.43763066202090595,0.43763066202090595,0.43763066202090595,0.4930313588850174,0.5045296167247387,0.5522648083623694,0.6578397212543554,0.6578397212543554,0.697560975609756,0.7662020905923345,0.7662020905923345
./instances/realistic-instances/15-25-1762875.cdop,./settings/Memetic-LS_MMX_1881515.config,15,25,0.7008270406328658,0.7400215749730313,0.7831715210355987,0.7903631787126932,0.8126573175116865,0.8385472851492269,0.8414239482200647,0.8518518518518519,0.8860122258180511,0.8892484717727436,0.9025530384753686,0.9341963322545846,0.9341963322545846,0.9341963322545846
./instances/realistic-instances/20-10-1762875.cdop,./settings/Memetic_MMX_1881515.config,20,10,0.9762826718296225,0.9762826718296225,0.9762826718296225,0.9878993223620522,0.9878993223620522,0.9878993223620522,0.9927395934172314,1.0,1.0,1.0,1.0,1.0,1.0,1.0
./instances/realistic-instances/15-40-1891798.cdop,./settings/Memetic_MMX_1099666.config,15,40,0.9235668789808917,0.9475280558083106,0.9505611161662118,0.9575371549893843,0.9666363360630876,0.9666363360630876,0.9778586593873219,0.986351228389445,0.989080982711556,0.989080982711556,0.989080982711556,0.989080982711556,0.989080982711556,0.989080982711556
./instances/realistic-instances/5-25-1767920.cdop,./settings/Memetic-LS_MPX_1881515.config,5,25,0.766506824050166,0.7904832165252674,0.8096643305053486,0.8277388417558097,0.8528218369605312,0.8893397270379934,0.8952416082626337,0.9214312061969753,0.932866101069716,0.933234968646256,0.933234968646256,0.9443009959424566,0.9443009959424566,0.9443009959424566
./instances/realistic-instances/15-40-1110588.cdop,./settings/Memetic_MPX_1881515.config,15,40,0.8123393316195373,0.8251928020565553,0.8397600685518424,0.8891745215652671,0.8891745215652671,0.8991716652385033,0.9085975435589831,0.9157383604684376,0.9160239931448158,0.9234504427306484,0.9274493001999429,0.934018851756641,0.9365895458440445,0.9365895458440445
./instances/realistic-instances/15-10-1917698.cdop,./settings/Memetic-LS_MPX_1287823.config,15,10,0.6989768443726441,0.6989768443726441,0.6989768443726441,0.7851373182552503,0.8093699515347335,0.8093699515347335,0.8093699515347335,0.8099084544964997,0.8099084544964997,0.8099084544964997,0.823371028540657,0.8411416262789445,0.8799138395261173,0.8799138395261173
./instances/realistic-instances/20-10-1762875.cdop,./settings/Memetic-LS_MPX_1881515.config,20,10,0.5227492739593417,0.5624394966118103,0.5871248789932236,0.6364956437560504,0.681026137463698,0.7057115198451114,0.7057115198451114,0.7057115198451114,0.7134559535333979,0.7144240077444337,0.7492739593417231,0.7492739593417231,0.7826718296224588,0.7826718296224588
./instances/realistic-instances/20-10-1767920.cdop,./settings/Memetic-LS_MPX_1881515.config,20,10,0.6937891189215214,0.7178623013962446,0.7481945113143957,0.7621569571497352,0.7621569571497352,0.7640828117477131,0.7770823302840636,0.7944150216658642,0.7987481945113144,0.8069330765527203,0.8069330765527203,0.8069330765527203,0.8228213769860375,0.8228213769860375
./instances/realistic-instances/10-40-1891798.cdop,./settings/Memetic-LS_MMX_1287823.config,10,40,0.5312682641729982,0.5458796025715955,0.6130917592051431,0.6832261835184102,0.7136177673874927,0.7729398012857978,0.7922267679719462,0.8220338983050848,0.8348918760958504,0.8389830508474576,0.8448275862068966,0.8609000584453536,0.9333722969023963,0.9333722969023963
./instances/realistic-instances/10-10-1762875.cdop,./settings/Memetic_MMX_1287823.config,10,10,0.9780743565300286,0.9785510009532888,0.9785510009532888,0.9923736892278361,0.9923736892278361,0.994280266920877,0.994280266920877,0.996186844613918,0.996186844613918,0.996186844613918,0.996186844613918,0.996186844613918,0.996186844613918,0.996186844613918
./instances/realistic-instances/20-25-1110588.cdop,./settings/Memetic-LS_MMX_1287823.config,20,25,0.45754716981132076,0.5947684391080618,0.6106346483704974,0.6835334476843911,0.7512864493996569,0.7512864493996569,0.7598627787307033,0.7735849056603774,0.8001715265866209,0.8366209262435678,0.8529159519725558,0.8649228130360206,0.9026586620926244,0.9026586620926244
./instances/realistic-instances/10-40-1762875.cdop,./settings/Memetic_MPX_1099666.config,10,40,0.899302649930265,0.9076708507670851,0.9149232914923291,0.9456066945606695,0.9481171548117154,0.9509065550906555,0.9548117154811715,0.9548117154811715,0.9548117154811715,0.9550906555090656,0.9550906555090656,0.9550906555090656,0.9550906555090656,0.9550906555090656
./instances/realistic-instances/15-25-1917698.cdop,./settings/Memetic-LS_MPX_1881515.config,15,25,0.6265965439519159,0.640495867768595,0.640495867768595,0.640495867768595,0.6818181818181818,0.7054845980465815,0.7370398196844478,0.7640871525169046,0.7640871525169046,0.7674680691209617,0.8377160030052592,0.8474830954169797,0.8474830954169797,0.8474830954169797
./instances/realistic-instances/10-25-1917698.cdop,./settings/Memetic_MMX_1099666.config,10,25,0.943754565376187,0.9444850255661067,0.9649379108838568,0.9722425127830533,0.9799123447772097,0.9846603360116873,0.985390796201607,0.9926953981008035,0.9926953981008035,0.9926953981008035,0.9926953981008035,0.9926953981008035,0.9926953981008035,0.9926953981008035
./instances/realistic-instances/25-10-1767920.cdop,./settings/Memetic_MMX_1287823.config,25,10,0.9615912208504801,0.9698216735253772,0.9698216735253772,0.9716506630086877,0.9725651577503429,0.9725651577503429,0.9849108367626886,0.9858253315043438,0.9881115683584819,0.9990855052583447,0.9990855052583447,0.9990855052583447,0.9990855052583447,0.9990855052583447
./instances/realistic-instances/15-10-1110588.cdop,./settings/Memetic_MMX_1099666.config,15,10,0.9665,0.9665,0.9665,0.979,0.979,0.985,0.985,0.985,0.985,0.991,0.9935,0.9935,0.9935,0.9935
./instances/realistic-instances/10-40-1110588.cdop,./settings/Memetic_MPX_1287823.config,10,40,0.88125,0.90625,0.90625,0.90625,0.9101190476190476,0.9366071428571429,0.9630952380952381,0.9630952380952381,0.9630952380952381,0.9630952380952381,0.9654761904761905,0.9666666666666667,0.9666666666666667,0.9666666666666667
./instances/realistic-instances/5-40-1891798.cdop,./settings/Memetic-LS_MPX_1287823.config,5,40,0.675534991324465,0.70213996529786,0.7174667437825333,0.7677848467322151,0.7767495662232504,0.8039329091960671,0.8123192596876807,0.8334297281665702,0.8736263736263736,0.8883747831116252,0.902834008097166,0.9077501445922499,0.9126662810873337,0.9126662810873337
./instances/realistic-instances/25-25-1917698.cdop,./settings/Memetic-LS_MPX_1881515.config,25,25,0.3057644110275689,0.3057644110275689,0.3057644110275689,0.30612244897959184,0.30612244897959184,0.4052989616899391,0.40601503759398494,0.4203365556749015,0.5202291442892947,0.5245255997135696,0.5302542069459363,0.5302542069459363,0.5302542069459363,0.5302542069459363
./instances/realistic-instances/15-25-1110588.cdop,./settings/Memetic_MPX_1099666.config,15,25,0.858734841035726,0.895771878072763,0.9072435267125533,0.9072435267125533,0.9072435267125533,0.9072435267125533,0.9072435267125533,0.9072435267125533,0.9239593575876762,0.9239593575876762,0.9390363815142576,0.9446083251392986,0.9452638479187152,0.9452638479187152
./instances/realistic-instances/5-10-1917698.cdop,./settings/Memetic_MMX_1287823.config,5,10,0.9819376026272578,0.9846743295019157,0.9846743295019157,0.9912424740010947,0.9912424740010947,0.9912424740010947,0.9912424740010947,0.9945265462506842,0.9945265462506842,0.9994526546250684,0.9994526546250684,0.9994526546250684,0.9994526546250684,0.9994526546250684
./instances/realistic-instances/10-10-1110588.cdop,./settings/Memetic_MMX_1881515.config,10,10,0.9794483504597079,0.9886425094645754,0.9913466738777718,0.9913466738777718,0.9913466738777718,0.9913466738777718,0.9913466738777718,0.9913466738777718,0.9967550027041644,1.0,1.0,1.0,1.0,1.0
./instances/realistic-instances/25-25-1917698.cdop,./settings/Memetic-LS_MMX_1099666.config,25,25,0.38882921589688507,0.43609022556390975,0.530970282849982,0.6043680630146796,0.6605800214822771,0.6867167919799498,0.698890082348729,0.8109559613319012,0.8782670963122091,0.895452918009309,0.9312567132116004,0.9348370927318296,0.9419978517722879,0.9419978517722879
./instances/realistic-instances/10-10-1110588.cdop,./settings/Memetic-LS_MMX_1287823.config,10,10,0.7663601946998377,0.7663601946998377,0.8025959978366685,0.8274743104380746,0.8523526230394808,0.856679286100595,0.9129259058950784,0.9134667387777177,0.9134667387777177,0.9134667387777177,0.9156300703082747,0.9648458626284478,0.9734991887506761,0.9734991887506761
./instances/realistic-instances/5-40-1762875.cdop,./settings/Memetic-LS_MMX_1881515.config,5,40,0.6676502145922747,0.6676502145922747,0.6915236051502146,0.7609978540772532,0.7937231759656652,0.8310085836909872,0.8476394849785408,0.864538626609442,0.8728540772532188,0.8800965665236051,0.8849248927038627,0.887607296137339,0.9090665236051502,0.9090665236051502
./instances/realistic-instances/5-10-1110588.cdop,./settings/Memetic-LS_MPX_1881515.config,5,10,0.8781855249745159,0.8817533129459735,0.9031600407747197,0.9031600407747197,0.9332313965341489,0.9393476044852191,0.944954128440367,0.944954128440367,0.944954128440367,0.944954128440367,0.944954128440367,0.9765545361875637,0.9765545361875637,0.9765545361875637
./instances/realistic-instances/20-25-1762875.cdop,./settings/Memetic-LS_MPX_1881515.config,20,25,0.5461046292811441,0.5626646593902898,0.5871283402333459,0.5871283402333459,0.6255175009409109,0.6496048174633045,0.6499811817839669,0.6627775686864885,0.7007903650733911,0.7282649604817464,0.7546104629281144,0.756115920210764,0.802032367331577,0.802032367331577
./instances/realistic-instances/10-25-1891798.cdop,./settings/Memetic_MPX_1881515.config,10,25,0.9001801801801802,0.9001801801801802,0.9001801801801802,0.9001801801801802,0.9135135135135135,0.9135135135135135,0.9135135135135135,0.9135135135135135,0.9311711711711712,0.9311711711711712,0.9372972972972973,0.9372972972972973,0.9372972972972973,0.9372972972972973
./instances/realistic-instances/20-10-1917698.cdop,./settings/Memetic_MPX_1881515.config,20,10,0.853244078269825,0.872811534500515,0.8805355303810505,0.8805355303810505,0.8805355303810505,0.8805355303810505,0.8805355303810505,0.8805355303810505,0.9042224510813595,0.907826982492276,0.9083419155509783,0.9083419155509783,0.9083419155509783,0.9083419155509783
./instances/realistic-instances/15-10-1767920.cdop,./settings/Memetic_MMX_1099666.config,15,10,0.9853238866396761,0.9853238866396761,0.9853238866396761,0.9868421052631579,0.993421052631579,0.993421052631579,0.9979757085020243,1.0,1.0,1.0,1.0,1.0,1.0,1.0
./instances/realistic-instances/10-25-1767920.cdop,./settings/Memetic-LS_MMX_1099666.config,10,25,0.7215189873417721,0.7511867088607594,0.7511867088607594,0.7575158227848101,0.7879746835443038,0.8105221518987342,0.8955696202531646,0.8955696202531646,0.9026898734177216,0.9102056962025317,0.9102056962025317,0.9185126582278481,0.9335443037974683,0.9335443037974683
./instances/realistic-instances/25-25-1891798.cdop,./settings/Memetic_MPX_1881515.config,25,25,0.6795048143053645,0.6922283356258597,0.7162998624484181,0.7276478679504814,0.7276478679504814,0.7276478679504814,0.7276478679504814,0.7733837689133425,0.7733837689133425,0.7733837689133425,0.7881705639614855,0.797455295735901,0.8015818431911967,0.8015818431911967
./instances/realistic-instances/10-40-1891798.cdop,./settings/Memetic-LS_MPX_1287823.config,10,40,0.51052016364699,0.55406195207481,0.6104617182933957,0.6221507890122735,0.6835184102863823,0.6881940385739334,0.7431326709526592,0.7808299240210403,0.8106370543541789,0.8106370543541789,0.8270017533606079,0.8445353594389247,0.8445353594389247,0.8445353594389247
./instances/realistic-instances/25-25-1762875.cdop,./settings/Memetic-LS_MPX_1099666.config,25,25,0.39206739206739205,0.4025974025974026,0.46858546858546857,0.46858546858546857,0.47034047034047033,0.47034047034047033,0.5408915408915409,0.5787995787995788,0.5886275886275887,0.5942435942435943,0.6511056511056511,0.6511056511056511,0.7104247104247104,0.7104247104247104
./instances/realistic-instances/20-10-1110588.cdop,./settings/Memetic_MMX_1287823.config,20,10,0.9512807634354595,0.9683576092415871,0.9683576092415871,0.9713711702661979,0.9713711702661979,0.9799095931692616,0.9799095931692616,0.9884480160723255,0.9884480160723255,0.9884480160723255,0.9884480160723255,0.9884480160723255,0.9884480160723255,0.9884480160723255
./instances/realistic-instances/5-25-1110588.cdop,./settings/Memetic_MMX_1287823.config,5,25,0.9465769687376335,0.9651760981400871,0.9651760981400871,0.9651760981400871,0.9651760981400871,0.9711119905025722,0.9841709537000396,0.9845666798575385,0.9869410368025326,0.9928769291650178,0.9928769291650178,0.9928769291650178,0.9928769291650178,0.9928769291650178
./instances/realistic-instances/15-10-1110588.cdop,./settings/Memetic-LS_MPX_1099666.config,15,10,0.7315,0.7315,0.773,0.788,0.8145,0.816,0.816,0.858,0.86,0.9005,0.939,0.949,0.949,0.949
./instances/realistic-instances/5-25-1891798.cdop,./settings/Memetic-LS_MMX_1287823.config,5,25,0.6834782608695652,0.815304347826087,0.8434782608695652,0.8726956521739131,0.8932173913043479,0.9116521739130434,0.9116521739130434,0.9116521739130434,0.9293913043478261,0.944,0.944,0.944,0.9474782608695652,0.9474782608695652
./instances/realistic-instances/25-10-1762875.cdop,./settings/Memetic-LS_MPX_1287823.config,25,10,0.531578947368421,0.5339712918660288,0.560287081339713,0.5626794258373206,0.5626794258373206,0.5842105263157895,0.623444976076555,0.623444976076555,0.623444976076555,0.6631578947368421,0.6660287081339713,0.6775119617224881,0.7023923444976077,0.7023923444976077
./instances/realistic-instances/20-10-1891798.cdop,./settings/Memetic-LS_MMX_1099666.config,20,10,0.5856378233719893,0.7493309545049064,0.7497769848349688,0.7783229259589652,0.7903657448706513,0.8818019625334522,0.8818019625334522,0.8956289027653881,0.8956289027653881,0.9174843889384479,0.9255129348795718,0.9255129348795718,0.9304192685102587,0.9304192685102587
./instances/realistic-instances/15-25-1110588.cdop,./settings/Memetic-LS_MMX_1099666.config,15,25,0.613241560144215,0.6476565060635857,0.6673221894460832,0.6673221894460832,0.6751884627990823,0.7010816125860374,0.7899049491969846,0.8256309406751885,0.8462799082268109,0.8793838085873484,0.9049491969845952,0.9288757784333006,0.9288757784333006,0.9288757784333006
./instances/realistic-instances/20-10-1110588.cdop,./settings/Memetic-LS_MMX_1099666.config,20,10,0.6810647915620291,0.6855851330989452,0.7830236062280261,0.849824208940231,0.8679055750878956,0.880462079357107,0.88598694123556,0.8884982420894023,0.9276745354093421,0.9372174786539428,0.9372174786539428,0.9422400803616273,0.9608237066800602,0.9608237066800602
./instances/realistic-instances/5-10-1891798.cdop,./settings/Memetic_MMX_1287823.config,5,10,0.9917653113741637,0.993309315491508,0.997941327843541,0.997941327843541,0.997941327843541,0.997941327843541,0.997941327843541,0.997941327843541,0.997941327843541,0.997941327843541,0.997941327843541,1.0,1.0,1.0
./instances/realistic-instances/15-40-1762875.cdop,./settings/Memetic_MPX_1881515.config,15,40,0.8203926164664518,0.8693231760914152,0.8745971286258424,0.8745971286258424,0.8851450336946968,0.8989159097568122,0.9050688543803106,0.9050688543803106,0.915616759449165,0.9244066803398769,0.9244066803398769,0.9244066803398769,0.9299736302373278,0.9299736302373278
./instances/realistic-instances/5-25-1767920.cdop,./settings/Memetic_MPX_1881515.config,5,25,0.9347104389524161,0.9502028771670971,0.9538915529324973,0.9538915529324973,0.9583179638509775,0.9583179638509775,0.9583179638509775,0.9583179638509775,0.9601623017336776,0.9767613426779787,0.9767613426779787,0.9767613426779787,0.9767613426779787,0.9767613426779787
./instances/realistic-instances/10-25-1917698.cdop,./settings/Memetic_MMX_1287823.config,10,25,0.9590942293644996,0.960189919649379,0.970781592403214,0.9751643535427319,0.9751643535427319,0.9751643535427319,0.9883126369612856,0.991599707815924,0.9926953981008035,0.9926953981008035,0.9926953981008035,0.9926953981008035,0.9941563184806428,0.9941563184806428
./instances/realistic-instances/15-10-1917698.cdop,./settings/Memetic_MMX_1099666.config,15,10,0.9676898222940227,0.9693053311793215,0.9693053311793215,0.9806138933764136,0.9806138933764136,0.9811523963381799,0.9876144318793754,0.9876144318793754,0.9876144318793754,0.9876144318793754,0.9876144318793754,0.9978459881529348,0.9978459881529348,0.9978459881529348
./instances/realistic-instances/5-10-1917698.cdop,./settings/Memetic-LS_MMX_1287823.config,5,10,0.8412698412698413,0.9042145593869731,0.9042145593869731,0.9146141215106732,0.926655719759168,0.9348659003831418,0.9348659003831418,0.9348659003831418,0.9348659003831418,0.9348659003831418,0.9348659003831418,0.9534756431308156,0.9720853858784894,0.9720853858784894
./instances/realistic-instances/15-25-1767920.cdop,./settings/Memetic_MMX_1881515.config,15,25,0.9498069498069498,0.9536679536679536,0.9575289575289575,0.9575289575289575,0.9719199719199719,0.9719199719199719,0.9736749736749737,0.9778869778869779,0.9866619866619867,0.9887679887679888,0.9887679887679888,0.9887679887679888,1.0,1.0
./instances/realistic-instances/5-40-1110588.cdop,./settings/Memetic_MPX_1881515.config,5,40,0.9148936170212766,0.9148936170212766,0.9229442208165612,0.9229442208165612,0.92093156986774,0.92093156986774,0.9447958596894767,0.9606095457159287,0.9606095457159287,0.9606095457159287,0.9784358826912019,0.9810235767682576,0.9818861414606096,0.9818861414606096
./instances/realistic-instances/5-40-1110588.cdop,./settings/Memetic_MMX_1099666.config,5,40,0.952558941920644,0.9600345025876941,0.960897067280046,0.9654974123059229,0.9654974123059229,0.9654974123059229,0.9654974123059229,0.968372627947096,0.9715353651523865,0.9715353651523865,0.9715353651523865,0.9715353651523865,0.980448533640023,0.980448533640023
./instances/realistic-instances/15-10-1762875.cdop,./settings/Memetic_MPX_1881515.config,15,10,0.8624078624078624,0.8624078624078624,0.8624078624078624,0.8624078624078624,0.8624078624078624,0.8707616707616708,0.9115479115479116,0.9115479115479116,0.9115479115479116,0.9115479115479116,0.9115479115479116,0.9395577395577396,0.9395577395577396,0.9395577395577396
./instances/realistic-instances/15-25-1917698.cdop,./settings/Memetic-LS_MMX_1881515.config,15,25,0.6299774605559729,0.6645379413974455,0.7554470323065364,0.7595792637114951,0.7858752817430503,0.821938392186326,0.8553719008264463,0.8670172802404207,0.9015777610818934,0.9015777610818934,0.9015777610818934,0.905709992486852,0.9064613072877535,0.9064613072877535
./instances/realistic-instances/5-25-1891798.cdop,./settings/Memetic_MPX_1881515.config,5,25,0.9627826086956521,0.9648695652173913,0.9648695652173913,0.9648695652173913,0.9648695652173913,0.967304347826087,0.969391304347826,0.969391304347826,0.969391304347826,0.9714782608695652,0.9766956521739131,0.9766956521739131,0.9766956521739131,0.9766956521739131
./instances/realistic-instances/15-40-1891798.cdop,./settings/Memetic-LS_MMX_1881515.config,15,40,0.5380649074916591,0.5380649074916591,0.5723384895359418,0.6020624810433728,0.6651501364877161,0.7364270548983924,0.8146800121322414,0.8213527449196238,0.8447073096754626,0.851076736427055,0.8935395814376706,0.9008189262966333,0.9071883530482256,0.9071883530482256
./instances/realistic-instances/25-10-1891798.cdop,./settings/Memetic_MPX_1287823.config,25,10,0.7888655462184874,0.7888655462184874,0.7888655462184874,0.7888655462184874,0.7888655462184874,0.8098739495798319,0.8098739495798319,0.8098739495798319,0.8382352941176471,0.8382352941176471,0.8382352941176471,0.8382352941176471,0.8382352941176471,0.8382352941176471
./instances/realistic-instances/10-40-1110588.cdop,./settings/Memetic-LS_MPX_1099666.config,10,40,0.5416666666666666,0.5416666666666666,0.5886904761904762,0.6059523809523809,0.606845238095238,0.6363095238095238,0.6705357142857142,0.7032738095238096,0.7196428571428571,0.7836309523809524,0.8175595238095238,0.8467261904761905,0.8636904761904762,0.8636904761904762
./instances/realistic-instances/5-10-1917698.cdop,./settings/Memetic-LS_MPX_1099666.config,5,10,0.9058565955117679,0.9490968801313628,0.9490968801313628,0.9540229885057471,0.9627805145046524,0.9627805145046524,0.9627805145046524,0.9627805145046524,0.9627805145046524,0.9627805145046524,0.9627805145046524,0.9627805145046524,0.9660645867542419,0.9660645867542419
./instances/realistic-instances/20-10-1762875.cdop,./settings/Memetic_MMX_1099666.config,20,10,0.9506292352371732,0.9515972894482091,0.9515972894482091,0.9515972894482091,0.984027105517909,0.9927395934172314,0.9927395934172314,0.9927395934172314,0.9927395934172314,0.9927395934172314,0.9927395934172314,0.9927395934172314,1.0,1.0
./instances/realistic-instances/15-40-1110588.cdop,./settings/Memetic_MPX_1287823.config,15,40,0.8303341902313625,0.8303341902313625,0.8577549271636675,0.8577549271636675,0.8577549271636675,0.8643244787203657,0.8643244787203657,0.8643244787203657,0.9008854612967724,0.9203084832904884,0.9234504427306484,0.9268780348471866,0.9268780348471866,0.9268780348471866
./instances/realistic-instances/10-10-1110588.cdop,./settings/Memetic-LS_MMX_1881515.config,10,10,0.7744726879394267,0.7939426717144402,0.8545159545700378,0.8599242833964305,0.8626284478096268,0.9340183883180098,0.9340183883180098,0.9340183883180098,0.9432125473228772,0.9583558680367766,0.9583558680367766,0.9583558680367766,0.9583558680367766,0.9583558680367766
./instances/realistic-instances/5-10-1891798.cdop,./settings/Memetic_MPX_1881515.config,5,10,0.993309315491508,0.993309315491508,0.993309315491508,0.9953679876479671,0.9953679876479671,0.997941327843541,0.997941327843541,0.997941327843541,0.997941327843541,0.997941327843541,0.997941327843541,1.0,1.0,1.0
./instances/realistic-instances/15-25-1110588.cdop,./settings/Memetic_MPX_1287823.config,15,25,0.8767617174696821,0.9252704031465093,0.9252704031465093,0.9252704031465093,0.9252704031465093,0.9252704031465093,0.9252704031465093,0.9252704031465093,0.9252704031465093,0.9252704031465093,0.9252704031465093,0.9252704031465093,0.9252704031465093,0.9252704031465093
./instances/realistic-instances/15-25-1110588.cdop,./settings/Memetic-LS_MMX_1881515.config,15,25,0.5394952474598492,0.6060308095706326,0.6060308095706326,0.6578171091445427,0.6951819075712881,0.7351687971156998,0.8921665027859718,0.9056047197640118,0.9056047197640118,0.9108489019993444,0.9124877089478859,0.9187151753523435,0.9216650278597182,0.9216650278597182
./instances/realistic-instances/10-10-1762875.cdop,./settings/Memetic-LS_MMX_1099666.config,10,10,0.8350810295519543,0.8551000953288846,0.8951382268827455,0.9175405147759771,0.9280266920877026,0.9437559580552908,0.9451858913250715,0.9509056244041945,0.9509056244041945,0.9509056244041945,0.9509056244041945,0.9509056244041945,0.9509056244041945,0.9509056244041945
./instances/realistic-instances/20-10-1891798.cdop,./settings/Memetic_MMX_1881515.config,20,10,0.9513826940231935,0.9536128456735058,0.9656556645851918,0.9683318465655665,0.9714540588760036,0.9714540588760036,0.9714540588760036,0.9714540588760036,0.9785905441570026,0.9821587867975022,0.9821587867975022,0.9821587867975022,0.9924174843889384,0.9924174843889384
./instances/realistic-instances/20-25-1917698.cdop,./settings/Memetic-LS_MPX_1881515.config,20,25,0.4760861628331508,0.4760861628331508,0.5761226725082147,0.5980284775465499,0.624680540343191,0.6283315078495801,0.6352683461117196,0.6641109894121943,0.6641109894121943,0.6684921504198612,0.7447973713033954,0.7886089813800657,0.7886089813800657,0.7886089813800657
./instances/realistic-instances/15-25-1767920.cdop,./settings/Memetic-LS_MMX_1881515.config,15,25,0.5366795366795367,0.6567216567216567,0.7434187434187434,0.7630747630747631,0.8146718146718147,0.8269568269568269,0.8308178308178308,0.8452088452088452,0.8715338715338715,0.9336609336609336,0.9417339417339418,0.9417339417339418,0.9522639522639522,0.9522639522639522
./instances/realistic-instances/15-25-1767920.cdop,./settings/Memetic-LS_MPX_1881515.config,15,25,0.6163566163566163,0.657072657072657,0.6837486837486837,0.6837486837486837,0.6837486837486837,0.6837486837486837,0.7213057213057213,0.7655317655317655,0.7915057915057915,0.8058968058968059,0.8058968058968059,0.8311688311688312,0.8585468585468585,0.8585468585468585
./instances/realistic-instances/10-25-1762875.cdop,./settings/Memetic_MPX_1099666.config,10,25,0.9067229848644843,0.9067229848644843,0.9067229848644843,0.9345300950369588,0.9422738472368885,0.9472016895459345,0.9472016895459345,0.9472016895459345,0.9517775431186202,0.9517775431186202,0.9517775431186202,0.9563533966913059,0.9563533966913059,0.9563533966913059
./instances/realistic-instances/20-10-1891798.cdop,./settings/Memetic-LS_MPX_1881515.config,20,10,0.6828724353256022,0.6828724353256022,0.7243532560214094,0.7346119536128457,0.7346119536128457,0.7546833184656556,0.7546833184656556,0.7912578055307761,0.7912578055307761,0.7912578055307761,0.7912578055307761,0.8220338983050848,0.8470115967885816,0.8470115967885816
./instances/realistic-instances/25-10-1917698.cdop,./settings/Memetic-LS_MPX_1287823.config,25,10,0.5336633663366337,0.5336633663366337,0.5336633663366337,0.5336633663366337,0.5336633663366337,0.5925742574257425,0.6792079207920793,0.6792079207920793,0.7014851485148514,0.7118811881188118,0.7118811881188118,0.7118811881188118,0.7118811881188118,0.7118811881188118
./instances/realistic-instances/15-25-1762875.cdop,./settings/Memetic-LS_MPX_1881515.config,15,25,0.5936713412441568,0.598705501618123,0.6166846458108594,0.6472491909385113,0.6724199928083423,0.6835670622078389,0.7321107515282272,0.7666307083782812,0.7666307083782812,0.7935994246673859,0.7935994246673859,0.8345918734268248,0.8795397339086659,0.8795397339086659
./instances/realistic-instances/5-40-1891798.cdop,./settings/Memetic_MMX_1099666.config,5,40,0.9476576055523424,0.9476576055523424,0.9511278195488722,0.9511278195488722,0.9667437825332562,0.981203007518797,0.9823597455176403,0.9823597455176403,0.9893001735106999,0.992192018507808,1.0,1.0,1.0,1.0
./instances/realistic-instances/10-10-1110588.cdop,./settings/Memetic_MPX_1287823.config,10,10,0.9118442401297999,0.9221200648999459,0.9356408869659275,0.9356408869659275,0.952947539210384,0.952947539210384,0.961060032449973,0.961060032449973,0.961060032449973,0.961060032449973,0.9626825310978907,0.9664683612763656,0.9664683612763656,0.9664683612763656
./instances/realistic-instances/20-10-1767920.cdop,./settings/Memetic-LS_MMX_1099666.config,20,10,0.3818006740491093,0.6307173808377468,0.7347135291285508,0.8343765045739047,0.8680789600385171,0.8998555609051516,0.9065960519980741,0.9065960519980741,0.9364467982667308,0.94174289841117,0.9499277804525759,0.9499277804525759,0.9499277804525759,0.9499277804525759
./instances/realistic-instances/20-10-1110588.cdop,./settings/Memetic_MPX_1881515.config,20,10,0.7724761426418885,0.77850326469111,0.8367654445002511,0.8367654445002511,0.8367654445002511,0.8367654445002511,0.8367654445002511,0.8367654445002511,0.8367654445002511,0.8548468106479156,0.8598694123556002,0.8598694123556002,0.8598694123556002,0.8598694123556002
./instances/realistic-instances/15-40-1767920.cdop,./settings/Memetic_MPX_1287823.config,15,40,0.8139390168014935,0.8385189794648413,0.8680771624144369,0.9016801493466086,0.9016801493466086,0.9016801493466086,0.9016801493466086,0.9035469819539514,0.9054138145612943,0.910392034847542,0.910392034847542,0.910392034847542,0.9352831362787803,0.9352831362787803
./instances/realistic-instances/10-25-1767920.cdop,./settings/Memetic_MMX_1881515.config,10,25,0.9450158227848101,0.9489715189873418,0.9738924050632911,0.9738924050632911,0.9738924050632911,0.9738924050632911,0.9738924050632911,0.9821993670886076,0.9821993670886076,0.9821993670886076,0.9869462025316456,0.9893196202531646,0.9893196202531646,0.9893196202531646
./instances/realistic-instances/15-40-1891798.cdop,./settings/Memetic-LS_MPX_1099666.config,15,40,0.45071276918410674,0.5235062177737337,0.5347285410979679,0.54049135577798,0.5972095844707309,0.5972095844707309,0.605702153472854,0.6463451622687292,0.6678798908098271,0.7197452229299363,0.7925386715195633,0.7967849560206248,0.8155899302396118,0.8155899302396118
./instances/realistic-instances/5-40-1110588.cdop,./settings/Memetic-LS_MMX_1881515.config,5,40,0.6124209315698678,0.6506612995974698,0.7041403105232893,0.7484186313973548,0.7576193214491087,0.7883841288096607,0.793271995399655,0.8105232892466935,0.828637147786084,0.8317998849913744,0.8392754456584244,0.8392754456584244,0.8392754456584244,0.8392754456584244
./instances/realistic-instances/20-25-1767920.cdop,./settings/Memetic-LS_MMX_1881515.config,20,25,0.5532846715328467,0.6098540145985402,0.6412408759124087,0.7018248175182482,0.7970802919708029,0.8083941605839416,0.8113138686131387,0.8131386861313868,0.8791970802919709,0.8854014598540146,0.8854014598540146,0.8854014598540146,0.8857664233576642,0.8857664233576642
./instances/realistic-instances/15-10-1110588.cdop,./settings/Memetic-LS_MMX_1287823.config,15,10,0.6095,0.6345,0.676,0.7715,0.864,0.864,0.9065,0.9495,0.9495,0.9635,0.9635,0.9635,0.9635,0.9635
./instances/realistic-instances/25-10-1767920.cdop,./settings/Memetic_MMX_1099666.config,25,10,0.9561042524005487,0.9743941472336534,0.9743941472336534,0.9743941472336534,0.974851394604481,0.9858253315043438,0.9858253315043438,0.9858253315043438,0.9858253315043438,0.9858253315043438,0.9885688157293095,0.9885688157293095,0.9885688157293095,0.9885688157293095
./instances/realistic-instances/5-40-1767920.cdop,./settings/Memetic-LS_MPX_1287823.config,5,40,0.67375,0.7475,0.7696875,0.8025,0.821875,0.8471875,0.85625,0.85625,0.894375,0.9025,0.91375,0.914375,0.918125,0.918125
./instances/realistic-instances/10-10-1891798.cdop,./settings/Memetic_MMX_1881515.config,10,10,0.9823209428830463,0.9823209428830463,0.9972801450589301,0.9972801450589301,0.9972801450589301,0.9981867633726201,0.9981867633726201,0.9986400725294651,0.9986400725294651,0.99909338168631,0.99909338168631,0.99909338168631,0.99909338168631,0.99909338168631
./instances/realistic-instances/25-25-1891798.cdop,./settings/Memetic-LS_MMX_1881515.config,25,25,0.3607290233837689,0.5670563961485557,0.6210453920220083,0.6960110041265475,0.7259284731774416,0.8153370013755158,0.8249656121045392,0.828748280605227,0.8806740027510316,0.907496561210454,0.907496561210454,0.9198762035763411,0.9308803301237965,0.9308803301237965
./instances/realistic-instances/5-10-1917698.cdop,./settings/Memetic_MMX_1099666.config,5,10,0.9939792008757526,0.9939792008757526,0.9939792008757526,0.9939792008757526,0.9939792008757526,0.9939792008757526,0.9939792008757526,0.9939792008757526,0.9939792008757526,0.9939792008757526,0.9939792008757526,0.9939792008757526,1.0,1.0
./instances/realistic-instances/20-25-1110588.cdop,./settings/Memetic-LS_MMX_1099666.config,20,25,0.5038593481989708,0.5750428816466552,0.6342195540308748,0.6457975986277873,0.6822469982847341,0.7054030874785592,0.7139794168096055,0.7139794168096055,0.7748713550600344,0.8014579759862779,0.8104631217838765,0.8554888507718696,0.8554888507718696,0.8554888507718696
./instances/realistic-instances/5-40-1917698.cdop,./settings/Memetic-LS_MMX_1881515.config,5,40,0.6052416052416052,0.6325416325416325,0.6527436527436528,0.6562926562926563,0.6562926562926563,0.7051597051597052,0.7248157248157249,0.7933387933387933,0.8828828828828829,0.8845208845208845,0.9459459459459459,0.9511329511329512,0.9615069615069615,0.9615069615069615
./instances/realistic-instances/15-40-1110588.cdop,./settings/Memetic-LS_MMX_1881515.config,15,40,0.5312767780634104,0.5692659240217081,0.5692659240217081,0.6749500142816338,0.6932305055698372,0.7343616109682948,0.744358754641531,0.7820622679234505,0.8143387603541845,0.8834618680377035,0.8863181948014853,0.8948871750928307,0.9103113396172522,0.9103113396172522
./instances/realistic-instances/25-25-1891798.cdop,./settings/Memetic_MPX_1287823.config,25,25,0.688101788170564,0.688101788170564,0.7090784044016506,0.7321182943603851,0.7788858321870702,0.7788858321870702,0.7788858321870702,0.7788858321870702,0.8414718019257221,0.8414718019257221,0.8414718019257221,0.8414718019257221,0.8414718019257221,0.8414718019257221
./instances/realistic-instances/15-40-1891798.cdop,./settings/Memetic_MPX_1881515.config,15,40,0.8174097664543525,0.8595693054291781,0.86472550803761,0.86472550803761,0.86472550803761,0.8747346072186837,0.8974825599029421,0.8986957840461025,0.9175007582650895,0.91871398240825,0.91871398240825,0.91871398240825,0.91871398240825,0.91871398240825
./instances/realistic-instances/5-10-1891798.cdop,./settings/Memetic-LS_MMX_1881515.config,5,10,0.8723623262995368,0.8924343798250128,0.9264024704065877,0.9660319094184251,0.9660319094184251,0.9660319094184251,0.9722079258878024,0.9722079258878024,0.9722079258878024,0.9722079258878024,0.9722079258878024,0.9897066392177046,0.997941327843541,0.997941327843541
./instances/realistic-instances/15-40-1762875.cdop,./settings/Memetic_MPX_1287823.config,15,40,0.836507471432757,0.8470553765016114,0.8869030178728391,0.8924699677702901,0.8924699677702901,0.9000878992089071,0.9000878992089071,0.9097568121886903,0.9097568121886903,0.9138587752710225,0.9173747436273073,0.9173747436273073,0.9387635511280399,0.9387635511280399
./instances/realistic-instances/5-10-1110588.cdop,./settings/Memetic_MMX_1099666.config,5,10,0.9933741080530072,0.9933741080530072,0.9933741080530072,0.9933741080530072,0.9933741080530072,0.9933741080530072,0.9949031600407747,1.0,1.0,1.0,1.0,1.0,1.0,1.0
./instances/realistic-instances/15-25-1767920.cdop,./settings/Memetic-LS_MMX_1287823.config,15,25,0.525096525096525,0.5465075465075465,0.5952965952965953,0.7002457002457002,0.7588627588627589,0.8094068094068094,0.8230958230958231,0.8427518427518428,0.8796068796068796,0.9111969111969112,0.9378729378729379,0.9515619515619516,0.9554229554229554,0.9554229554229554
./instances/realistic-instances/20-25-1767920.cdop,./settings/Memetic_MPX_1287823.config,20,25,0.7675182481751824,0.785036496350365,0.8678832116788321,0.8678832116788321,0.8678832116788321,0.8678832116788321,0.8678832116788321,0.8678832116788321,0.8678832116788321,0.8678832116788321,0.8751824817518248,0.877007299270073,0.8824817518248175,0.8824817518248175
./instances/realistic-instances/25-10-1110588.cdop,./settings/Memetic_MMX_1881515.config,25,10,0.9576669802445907,0.9755409219190969,0.9783631232361242,0.9793038570084666,0.9816556914393226,0.9816556914393226,0.9825964252116651,0.9825964252116651,0.9825964252116651,0.9901222953904045,0.9901222953904045,0.9901222953904045,0.9920037629350894,0.9920037629350894
./instances/realistic-instances/20-10-1767920.cdop,./settings/Memetic_MMX_1287823.config,20,10,0.9287433798748195,0.9460760712566201,0.9581126624939817,0.9860375541646605,0.9870004814636495,0.9870004814636495,0.9870004814636495,0.9870004814636495,0.9961482908040443,0.9961482908040443,0.9961482908040443,0.9961482908040443,0.9961482908040443,0.9961482908040443
./instances/realistic-instances/10-40-1762875.cdop,./settings/Memetic-LS_MPX_1287823.config,10,40,0.49483960948396094,0.5333333333333333,0.5838214783821478,0.591910739191074,0.6245467224546722,0.6334728033472803,0.6928870292887029,0.7483960948396094,0.7531380753138075,0.7799163179916317,0.8228730822873083,0.8549511854951185,0.8672245467224546,0.8672245467224546
./instances/realistic-instances/25-10-1767920.cdop,./settings/Memetic-LS_MMX_1287823.config,25,10,0.6250571559213535,0.720164609053498,0.7402834933699132,0.7485139460448103,0.7841792409693644,0.8084133516232281,0.8180155464106081,0.8340192043895748,0.8728852309099223,0.8728852309099223,0.8765432098765432,0.8765432098765432,0.8765432098765432,0.8765432098765432
./instances/realistic-instances/20-10-1762875.cdop,./settings/Memetic_MPX_1881515.config,20,10,0.7318489835430784,0.7318489835430784,0.78702807357212,0.78702807357212,0.78702807357212,0.78702807357212,0.792352371732817,0.792352371732817,0.8199419167473379,0.8199419167473379,0.8417231364956438,0.8523717328170377,0.8523717328170377,0.8523717328170377
./instances/realistic-instances/5-25-1767920.cdop,./settings/Memetic_MPX_1099666.config,5,25,0.9354481741054961,0.9354481741054961,0.9406123201770564,0.9406123201770564,0.9406123201770564,0.9406123201770564,0.9490962744374769,0.9767613426779787,0.9874585023976392,0.9874585023976392,0.9874585023976392,0.9874585023976392,0.9874585023976392,0.9874585023976392
./instances/realistic-instances/15-40-1762875.cdop,./settings/Memetic_MMX_1287823.config,15,40,0.9106358042777615,0.9153237620861412,0.93641957222385,0.9443305010254908,0.9633753296220334,0.9639613243480809,0.9789041898622912,0.9821271608555523,0.9917960738353355,0.9917960738353355,0.9917960738353355,0.9917960738353355,0.9935540580134778,0.9935540580134778
./instances/realistic-instances/10-40-1891798.cdop,./settings/Memetic-LS_MMX_1099666.config,10,40,0.5628287551139685,0.5745178258328463,0.6315020455873758,0.6656925774400935,0.6811805961426066,0.7516072472238458,0.7600818234950322,0.8103448275862069,0.8223261250730567,0.8813559322033898,0.8889538281706605,0.9003506721215664,0.9050263004091175,0.9050263004091175
./instances/realistic-instances/20-10-1891798.cdop,./settings/Memetic_MPX_1287823.config,20,10,0.8189116859946476,0.8189116859946476,0.8189116859946476,0.8510258697591436,0.8510258697591436,0.8510258697591436,0.8510258697591436,0.8510258697591436,0.8800178412132025,0.8880463871543265,0.8880463871543265,0.8880463871543265,0.8947368421052632,0.8947368421052632
./instances/realistic-instances/15-40-1891798.cdop,./settings/Memetic_MMX_1287823.config,15,40,0.9311495298756445,0.9535941765241128,0.97300576281468,0.97300576281468,0.97300576281468,0.9814983318168031,0.9814983318168031,0.9814983318168031,0.9814983318168031,0.9842280861389142,0.9872611464968153,0.9872611464968153,0.9884743706399758,0.9884743706399758
./instances/realistic-instances/15-10-1767920.cdop,./settings/Memetic-LS_MMX_1099666.config,15,10,0.8117408906882592,0.8502024291497976,0.8593117408906883,0.8593117408906883,0.8593117408906883,0.8593117408906883,0.8593117408906883,0.917004048582996,0.9230769230769231,0.937246963562753,0.9478744939271255,0.9478744939271255,0.9498987854251012,0.9498987854251012
./instances/realistic-instances/10-40-1891798.cdop,./settings/Memetic_MPX_1881515.config,10,40,0.8661601402688486,0.9167153711279953,0.9167153711279953,0.9333722969023963,0.9374634716540035,0.9374634716540035,0.9462302746931619,0.9462302746931619,0.9462302746931619,0.9462302746931619,0.9485680888369374,0.9579193454120397,0.9579193454120397,0.9579193454120397
./instances/realistic-instances/5-25-1917698.cdop,./settings/Memetic_MPX_1881515.config,5,25,0.9578059071729957,0.9588607594936709,0.9588607594936709,0.9651898734177216,0.9651898734177216,0.9651898734177216,0.9651898734177216,0.9771448663853727,0.990857946554149,0.990857946554149,0.990857946554149,0.990857946554149,0.9961322081575246,0.9961322081575246
./instances/realistic-instances/15-25-1917698.cdop,./settings/Memetic_MPX_1287823.config,15,25,0.8831705484598047,0.8831705484598047,0.8831705484598047,0.8831705484598047,0.8981968444778362,0.9008264462809917,0.9184823441021788,0.9184823441021788,0.9184823441021788,0.919984973703982,0.919984973703982,0.919984973703982,0.919984973703982,0.919984973703982
./instances/realistic-instances/5-10-1767920.cdop,./settings/Memetic_MMX_1099666.config,5,10,0.9862542955326461,0.9862542955326461,0.9862542955326461,0.9862542955326461,0.9862542955326461,0.9862542955326461,0.9896907216494846,0.9896907216494846,1.0,1.0,1.0,1.0,1.0,1.0
./instances/realistic-instances/10-25-1110588.cdop,./settings/Memetic_MMX_1287823.config,10,25,0.9438162544169612,0.9480565371024735,0.9480565371024735,0.9519434628975265,0.9607773851590106,0.9738515901060071,0.9812720848056538,0.9812720848056538,0.9812720848056538,0.992226148409894,0.996113074204947,0.9968197879858657,0.9968197879858657,0.9968197879858657
./instances/realistic-instances/5-10-1762875.cdop,./settings/Memetic-LS_MPX_1099666.config,5,10,0.8990057561486133,0.8990057561486133,0.8990057561486133,0.8990057561486133,0.8990057561486133,0.8990057561486133,0.8990057561486133,0.9466248037676609,0.9549973835688121,0.9633699633699634,0.9701726844583988,0.9701726844583988,0.9701726844583988,0.9701726844583988
./instances/realistic-instances/10-10-1917698.cdop,./settings/Memetic-LS_MPX_1099666.config,10,10,0.7056737588652482,0.7436676798378926,0.8181357649442755,0.8181357649442755,0.8181357649442755,0.8181357649442755,0.853596757852077,0.853596757852077,0.8551165146909828,0.8551165146909828,0.8551165146909828,0.8551165146909828,0.8850050658561297,0.8850050658561297
./instances/realistic-instances/10-40-1110588.cdop,./settings/Memetic_MPX_1881515.config,10,40,0.875,0.875,0.9068452380952381,0.9101190476190476,0.9101190476190476,0.9217261904761904,0.9217261904761904,0.924404761904762,0.924404761904762,0.9261904761904762,0.9511904761904761,0.9511904761904761,0.9511904761904761,0.9511904761904761
./instances/realistic-instances/5-25-1767920.cdop,./settings/Memetic-LS_MMX_1881515.config,5,25,0.7281445960900037,0.7624492807082257,0.7624492807082257,0.7974917004795279,0.8716340833640723,0.9026189597934342,0.9133161195130948,0.9133161195130948,0.9133161195130948,0.916635927701955,0.9420877904832166,0.9420877904832166,0.9420877904832166,0.9420877904832166
./instances/realistic-instances/15-40-1767920.cdop,./settings/Memetic_MMX_1287823.config,15,40,0.9284380833851898,0.9411947728686995,0.9411947728686995,0.9467952706907281,0.955196017423771,0.955196017423771,0.963596764156814,0.9676415681393902,0.9676415681393902,0.9863098942128189,0.9900435594275047,0.9900435594275047,0.9900435594275047,0.9900435594275047
./instances/realistic-instances/5-25-1891798.cdop,./settings/Memetic-LS_MMX_1099666.config,5,25,0.7321739130434782,0.7582608695652174,0.7815652173913044,0.8448695652173913,0.8507826086956521,0.8587826086956521,0.8612173913043478,0.8612173913043478,0.9245217391304348,0.9304347826086956,0.9304347826086956,0.9304347826086956,0.9304347826086956,0.9304347826086956
./instances/realistic-instances/10-40-1891798.cdop,./settings/Memetic_MMX_1099666.config,10,40,0.95645821157218,0.95645821157218,0.95645821157218,0.9789596727060199,0.9789596727060199,0.9789596727060199,0.9789596727060199,0.9845119812974868,0.9877264757451782,0.9877264757451782,0.9877264757451782,0.9918176504967855,0.9932787843366452,0.9932787843366452
./instances/realistic-instances/15-40-1762875.cdop,./settings/Memetic_MPX_1099666.config,15,40,0.8546733079402286,0.8634632288309405,0.8895399941400527,0.8895399941400527,0.893641957222385,0.893641957222385,0.893641957222385,0.893641957222385,0.893641957222385,0.9153237620861412,0.9153237620861412,0.9170817462642836,0.9241136829768533,0.9241136829768533
./instances/realistic-instances/10-10-1917698.cdop,./settings/Memetic-LS_MPX_1287823.config,10,10,0.743161094224924,0.7695035460992907,0.8105369807497467,0.8211752786220872,0.8429584599797366,0.8429584599797366,0.8586626139817629,0.8586626139817629,0.8718338399189463,0.9468085106382979,0.9468085106382979,0.9493414387031408,0.9493414387031408,0.9493414387031408
./instances/realistic-instances/15-10-1767920.cdop,./settings/Memetic-LS_MMX_1881515.config,15,10,0.6776315789473685,0.7444331983805668,0.7444331983805668,0.7651821862348178,0.7925101214574899,0.8694331983805668,0.8800607287449392,0.8937246963562753,0.9326923076923077,0.9326923076923077,0.9691295546558705,0.9736842105263158,0.9736842105263158,0.9736842105263158
./instances/realistic-instances/5-10-1767920.cdop,./settings/Memetic-LS_MMX_1287823.config,5,10,0.861397479954181,0.8825887743413516,0.8969072164948454,0.8991981672394044,0.9404352806414662,0.9404352806414662,0.9444444444444444,0.9490263459335624,0.9513172966781214,0.9513172966781214,0.9782359679266895,0.9782359679266895,0.9782359679266895,0.9782359679266895
./instances/realistic-instances/25-10-1891798.cdop,./settings/Memetic-LS_MPX_1287823.config,25,10,0.45955882352941174,0.45955882352941174,0.46743697478991597,0.5162815126050421,0.5162815126050421,0.5488445378151261,0.5488445378151261,0.5488445378151261,0.5488445378151261,0.5756302521008403,0.6302521008403361,0.6512605042016807,0.6528361344537815,0.6528361344537815
./instances/realistic-instances/15-10-1917698.cdop,./settings/Memetic-LS_MMX_1099666.config,15,10,0.6058158319870759,0.786214324178783,0.8427571351642434,0.8427571351642434,0.8502961766289715,0.8546042003231018,0.8852988691437803,0.93322563274098,0.93322563274098,0.93322563274098,0.93322563274098,0.93322563274098,0.9660743134087237,0.9660743134087237
./instances/realistic-instances/10-10-1891798.cdop,./settings/Memetic-LS_MMX_1881515.config,10,10,0.8213961922030825,0.8504079782411604,0.8504079782411604,0.8939256572982774,0.8961922030825022,0.9111514052583862,0.9301903898458749,0.9392565729827742,0.9392565729827742,0.9510426110607434,0.9614687216681777,0.9873073436083409,0.9873073436083409,0.9873073436083409
./instances/realistic-instances/25-25-1917698.cdop,./settings/Memetic_MMX_1099666.config,25,25,0.9219477264590047,0.9480844969566774,0.9692087361260293,0.9692087361260293,0.9692087361260293,0.9781596849266022,0.9810239885427855,0.9810239885427855,0.9846043680630147,0.9867525957751522,0.9921231650554959,1.0,1.0,1.0
./instances/realistic-instances/20-25-1891798.cdop,./settings/Memetic_MPX_1099666.config,20,25,0.7707317073170732,0.7707317073170732,0.7707317073170732,0.7707317073170732,0.8668989547038327,0.8815331010452961,0.8815331010452961,0.8815331010452961,0.8815331010452961,0.88397212543554,0.88397212543554,0.8954703832752613,0.8954703832752613,0.8954703832752613
./instances/realistic-instances/15-25-1917698.cdop,./settings/Memetic_MMX_1287823.config,15,25,0.9462809917355371,0.959053343350864,0.9729526671675433,0.9729526671675433,0.9744552967693464,0.9744552967693464,0.978587528174305,0.978587528174305,0.9853493613824192,0.9853493613824192,0.9887302779864763,0.9887302779864763,0.9887302779864763,0.9887302779864763
./instances/realistic-instances/25-10-1762875.cdop,./settings/Memetic_MPX_1881515.config,25,10,0.7578947368421053,0.762200956937799,0.7980861244019138,0.7980861244019138,0.7980861244019138,0.7980861244019138,0.7980861244019138,0.7980861244019138,0.8555023923444977,0.8569377990430622,0.8569377990430622,0.8631578947368421,0.8631578947368421,0.8631578947368421
./instances/realistic-instances/5-25-1891798.cdop,./settings/Memetic-LS_MMX_1881515.config,5,25,0.7008695652173913,0.7495652173913043,0.7913043478260869,0.8177391304347826,0.8316521739130435,0.8459130434782609,0.8890434782608696,0.9053913043478261,0.9081739130434783,0.9398260869565217,0.9398260869565217,0.9398260869565217,0.9398260869565217,0.9398260869565217
./instances/realistic-instances/10-25-1762875.cdop,./settings/Memetic_MPX_1881515.config,10,25,0.9039070749736009,0.9039070749736009,0.9039070749736009,0.9039070749736009,0.9074269623372052,0.941921858500528,0.9503695881731784,0.9665610700457585,0.9679690249912003,0.9679690249912003,0.9679690249912003,0.9679690249912003,0.9686730024639212,0.9686730024639212
./instances/realistic-instances/25-25-1891798.cdop,./settings/Memetic-LS_MPX_1099666.config,25,25,0.3033012379642366,0.3194635488308116,0.35385144429160936,0.4023383768913342,0.4150618982118294,0.41643741403026135,0.41643741403026135,0.47730398899587345,0.5608665749656121,0.578748280605227,0.6506189821182944,0.7073590096286108,0.7623796423658872,0.7623796423658872
./instances/realistic-instances/5-25-1767920.cdop,./settings/Memetic-LS_MMX_1287823.config,5,25,0.817410549612689,0.8214680929546293,0.8270011066027296,0.8270011066027296,0.8376982663223903,0.8443378827001107,0.8653633345628919,0.900405754334194,0.900405754334194,0.9387679822943563,0.9457764662486168,0.9457764662486168,0.9457764662486168,0.9457764662486168
./instances/realistic-instances/15-10-1767920.cdop,./settings/Memetic_MPX_1881515.config,15,10,0.8937246963562753,0.8937246963562753,0.9038461538461539,0.9043522267206477,0.9185222672064778,0.9185222672064778,0.923582995951417,0.9357287449392713,0.9357287449392713,0.9357287449392713,0.9357287449392713,0.97165991902834,0.97165991902834,0.97165991902834
./instances/realistic-instances/25-10-1110588.cdop,./settings/Memetic-LS_MMX_1287823.config,25,10,0.6396989651928504,0.6730950141110066,0.7431796801505174,0.7756349952963312,0.786453433678269,0.8659454374412041,0.874412041392286,0.874412041392286,0.874412041392286,0.8824082784571966,0.8889934148635936,0.9078080903104422,0.91862652869238,0.91862652869238
./instances/realistic-instances/15-40-1891798.cdop,./settings/Memetic_MPX_1099666.config,15,40,0.8010312405216864,0.8368213527449196,0.8626023657870792,0.878374279648165,0.8908098271155596,0.8962693357597816,0.899909008189263,0.9269032453745829,0.9423718531998787,0.9423718531998787,0.9423718531998787,0.9423718531998787,0.9435850773430391,0.9435850773430391
./instances/realistic-instances/25-10-1762875.cdop,./settings/Memetic-LS_MMX_1287823.config,25,10,0.47607655502392343,0.5311004784688995,0.6464114832535885,0.6626794258373205,0.7406698564593301,0.8181818181818182,0.8411483253588516,0.8411483253588516,0.84688995215311,0.8559808612440192,0.877511961722488,0.8928229665071771,0.8956937799043062,0.8956937799043062
./instances/realistic-instances/10-10-1891798.cdop,./settings/Memetic-LS_MPX_1099666.config,10,10,0.7166817769718948,0.7592928377153219,0.7955575702629193,0.7955575702629193,0.814143245693563,0.8381686310063463,0.85675430643699,0.8730734360834089,0.8757932910244787,0.8757932910244787,0.8789664551223935,0.8789664551223935,0.8789664551223935,0.8789664551223935
./instances/realistic-instances/20-10-1767920.cdop,./settings/Memetic-LS_MMX_1287823.config,20,10,0.7159364467982667,0.7862301396244583,0.7997111218103033,0.8146364949446316,0.8310062590274434,0.8560423688011555,0.8560423688011555,0.8642272508425614,0.8791526239768898,0.8791526239768898,0.9099662975445354,0.9167067886374579,0.9412614347616755,0.9412614347616755
./instances/realistic-instances/10-10-1110588.cdop,./settings/Memetic-LS_MPX_1881515.config,10,10,0.7295835586803677,0.7339102217414819,0.7474310438074635,0.7690643591130341,0.8350459707950243,0.8426176311519741,0.8820984315846403,0.8945375878853434,0.9053542455381287,0.9053542455381287,0.9053542455381287,0.9053542455381287,0.9053542455381287,0.9053542455381287
./instances/realistic-instances/25-25-1891798.cdop,./settings/Memetic_MPX_1099666.config,25,25,0.7314305364511692,0.7888583218707015,0.7888583218707015,0.7888583218707015,0.7888583218707015,0.8098349381017882,0.8098349381017882,0.8098349381017882,0.8098349381017882,0.8098349381017882,0.8174002751031637,0.8253094910591472,0.8253094910591472,0.8253094910591472
./instances/realistic-instances/10-10-1891798.cdop,./settings/Memetic-LS_MPX_1287823.config,10,10,0.7443336355394379,0.7647325475974615,0.7647325475974615,0.7796917497733454,0.8037171350861287,0.8354487760652766,0.8359020852221215,0.8504079782411604,0.8522212148685403,0.857207615593835,0.8757932910244787,0.8757932910244787,0.8844061650045331,0.8844061650045331
./instances/realistic-instances/25-10-1110588.cdop,./settings/Memetic-LS_MPX_1287823.config,25,10,0.486829727187206,0.5188146754468486,0.5188146754468486,0.5188146754468486,0.5188146754468486,0.5188146754468486,0.5338664158043274,0.5465663217309501,0.5465663217309501,0.6378174976481655,0.6566321730950141,0.6956726246472248,0.7365945437441204,0.7365945437441204
./instances/realistic-instances/25-10-1762875.cdop,./settings/Memetic-LS_MMX_1099666.config,25,10,0.6014354066985645,0.6593301435406699,0.6952153110047847,0.707177033492823,0.7272727272727273,0.808133971291866,0.8224880382775119,0.8392344497607656,0.8607655502392344,0.8607655502392344,0.8607655502392344,0.8837320574162679,0.8947368421052632,0.8947368421052632
./instances/realistic-instances/15-25-1917698.cdop,./settings/Memetic-LS_MPX_1099666.config,15,25,0.6367392937640871,0.6652892561983471,0.6821938392186326,0.69045830202855,0.7389181066867018,0.7389181066867018,0.7535687453042825,0.7779864763335838,0.7896318557475582,0.8140495867768595,0.8339594290007513,0.8471074380165289,0.8696468820435762,0.8696468820435762
./instances/realistic-instances/5-40-1891798.cdop,./settings/Memetic_MPX_1287823.config,5,40,0.9196067090803933,0.9303065355696934,0.9352226720647774,0.9398496240601504,0.9551764025448236,0.9609600925390399,0.9609600925390399,0.9609600925390399,0.9612492770387507,0.9690572585309427,0.9809138230190861,0.9809138230190861,0.9809138230190861,0.9809138230190861
./instances/realistic-instances/5-40-1767920.cdop,./settings/Memetic_MPX_1287823.config,5,40,0.9309375,0.9684375,0.9684375,0.9684375,0.9684375,0.9684375,0.9753125,0.9753125,0.9753125,0.98125,0.983125,0.9875,0.9875,0.9875
./instances/realistic-instances/5-40-1891798.cdop,./settings/Memetic-LS_MMX_1287823.config,5,40,0.6477732793522267,0.6633892423366108,0.6737998843262001,0.7186234817813765,0.7553499132446501,0.8019086176980914,0.8233082706766918,0.8366107576633892,0.8383458646616542,0.8383458646616542,0.8519375361480624,0.8629265471370735,0.8744939271255061,0.8744939271255061
./instances/realistic-instances/5-40-1110588.cdop,./settings/Memetic_MPX_1099666.config,5,40,0.9298447383553766,0.9341575618171363,0.949683726279471,0.949683726279471,0.949683726279471,0.9516963772282921,0.972972972972973,0.972972972972973,0.979585968947671,0.979585968947671,0.979585968947671,0.9867740080506038,0.9870615296147212,0.9870615296147212
./instances/realistic-instances/15-10-1762875.cdop,./settings/Memetic_MPX_1099666.config,15,10,0.8977886977886977,0.8977886977886977,0.9002457002457003,0.9144963144963145,0.9144963144963145,0.9154791154791154,0.9405405405405406,0.9405405405405406,0.9405405405405406,0.9405405405405406,0.9405405405405406,0.9405405405405406,0.9405405405405406,0.9405405405405406
./instances/realistic-instances/25-25-1110588.cdop,./settings/Memetic-LS_MMX_1099666.config,25,25,0.5746509129967776,0.5972073039742213,0.6029359112065878,0.6605800214822771,0.6874328678839957,0.7096312209094164,0.7278911564625851,0.7633369137128536,0.8170426065162907,0.8557107053347655,0.8822055137844611,0.9101324740422485,0.9101324740422485,0.9101324740422485
./instances/realistic-instances/25-10-1110588.cdop,./settings/Memetic_MPX_1287823.config,25,10,0.6942615239887112,0.6942615239887112,0.7196613358419567,0.7196613358419567,0.7347130761994356,0.7483537158984007,0.7681091251175918,0.7869238005644402,0.7869238005644402,0.7869238005644402,0.7869238005644402,0.8245531514581373,0.8245531514581373,0.8245531514581373
./instances/realistic-instances/15-40-1110588.cdop,./settings/Memetic_MPX_1099666.config,15,40,0.8291916595258497,0.8800342759211653,0.8800342759211653,0.8800342759211653,0.9071693801770923,0.9071693801770923,0.9080262782062268,0.9080262782062268,0.9080262782062268,0.9080262782062268,0.9080262782062268,0.9103113396172522,0.9337332190802627,0.9337332190802627
./instances/realistic-instances/5-40-1110588.cdop,./settings/Memetic_MMX_1287823.config,5,40,0.8887291546866015,0.9146060954571593,0.9160437032777459,0.9304197814836113,0.9548591144335825,0.9548591144335825,0.975848188614146,0.9744105807935595,0.975848188614146,0.9876365727429557,0.9910868315123634,0.9919493962047153,1.0,1.0
./instances/realistic-instances/10-25-1110588.cdop,./settings/Memetic-LS_MMX_1287823.config,10,25,0.6908127208480566,0.6908127208480566,0.7137809187279152,0.7286219081272085,0.7438162544169611,0.7614840989399293,0.7671378091872791,0.8431095406360424,0.8918727915194347,0.911660777385159,0.911660777385159,0.9236749116607774,0.9392226148409893,0.9392226148409893
./instances/realistic-instances/15-10-1917698.cdop,./settings/Memetic-LS_MMX_1881515.config,15,10,0.7189014539579968,0.778675282714055,0.8422186322024772,0.8669897684437264,0.8890683898761443,0.8987614431879375,0.8998384491114702,0.9084544964997308,0.9477652127086699,0.9617662897145934,0.9617662897145934,0.96661281637049,0.96661281637049,0.96661281637049
./instances/realistic-instances/10-25-1762875.cdop,./settings/Memetic-LS_MMX_1287823.config,10,25,0.723336853220697,0.7571277719112989,0.7877507919746568,0.7986624428018303,0.8356212601196762,0.8465329109468497,0.8525167194649771,0.8859556494192186,0.8954593453009504,0.905667018655403,0.9116508271735304,0.9116508271735304,0.9130587821189722,0.9130587821189722
./instances/realistic-instances/5-10-1891798.cdop,./settings/Memetic_MPX_1099666.config,5,10,0.9953679876479671,0.9953679876479671,0.9953679876479671,0.9953679876479671,0.9953679876479671,0.9953679876479671,0.9953679876479671,0.9953679876479671,0.9953679876479671,1.0,1.0,1.0,1.0,1.0
./instances/realistic-instances/10-25-1110588.cdop,./settings/Memetic-LS_MPX_1099666.config,10,25,0.6787985865724382,0.696113074204947,0.7204946996466431,0.7484098939929329,0.7533568904593639,0.8212014134275618,0.8371024734982332,0.8480565371024735,0.8678445229681979,0.8734982332155476,0.9134275618374559,0.9162544169611307,0.9162544169611307,0.9162544169611307
./instances/realistic-instances/20-25-1110588.cdop,./settings/Memetic-LS_MPX_1287823.config,20,25,0.4146655231560892,0.4146655231560892,0.4146655231560892,0.4468267581475129,0.4897084048027444,0.5120068610634648,0.5120068610634648,0.5120068610634648,0.5398799313893653,0.5806174957118353,0.5883361921097771,0.6265008576329331,0.6265008576329331,0.6265008576329331
./instances/realistic-instances/5-25-1110588.cdop,./settings/Memetic-LS_MMX_1287823.config,5,25,0.740799366838148,0.740799366838148,0.744756628413138,0.816383062920459,0.8796992481203008,0.886030866640285,0.8959240205777602,0.9125445191927186,0.9161060546102098,0.9477641472101306,0.9521171349426197,0.9521171349426197,0.9521171349426197,0.9521171349426197
./instances/realistic-instances/5-25-1762875.cdop,./settings/Memetic-LS_MMX_1881515.config,5,25,0.775679758308157,0.7990936555891238,0.8270392749244713,0.8376132930513596,0.8376132930513596,0.8512084592145015,0.8738670694864048,0.8833081570996979,0.8976586102719033,0.9214501510574018,0.9407099697885196,0.9486404833836858,0.9486404833836858,0.9486404833836858
./instances/realistic-instances/20-10-1762875.cdop,./settings/Memetic_MPX_1099666.config,20,10,0.7841239109390126,0.7841239109390126,0.7952565343659245,0.7952565343659245,0.7952565343659245,0.7952565343659245,0.7952565343659245,0.7952565343659245,0.8073572120038722,0.8431752178121975,0.8431752178121975,0.8431752178121975,0.8431752178121975,0.8431752178121975
./instances/realistic-instances/15-40-1767920.cdop,./settings/Memetic_MPX_1099666.config,15,40,0.8634100808960796,0.8761667703795893,0.8761667703795893,0.8848786558805227,0.8942128189172371,0.9082140634723086,0.9222153080273802,0.9222153080273802,0.9222153080273802,0.9222153080273802,0.9222153080273802,0.9309271935283137,0.9309271935283137,0.9309271935283137
./instances/realistic-instances/10-10-1917698.cdop,./settings/Memetic-LS_MPX_1881515.config,10,10,0.7993920972644377,0.7993920972644377,0.7993920972644377,0.8054711246200608,0.8054711246200608,0.8181357649442755,0.8237082066869301,0.9012158054711246,0.9012158054711246,0.9012158054711246,0.9012158054711246,0.9012158054711246,0.9012158054711246,0.9012158054711246
./instances/realistic-instances/15-10-1767920.cdop,./settings/Memetic-LS_MPX_1099666.config,15,10,0.8107287449392713,0.8107287449392713,0.8107287449392713,0.8107287449392713,0.8162955465587044,0.8517206477732794,0.8572874493927125,0.8572874493927125,0.8572874493927125,0.8572874493927125,0.8572874493927125,0.8572874493927125,0.9180161943319838,0.9180161943319838
./instances/realistic-instances/25-25-1891798.cdop,./settings/Memetic-LS_MPX_1287823.config,25,25,0.37551581843191195,0.4140302613480055,0.4140302613480055,0.4140302613480055,0.4140302613480055,0.43707015130674004,0.47214580467675377,0.47558459422283356,0.5165061898211829,0.5165061898211829,0.5546767537826685,0.6196698762035764,0.6685006877579092,0.6685006877579092
./instances/realistic-instances/15-40-1891798.cdop,./settings/Memetic-LS_MMX_1099666.config,15,40,0.5113739763421292,0.5113739763421292,0.5204731574158326,0.5802244464664846,0.6609038519866546,0.7206551410373067,0.8095238095238095,0.8152866242038217,0.835001516530179,0.8595693054291781,0.8610858356081286,0.878374279648165,0.8965726417955717,0.8965726417955717
./instances/realistic-instances/25-10-1917698.cdop,./settings/Memetic-LS_MMX_1287823.config,25,10,0.5643564356435643,0.6267326732673267,0.6747524752475248,0.7683168316831683,0.8054455445544555,0.8727722772277228,0.8777227722772277,0.8920792079207921,0.8920792079207921,0.8920792079207921,0.8920792079207921,0.898019801980198,0.9138613861386139,0.9138613861386139
./instances/realistic-instances/15-25-1891798.cdop,./settings/Memetic_MPX_1099666.config,15,25,0.8046511627906977,0.8201550387596899,0.8201550387596899,0.8209302325581396,0.8515503875968993,0.8728682170542635,0.8751937984496124,0.8837209302325582,0.8949612403100775,0.8949612403100775,0.8949612403100775,0.8949612403100775,0.8949612403100775,0.8949612403100775
./instances/realistic-instances/25-25-1762875.cdop,./settings/Memetic-LS_MMX_1287823.config,25,25,0.5152685152685152,0.6061776061776062,0.6728676728676729,0.7255177255177255,0.7451737451737451,0.7521937521937522,0.782028782028782,0.8171288171288171,0.8704808704808705,0.8704808704808705,0.8760968760968761,0.8978588978588978,0.9210249210249211,0.9210249210249211
./instances/realistic-instances/25-10-1891798.cdop,./settings/Memetic_MMX_1099666.config,25,10,0.9422268907563025,0.9511554621848739,0.9511554621848739,0.9721638655462185,0.9721638655462185,0.9868697478991597,0.9868697478991597,0.9978991596638656,0.9978991596638656,0.9978991596638656,0.9978991596638656,0.9978991596638656,1.0,1.0
./instances/realistic-instances/15-25-1762875.cdop,./settings/Memetic-LS_MMX_1099666.config,15,25,0.6249550521395182,0.6734987414599065,0.703344120819849,0.7360661632506292,0.7432578209277239,0.8072635742538655,0.8072635742538655,0.8327939590075513,0.862279755483639,0.8784609852571018,0.8860122258180511,0.8971592952175477,0.8971592952175477,0.8971592952175477
./instances/realistic-instances/5-40-1762875.cdop,./settings/Memetic_MPX_1099666.config,5,40,0.9289163090128756,0.9525214592274678,0.9586909871244635,0.9586909871244635,0.9586909871244635,0.9721030042918455,0.9817596566523605,0.9817596566523605,0.9879291845493562,0.9879291845493562,0.9879291845493562,0.9879291845493562,0.9884656652360515,0.9884656652360515
./instances/realistic-instances/15-40-1917698.cdop,./settings/Memetic_MPX_1287823.config,15,40,0.824764222695467,0.8865226650441131,0.8865226650441131,0.8865226650441131,0.892607240644965,0.892607240644965,0.892607240644965,0.892607240644965,0.892607240644965,0.8962579860054761,0.9117736537876483,0.9199878308487983,0.9269850927897779,0.9269850927897779
./instances/realistic-instances/25-25-1891798.cdop,./settings/Memetic-LS_MMX_1099666.config,25,25,0.5216643741403026,0.530949105914718,0.610041265474553,0.6117606602475929,0.702544704264099,0.7616918844566712,0.812242090784044,0.813273727647868,0.8167125171939478,0.844566712517194,0.874828060522696,0.874828060522696,0.9040577716643742,0.9040577716643742
./instances/realistic-instances/25-25-1917698.cdop,./settings/Memetic-LS_MMX_1881515.config,25,25,0.39312567132116005,0.46938775510204084,0.59828141783029,0.6333691371285356,0.6938775510204082,0.7773003938417472,0.8048693161475117,0.8177586824203366,0.8177586824203366,0.8367346938775511,0.9008234872896527,0.9033297529538131,0.9033297529538131,0.9033297529538131
./instances/realistic-instances/5-40-1767920.cdop,./settings/Memetic_MMX_1881515.config,5,40,0.91625,0.9640625,0.9796875,0.983125,0.983125,0.9946875,0.9946875,0.9959375,0.9959375,0.9959375,0.9959375,0.9959375,0.9959375,0.9959375
./instances/realistic-instances/15-10-1767920.cdop,./settings/Memetic_MPX_1287823.config,15,10,0.9114372469635628,0.9276315789473685,0.9276315789473685,0.9276315789473685,0.9276315789473685,0.9276315789473685,0.9276315789473685,0.9276315789473685,0.9458502024291497,0.9458502024291497,0.9600202429149798,0.9660931174089069,0.9660931174089069,0.9660931174089069
./instances/realistic-instances/15-25-1110588.cdop,./settings/Memetic_MMX_1099666.config,15,25,0.9511635529334644,0.9668960996394624,0.9757456571615863,0.9757456571615863,0.9757456571615863,0.9757456571615863,0.9773844641101278,0.984267453294002,0.9895116355293346,0.9895116355293346,0.9895116355293346,0.9963946247132088,1.0,1.0
./instances/realistic-instances/10-40-1767920.cdop,./settings/Memetic-LS_MMX_1099666.config,10,40,0.5635405105438401,0.6490011098779135,0.6775804661487237,0.6981132075471698,0.7352941176470589,0.795227524972253,0.8182574916759157,0.8437846836847946,0.8659822419533851,0.8931742508324084,0.9028856825749167,0.9253607103218646,0.9253607103218646,0.9253607103218646
./instances/realistic-instances/20-25-1110588.cdop,./settings/Memetic_MMX_1099666.config,20,25,0.9035162950257289,0.9412521440823327,0.9468267581475128,0.9562607204116638,0.95926243567753,0.9644082332761578,0.9712692967409948,0.9802744425385935,0.9802744425385935,0.9802744425385935,0.9802744425385935,0.9802744425385935,0.9849914236706689,0.9849914236706689
./instances/realistic-instances/25-10-1891798.cdop,./settings/Memetic-LS_MMX_1287823.config,25,10,0.5084033613445378,0.5934873949579832,0.6896008403361344,0.7069327731092437,0.7326680672268907,0.7531512605042017,0.7531512605042017,0.8240546218487395,0.8613445378151261,0.8828781512605042,0.884453781512605,0.904936974789916,0.9128151260504201,0.9128151260504201
./instances/realistic-instances/5-25-1762875.cdop,./settings/Memetic-LS_MMX_1287823.config,5,25,0.8096676737160121,0.8372356495468278,0.8372356495468278,0.8372356495468278,0.8731117824773413,0.9214501510574018,0.9339123867069486,0.9339123867069486,0.9339123867069486,0.9388217522658611,0.9388217522658611,0.9388217522658611,0.9478851963746223,0.9478851963746223
./instances/realistic-instances/20-25-1917698.cdop,./settings/Memetic_MMX_1099666.config,20,25,0.9200438116100766,0.9441401971522454,0.9678714859437751,0.9678714859437751,0.9696969696969697,0.9762687112084703,0.9777290982110259,0.9777290982110259,0.9879518072289156,0.9879518072289156,0.9886820007301935,0.9886820007301935,0.9886820007301935,0.9886820007301935
./instances/realistic-instances/15-10-1110588.cdop,./settings/Memetic_MMX_1881515.config,15,10,0.976,0.9835,0.9835,0.9895,0.9895,0.9895,0.9895,0.9905,0.9905,0.9905,0.9905,0.9905,0.9905,0.9905
./instances/realistic-instances/5-40-1762875.cdop,./settings/Memetic_MPX_1881515.config,5,40,0.9380364806866953,0.9380364806866953,0.950107296137339,0.953862660944206,0.9613733905579399,0.9613733905579399,0.9613733905579399,0.9737124463519313,0.9737124463519313,0.9777360515021459,0.9777360515021459,0.9777360515021459,0.9898068669527897,0.9898068669527897
./instances/realistic-instances/15-25-1767920.cdop,./settings/Memetic-LS_MMX_1099666.config,15,25,0.5398385398385398,0.6107406107406107,0.7241137241137241,0.7578097578097578,0.7592137592137592,0.7774657774657775,0.7981747981747982,0.8266058266058266,0.8399438399438399,0.8704808704808705,0.8883818883818884,0.8890838890838891,0.9164619164619164,0.9164619164619164
./instances/realistic-instances/20-10-1762875.cdop,./settings/Memetic-LS_MPX_1287823.config,20,10,0.6355275895450145,0.6558567279767668,0.6563407550822846,0.6660212971926428,0.6824782187802517,0.7047434656340755,0.7153920619554696,0.7173281703775412,0.7386253630203291,0.7589545014520813,0.7710551790900291,0.7802516940948693,0.7802516940948693,0.7802516940948693
./instances/realistic-instances/15-10-1767920.cdop,./settings/Memetic_MMX_1287823.config,15,10,0.9574898785425101,0.9878542510121457,0.9878542510121457,0.9878542510121457,0.9878542510121457,0.9878542510121457,0.9908906882591093,0.9913967611336032,0.9949392712550608,0.9949392712550608,1.0,1.0,1.0,1.0
./instances/realistic-instances/5-40-1110588.cdop,./settings/Memetic-LS_MPX_1287823.config,5,40,0.6791259344450834,0.691776883266245,0.7484186313973548,0.781196089706728,0.7898217366302472,0.827774583093732,0.8427257044278321,0.8680276020701553,0.8775158136860265,0.8993674525589419,0.9085681426106959,0.922656699252444,0.9246693502012651,0.9246693502012651
./instances/realistic-instances/20-25-1917698.cdop,./settings/Memetic_MMX_1287823.config,20,25,0.936838262139467,0.945600584154801,0.945600584154801,0.9485213581599123,0.9529025191675794,0.9529025191675794,0.9693318729463308,0.9693318729463308,0.9715224534501643,0.9799196787148594,0.9799196787148594,0.9799196787148594,0.9872216137276378,0.9872216137276378
./instances/realistic-instances/5-25-1762875.cdop,./settings/Memetic_MMX_1881515.config,5,25,0.9509063444108762,0.9675226586102719,0.9675226586102719,0.9675226586102719,0.9724320241691843,0.9762084592145015,0.9762084592145015,0.9762084592145015,0.9792296072507553,0.9792296072507553,0.995845921450151,1.0,1.0,1.0
./instances/realistic-instances/5-25-1891798.cdop,./settings/Memetic_MMX_1287823.config,5,25,0.9686956521739131,0.9627826086956521,0.9666086956521739,0.9666086956521739,0.9676521739130435,0.9676521739130435,0.9686956521739131,0.976,0.976,0.9909565217391304,0.9909565217391304,0.9909565217391304,1.0,1.0
./instances/realistic-instances/10-25-1917698.cdop,./settings/Memetic-LS_MPX_1099666.config,10,25,0.7421475529583638,0.7421475529583638,0.7636961285609934,0.8119065010956903,0.8119065010956903,0.8308984660336012,0.8480642804967129,0.8480642804967129,0.8498904309715121,0.8528122717311907,0.8528122717311907,0.8677867056245434,0.8677867056245434,0.8677867056245434
./instances/realistic-instances/5-10-1891798.cdop,./settings/Memetic-LS_MPX_1099666.config,5,10,0.8775090066906845,0.9037570766855378,0.9655172413793104,0.9655172413793104,0.9655172413793104,0.9655172413793104,0.9680905815748841,0.9737519300051467,0.9737519300051467,0.981986618630983,0.981986618630983,0.981986618630983,0.981986618630983,0.981986618630983
./instances/realistic-instances/15-10-1891798.cdop,./settings/Memetic-LS_MMX_1881515.config,15,10,0.6574938574938575,0.6948402948402949,0.7626535626535627,0.7847665847665848,0.8058968058968059,0.8530712530712531,0.8766584766584766,0.8933660933660934,0.9169533169533169,0.9243243243243243,0.9277641277641278,0.9479115479115479,0.9479115479115479,0.9479115479115479
./instances/realistic-instances/15-10-1917698.cdop,./settings/Memetic-LS_MPX_1099666.config,15,10,0.6515885837372105,0.6752827140549273,0.6752827140549273,0.7167474421109317,0.7291330102315563,0.7479806138933764,0.7716747442110932,0.8061389337641357,0.8869143780290791,0.8901453957996769,0.8928379106085084,0.8928379106085084,0.8928379106085084,0.8928379106085084
./instances/realistic-instances/20-25-1110588.cdop,./settings/Memetic_MPX_1881515.config,20,25,0.7002572898799314,0.7002572898799314,0.7294168096054888,0.7710120068610634,0.7761578044596913,0.8130360205831904,0.8130360205831904,0.8130360205831904,0.8289022298456261,0.8331903945111492,0.8331903945111492,0.8331903945111492,0.847770154373928,0.847770154373928
./instances/realistic-instances/15-25-1762875.cdop,./settings/Memetic_MPX_1099666.config,15,25,0.8443006112909025,0.8989572096368212,0.9036317871269327,0.9036317871269327,0.9036317871269327,0.9104638619201726,0.9104638619201726,0.9104638619201726,0.9104638619201726,0.9104638619201726,0.9104638619201726,0.9395900755124056,0.9395900755124056,0.9395900755124056
./instances/realistic-instances/5-10-1891798.cdop,./settings/Memetic-LS_MMX_1287823.config,5,10,0.8564076170869789,0.8836850231600618,0.9099330931549151,0.9269171384457026,0.9269171384457026,0.9269171384457026,0.9382398353062275,0.950591868244982,0.963973237261966,0.970663921770458,0.9747812660833762,0.9747812660833762,0.9881626351003603,0.9881626351003603
./instances/realistic-instances/20-10-1767920.cdop,./settings/Memetic_MPX_1881515.config,20,10,0.8175252768415985,0.8175252768415985,0.8175252768415985,0.8175252768415985,0.8608570052961001,0.8608570052961001,0.8608570052961001,0.9037072701011074,0.9037072701011074,0.9191141068849302,0.9191141068849302,0.9191141068849302,0.9191141068849302,0.9191141068849302
./instances/realistic-instances/15-10-1891798.cdop,./settings/Memetic_MPX_1881515.config,15,10,0.8614250614250615,0.8614250614250615,0.8614250614250615,0.8614250614250615,0.8614250614250615,0.8614250614250615,0.8894348894348895,0.8894348894348895,0.8894348894348895,0.8894348894348895,0.8894348894348895,0.8894348894348895,0.914004914004914,0.914004914004914
./instances/realistic-instances/15-25-1110588.cdop,./settings/Memetic_MPX_1881515.config,15,25,0.8436578171091446,0.8731563421828908,0.8774172402490986,0.8774172402490986,0.8774172402490986,0.9295313012127171,0.9308423467715503,0.9308423467715503,0.9308423467715503,0.9308423467715503,0.9351032448377581,0.9351032448377581,0.9351032448377581,0.9351032448377581
./instances/realistic-instances/5-25-1110588.cdop,./settings/Memetic_MPX_1881515.config,5,25,0.9422239810051445,0.9422239810051445,0.9568658488326078,0.96398891966759,0.96398891966759,0.9703205381875742,0.9703205381875742,0.9703205381875742,0.9849624060150376,0.9849624060150376,0.9861495844875346,0.9861495844875346,0.9825880490700435,0.9825880490700435
./instances/realistic-instances/25-10-1767920.cdop,./settings/Memetic-LS_MMX_1881515.config,25,10,0.6726108824874257,0.6726108824874257,0.7233653406492913,0.7855509830818472,0.7974394147233653,0.7974394147233653,0.8161865569272977,0.8161865569272977,0.8161865569272977,0.8239597622313671,0.85413808870599,0.85413808870599,0.85413808870599,0.85413808870599
./instances/realistic-instances/10-40-1891798.cdop,./settings/Memetic_MPX_1099666.config,10,40,0.9284044418468732,0.9298655756867329,0.9506136762127411,0.9506136762127411,0.95645821157218,0.9579193454120397,0.9579193454120397,0.9658094681472823,0.9716540035067213,0.9716540035067213,0.9716540035067213,0.9760374050263004,0.9795441262419637,0.9795441262419637
./instances/realistic-instances/10-40-1767920.cdop,./settings/Memetic-LS_MPX_1099666.config,10,40,0.6165371809100999,0.6592674805771365,0.6784128745837957,0.7017203107658158,0.7158712541620422,0.718645948945616,0.7513873473917869,0.7832963374028857,0.8035516093229744,0.8129855715871254,0.8265815760266371,0.8371254162042175,0.8565482796892342,0.8565482796892342
./instances/realistic-instances/5-25-1110588.cdop,./settings/Memetic_MPX_1099666.config,5,25,0.9584487534626038,0.9584487534626038,0.9719034428175702,0.9719034428175702,0.9806094182825484,0.9806094182825484,0.9806094182825484,0.9806094182825484,0.9806094182825484,0.9829837752275425,0.9829837752275425,0.9829837752275425,0.9829837752275425,0.9829837752275425
./instances/realistic-instances/5-40-1767920.cdop,./settings/Memetic_MMX_1287823.config,5,40,0.903125,0.9234375,0.94125,0.958125,0.966875,0.983125,0.9903125,0.9903125,0.995625,0.9996875,0.9996875,0.9996875,1.0,1.0
./instances/realistic-instances/5-25-1762875.cdop,./settings/Memetic_MMX_1099666.config,5,25,0.9308912386706949,0.9308912386706949,0.9543051359516617,0.9543051359516617,0.9543051359516617,0.9588368580060423,0.9765861027190332,0.9765861027190332,0.9765861027190332,0.9765861027190332,0.9765861027190332,0.9765861027190332,0.9765861027190332,0.9765861027190332
./instances/realistic-instances/25-10-1110588.cdop,./settings/Memetic-LS_MPX_1881515.config,25,10,0.4590780809031044,0.4905926622765757,0.4905926622765757,0.4905926622765757,0.4981185324553151,0.5159924741298213,0.5310442144873001,0.5310442144873001,0.5470366886171214,0.5766698024459078,0.5884289746001882,0.610065851364064,0.6961429915333961,0.6961429915333961
./instances/realistic-instances/5-25-1917698.cdop,./settings/Memetic_MPX_1099666.config,5,25,0.9479606188466948,0.9479606188466948,0.9542897327707455,0.9644866385372715,0.9644866385372715,0.9743319268635724,0.9743319268635724,0.9743319268635724,0.9743319268635724,0.9743319268635724,0.9852320675105485,0.9852320675105485,0.9887482419127989,0.9887482419127989
./instances/realistic-instances/10-25-1762875.cdop,./settings/Memetic_MMX_1881515.config,10,25,0.916930658218937,0.9514255543822597,0.958113340373108,0.9662090813093981,0.9665610700457585,0.9855684618092221,0.9876803942273847,0.9876803942273847,0.9908482928546286,0.9908482928546286,0.9908482928546286,0.9908482928546286,0.9908482928546286,0.9908482928546286
./instances/realistic-instances/20-10-1110588.cdop,./settings/Memetic-LS_MPX_1881515.config,20,10,0.5846308387744852,0.6182822702159718,0.6182822702159718,0.6454043194374686,0.6891009542943245,0.7091913611250628,0.7091913611250628,0.7091913611250628,0.7106981416373681,0.7106981416373681,0.7106981416373681,0.7317930688096433,0.7569060773480663,0.7569060773480663
./instances/realistic-instances/20-25-1917698.cdop,./settings/Memetic-LS_MPX_1287823.config,20,25,0.48521358159912376,0.5078495801387367,0.5078495801387367,0.5173420956553487,0.5936473165388828,0.6027747353048558,0.6027747353048558,0.6188389923329682,0.6312522818546915,0.7440671778021175,0.7871485943775101,0.7940854326396495,0.8138006571741512,0.8138006571741512
./instances/realistic-instances/20-25-1767920.cdop,./settings/Memetic_MMX_1099666.config,20,25,0.9306569343065694,0.9594890510948905,0.9667883211678832,0.972992700729927,0.9751824817518249,0.9832116788321168,0.9832116788321168,0.9937956204379562,0.9937956204379562,0.9937956204379562,0.9937956204379562,0.9937956204379562,0.997080291970803,0.997080291970803
./instances/realistic-instances/5-10-1917698.cdop,./settings/Memetic_MMX_1881515.config,5,10,0.9786535303776683,0.9901477832512315,0.9901477832512315,0.9901477832512315,0.9901477832512315,0.9939792008757526,0.9994526546250684,0.9994526546250684,0.9994526546250684,0.9994526546250684,1.0,1.0,1.0,1.0
./instances/realistic-instances/15-10-1891798.cdop,./settings/Memetic_MMX_1287823.config,15,10,0.9705159705159705,0.9705159705159705,0.9724815724815725,0.9724815724815725,0.9896805896805897,0.9896805896805897,0.9896805896805897,0.9926289926289926,0.9926289926289926,0.9926289926289926,0.9926289926289926,0.9926289926289926,0.999017199017199,0.999017199017199
./instances/realistic-instances/15-25-1891798.cdop,./settings/Memetic_MMX_1099666.config,15,25,0.9453488372093023,0.9453488372093023,0.9453488372093023,0.9453488372093023,0.9527131782945737,0.9527131782945737,0.9527131782945737,0.9693798449612403,0.9833333333333333,0.9856589147286822,0.9856589147286822,0.9918604651162791,0.9934108527131783,0.9934108527131783
./instances/realistic-instances/5-40-1917698.cdop,./settings/Memetic-LS_MMX_1099666.config,5,40,0.6661206661206661,0.6797706797706797,0.743925743925744,0.7663117663117663,0.8078078078078078,0.8291018291018291,0.8392028392028392,0.8446628446628447,0.8787878787878788,0.8869778869778869,0.8948948948948949,0.9093639093639093,0.9093639093639093,0.9093639093639093
./instances/realistic-instances/15-25-1110588.cdop,./settings/Memetic_MMX_1881515.config,15,25,0.9187151753523435,0.9472304162569649,0.9678793838085874,0.9678793838085874,0.9678793838085874,0.9678793838085874,0.9678793838085874,0.9800065552277941,0.9878728285807932,0.9927892494264176,0.9950835791543756,0.9950835791543756,0.9954113405440839,0.9954113405440839
./instances/realistic-instances/10-25-1762875.cdop,./settings/Memetic_MPX_1287823.config,10,25,0.8718760999648011,0.9218585005279831,0.9218585005279831,0.9218585005279831,0.9229144667370645,0.9380499824005631,0.944385779655051,0.944385779655051,0.9528335093277015,0.9528335093277015,0.9528335093277015,0.9528335093277015,0.9552974304822246,0.9552974304822246
./instances/realistic-instances/15-25-1891798.cdop,./settings/Memetic-LS_MPX_1099666.config,15,25,0.5775193798449613,0.5775193798449613,0.5790697674418605,0.5992248062015504,0.6162790697674418,0.6472868217054264,0.6996124031007752,0.7255813953488373,0.7399224806201551,0.7503875968992249,0.7841085271317829,0.8085271317829458,0.8263565891472868,0.8263565891472868
./instances/realistic-instances/25-25-1767920.cdop,./settings/Memetic-LS_MMX_1287823.config,25,25,0.39091586001489204,0.543186895011169,0.6224869694713329,0.6411020104244229,0.6906180193596426,0.7092330603127327,0.7129560685033507,0.7628443782576322,0.7661950856291884,0.7956068503350707,0.8276247207743858,0.8749069247952346,0.8875651526433358,0.8875651526433358
./instances/realistic-instances/15-10-1762875.cdop,./settings/Memetic-LS_MPX_1099666.config,15,10,0.5955773955773955,0.6373464373464374,0.6373464373464374,0.6633906633906634,0.684029484029484,0.7474201474201474,0.7567567567567568,0.7764127764127764,0.7842751842751843,0.8427518427518428,0.8427518427518428,0.8427518427518428,0.8540540540540541,0.8540540540540541
./instances/realistic-instances/15-40-1891798.cdop,./settings/Memetic-LS_MPX_1881515.config,15,40,0.48559296329996965,0.48559296329996965,0.48559296329996965,0.48559296329996965,0.5911434637549288,0.591750075826509,0.6436154079466181,0.7142857142857143,0.7167121625720352,0.7661510464058234,0.7779799818016379,0.8061874431301183,0.8416742493175614,0.8416742493175614
./instances/realistic-instances/5-40-1891798.cdop,./settings/Memetic_MPX_1099666.config,5,40,0.8984962406015038,0.9172932330827067,0.927993059572007,0.9303065355696934,0.9303065355696934,0.9303065355696934,0.9346443030653557,0.9681897050318103,0.9705031810294968,0.9705031810294968,0.9705031810294968,0.9705031810294968,0.9893001735106999,0.9893001735106999
./instances/realistic-instances/5-40-1110588.cdop,./settings/Memetic-LS_MPX_1881515.config,5,40,0.6776883266244969,0.6776883266244969,0.7015526164462335,0.719666474985624,0.7561817136285222,0.7604945370902818,0.7711328349626222,0.8136860264519838,0.8415756181713628,0.8760782058654399,0.8864289821736631,0.8979298447383554,0.9042553191489362,0.9042553191489362
./instances/realistic-instances/5-10-1767920.cdop,./settings/Memetic_MMX_1881515.config,5,10,0.9799541809851088,0.9833906071019473,0.9856815578465064,0.9856815578465064,0.9856815578465064,0.9868270332187858,0.9942726231386025,0.9942726231386025,0.9959908361970218,0.9971363115693013,0.9971363115693013,0.9971363115693013,0.9971363115693013,0.9971363115693013
./instances/realistic-instances/10-10-1891798.cdop,./settings/Memetic_MMX_1099666.config,10,10,0.9900271985494107,0.9900271985494107,0.9913871260199456,0.9913871260199456,0.9986400725294651,0.9986400725294651,0.9986400725294651,0.9986400725294651,0.9986400725294651,0.9986400725294651,0.9986400725294651,0.9986400725294651,0.9986400725294651,0.9986400725294651
./instances/realistic-instances/5-25-1762875.cdop,./settings/Memetic-LS_MPX_1287823.config,5,25,0.7352719033232629,0.7379154078549849,0.7598187311178247,0.7719033232628398,0.7979607250755287,0.8175981873111783,0.8387462235649547,0.8893504531722054,0.8923716012084593,0.8969033232628398,0.8969033232628398,0.8969033232628398,0.8969033232628398,0.8969033232628398
./instances/realistic-instances/10-40-1110588.cdop,./settings/Memetic-LS_MPX_1881515.config,10,40,0.5482142857142858,0.5616071428571429,0.5764880952380952,0.5842261904761905,0.5994047619047619,0.6583333333333333,0.6583333333333333,0.7398809523809524,0.7741071428571429,0.7773809523809524,0.8395833333333333,0.8663690476190476,0.8711309523809524,0.8711309523809524
./instances/realistic-instances/5-10-1762875.cdop,./settings/Memetic-LS_MPX_1881515.config,5,10,0.880167451596023,0.9199372056514914,0.9199372056514914,0.9199372056514914,0.9319727891156463,0.9508110936682366,0.9508110936682366,0.9508110936682366,0.9508110936682366,0.9508110936682366,0.9508110936682366,0.9508110936682366,0.9691261119832548,0.9691261119832548
./instances/realistic-instances/25-25-1762875.cdop,./settings/Memetic_MPX_1099666.config,25,25,0.7241137241137241,0.726921726921727,0.7539487539487539,0.7767637767637767,0.7851877851877852,0.7886977886977887,0.7897507897507897,0.7897507897507897,0.7957177957177958,0.7957177957177958,0.8567918567918568,0.8567918567918568,0.8567918567918568,0.8567918567918568
./instances/realistic-instances/15-10-1762875.cdop,./settings/Memetic_MMX_1881515.config,15,10,0.9832923832923833,0.9832923832923833,0.9832923832923833,0.9832923832923833,0.9832923832923833,0.995085995085995,0.995085995085995,0.995085995085995,0.995085995085995,0.995085995085995,0.995085995085995,0.995085995085995,0.995085995085995,0.995085995085995
./instances/realistic-instances/5-25-1917698.cdop,./settings/Memetic_MPX_1287823.config,5,25,0.9623769338959213,0.9623769338959213,0.9623769338959213,0.9637834036568214,0.9648382559774965,0.9658931082981715,0.9658931082981715,0.9753867791842475,0.9753867791842475,0.9753867791842475,0.9753867791842475,0.9753867791842475,0.9859353023909986,0.9859353023909986
./instances/realistic-instances/15-25-1767920.cdop,./settings/Memetic-LS_MPX_1287823.config,15,25,0.6009126009126009,0.6837486837486837,0.6837486837486837,0.696033696033696,0.7163917163917164,0.7353457353457353,0.7437697437697438,0.7574587574587575,0.7606177606177607,0.7606177606177607,0.7714987714987716,0.7943137943137943,0.8216918216918216,0.8216918216918216
./instances/realistic-instances/5-40-1767920.cdop,./settings/Memetic-LS_MPX_1099666.config,5,40,0.62375,0.624375,0.656875,0.665625,0.759375,0.8084375,0.8140625,0.820625,0.8646875,0.8653125,0.8653125,0.875625,0.8775,0.8775
./instances/realistic-instances/20-25-1891798.cdop,./settings/Memetic_MMX_1099666.config,20,25,0.9209059233449477,0.9236933797909408,0.9494773519163763,0.9836236933797909,0.9902439024390244,0.9947735191637631,0.9947735191637631,0.9947735191637631,1.0,1.0,1.0,1.0,1.0,1.0
./instances/realistic-instances/10-10-1762875.cdop,./settings/Memetic-LS_MPX_1287823.config,10,10,0.7774070543374643,0.8002859866539561,0.8002859866539561,0.8179218303145853,0.8260247855100096,0.8322211630123928,0.8322211630123928,0.8455672068636797,0.8832221163012393,0.9294566253574833,0.9294566253574833,0.9294566253574833,0.9313632030505243,0.9313632030505243
./instances/realistic-instances/10-25-1917698.cdop,./settings/Memetic_MPX_1099666.config,10,25,0.922936449963477,0.9335281227173119,0.9349890430971513,0.9349890430971513,0.9397370343316289,0.9397370343316289,0.9397370343316289,0.9397370343316289,0.9452154857560263,0.9470416362308254,0.9510591672753835,0.9510591672753835,0.9517896274653032,0.9517896274653032
./instances/realistic-instances/10-40-1110588.cdop,./settings/Memetic_MMX_1099666.config,10,40,0.9056547619047619,0.9116071428571428,0.9389880952380952,0.95,0.95,0.9592261904761905,0.9741071428571428,0.9824404761904761,0.9857142857142858,0.9857142857142858,0.9857142857142858,0.993452380952381,0.993452380952381,0.993452380952381
./instances/realistic-instances/10-25-1891798.cdop,./settings/Memetic-LS_MPX_1881515.config,10,25,0.6439639639639639,0.6439639639639639,0.6771171171171171,0.7333333333333333,0.7614414414414414,0.7614414414414414,0.7614414414414414,0.7614414414414414,0.7614414414414414,0.7614414414414414,0.8064864864864865,0.8572972972972973,0.8587387387387387,0.8587387387387387
./instances/realistic-instances/5-25-1891798.cdop,./settings/Memetic_MMX_1881515.config,5,25,0.9617391304347827,0.9617391304347827,0.9617391304347827,0.9718260869565217,0.975304347826087,0.975304347826087,0.9822608695652174,0.9822608695652174,0.9822608695652174,0.9822608695652174,0.9822608695652174,0.9822608695652174,0.9822608695652174,0.9822608695652174
./instances/realistic-instances/10-10-1917698.cdop,./settings/Memetic-LS_MMX_1287823.config,10,10,0.7467071935157041,0.8206686930091185,0.8530901722391084,0.8915906788247214,0.89209726443769,0.9083080040526849,0.9138804457953394,0.9371833839918946,0.9371833839918946,0.9371833839918946,0.9594731509625126,0.9685916919959473,0.9685916919959473,0.9685916919959473
./instances/realistic-instances/10-10-1762875.cdop,./settings/Memetic_MPX_1881515.config,10,10,0.9394661582459485,0.9428026692087702,0.9494756911344138,0.9494756911344138,0.9585319351763585,0.9585319351763585,0.9585319351763585,0.9585319351763585,0.9728312678741659,0.9728312678741659,0.9728312678741659,0.9766444232602478,0.9766444232602478,0.9766444232602478
./instances/realistic-instances/15-40-1762875.cdop,./settings/Memetic-LS_MPX_1881515.config,15,40,0.5508350424846177,0.5868737181365368,0.6349252856724289,0.6349252856724289,0.6495751538236156,0.6832698505713448,0.7568121886903018,0.7896278933489599,0.790506885438031,0.8303545268092587,0.8335774978025198,0.8335774978025198,0.8379724582478758,0.8379724582478758
./instances/realistic-instances/25-25-1767920.cdop,./settings/Memetic-LS_MMX_1881515.config,25,25,0.5591958302308265,0.5673864482501861,0.6280714817572599,0.659717051377513,0.691734921816828,0.731198808637379,0.7498138495904692,0.7751303052866716,0.7751303052866716,0.8257632166790767,0.8737900223380491,0.9039463886820551,0.9039463886820551,0.9039463886820551
./instances/realistic-instances/15-40-1762875.cdop,./settings/Memetic-LS_MPX_1287823.config,15,40,0.5112803984764137,0.5408731321418108,0.5985936126574861,0.6021095810137709,0.6946967477292705,0.7023146791678875,0.7210665104014063,0.7210665104014063,0.7257544682097861,0.7453852915323762,0.7776150014649869,0.7969528274245532,0.8417814239671843,0.8417814239671843
./instances/realistic-instances/20-10-1891798.cdop,./settings/Memetic_MMX_1287823.config,20,10,0.9607493309545049,0.9652096342551294,0.9736842105263158,0.9736842105263158,0.9852809991079393,0.995985727029438,0.995985727029438,0.995985727029438,0.995985727029438,0.995985727029438,0.995985727029438,0.995985727029438,0.995985727029438,0.995985727029438
./instances/realistic-instances/20-10-1762875.cdop,./settings/Memetic_MMX_1287823.config,20,10,0.9554695062923524,0.9864472410454985,0.9864472410454985,0.9864472410454985,0.9864472410454985,0.9903194578896418,0.9903194578896418,0.9903194578896418,0.9903194578896418,0.9903194578896418,0.9903194578896418,0.9975798644724104,0.9975798644724104,0.9975798644724104
./instances/realistic-instances/10-40-1917698.cdop,./settings/Memetic_MPX_1287823.config,10,40,0.896551724137931,0.896551724137931,0.896551724137931,0.896551724137931,0.896551724137931,0.899888765294772,0.9162958843159066,0.9162958843159066,0.9187986651835373,0.9193548387096774,0.9260289210233593,0.9446607341490545,0.9471635150166852,0.9471635150166852
./instances/realistic-instances/25-25-1762875.cdop,./settings/Memetic-LS_MPX_1287823.config,25,25,0.3281853281853282,0.3773253773253773,0.4222534222534223,0.4327834327834328,0.4706914706914707,0.5931905931905932,0.6272376272376272,0.6605826605826606,0.6605826605826606,0.6809406809406809,0.7107757107757108,0.7683397683397684,0.7736047736047736,0.7736047736047736
./instances/realistic-instances/15-40-1891798.cdop,./settings/Memetic_MPX_1287823.config,15,40,0.8804974218986957,0.8804974218986957,0.8804974218986957,0.8804974218986957,0.8804974218986957,0.8938428874734607,0.9011222323324234,0.9193205944798302,0.9193205944798302,0.9193205944798302,0.9202305125872005,0.9344858962693358,0.940552016985138,0.940552016985138
./instances/realistic-instances/5-40-1891798.cdop,./settings/Memetic-LS_MMX_1099666.config,5,40,0.6101792943898207,0.6497975708502024,0.6651243493348756,0.7093695777906304,0.7333718912666282,0.7839791787160209,0.8423944476576055,0.862058993637941,0.8733371891266628,0.8898207056101793,0.899652978600347,0.9063042220936958,0.9063042220936958,0.9063042220936958
./instances/realistic-instances/10-40-1917698.cdop,./settings/Memetic-LS_MMX_1881515.config,10,40,0.5372636262513905,0.5706340378197998,0.6454393770856507,0.6518353726362626,0.6740823136818688,0.7405450500556173,0.7733592880978866,0.8350945494994438,0.8976640711902113,0.9093437152391546,0.9235261401557285,0.9338153503893215,0.9513348164627363,0.9513348164627363
./instances/realistic-instances/20-25-1891798.cdop,./settings/Memetic_MMX_1881515.config,20,25,0.9341463414634147,0.9341463414634147,0.9449477351916377,0.9609756097560975,0.9609756097560975,0.9665505226480836,0.9714285714285714,0.9714285714285714,0.9714285714285714,0.9850174216027875,0.9850174216027875,0.9916376306620209,0.9916376306620209,0.9916376306620209
./instances/realistic-instances/5-25-1891798.cdop,./settings/Memetic_MMX_1099666.config,5,25,0.959304347826087,0.959304347826087,0.9617391304347827,0.9707826086956521,0.9707826086956521,0.9707826086956521,0.9711304347826087,0.9711304347826087,0.9711304347826087,0.9892173913043478,0.9892173913043478,0.9958260869565217,0.9979130434782608,0.9979130434782608
./instances/realistic-instances/15-40-1917698.cdop,./settings/Memetic_MPX_1099666.config,15,40,0.7916032856708245,0.8652266504411318,0.8831761484636447,0.8840888348037724,0.884393063583815,0.884393063583815,0.8953452996653484,0.9123821113477335,0.9263766352296927,0.9282020079099483,0.9300273805902038,0.9300273805902038,0.9300273805902038,0.9300273805902038
./instances/realistic-instances/15-40-1891798.cdop,./settings/Memetic_MMX_1881515.config,15,40,0.9017288444040037,0.9311495298756445,0.9356991204124963,0.9602669093114953,0.9611768274188657,0.9745222929936306,0.978465271458902,0.9848346982104944,0.9860479223536548,0.9939338792841977,0.9954504094631483,0.9963603275705186,0.9963603275705186,0.9963603275705186
./instances/realistic-instances/15-25-1891798.cdop,./settings/Memetic-LS_MMX_1881515.config,15,25,0.6143410852713178,0.6143410852713178,0.6833333333333333,0.7077519379844961,0.7472868217054264,0.7810077519379846,0.8356589147286821,0.8472868217054264,0.8693798449612403,0.874031007751938,0.912015503875969,0.9162790697674419,0.9290697674418604,0.9290697674418604
./instances/realistic-instances/20-25-1767920.cdop,./settings/Memetic-LS_MMX_1287823.config,20,25,0.5357664233576642,0.6332116788321168,0.6970802919708029,0.7485401459854014,0.7773722627737226,0.7970802919708029,0.8587591240875913,0.8952554744525547,0.9065693430656935,0.9065693430656935,0.9186131386861314,0.9248175182481752,0.9248175182481752,0.9248175182481752
./instances/realistic-instances/5-10-1767920.cdop,./settings/Memetic_MPX_1099666.config,5,10,0.9667812142038946,0.9667812142038946,0.9696449026345934,0.9696449026345934,0.9725085910652921,0.9759450171821306,0.9879725085910653,0.9879725085910653,0.9879725085910653,0.9879725085910653,0.9902634593356243,0.9902634593356243,0.9914089347079038,0.9914089347079038
./instances/realistic-instances/10-10-1762875.cdop,./settings/Memetic_MPX_1099666.config,10,10,0.9361296472831268,0.9361296472831268,0.940419447092469,0.9509056244041945,0.9699714013346044,0.9699714013346044,0.9699714013346044,0.9699714013346044,0.9699714013346044,0.9699714013346044,0.9714013346043852,0.9780743565300286,0.9780743565300286,0.9780743565300286
./instances/realistic-instances/10-25-1891798.cdop,./settings/Memetic_MPX_1287823.config,10,25,0.8763963963963964,0.8792792792792793,0.8792792792792793,0.9009009009009009,0.9236036036036036,0.9372972972972973,0.9383783783783783,0.9383783783783783,0.9416216216216217,0.9416216216216217,0.9416216216216217,0.9416216216216217,0.9416216216216217,0.9416216216216217
./instances/realistic-instances/10-40-1917698.cdop,./settings/Memetic-LS_MPX_1881515.config,10,40,0.46690767519466075,0.5397664071190211,0.5567296996662959,0.5628476084538376,0.5895439377085651,0.6615684093437152,0.6971635150166852,0.7308120133481646,0.75,0.7803114571746385,0.8367630700778643,0.8481646273637374,0.8489988876529477,0.8489988876529477
./instances/realistic-instances/25-25-1762875.cdop,./settings/Memetic_MPX_1881515.config,25,25,0.6707616707616708,0.7234117234117234,0.7886977886977887,0.7886977886977887,0.8115128115128115,0.8115128115128115,0.8115128115128115,0.8115128115128115,0.8311688311688312,0.8311688311688312,0.8311688311688312,0.8332748332748333,0.8406458406458407,0.8406458406458407
./instances/realistic-instances/5-10-1762875.cdop,./settings/Memetic_MMX_1287823.config,5,10,0.9795918367346939,0.9905808477237049,0.9963369963369964,0.9963369963369964,0.9963369963369964,0.9963369963369964,0.9994767137624281,0.9994767137624281,0.9994767137624281,0.9994767137624281,0.9994767137624281,0.9994767137624281,0.9994767137624281,0.9994767137624281
./instances/realistic-instances/20-10-1110588.cdop,./settings/Memetic_MMX_1881515.config,20,10,0.9537920642893019,0.9673530889000502,0.9673530889000502,0.9673530889000502,0.9728779507785033,0.9768960321446509,0.9789050728277248,0.9814163736815671,0.9814163736815671,0.9829231541938724,0.9929683576092416,0.9929683576092416,0.9984932194876946,0.9984932194876946
./instances/realistic-instances/25-25-1110588.cdop,./settings/Memetic-LS_MMX_1881515.config,25,25,0.6813462226996062,0.6910132474042249,0.7357679914070892,0.748657357679914,0.761546723952739,0.7923379878267096,0.815968492660222,0.8367346938775511,0.8768349445041175,0.9018976011457215,0.9187253848907985,0.9251700680272109,0.9369853204439671,0.9369853204439671
./instances/realistic-instances/10-25-1762875.cdop,./settings/Memetic-LS_MMX_1099666.config,10,25,0.6071805702217529,0.695177754311862,0.7250967969024992,0.7898627243928195,0.803238296374516,0.8109820485744457,0.837029215065118,0.8880675818373812,0.8996832101372756,0.9084829285462865,0.928194297782471,0.9296022527279127,0.9296022527279127,0.9296022527279127
./instances/realistic-instances/5-25-1891798.cdop,./settings/Memetic-LS_MPX_1881515.config,5,25,0.7645217391304348,0.7645217391304348,0.8257391304347826,0.848,0.848,0.880695652173913,0.8834782608695653,0.8834782608695653,0.8834782608695653,0.8904347826086957,0.8914782608695652,0.8984347826086957,0.9297391304347826,0.9297391304347826
./instances/realistic-instances/15-25-1762875.cdop,./settings/Memetic_MPX_1287823.config,15,25,0.8763034879539734,0.8809780654440849,0.88745055735347,0.8903272204243078,0.9000359582883855,0.9000359582883855,0.9054297015462064,0.9075871988493348,0.9316792520676016,0.9424667385832435,0.9424667385832435,0.9478604818410644,0.9478604818410644,0.9478604818410644
./instances/realistic-instances/5-25-1767920.cdop,./settings/Memetic-LS_MPX_1099666.config,5,25,0.7867945407598672,0.7867945407598672,0.7978605680560679,0.8793803024714127,0.8849133161195131,0.8956104758391737,0.9111029140538547,0.9111029140538547,0.9129472519365548,0.917742530431575,0.9203246034673552,0.9203246034673552,0.9203246034673552,0.9203246034673552
./instances/realistic-instances/15-40-1762875.cdop,./settings/Memetic_MMX_1099666.config,15,40,0.9164957515382361,0.9331966012305889,0.9563433929094638,0.957222384998535,0.962789334895986,0.9639613243480809,0.9765602109581014,0.9765602109581014,0.9794901845883387,0.9882801054790507,0.9882801054790507,0.9947260474655728,0.9970700263697627,0.9970700263697627
./instances/realistic-instances/5-10-1762875.cdop,./settings/Memetic-LS_MMX_1099666.config,5,10,0.8859236002093145,0.8916797488226059,0.8984824699110413,0.8984824699110413,0.9445316588173731,0.9701726844583988,0.9701726844583988,0.9712192569335426,0.9712192569335426,0.9712192569335426,0.9795918367346939,0.9795918367346939,0.9816849816849816,0.9816849816849816
./instances/realistic-instances/10-10-1110588.cdop,./settings/Memetic-LS_MPX_1099666.config,10,10,0.7474310438074635,0.7825851811790157,0.7971876690102758,0.803677663601947,0.8436992969172525,0.8745267712276906,0.8745267712276906,0.8745267712276906,0.9042725797728501,0.9107625743645213,0.914007571660357,0.914007571660357,0.9145484045429962,0.9145484045429962
./instances/realistic-instances/15-10-1767920.cdop,./settings/Memetic-LS_MPX_1287823.config,15,10,0.7019230769230769,0.7019230769230769,0.7343117408906883,0.7373481781376519,0.7373481781376519,0.8071862348178138,0.8071862348178138,0.8370445344129555,0.8699392712550608,0.8744939271255061,0.8744939271255061,0.8790485829959515,0.9149797570850202,0.9149797570850202
./instances/realistic-instances/5-40-1891798.cdop,./settings/Memetic_MMX_1881515.config,5,40,0.9213418160786582,0.9459224985540775,0.9441873915558127,0.9447657605552342,0.9583574320416426,0.9690572585309427,0.9707923655292077,0.9719491035280509,0.9852515905147484,0.9913244650086755,0.9945054945054945,0.9945054945054945,0.9962406015037594,0.9962406015037594
./instances/realistic-instances/15-10-1110588.cdop,./settings/Memetic_MMX_1287823.config,15,10,0.9715,0.9715,0.975,0.975,0.9755,0.9895,0.9895,0.9895,0.9895,0.9905,0.9905,0.9905,0.9905,0.9905
./instances/realistic-instances/20-10-1767920.cdop,./settings/Memetic_MMX_1881515.config,20,10,0.9585941261434762,0.9585941261434762,0.9585941261434762,0.9585941261434762,0.9585941261434762,0.9691863264323544,0.974000962927299,0.974000962927299,0.974000962927299,0.974000962927299,0.974000962927299,0.9788155994222436,0.9894077997111218,0.9894077997111218
./instances/realistic-instances/5-25-1762875.cdop,./settings/Memetic_MPX_1099666.config,5,25,0.9305135951661632,0.9418429003021148,0.9418429003021148,0.9520392749244713,0.9520392749244713,0.9520392749244713,0.9667673716012085,0.9667673716012085,0.9667673716012085,0.9667673716012085,0.9667673716012085,0.9667673716012085,0.9679003021148036,0.9679003021148036
./instances/realistic-instances/10-10-1767920.cdop,./settings/Memetic_MMX_1099666.config,10,10,0.9506378258458126,0.9656128674431503,0.9828064337215752,0.9828064337215752,0.9861342207432058,0.9861342207432058,0.9944536882972823,0.9950083194675541,0.9950083194675541,0.9950083194675541,0.9950083194675541,0.9950083194675541,0.9950083194675541,0.9950083194675541
./instances/realistic-instances/20-10-1762875.cdop,./settings/Memetic-LS_MMX_1287823.config,20,10,0.5842207163601162,0.6878025169409487,0.7333010648596321,0.7729912875121007,0.818973862536302,0.8286544046466602,0.8286544046466602,0.8383349467570184,0.846079380445305,0.8601161665053243,0.8639883833494676,0.9027105517909003,0.9191674733785092,0.9191674733785092
./instances/realistic-instances/25-10-1891798.cdop,./settings/Memetic_MPX_1881515.config,25,10,0.6995798319327731,0.717436974789916,0.7531512605042017,0.7531512605042017,0.7862394957983193,0.8067226890756303,0.8067226890756303,0.8067226890756303,0.8067226890756303,0.8067226890756303,0.8209033613445378,0.8209033613445378,0.8209033613445378,0.8209033613445378
./instances/realistic-instances/15-40-1767920.cdop,./settings/Memetic-LS_MMX_1287823.config,15,40,0.6020535158680772,0.6471686372121966,0.6723708774113254,0.6938394523957685,0.7047293092719353,0.7065961418792781,0.7355320472930927,0.783758556316117,0.8263845675171126,0.8640323584318607,0.8864343497199751,0.8923459863098943,0.9007467330429372,0.9007467330429372
./instances/realistic-instances/5-40-1110588.cdop,./settings/Memetic-LS_MMX_1287823.config,5,40,0.644335825186889,0.6929269695227142,0.7182288671650374,0.7231167337550316,0.7685451408855665,0.7906843013225991,0.8585393904542841,0.8663024726854515,0.9100057504312824,0.921794134560092,0.921794134560092,0.9220816561242093,0.9269695227142035,0.9269695227142035
./instances/realistic-instances/10-25-1767920.cdop,./settings/Memetic_MPX_1099666.config,10,25,0.8955696202531646,0.913370253164557,0.913370253164557,0.9208860759493671,0.9347310126582279,0.9347310126582279,0.9347310126582279,0.9347310126582279,0.9347310126582279,0.9347310126582279,0.9454113924050633,0.9521360759493671,0.9521360759493671,0.9521360759493671
./instances/realistic-instances/5-25-1762875.cdop,./settings/Memetic-LS_MMX_1099666.config,5,25,0.7847432024169184,0.824773413897281,0.850453172205438,0.8568731117824774,0.8987915407854985,0.8987915407854985,0.8987915407854985,0.904833836858006,0.9097432024169184,0.9195619335347432,0.9290030211480362,0.9535498489425982,0.9573262839879154,0.9573262839879154
./instances/realistic-instances/10-40-1917698.cdop,./settings/Memetic-LS_MPX_1287823.config,10,40,0.4966629588431591,0.5236373748609566,0.5556173526140156,0.6051167964404894,0.660734149054505,0.6835372636262514,0.6991101223581757,0.7199666295884316,0.7636262513904338,0.8167408231368187,0.8306451612903226,0.8414905450500556,0.8648498331479422,0.8648498331479422
./instances/realistic-instances/20-25-1762875.cdop,./settings/Memetic-LS_MMX_1287823.config,20,25,0.5148663906661648,0.6507339104252917,0.7053067369213398,0.7421904403462551,0.8118178396687994,0.8118178396687994,0.8347760632292058,0.8347760632292058,0.8806925103500188,0.8995107263831389,0.9032743695897629,0.9032743695897629,0.9081671057583741,0.9081671057583741
./instances/realistic-instances/10-40-1767920.cdop,./settings/Memetic_MMX_1099666.config,10,40,0.9345172031076582,0.9361820199778025,0.9375693673695893,0.9614317425083241,0.9625416204217536,0.9705882352941176,0.9841842397336293,0.9852941176470589,0.9852941176470589,0.9852941176470589,0.9880688124306326,0.9911209766925638,0.991953385127636,0.991953385127636
./instances/realistic-instances/15-40-1762875.cdop,./settings/Memetic-LS_MMX_1099666.config,15,40,0.5098154116612951,0.5564019923820686,0.6135364781716964,0.6273073542338119,0.6601230588924699,0.7667740990331087,0.7679460884852036,0.8039847641371227,0.8259595663639028,0.862877234104893,0.8704951655435101,0.8851450336946968,0.9059478464693818,0.9059478464693818
./instances/realistic-instances/15-25-1891798.cdop,./settings/Memetic-LS_MPX_1881515.config,15,25,0.5124031007751938,0.5124031007751938,0.5124031007751938,0.5577519379844961,0.6015503875968993,0.6930232558139535,0.6930232558139535,0.7058139534883721,0.7058139534883721,0.7383720930232558,0.7430232558139535,0.8023255813953488,0.8023255813953488,0.8023255813953488
./instances/realistic-instances/5-40-1762875.cdop,./settings/Memetic-LS_MPX_1287823.config,5,40,0.6931330472103004,0.70681330472103,0.7092274678111588,0.7532188841201717,0.7840665236051502,0.8205472103004292,0.822961373390558,0.8535407725321889,0.8554184549356223,0.8921673819742489,0.9112124463519313,0.9128218884120172,0.9128218884120172,0.9128218884120172
./instances/realistic-instances/20-25-1767920.cdop,./settings/Memetic_MPX_1881515.config,20,25,0.8295620437956205,0.8295620437956205,0.8295620437956205,0.8295620437956205,0.8295620437956205,0.8350364963503649,0.8350364963503649,0.8959854014598541,0.9113138686131387,0.9113138686131387,0.9222627737226278,0.9222627737226278,0.9222627737226278,0.9222627737226278
./instances/realistic-instances/20-25-1917698.cdop,./settings/Memetic-LS_MMX_1287823.config,20,25,0.4443227455275648,0.52026286966046,0.6451259583789705,0.7039065352318364,0.7141292442497261,0.7276378240233662,0.7338444687842278,0.7707192405987586,0.7816721431179262,0.7886089813800657,0.837166849215042,0.8955823293172691,0.9171230376049653,0.9171230376049653
./instances/realistic-instances/25-25-1767920.cdop,./settings/Memetic_MPX_1881515.config,25,25,0.7263588979895755,0.7263588979895755,0.77066269545793,0.77066269545793,0.77066269545793,0.8339538346984363,0.8600148920327625,0.8600148920327625,0.8600148920327625,0.8600148920327625,0.8600148920327625,0.8600148920327625,0.8708116157855548,0.8708116157855548
./instances/realistic-instances/25-10-1762875.cdop,./settings/Memetic_MMX_1099666.config,25,10,0.9177033492822967,0.9354066985645934,0.9354066985645934,0.9617224880382775,0.9880382775119617,0.9880382775119617,0.9880382775119617,0.9880382775119617,0.9880382775119617,0.9880382775119617,0.992822966507177,0.992822966507177,0.992822966507177,0.992822966507177
./instances/realistic-instances/20-10-1762875.cdop,./settings/Memetic-LS_MMX_1881515.config,20,10,0.6766698935140368,0.7226524685382382,0.749757986447241,0.7812197483059051,0.808809293320426,0.8092933204259438,0.829622458857696,0.8446272991287512,0.8673765730880929,0.8901258470474347,0.8901258470474347,0.8901258470474347,0.8901258470474347,0.8901258470474347
./instances/realistic-instances/5-25-1917698.cdop,./settings/Memetic-LS_MMX_1287823.config,5,25,0.6677215189873418,0.7647679324894515,0.8041490857946554,0.8526722925457103,0.8526722925457103,0.8582981715893109,0.8681434599156118,0.8857243319268636,0.8857243319268636,0.8857243319268636,0.8969760900140648,0.9040084388185654,0.9180731364275668,0.9180731364275668
./instances/realistic-instances/10-25-1110588.cdop,./settings/Memetic-LS_MPX_1881515.config,10,25,0.7014134275618374,0.719434628975265,0.7356890459363957,0.7356890459363957,0.7583038869257951,0.7674911660777385,0.7826855123674912,0.8413427561837455,0.8572438162544169,0.8830388692579505,0.8957597173144877,0.896113074204947,0.896113074204947,0.896113074204947
./instances/realistic-instances/15-40-1917698.cdop,./settings/Memetic_MMX_1287823.config,15,40,0.9403711591116519,0.9571037420139945,0.9601460298144204,0.9619714024946759,0.968664435655613,0.9799209005171889,0.9838758746577426,0.9838758746577426,0.9838758746577426,0.9838758746577426,0.9893519926985093,0.990264679038637,0.990264679038637,0.990264679038637
./instances/realistic-instances/10-10-1110588.cdop,./settings/Memetic_MMX_1099666.config,10,10,0.9772850189291509,0.9772850189291509,0.9772850189291509,0.9821525148729042,0.9902650081124933,0.9902650081124933,0.9902650081124933,0.9902650081124933,1.0,1.0,1.0,1.0,1.0,1.0
./instances/realistic-instances/15-10-1891798.cdop,./settings/Memetic-LS_MPX_1099666.config,15,10,0.6029484029484029,0.6285012285012285,0.6422604422604422,0.654054054054054,0.6692874692874693,0.6855036855036855,0.6855036855036855,0.7326781326781326,0.771007371007371,0.7950859950859951,0.8093366093366093,0.8093366093366093,0.8181818181818182,0.8181818181818182
./instances/realistic-instances/20-25-1110588.cdop,./settings/Memetic_MMX_1881515.config,20,25,0.8756432246998285,0.9073756432246999,0.9493996569468267,0.9493996569468267,0.9519725557461407,0.9729845626072041,0.9729845626072041,0.9772727272727273,0.9905660377358491,0.9982847341337907,0.9982847341337907,0.9982847341337907,0.9982847341337907,0.9982847341337907
./instances/realistic-instances/10-40-1917698.cdop,./settings/Memetic_MMX_1881515.config,10,40,0.9023915461624027,0.949666295884316,0.9505005561735261,0.9527252502780867,0.9563403781979978,0.9563403781979978,0.9563403781979978,0.96440489432703,0.9852614015572859,0.9852614015572859,0.9866518353726362,0.9866518353726362,0.9866518353726362,0.9866518353726362
./instances/realistic-instances/20-10-1917698.cdop,./settings/Memetic-LS_MPX_1099666.config,20,10,0.6441812564366632,0.694129763130793,0.7033985581874357,0.712152420185376,0.7296601441812565,0.780638516992791,0.780638516992791,0.7883625128733265,0.7940267765190525,0.8135942327497425,0.8249227600411947,0.8249227600411947,0.8249227600411947,0.8249227600411947
./instances/realistic-instances/10-40-1762875.cdop,./settings/Memetic-LS_MMX_1881515.config,10,40,0.5760111576011158,0.6111576011157601,0.6382147838214783,0.6786610878661088,0.7852161785216178,0.8273361227336122,0.8393305439330544,0.8412831241283124,0.8926080892608089,0.9146443514644351,0.9244072524407252,0.9283124128312413,0.9313807531380753,0.9313807531380753
./instances/realistic-instances/25-10-1767920.cdop,./settings/Memetic_MPX_1287823.config,25,10,0.7178783721993599,0.7178783721993599,0.7622313671696388,0.7622313671696388,0.7622313671696388,0.7622313671696388,0.7937814357567444,0.7937814357567444,0.7937814357567444,0.8198445358939186,0.8198445358939186,0.8198445358939186,0.8198445358939186,0.8198445358939186
./instances/realistic-instances/10-25-1917698.cdop,./settings/Memetic_MMX_1881515.config,10,25,0.9569028487947406,0.9620160701241782,0.9631117604090577,0.9671292914536158,0.9689554419284149,0.9777209642074507,0.9777209642074507,0.9802775748721695,0.9835646457268079,0.9868517165814463,0.9868517165814463,0.9868517165814463,0.9868517165814463,0.9868517165814463
./instances/realistic-instances/5-10-1762875.cdop,./settings/Memetic_MPX_1287823.config,5,10,0.9942438513867086,0.9942438513867086,0.9942438513867086,0.9942438513867086,0.9942438513867086,0.9942438513867086,0.9942438513867086,0.9942438513867086,0.9942438513867086,0.9942438513867086,0.9942438513867086,0.9942438513867086,0.9994767137624281,0.9994767137624281
./instances/realistic-instances/10-10-1767920.cdop,./settings/Memetic_MPX_1099666.config,10,10,0.9184692179700499,0.940099833610649,0.940099833610649,0.940099833610649,0.940099833610649,0.9478646699944537,0.9511924570160843,0.9511924570160843,0.9511924570160843,0.9661674986134221,0.9661674986134221,0.9678313921242374,0.9678313921242374,0.9678313921242374
./instances/realistic-instances/5-25-1917698.cdop,./settings/Memetic-LS_MPX_1287823.config,5,25,0.7749648382559775,0.789381153305204,0.7974683544303798,0.8210267229254571,0.8741209563994374,0.9071729957805907,0.9268635724331927,0.9338959212376934,0.9338959212376934,0.9430379746835443,0.9430379746835443,0.9433895921237694,0.9433895921237694,0.9433895921237694
./instances/realistic-instances/10-40-1767920.cdop,./settings/Memetic_MPX_1881515.config,10,40,0.8790233074361821,0.9087125416204217,0.9181465038845728,0.9181465038845728,0.9198113207547169,0.9198113207547169,0.9198113207547169,0.9198113207547169,0.9198113207547169,0.9198113207547169,0.9198113207547169,0.9647613762486127,0.9675360710321864,0.9675360710321864
./instances/realistic-instances/20-10-1762875.cdop,./settings/Memetic_MPX_1287823.config,20,10,0.7512100677637947,0.7512100677637947,0.7512100677637947,0.7584704743465635,0.782187802516941,0.7962245885769603,0.7962245885769603,0.813649564375605,0.8170377541142304,0.834946757018393,0.834946757018393,0.834946757018393,0.834946757018393,0.834946757018393
./instances/realistic-instances/10-25-1110588.cdop,./settings/Memetic-LS_MMX_1881515.config,10,25,0.7318021201413427,0.7600706713780919,0.7600706713780919,0.7600706713780919,0.7982332155477032,0.8583038869257951,0.8667844522968198,0.8918727915194347,0.8939929328621908,0.9031802120141342,0.9091872791519434,0.9236749116607774,0.9247349823321555,0.9247349823321555
./instances/realistic-instances/20-25-1110588.cdop,./settings/Memetic-LS_MMX_1881515.config,20,25,0.5042881646655232,0.5475986277873071,0.5784734133790738,0.6453687821612349,0.6659519725557461,0.6925385934819898,0.7650085763293311,0.7868782161234992,0.7868782161234992,0.7868782161234992,0.7928816466552315,0.8503430531732419,0.8576329331046312,0.8576329331046312
./instances/realistic-instances/25-25-1767920.cdop,./settings/Memetic-LS_MPX_1099666.config,25,25,0.3819806403574088,0.3819806403574088,0.424795234549516,0.42591213700670144,0.4389426656738645,0.4791511541325391,0.5059568131049889,0.560312732688012,0.5711094564408041,0.5979151154132539,0.6154132539091586,0.6474311243484736,0.697319434102755,0.697319434102755
./instances/realistic-instances/5-10-1767920.cdop,./settings/Memetic-LS_MPX_1287823.config,5,10,0.8533791523482245,0.8654066437571593,0.8785796105383734,0.913516609392898,0.9421534936998854,0.9421534936998854,0.9421534936998854,0.9421534936998854,0.9421534936998854,0.9650630011454754,0.9650630011454754,0.9650630011454754,0.9650630011454754,0.9650630011454754
./instances/realistic-instances/15-25-1110588.cdop,./settings/Memetic-LS_MPX_1099666.config,15,25,0.6683054736152081,0.6683054736152081,0.6820714519829564,0.6997705670272042,0.7479514913143231,0.7479514913143231,0.7584398557849885,0.7617174696820714,0.7840052441822354,0.8053097345132744,0.8344804981973124,0.8928220255653884,0.8928220255653884,0.8928220255653884
./instances/realistic-instances/10-40-1762875.cdop,./settings/Memetic_MMX_1287823.config,10,40,0.9258019525801953,0.9377963737796374,0.9489539748953975,0.9548117154811715,0.9548117154811715,0.9587168758716876,0.9623430962343096,0.9623430962343096,0.9737796373779637,0.9737796373779637,0.9737796373779637,0.9737796373779637,0.9799163179916318,0.9799163179916318
./instances/realistic-instances/25-25-1762875.cdop,./settings/Memetic_MMX_1099666.config,25,25,0.9182169182169182,0.9501579501579501,0.9684099684099684,0.9828009828009828,0.9828009828009828,0.9947349947349947,0.995085995085995,0.995085995085995,0.995085995085995,0.9978939978939979,0.9978939978939979,0.9978939978939979,0.9978939978939979,0.9978939978939979
./instances/realistic-instances/20-25-1767920.cdop,./settings/Memetic-LS_MPX_1881515.config,20,25,0.3843065693430657,0.42043795620437957,0.46021897810218976,0.4660583941605839,0.48394160583941603,0.5605839416058395,0.6565693430656935,0.7233576642335766,0.7901459854014599,0.7901459854014599,0.8051094890510949,0.8167883211678832,0.8178832116788322,0.8178832116788322
./instances/realistic-instances/10-10-1917698.cdop,./settings/Memetic_MPX_1287823.config,10,10,0.9376899696048632,0.9376899696048632,0.9412360688956434,0.9412360688956434,0.9518743667679838,0.9660587639311043,0.9660587639311043,0.9685916919959473,0.9685916919959473,0.9685916919959473,0.9685916919959473,0.9685916919959473,0.9736575481256332,0.9736575481256332
./instances/realistic-instances/10-25-1891798.cdop,./settings/Memetic-LS_MMX_1099666.config,10,25,0.6317117117117117,0.7250450450450451,0.7318918918918919,0.7751351351351351,0.8273873873873874,0.872072072072072,0.8792792792792793,0.8792792792792793,0.8875675675675676,0.9016216216216216,0.9016216216216216,0.9016216216216216,0.9196396396396397,0.9196396396396397
./instances/realistic-instances/25-25-1891798.cdop,./settings/Memetic_MMX_1881515.config,25,25,0.9322558459422283,0.9429160935350757,0.9577028885832187,0.9632049518569463,0.9831499312242091,0.9838376891334251,0.9855570839064649,0.9855570839064649,0.9889958734525447,0.9889958734525447,0.9889958734525447,0.9951856946354883,0.9951856946354883,0.9951856946354883
./instances/realistic-instances/5-10-1762875.cdop,./settings/Memetic_MMX_1881515.config,5,10,0.989534275248561,0.989534275248561,0.989534275248561,0.9905808477237049,0.9905808477237049,0.9994767137624281,0.9994767137624281,0.9994767137624281,0.9994767137624281,0.9994767137624281,0.9994767137624281,0.9994767137624281,0.9994767137624281,0.9994767137624281
./instances/realistic-instances/10-10-1767920.cdop,./settings/Memetic-LS_MMX_1287823.config,10,10,0.6977260122018858,0.7398779811425402,0.7914586799778147,0.8064337215751525,0.831946755407654,0.8851913477537438,0.8968386023294509,0.9195784803105934,0.930116472545757,0.930116472545757,0.930116472545757,0.9556295063782585,0.9556295063782585,0.9556295063782585
./instances/realistic-instances/10-25-1110588.cdop,./settings/Memetic_MPX_1099666.config,10,25,0.9215547703180212,0.9328621908127208,0.9328621908127208,0.9328621908127208,0.9346289752650176,0.9346289752650176,0.9385159010600707,0.941696113074205,0.941696113074205,0.9445229681978798,0.9565371024734982,0.9597173144876325,0.9597173144876325,0.9597173144876325
./instances/realistic-instances/20-25-1110588.cdop,./settings/Memetic_MMX_1287823.config,20,25,0.8662092624356775,0.9018010291595198,0.9575471698113207,0.9588336192109777,0.9588336192109777,0.9609777015437393,0.9609777015437393,0.9716981132075472,0.9884219554030875,0.9909948542024014,0.9935677530017153,0.9935677530017153,0.9935677530017153,0.9935677530017153
./instances/realistic-instances/20-25-1917698.cdop,./settings/Memetic_MMX_1881515.config,20,25,0.9149324571011318,0.9448703906535232,0.9543629061701351,0.9602044541803578,0.9620299379335524,0.9675063891931361,0.9675063891931361,0.9675063891931361,0.976998904709748,0.9883169039795546,0.9894121942314713,0.9905074844833881,1.0,1.0
./instances/realistic-instances/20-10-1110588.cdop,./settings/Memetic-LS_MMX_1287823.config,20,10,0.7011551983927674,0.7267704671019588,0.7327975891511803,0.8031140130587644,0.8031140130587644,0.8201908588648921,0.8282270215971873,0.8648920140632848,0.8648920140632848,0.880462079357107,0.9000502260170768,0.9000502260170768,0.9126067302862882,0.9126067302862882
./instances/realistic-instances/15-40-1110588.cdop,./settings/Memetic_MMX_1287823.config,15,40,0.9220222793487575,0.9283061982290775,0.9411596686660954,0.9428734647243645,0.9591545272779206,0.9688660382747787,0.9688660382747787,0.9688660382747787,0.9688660382747787,0.9705798343330477,0.9780062839188803,0.9945729791488146,0.9945729791488146,0.9945729791488146
./instances/realistic-instances/10-10-1891798.cdop,./settings/Memetic_MMX_1287823.config,10,10,0.985947416137806,0.985947416137806,0.985947416137806,0.9954669084315503,0.9968268359020852,0.9968268359020852,0.9986400725294651,0.9986400725294651,0.9986400725294651,0.9986400725294651,0.9986400725294651,0.9986400725294651,0.9986400725294651,0.9986400725294651
./instances/realistic-instances/5-25-1767920.cdop,./settings/Memetic_MMX_1287823.config,5,25,0.9387679822943563,0.9446698635189967,0.949834009590557,0.9760236075248986,0.9760236075248986,0.9760236075248986,0.9760236075248986,0.9760236075248986,0.9760236075248986,0.9904094430099595,0.9904094430099595,0.9904094430099595,0.9959424566580598,0.9959424566580598
./instances/realistic-instances/5-25-1891798.cdop,./settings/Memetic-LS_MPX_1287823.config,5,25,0.7464347826086957,0.816695652173913,0.8375652173913043,0.8375652173913043,0.863304347826087,0.8740869565217392,0.8740869565217392,0.8751304347826087,0.8970434782608696,0.8970434782608696,0.8970434782608696,0.9140869565217391,0.9210434782608695,0.9210434782608695
./instances/realistic-instances/10-40-1767920.cdop,./settings/Memetic-LS_MPX_1881515.config,10,40,0.5771365149833518,0.6090455049944506,0.6711986681465039,0.6786903440621531,0.6989456159822419,0.7336293007769146,0.7386237513873474,0.7386237513873474,0.7924528301886793,0.7980022197558269,0.8515538290788013,0.8648723640399556,0.8709766925638179,0.8709766925638179
./instances/realistic-instances/20-25-1762875.cdop,./settings/Memetic-LS_MPX_1287823.config,20,25,0.49153180278509595,0.49153180278509595,0.5630410237109522,0.5935265336846067,0.5935265336846067,0.6119683853970643,0.6319156943921717,0.6447120812946933,0.6710575837410614,0.7478359051561911,0.7869777945050809,0.7986450884456153,0.8216033120060219,0.8216033120060219
./instances/realistic-instances/5-40-1917698.cdop,./settings/Memetic-LS_MPX_1287823.config,5,40,0.6934206934206935,0.7051597051597052,0.7204477204477204,0.7381927381927382,0.8230958230958231,0.8277368277368278,0.8607698607698607,0.862953862953863,0.862953862953863,0.8888888888888888,0.8965328965328966,0.9257439257439257,0.9292929292929293,0.9292929292929293
./instances/realistic-instances/25-25-1110588.cdop,./settings/Memetic_MMX_1287823.config,25,25,0.9380594343000358,0.9488005728607233,0.9488005728607233,0.9634801288936627,0.9645542427497314,0.9645542427497314,0.9792337987826709,0.9792337987826709,0.9828141783029001,0.983172216254923,0.983172216254923,0.983172216254923,0.9871106337271751,0.9871106337271751
./instances/realistic-instances/15-10-1891798.cdop,./settings/Memetic-LS_MMX_1099666.config,15,10,0.7144963144963145,0.7734643734643735,0.8108108108108109,0.8108108108108109,0.8226044226044226,0.830958230958231,0.8442260442260442,0.8540540540540541,0.8540540540540541,0.914987714987715,0.9316953316953317,0.9675675675675676,0.9675675675675676,0.9675675675675676
./instances/realistic-instances/15-10-1917698.cdop,./settings/Memetic_MPX_1099666.config,15,10,0.8341410877759827,0.8939149165320409,0.8939149165320409,0.8939149165320409,0.8939149165320409,0.8939149165320409,0.8939149165320409,0.8939149165320409,0.8939149165320409,0.9106085083467959,0.9149165320409263,0.9181475498115239,0.9283791060850834,0.9283791060850834
./instances/realistic-instances/5-10-1767920.cdop,./settings/Memetic-LS_MPX_1099666.config,5,10,0.8304696449026346,0.856815578465063,0.8837342497136311,0.9072164948453608,0.9072164948453608,0.9072164948453608,0.9192439862542955,0.9192439862542955,0.9192439862542955,0.9249713631156931,0.9249713631156931,0.9358533791523482,0.9358533791523482,0.9358533791523482
./instances/realistic-instances/20-25-1891798.cdop,./settings/Memetic_MPX_1881515.config,20,25,0.7149825783972126,0.7202090592334495,0.7383275261324042,0.805574912891986,0.805574912891986,0.8529616724738676,0.8529616724738676,0.8529616724738676,0.8529616724738676,0.8529616724738676,0.8759581881533101,0.8759581881533101,0.8759581881533101,0.8759581881533101
./instances/realistic-instances/10-10-1767920.cdop,./settings/Memetic_MPX_1881515.config,10,10,0.9068219633943427,0.9256794231835829,0.9306711037160288,0.9367720465890182,0.9367720465890182,0.9456461453133667,0.9561841375485303,0.9633943427620633,0.9633943427620633,0.9728230726566833,0.9728230726566833,0.9728230726566833,0.9728230726566833,0.9728230726566833
./instances/realistic-instances/20-10-1917698.cdop,./settings/Memetic_MMX_1099666.config,20,10,0.9572605561277034,0.9572605561277034,0.9598352214212152,0.970648815653965,0.970648815653965,0.970648815653965,0.9814624098867147,0.9814624098867147,0.9814624098867147,0.9814624098867147,0.9814624098867147,0.9814624098867147,0.9989701338825953,0.9989701338825953
./instances/realistic-instances/10-40-1767920.cdop,./settings/Memetic_MMX_1881515.config,10,40,0.9225860155382908,0.9345172031076582,0.9345172031076582,0.9345172031076582,0.9680910099889012,0.9680910099889012,0.9728079911209767,0.9728079911209767,0.9797447280799112,0.9880688124306326,0.9913984461709212,0.9983351831298557,1.0,1.0
./instances/realistic-instances/15-10-1110588.cdop,./settings/Memetic_MPX_1881515.config,15,10,0.918,0.918,0.924,0.924,0.924,0.924,0.924,0.926,0.9385,0.951,0.951,0.951,0.951,0.951
./instances/realistic-instances/25-25-1767920.cdop,./settings/Memetic_MMX_1287823.config,25,25,0.9139985107967238,0.9434102755026061,0.9441548771407298,0.9616530156366344,0.9620253164556962,0.9694713328369322,0.9694713328369322,0.9776619508562919,0.9791511541325391,0.9806403574087863,0.9847356664184661,0.9847356664184661,0.9854802680565897,0.9854802680565897
./instances/realistic-instances/25-25-1762875.cdop,./settings/Memetic_MPX_1287823.config,25,25,0.7353457353457353,0.8083538083538083,0.8188838188838189,0.8252018252018252,0.8252018252018252,0.8252018252018252,0.8259038259038259,0.8336258336258336,0.8336258336258336,0.8336258336258336,0.8336258336258336,0.8336258336258336,0.8336258336258336,0.8336258336258336
./instances/realistic-instances/15-40-1767920.cdop,./settings/Memetic-LS_MPX_1881515.config,15,40,0.5494710640945862,0.5721841941505912,0.6191661481020535,0.6191661481020535,0.6356565028002489,0.657125077784692,0.6851275668948351,0.6851275668948351,0.7327317983820784,0.7361543248288737,0.7504667081518357,0.8067828251400124,0.8419415059116366,0.8419415059116366
./instances/realistic-instances/10-10-1917698.cdop,./settings/Memetic_MMX_1099666.config,10,10,0.9468085106382979,0.9650455927051672,0.9650455927051672,0.9888551165146909,0.9918946301925026,0.9918946301925026,0.9918946301925026,0.9954407294832827,1.0,1.0,1.0,1.0,1.0,1.0
./instances/realistic-instances/5-25-1762875.cdop,./settings/Memetic_MMX_1287823.config,5,25,0.929380664652568,0.9441087613293051,0.9626132930513596,0.9731873111782477,0.9731873111782477,0.9731873111782477,0.9731873111782477,0.9731873111782477,0.9731873111782477,0.9731873111782477,0.976963746223565,0.976963746223565,0.976963746223565,0.976963746223565
./instances/realistic-instances/5-10-1110588.cdop,./settings/Memetic_MPX_1287823.config,5,10,0.9791029561671764,0.9791029561671764,0.9791029561671764,0.9882772680937818,0.9882772680937818,0.9882772680937818,0.9882772680937818,0.9882772680937818,0.9882772680937818,0.9882772680937818,0.991335372069317,0.991335372069317,1.0,1.0
./instances/realistic-instances/10-40-1917698.cdop,./settings/Memetic_MMX_1099666.config,10,40,0.9268631813125695,0.9343715239154616,0.9527252502780867,0.9763626251390434,0.9769187986651835,0.989154616240267,0.989154616240267,0.9897107897664071,0.9924916573971079,0.9974972191323693,0.9974972191323693,0.9974972191323693,0.9974972191323693,0.9974972191323693
./instances/realistic-instances/15-40-1917698.cdop,./settings/Memetic-LS_MPX_1287823.config,15,40,0.45968968664435655,0.46425311834499544,0.5007605719501065,0.5016732582902342,0.5372680255552176,0.5372680255552176,0.5415272284758138,0.6915120170368116,0.6979008214177062,0.7228475813811986,0.770307271067843,0.7739580164283542,0.8074231822330392,0.8074231822330392
./instances/realistic-instances/15-40-1110588.cdop,./settings/Memetic-LS_MPX_1099666.config,15,40,0.48043416166809483,0.548129105969723,0.591545272779206,0.591545272779206,0.6106826620965439,0.6143958868894601,0.675235646958012,0.6872322193658955,0.7040845472722079,0.7320765495572693,0.7537846329620108,0.7680662667809197,0.8020565552699229,0.8020565552699229
./instances/realistic-instances/25-25-1917698.cdop,./settings/Memetic-LS_MPX_1287823.config,25,25,0.4020766201217329,0.4020766201217329,0.4020766201217329,0.4113856068743287,0.4317937701396348,0.4317937701396348,0.4317937701396348,0.48263515932688866,0.48263515932688866,0.49194414607948445,0.5076978159684926,0.5076978159684926,0.5266738274257071,0.5266738274257071
./instances/realistic-instances/15-25-1917698.cdop,./settings/Memetic-LS_MMX_1287823.config,15,25,0.5345604808414726,0.5984222389181066,0.6393688955672426,0.7299023290758828,0.7806160781367393,0.7926371149511645,0.8587528174305034,0.8606311044327574,0.8681442524417731,0.8858001502629602,0.9222389181066867,0.9361382419233659,0.946656649135988,0.946656649135988
./instances/realistic-instances/10-10-1767920.cdop,./settings/Memetic-LS_MPX_1881515.config,10,10,0.718801996672213,0.7615085967831392,0.7720465890183028,0.8202995008319468,0.8491403216860788,0.8563505268996118,0.8591236827509706,0.8657792567942318,0.8657792567942318,0.8924015529672767,0.9112590127565169,0.9434276206322796,0.9434276206322796,0.9434276206322796
./instances/realistic-instances/5-40-1762875.cdop,./settings/Memetic_MMX_1099666.config,5,40,0.9417918454935622,0.9417918454935622,0.9527896995708155,0.9549356223175965,0.9549356223175965,0.9801502145922747,0.9841738197424893,0.9906115879828327,0.9906115879828327,0.9954399141630901,0.996244635193133,1.0,1.0,1.0
./instances/realistic-instances/20-25-1767920.cdop,./settings/Memetic_MPX_1099666.config,20,25,0.8025547445255474,0.8025547445255474,0.8576642335766423,0.8576642335766423,0.8576642335766423,0.8576642335766423,0.8576642335766423,0.8576642335766423,0.8576642335766423,0.8576642335766423,0.8777372262773723,0.8777372262773723,0.8777372262773723,0.8777372262773723
./instances/realistic-instances/20-25-1762875.cdop,./settings/Memetic-LS_MMX_1881515.config,20,25,7.986453e-318,0.45126082047421906,0.5984192698532179,0.7847196085811066,0.8208505833646971,0.8223560406473467,0.8223560406473467,0.8577342867896124,0.8637561159202107,0.8637561159202107,0.8694015807301467,0.8934888972525404,0.9051561911930749,0.9051561911930749
./instances/realistic-instances/10-40-1891798.cdop,./settings/Memetic_MMX_1881515.config,10,40,0.9339567504383401,0.9579193454120397,0.9579193454120397,0.9579193454120397,0.9593804792518995,0.9593804792518995,0.9815897136177674,0.9815897136177674,0.9859731151373465,0.9859731151373465,0.9859731151373465,0.9859731151373465,0.9985388661601403,0.9985388661601403
./instances/realistic-instances/20-10-1767920.cdop,./settings/Memetic_MPX_1099666.config,20,10,0.8252286952335098,0.8252286952335098,0.8613384689455946,0.8613384689455946,0.8613384689455946,0.8772267693789119,0.8772267693789119,0.8772267693789119,0.8772267693789119,0.8772267693789119,0.8772267693789119,0.8772267693789119,0.8772267693789119,0.8772267693789119
./instances/realistic-instances/20-25-1110588.cdop,./settings/Memetic-LS_MPX_1099666.config,20,25,0.34133790737564323,0.34133790737564323,0.37392795883361923,0.4588336192109777,0.4588336192109777,0.4588336192109777,0.45969125214408235,0.5030017152658662,0.5355917667238422,0.5368782161234992,0.5373070325900514,0.5909090909090909,0.5909090909090909,0.5909090909090909
./instances/realistic-instances/5-25-1767920.cdop,./settings/Memetic_MMX_1099666.config,5,25,0.932128365916636,0.932128365916636,0.9454075986720767,0.9712283290298783,0.9749170047952785,0.9749170047952785,0.9749170047952785,0.9778679454075987,0.9778679454075987,0.9867207672445591,0.9867207672445591,0.9867207672445591,0.9867207672445591,0.9867207672445591
./instances/realistic-instances/25-25-1767920.cdop,./settings/Memetic_MPX_1287823.config,25,25,0.7092330603127327,0.7572598659717051,0.7773641102010425,0.779970215934475,0.7952345495160089,0.7952345495160089,0.7959791511541325,0.8011913626209978,0.8641102010424423,0.8838421444527178,0.8838421444527178,0.8838421444527178,0.8838421444527178,0.8838421444527178
./instances/realistic-instances/10-40-1917698.cdop,./settings/Memetic-LS_MPX_1099666.config,10,40,0.5269744160177976,0.564238042269188,0.585928809788654,0.6490545050055617,0.6612903225806451,0.6687986651835373,0.7007786429365962,0.7433259176863182,0.8164627363737486,0.8184093437152391,0.8184093437152391,0.8567853170189099,0.8656840934371524,0.8656840934371524
./instances/realistic-instances/10-10-1917698.cdop,./settings/Memetic_MMX_1881515.config,10,10,0.9716312056737588,0.9716312056737588,0.9716312056737588,0.9716312056737588,0.9898682877406282,0.9898682877406282,0.9898682877406282,0.9964539007092199,0.9964539007092199,0.9964539007092199,1.0,1.0,1.0,1.0
./instances/realistic-instances/15-25-1762875.cdop,./settings/Memetic-LS_MMX_1287823.config,15,25,0.6806903991370011,0.7321107515282272,0.7331895001797915,0.7511686443725278,0.7526069759079468,0.778856526429342,0.8561668464581086,0.8561668464581086,0.863718087019058,0.8806184825602301,0.9000359582883855,0.9011147069399497,0.9334771664868752,0.9334771664868752
./instances/realistic-instances/15-25-1110588.cdop,./settings/Memetic-LS_MPX_1287823.config,15,25,0.6414290396591281,0.6414290396591281,0.6919042936742051,0.7033759423139954,0.7033759423139954,0.7184529662405769,0.7472959685349065,0.771222549983612,0.7807276302851525,0.783677482792527,0.8538184201901016,0.8892166502785972,0.8895444116683054,0.8895444116683054
./instances/realistic-instances/10-40-1110588.cdop,./settings/Memetic_MMX_1881515.config,10,40,0.8967261904761905,0.9,0.9351190476190476,0.950595238095238,0.9526785714285714,0.9565476190476191,0.9592261904761905,0.9669642857142857,0.9696428571428571,0.9696428571428571,0.9767857142857143,0.9880952380952381,0.9898809523809524,0.9898809523809524
./instances/realistic-instances/5-25-1762875.cdop,./settings/Memetic_MPX_1881515.config,5,25,0.9206948640483383,0.9399546827794562,0.9399546827794562,0.9599697885196374,0.9599697885196374,0.9599697885196374,0.9599697885196374,0.9599697885196374,0.9641238670694864,0.9682779456193353,0.9682779456193353,0.9686555891238671,0.9705438066465257,0.9705438066465257
./instances/realistic-instances/20-25-1762875.cdop,./settings/Memetic-LS_MMX_1099666.config,20,25,0.0,0.5073391042529168,0.5464809936018066,0.6251411366202484,0.7741814076025593,0.7824614226571321,0.8434324426044411,0.872412495295446,0.872412495295446,0.8987579977418141,0.9002634550244637,0.9115543846443357,0.922092585622883,0.922092585622883
./instances/realistic-instances/25-25-1110588.cdop,./settings/Memetic_MPX_1287823.config,25,25,0.7579663444325099,0.7694235588972431,0.8403150733977801,0.8417472252058719,0.8417472252058719,0.8417472252058719,0.8417472252058719,0.8417472252058719,0.8417472252058719,0.8417472252058719,0.8417472252058719,0.8671679197994987,0.8671679197994987,0.8671679197994987
./instances/realistic-instances/10-40-1767920.cdop,./settings/Memetic_MPX_1099666.config,10,40,0.8759711431742508,0.8903995560488346,0.9123196448390677,0.91842397336293,0.9273029966703663,0.9347946725860156,0.9347946725860156,0.9389567147613762,0.9445061043285239,0.9445061043285239,0.9445061043285239,0.9445061043285239,0.9522752497225305,0.9522752497225305
./instances/realistic-instances/20-10-1891798.cdop,./settings/Memetic-LS_MPX_1099666.config,20,10,0.6195361284567351,0.64049955396967,0.6503122212310437,0.7203389830508474,0.7546833184656556,0.7671721677074042,0.8331846565566459,0.8331846565566459,0.8331846565566459,0.8331846565566459,0.8331846565566459,0.8331846565566459,0.8331846565566459,0.8331846565566459
./instances/realistic-instances/5-10-1110588.cdop,./settings/Memetic_MMX_1287823.config,5,10,0.9877675840978594,0.9877675840978594,0.9877675840978594,0.9949031600407747,0.9949031600407747,0.9949031600407747,0.9949031600407747,0.9949031600407747,0.9949031600407747,1.0,1.0,1.0,1.0,1.0
./instances/realistic-instances/10-10-1917698.cdop,./settings/Memetic_MMX_1287823.config,10,10,0.9680851063829787,0.9787234042553191,0.9787234042553191,0.9787234042553191,0.9787234042553191,0.9954407294832827,0.9954407294832827,0.9954407294832827,1.0,1.0,1.0,1.0,1.0,1.0
./instances/realistic-instances/15-40-1917698.cdop,./settings/Memetic_MMX_1099666.config,15,40,0.915728627928202,0.9248554913294798,0.9376331000912687,0.9555825981137815,0.9777912990568908,0.9884393063583815,0.9884393063583815,0.9884393063583815,0.9884393063583815,0.9884393063583815,0.9884393063583815,0.9945238819592334,0.9948281107392759,0.9948281107392759
./instances/realistic-instances/15-25-1767920.cdop,./settings/Memetic_MPX_1099666.config,15,25,0.8459108459108459,0.9192699192699193,0.9206739206739206,0.9206739206739206,0.9276939276939277,0.9276939276939277,0.9343629343629344,0.9343629343629344,0.9343629343629344,0.9343629343629344,0.9343629343629344,0.9343629343629344,0.9343629343629344,0.9343629343629344
./instances/realistic-instances/15-25-1767920.cdop,./settings/Memetic-LS_MPX_1099666.config,15,25,0.6251316251316251,0.6493506493506493,0.6493506493506493,0.6777816777816777,0.6876096876096877,0.7135837135837135,0.7146367146367146,0.7146367146367146,0.7497367497367498,0.8122148122148122,0.8122148122148122,0.8122148122148122,0.8627588627588627,0.8627588627588627
./instances/realistic-instances/15-25-1110588.cdop,./settings/Memetic-LS_MMX_1287823.config,15,25,0.5666994428056374,0.588659455916093,0.6050475254015077,0.6588003933136677,0.6958374303507047,0.8203867584398558,0.8308751229105211,0.8426745329400197,0.8918387413962635,0.911504424778761,0.911504424778761,0.9131432317273025,0.9131432317273025,0.9131432317273025
./instances/realistic-instances/25-25-1767920.cdop,./settings/Memetic_MPX_1099666.config,25,25,0.7252419955323902,0.7535368577810871,0.7535368577810871,0.7535368577810871,0.7635889798957558,0.7911392405063291,0.802680565897245,0.8030528667163068,0.8172002978406553,0.8384214445271779,0.8384214445271779,0.8529411764705882,0.8529411764705882,0.8529411764705882
./instances/realistic-instances/5-25-1917698.cdop,./settings/Memetic-LS_MMX_1099666.config,5,25,0.689521800281294,0.790436005625879,0.8343881856540084,0.8435302390998594,0.8435302390998594,0.8607594936708861,0.8762306610407876,0.8762306610407876,0.8881856540084389,0.8924050632911392,0.8966244725738397,0.8966244725738397,0.9068213783403657,0.9068213783403657
./instances/realistic-instances/5-10-1110588.cdop,./settings/Memetic_MMX_1881515.config,5,10,0.9857288481141692,0.9857288481141692,0.9882772680937818,0.9882772680937818,0.9882772680937818,0.9933741080530072,0.9938837920489296,0.9938837920489296,1.0,1.0,1.0,1.0,1.0,1.0
./instances/realistic-instances/15-10-1767920.cdop,./settings/Memetic-LS_MMX_1287823.config,15,10,0.617914979757085,0.6467611336032388,0.6639676113360324,0.832995951417004,0.8426113360323887,0.8825910931174089,0.8891700404858299,0.8896761133603239,0.8896761133603239,0.9473684210526315,0.9473684210526315,0.9473684210526315,0.9473684210526315,0.9473684210526315
./instances/realistic-instances/10-40-1891798.cdop,./settings/Memetic_MPX_1287823.config,10,40,0.9029807130333138,0.9088252483927528,0.9088252483927528,0.9210987726475746,0.9222676797194623,0.9552893045002923,0.9655172413793104,0.9655172413793104,0.9655172413793104,0.9655172413793104,0.9701928696668615,0.9701928696668615,0.9760374050263004,0.9760374050263004
./instances/realistic-instances/5-40-1762875.cdop,./settings/Memetic_MPX_1287823.config,5,40,0.9155042918454935,0.9235515021459227,0.9404506437768241,0.9404506437768241,0.9415236051502146,0.9415236051502146,0.9415236051502146,0.966469957081545,0.9892703862660944,0.9892703862660944,0.989538626609442,0.989538626609442,0.989538626609442,0.989538626609442
./instances/realistic-instances/10-10-1110588.cdop,./settings/Memetic_MPX_1881515.config,10,10,0.9275283937263386,0.9275283937263386,0.9361817198485668,0.9361817198485668,0.9361817198485668,0.9361817198485668,0.9518658734451054,0.9518658734451054,0.9643050297458086,0.9643050297458086,0.9643050297458086,0.9659275283937263,0.9745808545159546,0.9745808545159546
./instances/realistic-instances/15-25-1110588.cdop,./settings/Memetic-LS_MPX_1881515.config,15,25,0.682726974762373,0.682726974762373,0.7079646017699115,0.7708947885939036,0.794821370042609,0.7958046542117339,0.7958046542117339,0.805965257292691,0.8384136348738118,0.8597181252048509,0.8629957391019338,0.8652900688298918,0.8688954441166831,0.8688954441166831
./instances/realistic-instances/15-10-1762875.cdop,./settings/Memetic-LS_MMX_1287823.config,15,10,0.6319410319410319,0.685995085995086,0.7552825552825553,0.8314496314496315,0.8422604422604423,0.8737100737100737,0.9061425061425061,0.9061425061425061,0.9061425061425061,0.9208845208845209,0.9292383292383293,0.9292383292383293,0.9351351351351351,0.9351351351351351
./instances/realistic-instances/5-10-1891798.cdop,./settings/Memetic_MMX_1099666.config,5,10,0.9897066392177046,0.9917653113741637,0.993309315491508,0.997941327843541,0.997941327843541,0.997941327843541,0.997941327843541,0.997941327843541,0.997941327843541,0.997941327843541,0.997941327843541,1.0,1.0,1.0
./instances/realistic-instances/25-10-1767920.cdop,./settings/Memetic_MPX_1099666.config,25,10,0.7302240512117055,0.7302240512117055,0.7329675354366713,0.7329675354366713,0.7329675354366713,0.7443987197073617,0.7535436671239141,0.7562871513488797,0.7562871513488797,0.7562871513488797,0.8344764517604024,0.8655692729766804,0.8751714677640604,0.8751714677640604
./instances/realistic-instances/15-40-1762875.cdop,./settings/Memetic-LS_MMX_1881515.config,15,40,0.44096103135071785,0.45355991796073836,0.5030764723117492,0.6152944623498389,0.6152944623498389,0.7322004101963082,0.774099033108702,0.830061529446235,0.8403164371520656,0.8655142103721066,0.8886610020509815,0.8986229123937884,0.9115147963668327,0.9115147963668327
./instances/realistic-instances/15-10-1917698.cdop,./settings/Memetic_MMX_1881515.config,15,10,0.9903069466882067,0.9903069466882067,0.9903069466882067,0.9908454496499731,0.9967689822294022,0.9967689822294022,0.9967689822294022,0.9967689822294022,0.9967689822294022,0.9967689822294022,0.9967689822294022,0.9967689822294022,0.9967689822294022,0.9967689822294022
./instances/realistic-instances/25-10-1891798.cdop,./settings/Memetic_MPX_1099666.config,25,10,0.7415966386554622,0.7415966386554622,0.7415966386554622,0.7415966386554622,0.7415966386554622,0.7773109243697479,0.8098739495798319,0.8098739495798319,0.8098739495798319,0.8098739495798319,0.8245798319327731,0.8245798319327731,0.832983193277311,0.832983193277311
./instances/realistic-instances/15-25-1762875.cdop,./settings/Memetic-LS_MPX_1099666.config,15,25,0.649047105357785,0.649047105357785,0.6713412441567781,0.697950377562028,0.7044228694714132,0.7069399496583962,0.757641136281913,0.757641136281913,0.757641136281913,0.757641136281913,0.760158216468896,0.8094210715569938,0.837108953613808,0.837108953613808
./instances/realistic-instances/10-40-1767920.cdop,./settings/Memetic_MMX_1287823.config,10,40,0.9051054384017758,0.9106548279689234,0.9187014428412874,0.9384017758046614,0.9597669256381798,0.9597669256381798,0.9617092119866815,0.9722530521642619,0.9758601553829079,0.9769700332963374,0.9769700332963374,0.9805771365149833,0.9852941176470589,0.9852941176470589
./instances/realistic-instances/10-40-1767920.cdop,./settings/Memetic-LS_MMX_1287823.config,10,40,0.5810210876803552,0.6132075471698113,0.6501109877913429,0.6778579356270811,0.6992230854605993,0.7327968923418424,0.7835738068812431,0.7985571587125416,0.8179800221975583,0.8385127635960045,0.8457269700332963,0.8756936736958935,0.8756936736958935,0.8756936736958935
./instances/realistic-instances/25-25-1762875.cdop,./settings/Memetic_MMX_1881515.config,25,25,0.9522639522639522,0.9743769743769743,0.9743769743769743,0.9743769743769743,0.9743769743769743,0.9852579852579852,0.9852579852579852,0.9852579852579852,0.9852579852579852,0.9852579852579852,0.9852579852579852,0.9852579852579852,0.9852579852579852,0.9852579852579852
./instances/realistic-instances/15-40-1762875.cdop,./settings/Memetic_MMX_1881515.config,15,40,0.9361265748608263,0.9455024904775857,0.9507764430120129,0.9581013770876062,0.9589803691766774,0.9701142689715793,0.9730442426018165,0.9730442426018165,0.9730442426018165,0.9789041898622912,0.9841781423967184,0.9871081160269558,0.9900380896571931,0.9900380896571931
./instances/realistic-instances/5-10-1891798.cdop,./settings/Memetic_MPX_1287823.config,5,10,0.9881626351003603,0.9881626351003603,0.9881626351003603,0.9938239835306227,0.9938239835306227,0.997941327843541,0.997941327843541,0.997941327843541,1.0,1.0,1.0,1.0,1.0,1.0
./instances/realistic-instances/15-10-1762875.cdop,./settings/Memetic_MPX_1287823.config,15,10,0.8181818181818182,0.8402948402948403,0.8717444717444718,0.8717444717444718,0.8717444717444718,0.8771498771498771,0.8884520884520885,0.9135135135135135,0.9135135135135135,0.9361179361179361,0.9361179361179361,0.937100737100737,0.937100737100737,0.937100737100737
./instances/realistic-instances/15-10-1891798.cdop,./settings/Memetic_MPX_1287823.config,15,10,0.8063882063882064,0.8063882063882064,0.8447174447174447,0.8447174447174447,0.860933660933661,0.860933660933661,0.860933660933661,0.8633906633906634,0.8918918918918919,0.8963144963144963,0.8963144963144963,0.8963144963144963,0.8963144963144963,0.8963144963144963
./instances/realistic-instances/20-25-1891798.cdop,./settings/Memetic-LS_MMX_1099666.config,20,25,0.5491289198606272,0.6365853658536585,0.697212543554007,0.697212543554007,0.7128919860627178,0.7184668989547038,0.770383275261324,0.7916376306620209,0.8045296167247387,0.8306620209059233,0.8564459930313589,0.9052264808362369,0.9250871080139372,0.9250871080139372
./instances/realistic-instances/15-40-1762875.cdop,./settings/Memetic-LS_MMX_1287823.config,15,40,0.46527981248168765,0.5836507471432757,0.6123644887196015,0.633753296220334,0.716085555230003,0.7673600937591561,0.8157046586580721,0.8265455610899501,0.8353354819806622,0.8353354819806622,0.8353354819806622,0.8540873132141811,0.8763551128039848,0.8763551128039848
./instances/realistic-instances/25-25-1110588.cdop,./settings/Memetic-LS_MPX_1099666.config,25,25,0.4371643394199785,0.5005370569280344,0.5753669889008235,0.585750089509488,0.585750089509488,0.5997135696383816,0.6677407805227354,0.7099892588614393,0.7497314715359829,0.7758682420336556,0.7758682420336556,0.7765843179377014,0.7891156462585034,0.7891156462585034
./instances/realistic-instances/15-25-1891798.cdop,./settings/Memetic-LS_MMX_1099666.config,15,25,0.6562015503875969,0.6562015503875969,0.7325581395348837,0.7527131782945736,0.765891472868217,0.765891472868217,0.8054263565891473,0.8193798449612403,0.8507751937984496,0.8949612403100775,0.9104651162790698,0.9104651162790698,0.9259689922480621,0.9259689922480621
./instances/realistic-instances/25-25-1767920.cdop,./settings/Memetic-LS_MPX_1287823.config,25,25,0.35889798957557706,0.35889798957557706,0.35889798957557706,0.39352196574832465,0.42963514519731943,0.45569620253164556,0.5227103499627699,0.5577066269545793,0.6142963514519731,0.6638123603871928,0.6734921816827997,0.6984363365599404,0.7393894266567387,0.7393894266567387
./instances/realistic-instances/5-40-1917698.cdop,./settings/Memetic_MMX_1881515.config,5,40,0.9331149331149331,0.9533169533169533,0.9707889707889708,0.9737919737919738,0.9737919737919738,0.9781599781599781,0.9781599781599781,1.0,1.0,1.0,1.0,1.0,1.0,1.0
./instances/realistic-instances/20-25-1767920.cdop,./settings/Memetic-LS_MPX_1287823.config,20,25,0.5091240875912408,0.5456204379562044,0.554014598540146,0.5613138686131387,0.5613138686131387,0.5660583941605839,0.5989051094890511,0.7281021897810219,0.7635036496350365,0.7635036496350365,0.7635036496350365,0.7635036496350365,0.7733576642335767,0.7733576642335767
./instances/realistic-instances/15-10-1891798.cdop,./settings/Memetic_MMX_1099666.config,15,10,0.975921375921376,0.975921375921376,0.975921375921376,0.975921375921376,0.9857493857493858,0.9857493857493858,0.9857493857493858,0.9857493857493858,0.9970515970515971,1.0,1.0,1.0,1.0,1.0
./instances/realistic-instances/10-40-1110588.cdop,./settings/Memetic-LS_MPX_1287823.config,10,40,0.5434523809523809,0.5458333333333333,0.5589285714285714,0.5738095238095238,0.600297619047619,0.6425595238095239,0.6982142857142857,0.7279761904761904,0.780952380952381,0.8023809523809524,0.825297619047619,0.8535714285714285,0.8610119047619048,0.8610119047619048
./instances/realistic-instances/20-10-1762875.cdop,./settings/Memetic-LS_MPX_1099666.config,20,10,0.6519845111326235,0.6602129719264279,0.6761858664085189,0.6955469506292352,0.6955469506292352,0.6955469506292352,0.7149080348499516,0.7149080348499516,0.7187802516940949,0.7265246853823815,0.7463697967086157,0.7536302032913843,0.7536302032913843,0.7536302032913843
./instances/realistic-instances/5-10-1762875.cdop,./settings/Memetic-LS_MMX_1881515.config,5,10,0.8906331763474621,0.8906331763474621,0.8927263212977499,0.934589220303506,0.9440083725798012,0.946101517530089,0.946101517530089,0.9523809523809523,0.9523809523809523,0.9811616954474097,0.9811616954474097,0.9811616954474097,0.9811616954474097,0.9811616954474097
./instances/realistic-instances/20-10-1110588.cdop,./settings/Memetic_MMX_1099666.config,20,10,0.9673530889000502,0.9673530889000502,0.9834254143646409,0.9834254143646409,0.9839276745354093,0.9884480160723255,0.988950276243094,0.988950276243094,0.988950276243094,0.9929683576092416,0.9929683576092416,0.9929683576092416,1.0,1.0
./instances/realistic-instances/10-25-1767920.cdop,./settings/Memetic-LS_MPX_1287823.config,10,25,0.6558544303797469,0.6558544303797469,0.7223101265822784,0.7484177215189873,0.7614715189873418,0.7674050632911392,0.785996835443038,0.8362341772151899,0.8362341772151899,0.8453322784810127,0.8453322784810127,0.8453322784810127,0.8587816455696202,0.8587816455696202
./instances/realistic-instances/25-25-1917698.cdop,./settings/Memetic_MPX_1287823.config,25,25,0.6340852130325815,0.7135696383816684,0.7497314715359829,0.7497314715359829,0.7497314715359829,0.7497314715359829,0.7977085571070534,0.7977085571070534,0.7977085571070534,0.7977085571070534,0.7977085571070534,0.8177586824203366,0.8177586824203366,0.8177586824203366
./instances/realistic-instances/20-10-1767920.cdop,./settings/Memetic-LS_MPX_1099666.config,20,10,0.6461242176215696,0.6649012999518537,0.6764564275397208,0.7130476649013,0.7327876745305729,0.7799711121810303,0.7799711121810303,0.7876745305729418,0.8083774675012037,0.8266730861819933,0.8579682233991334,0.8743379874819451,0.8743379874819451,0.8743379874819451
./instances/realistic-instances/25-10-1762875.cdop,./settings/Memetic_MMX_1881515.config,25,10,0.9138755980861244,0.9622009569377991,0.9732057416267943,0.9732057416267943,0.9732057416267943,0.9732057416267943,0.9779904306220095,0.9866028708133971,0.9866028708133971,0.9866028708133971,0.9866028708133971,0.9880382775119617,0.990909090909091,0.990909090909091
./instances/realistic-instances/10-25-1767920.cdop,./settings/Memetic_MPX_1287823.config,10,25,0.9145569620253164,0.9145569620253164,0.9145569620253164,0.9145569620253164,0.9145569620253164,0.9145569620253164,0.9145569620253164,0.9418512658227848,0.9418512658227848,0.9418512658227848,0.9418512658227848,0.959256329113924,0.9643987341772152,0.9643987341772152
./instances/realistic-instances/5-10-1110588.cdop,./settings/Memetic_MPX_1099666.config,5,10,0.9770642201834863,0.9770642201834863,0.9872579001019368,0.9872579001019368,0.9872579001019368,0.9872579001019368,0.9872579001019368,0.9872579001019368,0.9882772680937818,0.991335372069317,0.991335372069317,0.9959225280326198,0.9959225280326198,0.9959225280326198
./instances/realistic-instances/5-25-1917698.cdop,./settings/Memetic-LS_MPX_1881515.config,5,25,0.7763713080168776,0.8189170182841069,0.8259493670886076,0.8259493670886076,0.8259493670886076,0.8449367088607594,0.85056258790436,0.860056258790436,0.8737693389592124,0.9050632911392406,0.909634317862166,0.909634317862166,0.909634317862166,0.909634317862166
./instances/realistic-instances/10-40-1917698.cdop,./settings/Memetic_MPX_1099666.config,10,40,0.867908787541713,0.8704115684093437,0.9048943270300334,0.9062847608453838,0.9096218020022246,0.9104560622914349,0.9154616240266963,0.9174082313681868,0.9174082313681868,0.9174082313681868,0.9290878754171301,0.9290878754171301,0.9290878754171301,0.9290878754171301
./instances/realistic-instances/5-40-1110588.cdop,./settings/Memetic-LS_MPX_1099666.config,5,40,0.679700977573318,0.7475560667050029,0.7650948821161587,0.7898217366302472,0.8070730304772858,0.8418631397354802,0.8680276020701553,0.8734905117883841,0.88355376653249,0.88355376653249,0.8964922369177688,0.8987924094307073,0.8987924094307073,0.8987924094307073
./instances/realistic-instances/5-40-1917698.cdop,./settings/Memetic_MMX_1099666.config,5,40,0.9142779142779143,0.923013923013923,0.9505869505869506,0.9505869505869506,0.9833469833469833,0.9852579852579852,0.9852579852579852,0.9852579852579852,0.9863499863499864,0.9866229866229866,0.9866229866229866,0.9945399945399945,0.9994539994539995,0.9994539994539995
./instances/realistic-instances/20-10-1762875.cdop,./settings/Memetic-LS_MMX_1099666.config,20,10,0.42255566311713455,0.6001936108422071,0.8117134559535334,0.8117134559535334,0.8209099709583737,0.8330106485963213,0.8330106485963213,0.856243949661181,0.856243949661181,0.856243949661181,0.8664085188770572,0.8915779283639884,0.9724104549854792,0.9724104549854792
./instances/realistic-instances/15-10-1762875.cdop,./settings/Memetic_MMX_1099666.config,15,10,0.971007371007371,0.9744471744471744,0.9754299754299754,0.9754299754299754,0.9823095823095823,0.9828009828009828,0.9837837837837838,0.9837837837837838,0.9847665847665847,0.9945945945945946,0.9945945945945946,0.9965601965601966,0.9965601965601966,0.9965601965601966
./instances/realistic-instances/15-40-1767920.cdop,./settings/Memetic-LS_MPX_1099666.config,15,40,0.5818294959551961,0.5818294959551961,0.5948973242065961,0.5948973242065961,0.6711263223397635,0.6882389545737398,0.7342874922215308,0.7489110143123833,0.8018046048537648,0.8276291225886746,0.8276291225886746,0.8546981953951462,0.8565650280024891,0.8565650280024891
./instances/realistic-instances/5-10-1767920.cdop,./settings/Memetic-LS_MPX_1881515.config,5,10,0.8487972508591065,0.8986254295532646,0.8986254295532646,0.8986254295532646,0.9077892325315006,0.9175257731958762,0.9186712485681557,0.9232531500572738,0.9404352806414662,0.9404352806414662,0.9404352806414662,0.9404352806414662,0.9404352806414662,0.9404352806414662
./instances/realistic-instances/5-40-1767920.cdop,./settings/Memetic_MPX_1881515.config,5,40,0.911875,0.911875,0.94875,0.9621875,0.9628125,0.9640625,0.9640625,0.9640625,0.9775,0.978125,0.978125,0.978125,0.980625,0.980625
./instances/realistic-instances/5-25-1917698.cdop,./settings/Memetic-LS_MMX_1881515.config,5,25,0.7556258790436006,0.7918424753867792,0.8234880450070323,0.8234880450070323,0.8234880450070323,0.8364978902953587,0.8561884669479606,0.8575949367088608,0.8955696202531646,0.9244022503516175,0.9289732770745429,0.9289732770745429,0.9289732770745429,0.9289732770745429
./instances/realistic-instances/25-25-1110588.cdop,./settings/Memetic-LS_MMX_1287823.config,25,25,0.5445757250268528,0.5617615467239527,0.6666666666666666,0.7074829931972789,0.7586824203365556,0.7647690655209453,0.7837450769781596,0.8177586824203366,0.8177586824203366,0.8421052631578947,0.849624060150376,0.899391335481561,0.9294665234514858,0.9294665234514858
./instances/realistic-instances/15-10-1917698.cdop,./settings/Memetic_MPX_1881515.config,15,10,0.8610662358642972,0.8610662358642972,0.8610662358642972,0.8793753365643511,0.8793753365643511,0.8793753365643511,0.8793753365643511,0.8928379106085084,0.9063004846526656,0.9063004846526656,0.9251480883144857,0.9418416801292407,0.9445341949380721,0.9445341949380721
./instances/realistic-instances/10-25-1110588.cdop,./settings/Memetic_MPX_1287823.config,10,25,0.8742049469964664,0.8957597173144877,0.9406360424028268,0.9406360424028268,0.9406360424028268,0.9438162544169612,0.9438162544169612,0.9491166077738515,0.9526501766784452,0.9526501766784452,0.9526501766784452,0.9526501766784452,0.9611307420494699,0.9611307420494699
./instances/realistic-instances/10-10-1891798.cdop,./settings/Memetic-LS_MMX_1287823.config,10,10,0.827742520398912,0.8490480507706256,0.8771532184950136,0.8943789664551224,0.8952855847688124,0.913417951042611,0.913417951042611,0.9310970081595649,0.9310970081595649,0.9324569356300997,0.9324569356300997,0.9533091568449683,0.9936536718041704,0.9936536718041704
./instances/realistic-instances/25-10-1110588.cdop,./settings/Memetic_MPX_1881515.config,25,10,0.6688617121354656,0.7017873941674506,0.7285983066792098,0.7285983066792098,0.7285983066792098,0.7285983066792098,0.7342427093132643,0.8165569143932268,0.8165569143932268,0.8165569143932268,0.8165569143932268,0.8165569143932268,0.8165569143932268,0.8165569143932268
./instances/realistic-instances/5-40-1917698.cdop,./settings/Memetic-LS_MPX_1099666.config,5,40,0.6663936663936664,0.6696696696696697,0.6811356811356811,0.7351897351897352,0.764946764946765,0.7993447993447993,0.8602238602238602,0.8883428883428883,0.8968058968058968,0.915096915096915,0.9159159159159159,0.9183729183729183,0.9183729183729183,0.9183729183729183
./instances/realistic-instances/10-25-1891798.cdop,./settings/Memetic_MMX_1881515.config,10,25,0.9416216216216217,0.9524324324324325,0.9693693693693693,0.985945945945946,0.987027027027027,0.987027027027027,0.987027027027027,0.987027027027027,0.987027027027027,0.987027027027027,0.987027027027027,0.9945945945945946,1.0,1.0
./instances/realistic-instances/10-25-1891798.cdop,./settings/Memetic_MPX_1099666.config,10,25,0.870990990990991,0.870990990990991,0.8904504504504505,0.8904504504504505,0.9081081081081082,0.9466666666666667,0.9466666666666667,0.9466666666666667,0.9542342342342343,0.9545945945945946,0.9614414414414414,0.9614414414414414,0.9614414414414414,0.9614414414414414
./instances/realistic-instances/20-25-1891798.cdop,./settings/Memetic-LS_MPX_1881515.config,20,25,0.3630662020905923,0.445993031358885,0.48048780487804876,0.5372822299651568,0.5644599303135889,0.5644599303135889,0.5766550522648084,0.5801393728222997,0.5801393728222997,0.6787456445993031,0.6898954703832753,0.7090592334494773,0.7445993031358885,0.7445993031358885
./instances/realistic-instances/5-40-1767920.cdop,./settings/Memetic-LS_MMX_1287823.config,5,40,0.63625,0.65,0.6825,0.71875,0.7284375,0.7640625,0.7990625,0.831875,0.8453125,0.853125,0.86125,0.8834375,0.8840625,0.8840625
./instances/realistic-instances/25-25-1767920.cdop,./settings/Memetic_MMX_1099666.config,25,25,0.9270290394638868,0.9270290394638868,0.9489947877885332,0.962397617274758,0.962397617274758,0.962397617274758,0.962397617274758,0.9910647803425168,0.9910647803425168,0.9910647803425168,0.9947877885331348,0.9947877885331348,0.9947877885331348,0.9947877885331348
./instances/realistic-instances/25-10-1110588.cdop,./settings/Memetic-LS_MMX_1099666.config,25,10,0.43885230479774223,0.5075258701787394,0.6124176857949201,0.6754468485418627,0.8080903104421449,0.8320790216368767,0.8603010348071496,0.863593603010348,0.8668861712135466,0.8988711194731891,0.8988711194731891,0.8988711194731891,0.9092191909689558,0.9092191909689558
./instances/realistic-instances/15-10-1110588.cdop,./settings/Memetic-LS_MPX_1287823.config,15,10,0.743,0.7815,0.7815,0.785,0.821,0.8445,0.8445,0.85,0.85,0.851,0.8625,0.8625,0.905,0.905
./instances/realistic-instances/15-25-1917698.cdop,./settings/Memetic_MMX_1099666.config,15,25,0.9124718256949662,0.9124718256949662,0.9575507137490609,0.9609316303531179,0.9609316303531179,0.9706987227648385,0.9752066115702479,0.9752066115702479,0.9752066115702479,0.9789631855747558,0.9853493613824192,0.9853493613824192,0.9853493613824192,0.9853493613824192
./instances/realistic-instances/10-25-1917698.cdop,./settings/Memetic-LS_MMX_1881515.config,10,25,0.6154127100073046,0.5186267348429511,0.7373995617238861,0.7571219868517166,0.7867056245434624,0.8298027757487217,0.8652300949598247,0.885317750182615,0.8922571219868517,0.8966398831263697,0.908327246165084,0.908327246165084,0.908327246165084,0.908327246165084
./instances/realistic-instances/10-10-1110588.cdop,./settings/Memetic_MPX_1099666.config,10,10,0.9340183883180098,0.9340183883180098,0.9340183883180098,0.9340183883180098,0.9340183883180098,0.9340183883180098,0.9340183883180098,0.9372633856138454,0.9372633856138454,0.9378042184964845,0.9616008653326122,0.9751216873985938,0.9751216873985938,0.9751216873985938
./instances/realistic-instances/15-10-1110588.cdop,./settings/Memetic-LS_MMX_1881515.config,15,10,0.647,0.6795,0.799,0.822,0.849,0.8685,0.8815,0.8815,0.8815,0.8815,0.8815,0.8885,0.9495,0.9495
./instances/realistic-instances/20-10-1110588.cdop,./settings/Memetic_MPX_1099666.config,20,10,0.8272225012556504,0.8397790055248618,0.8397790055248618,0.8448016072325465,0.8448016072325465,0.8448016072325465,0.8588648920140632,0.8588648920140632,0.8669010547463586,0.8669010547463586,0.8669010547463586,0.9090909090909091,0.9116022099447514,0.9116022099447514
./instances/realistic-instances/5-25-1110588.cdop,./settings/Memetic_MMX_1881515.config,5,25,0.963593193510091,0.9699248120300752,0.9711119905025722,0.9726948951325682,0.9794222398100515,0.9798179659675504,0.9829837752275425,0.9849624060150376,0.9849624060150376,0.9849624060150376,0.9849624060150376,0.9948555599525128,0.998021369212505,0.998021369212505
./instances/realistic-instances/5-10-1917698.cdop,./settings/Memetic-LS_MPX_1287823.config,5,10,0.8932676518883416,0.9168035030103996,0.9168035030103996,0.9348659003831418,0.9348659003831418,0.9348659003831418,0.9649698960043788,0.9649698960043788,0.9649698960043788,0.9649698960043788,0.9649698960043788,0.9649698960043788,0.9649698960043788,0.9649698960043788
./instances/realistic-instances/10-40-1762875.cdop,./settings/Memetic-LS_MPX_1099666.config,10,40,0.5450488145048814,0.5523012552301255,0.5793584379358437,0.6131101813110181,0.6320781032078103,0.6875871687587168,0.7210599721059973,0.7475592747559274,0.7606694560669456,0.805299860529986,0.8379358437935844,0.8755927475592747,0.895955369595537,0.895955369595537
./instances/realistic-instances/15-10-1762875.cdop,./settings/Memetic-LS_MPX_1881515.config,15,10,0.7056511056511057,0.7056511056511057,0.7287469287469287,0.7380835380835381,0.7503685503685503,0.7503685503685503,0.7503685503685503,0.7714987714987716,0.7955773955773956,0.8063882063882064,0.8402948402948403,0.8402948402948403,0.8815724815724816,0.8815724815724816
./instances/realistic-instances/10-10-1762875.cdop,./settings/Memetic_MMX_1099666.config,10,10,0.9771210676835081,0.9771210676835081,0.9785510009532888,0.994280266920877,0.994280266920877,0.994280266920877,0.994280266920877,0.994280266920877,0.9947569113441372,0.9947569113441372,0.996186844613918,0.996186844613918,1.0,1.0
./instances/realistic-instances/10-10-1891798.cdop,./settings/Memetic_MPX_1881515.config,10,10,0.8948322756119673,0.9152311876699909,0.9152311876699909,0.9152311876699909,0.9152311876699909,0.9324569356300997,0.9369900271985494,0.9401631912964642,0.9669084315503174,0.9669084315503174,0.9669084315503174,0.9786944696282865,0.9786944696282865,0.9786944696282865
./instances/realistic-instances/10-40-1917698.cdop,./settings/Memetic-LS_MMX_1287823.config,10,40,0.5339265850945495,0.5809232480533927,0.6098442714126807,0.6326473859844272,0.6932703003337041,0.7558398220244716,0.803670745272525,0.8651279199110122,0.8701334816462737,0.9001668520578421,0.9190767519466073,0.9190767519466073,0.9418798665183538,0.9418798665183538
./instances/realistic-instances/10-40-1891798.cdop,./settings/Memetic-LS_MMX_1881515.config,10,40,0.5619520748100526,0.5827001753360608,0.6601402688486265,0.6803039158386909,0.6841028638223261,0.7051431911163063,0.7387492694330801,0.8226183518410286,0.8395675043834016,0.8503798947983635,0.8544710695499708,0.8778492109877265,0.9155464640561075,0.9155464640561075
./instances/realistic-instances/15-10-1762875.cdop,./settings/Memetic-LS_MMX_1099666.config,15,10,0.6393120393120393,0.6732186732186732,0.7267813267813268,0.7867321867321867,0.7955773955773956,0.8063882063882064,0.8869778869778869,0.9169533169533169,0.9336609336609336,0.9444717444717444,0.9542997542997543,0.9542997542997543,0.9542997542997543,0.9542997542997543
./instances/realistic-instances/5-40-1767920.cdop,./settings/Memetic-LS_MMX_1881515.config,5,40,0.5884375,0.6246875,0.6728125,0.685,0.7178125,0.7496875,0.7784375,0.8153125,0.8434375,0.86375,0.8840625,0.89875,0.938125,0.938125
./instances/realistic-instances/15-40-1767920.cdop,./settings/Memetic_MPX_1881515.config,15,40,0.8658991910392034,0.8752333540759178,0.8752333540759178,0.8767890479153703,0.8836341008089608,0.8935905413814561,0.8935905413814561,0.8935905413814561,0.9010578718108276,0.9156813939016801,0.9371499688861232,0.9455507156191661,0.9499066583696328,0.9499066583696328
./instances/realistic-instances/25-10-1917698.cdop,./settings/Memetic-LS_MPX_1099666.config,25,10,0.49257425742574257,0.5143564356435644,0.560891089108911,0.602970297029703,0.6450495049504951,0.6475247524752475,0.6618811881188119,0.6811881188118812,0.6811881188118812,0.6985148514851485,0.7044554455445544,0.7584158415841584,0.7881188118811882,0.7881188118811882
./instances/realistic-instances/5-40-1762875.cdop,./settings/Memetic-LS_MMX_1099666.config,5,40,0.6432403433476395,0.6593347639484979,0.6802575107296137,0.7505364806866953,0.7575107296137339,0.7687768240343348,0.7896995708154506,0.8041845493562232,0.8138412017167382,0.8200107296137339,0.8548819742489271,0.8548819742489271,0.8881437768240343,0.8881437768240343
./instances/realistic-instances/10-25-1891798.cdop,./settings/Memetic_MMX_1099666.config,10,25,0.940900900900901,0.9412612612612613,0.9628828828828829,0.9628828828828829,0.9628828828828829,0.9744144144144145,0.9744144144144145,0.9744144144144145,0.9744144144144145,0.9790990990990991,0.9790990990990991,0.9877477477477478,0.9942342342342342,0.9942342342342342
./instances/realistic-instances/10-25-1762875.cdop,./settings/Memetic-LS_MPX_1881515.config,10,25,0.7053854276663146,0.723336853220697,0.7543118620204153,0.7990144315381907,0.7997184090109116,0.844420978528687,0.844420978528687,0.844420978528687,0.8676522351284759,0.8982752551918338,0.9046110524463217,0.9137627595916931,0.9183386131643787,0.9183386131643787
./instances/realistic-instances/5-40-1891798.cdop,./settings/Memetic-LS_MPX_1881515.config,5,40,0.6330248698669751,0.7044534412955465,0.708502024291498,0.7293233082706767,0.7686524002313476,0.7972816657027183,0.8183921341816078,0.846443030653557,0.8507807981492193,0.8530942741469058,0.8530942741469058,0.896471949103528,0.896471949103528,0.896471949103528
./instances/realistic-instances/10-25-1767920.cdop,./settings/Memetic-LS_MPX_1881515.config,10,25,0.7041139240506329,0.7112341772151899,0.7539556962025317,0.7646360759493671,0.7745253164556962,0.7871835443037974,0.7871835443037974,0.8223892405063291,0.8393987341772152,0.8393987341772152,0.8393987341772152,0.8698575949367089,0.884493670886076,0.884493670886076
./instances/realistic-instances/10-10-1891798.cdop,./settings/Memetic_MPX_1287823.config,10,10,0.8785131459655485,0.9197642792384406,0.9247506799637353,0.9247506799637353,0.9247506799637353,0.9247506799637353,0.9401631912964642,0.9401631912964642,0.9401631912964642,0.9401631912964642,0.9401631912964642,0.9546690843155031,0.9546690843155031,0.9546690843155031
./instances/realistic-instances/5-25-1110588.cdop,./settings/Memetic-LS_MPX_1287823.config,5,25,0.7320933913731698,0.7760189948555599,0.8270676691729323,0.8270676691729323,0.8555599525128611,0.8705975464978235,0.8705975464978235,0.8816778789077958,0.9101701622477246,0.9145231499802137,0.9188761377127028,0.926790660862683,0.9382667194301544,0.9382667194301544
./instances/realistic-instances/5-40-1762875.cdop,./settings/Memetic-LS_MMX_1287823.config,5,40,0.6258047210300429,0.6451180257510729,0.7052038626609443,0.7438304721030042,0.845225321888412,0.8594420600858369,0.8594420600858369,0.8825107296137339,0.8892167381974249,0.8892167381974249,0.8902896995708155,0.9015557939914163,0.9130901287553648,0.9130901287553648
./instances/realistic-instances/20-10-1110588.cdop,./settings/Memetic_MPX_1287823.config,20,10,0.8272225012556504,0.8272225012556504,0.8272225012556504,0.8272225012556504,0.8272225012556504,0.8412857860371673,0.8412857860371673,0.8513309894525364,0.8809643395278755,0.8809643395278755,0.8809643395278755,0.8809643395278755,0.8809643395278755,0.8809643395278755
./instances/realistic-instances/10-25-1762875.cdop,./settings/Memetic-LS_MPX_1287823.config,10,25,0.6068285814853924,0.6149243224216825,0.6990496304118268,0.7187609996480112,0.7272087293206617,0.791974656810982,0.8159098908834918,0.850756775783175,0.8764519535374868,0.8764519535374868,0.8848996832101372,0.8986272439281943,0.9042590637099612,0.9042590637099612
./instances/realistic-instances/15-40-1891798.cdop,./settings/Memetic-LS_MMX_1287823.config,15,40,0.48316651501364877,0.5122838944494995,0.5653624507127691,0.6654534425235062,0.7024567788898999,0.7024567788898999,0.7543221110100091,0.7882923870185017,0.8077039733090688,0.818926296633303,0.8343949044585988,0.8544131028207461,0.9023354564755839,0.9023354564755839
./instances/realistic-instances/15-40-1917698.cdop,./settings/Memetic-LS_MMX_1099666.config,15,40,0.47642226954669914,0.5141466382719805,0.5859446303620323,0.5920292059628841,0.6151505932461211,0.6805597809552784,0.7064192272588987,0.7809552783693338,0.816550045634317,0.8314572558564041,0.8448433221782781,0.8868268938241558,0.8968664435655613,0.8968664435655613
./instances/realistic-instances/5-25-1110588.cdop,./settings/Memetic_MPX_1287823.config,5,25,0.9374752671151563,0.9406410763751484,0.9584487534626038,0.9774436090225563,0.9774436090225563,0.9774436090225563,0.9849624060150376,0.9849624060150376,0.9849624060150376,0.9849624060150376,0.9849624060150376,0.9849624060150376,0.9849624060150376,0.9849624060150376
./instances/realistic-instances/25-10-1762875.cdop,./settings/Memetic_MPX_1287823.config,25,10,0.69377990430622,0.69377990430622,0.7172248803827751,0.7172248803827751,0.7205741626794259,0.7746411483253588,0.8019138755980861,0.8033492822966507,0.8033492822966507,0.8033492822966507,0.8033492822966507,0.8291866028708134,0.8301435406698564,0.8301435406698564
./instances/realistic-instances/25-10-1110588.cdop,./settings/Memetic_MPX_1099666.config,25,10,0.6354656632173095,0.7234242709313264,0.7234242709313264,0.7384760112888052,0.7384760112888052,0.7384760112888052,0.7539981185324554,0.7605832549388523,0.7761053621825024,0.7761053621825024,0.8377234242709313,0.8377234242709313,0.8377234242709313,0.8377234242709313
./instances/realistic-instances/5-25-1917698.cdop,./settings/Memetic-LS_MPX_1099666.config,5,25,0.7612517580872011,0.8087201125175809,0.8280590717299579,0.8656821378340366,0.8741209563994374,0.8751758087201125,0.8751758087201125,0.8874824191279888,0.8874824191279888,0.8874824191279888,0.9187763713080169,0.94901547116737,0.94901547116737,0.94901547116737
./instances/realistic-instances/20-10-1917698.cdop,./settings/Memetic-LS_MMX_1881515.config,20,10,0.4474768280123584,0.5581874356333677,0.5937178166838311,0.6483007209062822,0.7183316168898043,0.7981462409886715,0.8166838311019567,0.8218331616889805,0.8486096807415036,0.8805355303810505,0.8934088568486097,0.9191555097837281,0.9325437693099897,0.9325437693099897
./instances/realistic-instances/5-40-1767920.cdop,./settings/Memetic_MPX_1099666.config,5,40,0.931875,0.9434375,0.9434375,0.9434375,0.9434375,0.9634375,0.9696875,0.9696875,0.9696875,0.9696875,0.9696875,0.9696875,0.9696875,0.9696875
./instances/realistic-instances/10-40-1762875.cdop,./settings/Memetic-LS_MMX_1287823.config,10,40,0.6273361227336123,0.6644351464435146,0.6775453277545328,0.6928870292887029,0.7503486750348675,0.7517433751743375,0.7838214783821479,0.8047419804741981,0.8429567642956765,0.8789400278940028,0.896234309623431,0.9182705718270572,0.9232914923291492,0.9232914923291492
./instances/realistic-instances/5-10-1110588.cdop,./settings/Memetic-LS_MMX_1881515.config,5,10,0.8623853211009175,0.8883792048929664,0.9164118246687054,0.9576962283384302,0.972986748216106,0.972986748216106,0.972986748216106,0.972986748216106,0.972986748216106,0.9791029561671764,0.9791029561671764,0.9791029561671764,0.9791029561671764,0.9791029561671764
./instances/realistic-instances/25-25-1762875.cdop,./settings/Memetic_MMX_1287823.config,25,25,0.9592839592839593,0.965952965952966,0.9747279747279747,0.9750789750789751,0.9750789750789751,0.97999297999298,0.97999297999298,0.9842049842049843,0.9842049842049843,0.9884169884169884,0.9884169884169884,0.9922779922779923,0.9922779922779923,0.9922779922779923
./instances/realistic-instances/25-25-1917698.cdop,./settings/Memetic_MPX_1881515.config,25,25,0.7475832438238453,0.7579663444325099,0.7579663444325099,0.7579663444325099,0.7579663444325099,0.7694235588972431,0.7694235588972431,0.7694235588972431,0.7776584317937701,0.7776584317937701,0.7815968492660222,0.790905836018618,0.8313641245972073,0.8313641245972073
./instances/realistic-instances/15-10-1917698.cdop,./settings/Memetic_MPX_1287823.config,15,10,0.8928379106085084,0.8928379106085084,0.8944534194938072,0.901453957996769,0.9100700053850296,0.9100700053850296,0.9235325794291869,0.9235325794291869,0.9235325794291869,0.9251480883144857,0.9380721593968767,0.9380721593968767,0.938610662358643,0.938610662358643
./instances/realistic-instances/5-40-1917698.cdop,./settings/Memetic_MPX_1881515.config,5,40,0.9317499317499317,0.9467649467649467,0.9467649467649467,0.9467649467649467,0.9497679497679498,0.9497679497679498,0.9497679497679498,0.9593229593229593,0.9718809718809719,0.9754299754299754,0.9778869778869779,0.98007098007098,0.9838929838929839,0.9838929838929839
./instances/realistic-instances/20-10-1891798.cdop,./settings/Memetic_MMX_1099666.config,20,10,0.9442462087421944,0.9442462087421944,0.9442462087421944,0.9536128456735058,0.9643175735950045,0.9696699375557538,0.9924174843889384,0.9924174843889384,0.9924174843889384,0.9924174843889384,0.9924174843889384,0.9924174843889384,0.9924174843889384,0.9924174843889384
./instances/realistic-instances/25-25-1917698.cdop,./settings/Memetic_MMX_1287823.config,25,25,0.941639813820265,0.9591836734693877,0.9591836734693877,0.9788757608306481,0.9828141783029001,0.9828141783029001,0.9828141783029001,0.9856784819190835,0.9856784819190835,0.9856784819190835,0.9856784819190835,0.9856784819190835,0.9856784819190835,0.9856784819190835
./instances/realistic-instances/10-40-1110588.cdop,./settings/Memetic-LS_MMX_1881515.config,10,40,0.562797619047619,0.5782738095238096,0.6035714285714285,0.631547619047619,0.6791666666666667,0.6952380952380952,0.7071428571428572,0.7267857142857143,0.7854166666666667,0.8193452380952381,0.8410714285714286,0.8678571428571429,0.8895833333333333,0.8895833333333333
./instances/realistic-instances/15-40-1917698.cdop,./settings/Memetic-LS_MPX_1099666.config,15,40,0.4965013690295102,0.5019774870702769,0.5019774870702769,0.509278977791299,0.5117128080316398,0.5859446303620323,0.58685731670216,0.6574383936720414,0.6693033160937024,0.6963796775174932,0.7331913599026468,0.7499239428049893,0.7982963188317614,0.7982963188317614
./instances/realistic-instances/20-10-1110588.cdop,./settings/Memetic-LS_MPX_1287823.config,20,10,0.5841285786037167,0.5841285786037167,0.6604721245605224,0.6604721245605224,0.6604721245605224,0.7202410848819688,0.7202410848819688,0.7202410848819688,0.7503766951280764,0.7694625816172778,0.7930688096433953,0.8437970868910095,0.850828729281768,0.850828729281768
./instances/realistic-instances/10-40-1762875.cdop,./settings/Memetic_MPX_1287823.config,10,40,0.8875871687587169,0.8898186889818689,0.8898186889818689,0.8948396094839609,0.900139470013947,0.900976290097629,0.9389121338912134,0.9450488145048814,0.9470013947001394,0.9470013947001394,0.9470013947001394,0.9470013947001394,0.9497907949790795,0.9497907949790795
./instances/realistic-instances/15-10-1917698.cdop,./settings/Memetic_MMX_1287823.config,15,10,0.9763058696822833,0.9908454496499731,0.9908454496499731,0.9908454496499731,0.9908454496499731,0.9908454496499731,0.9913839526117394,0.996230479267636,0.996230479267636,0.9973074851911685,0.9973074851911685,0.9973074851911685,0.9973074851911685,0.9973074851911685
./instances/realistic-instances/25-10-1762875.cdop,./settings/Memetic_MMX_1287823.config,25,10,0.9272727272727272,0.9373205741626794,0.9401913875598086,0.9641148325358851,0.9760765550239234,0.9760765550239234,0.9760765550239234,0.9760765550239234,0.9760765550239234,0.9803827751196172,0.990909090909091,0.990909090909091,1.0,1.0
./instances/realistic-instances/20-10-1767920.cdop,./settings/Memetic_MMX_1099666.config,20,10,0.9662975445353876,0.9706307173808377,0.9788155994222436,0.9788155994222436,0.9788155994222436,0.9788155994222436,0.9788155994222436,0.9788155994222436,0.9788155994222436,0.9788155994222436,0.9788155994222436,0.9788155994222436,0.9870004814636495,0.9870004814636495
./instances/realistic-instances/5-25-1891798.cdop,./settings/Memetic-LS_MPX_1099666.config,5,25,0.7582608695652174,0.7582608695652174,0.7582608695652174,0.7582608695652174,0.8267826086956521,0.8389565217391305,0.8389565217391305,0.8939130434782608,0.8939130434782608,0.9026086956521739,0.9130434782608695,0.9189565217391304,0.9189565217391304,0.9189565217391304
./instances/realistic-instances/25-10-1891798.cdop,./settings/Memetic-LS_MMX_1881515.config,25,10,0.5472689075630253,0.6875,0.7085084033613446,0.7489495798319328,0.7736344537815126,0.7815126050420168,0.845063025210084,0.8592436974789915,0.884453781512605,0.884453781512605,0.8849789915966386,0.9185924369747899,0.9185924369747899,0.9185924369747899
./instances/realistic-instances/15-25-1767920.cdop,./settings/Memetic_MPX_1287823.config,15,25,0.828009828009828,0.868023868023868,0.8824148824148824,0.9031239031239031,0.905931905931906,0.905931905931906,0.905931905931906,0.905931905931906,0.905931905931906,0.905931905931906,0.9143559143559143,0.928044928044928,0.928044928044928,0.928044928044928
./instances/realistic-instances/5-25-1767920.cdop,./settings/Memetic_MPX_1287823.config,5,25,0.916635927701955,0.9402434526005164,0.9402434526005164,0.9402434526005164,0.9402434526005164,0.9605311693102176,0.9605311693102176,0.9561047583917374,0.9649575802286979,0.965695315381778,0.9778679454075987,0.9778679454075987,0.9797122832902988,0.9797122832902988
./instances/realistic-instances/10-10-1891798.cdop,./settings/Memetic-LS_MMX_1099666.config,10,10,0.7107887579329103,0.8671804170444243,0.8789664551223935,0.928377153218495,0.9374433363553943,0.9374433363553943,0.9374433363553943,0.9374433363553943,0.9374433363553943,0.9374433363553943,0.9437896645512239,0.9501359927470535,0.956029011786038,0.956029011786038
./instances/realistic-instances/10-25-1891798.cdop,./settings/Memetic-LS_MMX_1881515.config,10,25,0.6082882882882883,0.6688288288288289,0.7124324324324325,0.7636036036036036,0.8288288288288288,0.8609009009009009,0.8818018018018018,0.9073873873873873,0.9073873873873873,0.9073873873873873,0.9073873873873873,0.941981981981982,0.9430630630630631,0.9430630630630631
./instances/realistic-instances/5-25-1917698.cdop,./settings/Memetic_MMX_1099666.config,5,25,0.9521800281293952,0.9521800281293952,0.9676511954992968,0.9676511954992968,0.9687060478199718,0.9722222222222222,0.9764416315049227,0.9771448663853727,0.9771448663853727,0.9778481012658228,0.9915611814345991,0.9915611814345991,0.9915611814345991,0.9915611814345991
./instances/realistic-instances/25-10-1917698.cdop,./settings/Memetic-LS_MMX_1099666.config,25,10,0.6856435643564357,0.696039603960396,0.7222772277227723,0.7504950495049505,0.8326732673267326,0.850990099009901,0.8579207920792079,0.8668316831683168,0.8668316831683168,0.8707920792079208,0.8910891089108911,0.9212871287128713,0.9212871287128713,0.9212871287128713
./instances/realistic-instances/25-10-1762875.cdop,./settings/Memetic-LS_MPX_1099666.config,25,10,0.5956937799043063,0.5956937799043063,0.6162679425837321,0.6181818181818182,0.6344497607655503,0.6344497607655503,0.6435406698564593,0.7301435406698564,0.7301435406698564,0.7397129186602871,0.7397129186602871,0.7397129186602871,0.7397129186602871,0.7397129186602871
./instances/realistic-instances/15-10-1762875.cdop,./settings/Memetic-LS_MMX_1881515.config,15,10,0.6732186732186732,0.6732186732186732,0.6958230958230959,0.7351351351351352,0.7656019656019656,0.8574938574938575,0.8717444717444718,0.8776412776412776,0.9326781326781327,0.9567567567567568,0.9567567567567568,0.9665847665847666,0.9685503685503686,0.9685503685503686
./instances/realistic-instances/10-40-1110588.cdop,./settings/Memetic_MMX_1287823.config,10,40,0.9074404761904762,0.9145833333333333,0.9404761904761905,0.9404761904761905,0.9485119047619047,0.95,0.975297619047619,0.9830357142857142,0.9842261904761904,0.9875,0.9880952380952381,0.9931547619047619,1.0,1.0
./instances/realistic-instances/20-10-1917698.cdop,./settings/Memetic-LS_MMX_1287823.config,20,10,0.44799176107106076,0.5324407826982492,0.7590113285272915,0.782183316168898,0.8274974253347065,0.8640576725025747,0.8676622039134912,0.8707518022657055,0.8995880535530381,0.9505664263645726,0.9505664263645726,0.9505664263645726,0.956745623069001,0.956745623069001
./instances/realistic-instances/15-40-1767920.cdop,./settings/Memetic_MMX_1099666.config,15,40,0.8948350964530181,0.9209707529558183,0.9355942750466708,0.9527069072806472,0.9769757311761046,0.9785314250155569,0.9785314250155569,0.9785314250155569,0.9785314250155569,0.9785314250155569,0.9919103920348475,0.9919103920348475,0.9937772246421904,0.9937772246421904
./instances/realistic-instances/10-25-1891798.cdop,./settings/Memetic-LS_MPX_1287823.config,10,25,0.6342342342342342,0.670990990990991,0.723963963963964,0.723963963963964,0.723963963963964,0.723963963963964,0.7542342342342342,0.7747747747747747,0.7953153153153153,0.8403603603603603,0.8486486486486486,0.8486486486486486,0.8760360360360361,0.8760360360360361
./instances/realistic-instances/25-10-1891798.cdop,./settings/Memetic_MMX_1287823.config,25,10,0.9774159663865546,0.9774159663865546,0.9774159663865546,0.9774159663865546,0.9779411764705882,0.9810924369747899,0.9821428571428571,0.9821428571428571,0.9821428571428571,0.9921218487394958,0.9921218487394958,0.993172268907563,0.9936974789915967,0.9936974789915967
./instances/realistic-instances/25-10-1767920.cdop,./settings/Memetic-LS_MPX_1287823.config,25,10,0.5162322816643804,0.5162322816643804,0.5162322816643804,0.5368084133516232,0.557384545038866,0.557384545038866,0.5861911294010059,0.5999085505258345,0.6255144032921811,0.6255144032921811,0.6255144032921811,0.6255144032921811,0.644718792866941,0.644718792866941
./instances/realistic-instances/15-10-1110588.cdop,./settings/Memetic-LS_MMX_1099666.config,15,10,0.793,0.8265,0.8765,0.8795,0.89,0.911,0.922,0.9465,0.954,0.954,0.954,0.954,0.954,0.954
./instances/realistic-instances/5-10-1110588.cdop,./settings/Memetic-LS_MMX_1099666.config,5,10,0.8695208970438328,0.9067278287461774,0.9067278287461774,0.9184505606523955,0.9459734964322121,0.963302752293578,0.9683995922528033,0.9694189602446484,0.9694189602446484,0.9694189602446484,0.9704383282364933,0.9831804281345565,0.9867482161060143,0.9867482161060143
./instances/realistic-instances/10-40-1767920.cdop,./settings/Memetic-LS_MMX_1881515.config,10,40,0.548834628190899,0.5618756936736959,0.6206992230854605,0.6742508324084351,0.7114317425083241,0.7389012208657048,0.746392896781354,0.7841287458379578,0.8501664816870145,0.8634850166481687,0.8634850166481687,0.884850166481687,0.884850166481687,0.884850166481687
./instances/realistic-instances/5-40-1917698.cdop,./settings/Memetic_MPX_1287823.config,5,40,0.923013923013923,0.923013923013923,0.9347529347529347,0.9347529347529347,0.9462189462189462,0.9503139503139503,0.9686049686049686,0.9726999726999727,0.9882609882609883,0.9882609882609883,0.9882609882609883,0.9888069888069888,0.9888069888069888,0.9888069888069888
./instances/realistic-instances/25-25-1891798.cdop,./settings/Memetic_MMX_1287823.config,25,25,0.922971114167813,0.9594222833562586,0.9773039889958735,0.9803988995873453,0.9865887207702888,0.9865887207702888,0.9865887207702888,0.9965612104539202,0.9965612104539202,0.9965612104539202,0.9965612104539202,0.9965612104539202,0.9965612104539202,0.9965612104539202
./instances/realistic-instances/5-10-1762875.cdop,./settings/Memetic_MPX_1099666.config,5,10,0.9633699633699634,0.9727891156462585,0.9874411302982732,0.9874411302982732,0.9963369963369964,0.9963369963369964,0.9994767137624281,0.9994767137624281,0.9994767137624281,0.9994767137624281,0.9994767137624281,0.9994767137624281,0.9994767137624281,0.9994767137624281
./instances/realistic-instances/10-40-1762875.cdop,./settings/Memetic_MMX_1099666.config,10,40,0.9085076708507671,0.9489539748953975,0.9659693165969316,0.9788005578800558,0.9868898186889818,0.991073919107392,0.9944211994421199,0.9944211994421199,0.9944211994421199,0.9944211994421199,0.9944211994421199,0.9944211994421199,0.9944211994421199,0.9944211994421199
./instances/realistic-instances/5-40-1917698.cdop,./settings/Memetic_MPX_1099666.config,5,40,0.9664209664209664,0.9664209664209664,0.9664209664209664,0.9664209664209664,0.9680589680589681,0.9680589680589681,0.9680589680589681,0.9680589680589681,0.975975975975976,0.975975975975976,0.975975975975976,0.9836199836199836,0.9836199836199836,0.9836199836199836
./instances/realistic-instances/10-25-1110588.cdop,./settings/Memetic-LS_MPX_1287823.config,10,25,0.680565371024735,0.680565371024735,0.6918727915194346,0.7339222614840989,0.7519434628975264,0.7660777385159011,0.8123674911660778,0.8254416961130742,0.8381625441696113,0.8561837455830389,0.8618374558303887,0.8618374558303887,0.8671378091872791,0.8671378091872791
./instances/realistic-instances/5-40-1891798.cdop,./settings/Memetic_MPX_1881515.config,5,40,0.8930017351069983,0.9384037015615962,0.9456333140543667,0.9456333140543667,0.9505494505494505,0.9531521110468479,0.9531521110468479,0.9554655870445344,0.9609600925390399,0.976576055523424,0.976576055523424,0.976576055523424,0.976576055523424,0.976576055523424
./instances/realistic-instances/20-25-1917698.cdop,./settings/Memetic_MPX_1099666.config,20,25,0.7882438846294268,0.8287696239503468,0.8287696239503468,0.8287696239503468,0.8287696239503468,0.8441036874771815,0.8441036874771815,0.8441036874771815,0.8441036874771815,0.8441036874771815,0.8441036874771815,0.8791529755385177,0.8791529755385177,0.8791529755385177
./instances/realistic-instances/5-25-1762875.cdop,./settings/Memetic-LS_MPX_1099666.config,5,25,0.8055135951661632,0.8081570996978852,0.8081570996978852,0.8387462235649547,0.8553625377643505,0.8670694864048338,0.8670694864048338,0.899546827794562,0.9055891238670695,0.9067220543806647,0.9120090634441088,0.9120090634441088,0.9120090634441088,0.9120090634441088
./instances/realistic-instances/15-25-1767920.cdop,./settings/Memetic_MMX_1287823.config,15,25,0.9382239382239382,0.9382239382239382,0.9448929448929448,0.9487539487539488,0.9543699543699544,0.9750789750789751,0.9813969813969814,0.9813969813969814,0.9838539838539838,0.9838539838539838,0.9838539838539838,0.9838539838539838,0.9754299754299754,0.9754299754299754
./instances/realistic-instances/25-25-1762875.cdop,./settings/Memetic-LS_MMX_1881515.config,25,25,0.5307125307125307,0.5735345735345735,0.6058266058266059,0.6998946998946999,0.722007722007722,0.7434187434187434,0.7981747981747982,0.8501228501228502,0.9066339066339066,0.9066339066339066,0.9066339066339066,0.9213759213759214,0.9213759213759214,0.9213759213759214
./instances/realistic-instances/15-10-1110588.cdop,./settings/Memetic_MPX_1287823.config,15,10,0.8965,0.8965,0.9235,0.9385,0.947,0.947,0.9565,0.9565,0.9565,0.9565,0.961,0.961,0.961,0.961
./instances/realistic-instances/10-10-1762875.cdop,./settings/Memetic_MPX_1287823.config,10,10,0.9509056244041945,0.9509056244041945,0.9509056244041945,0.9551954242135366,0.955672068636797,0.9632983794089609,0.9632983794089609,0.9647283126787417,0.9714013346043852,0.9714013346043852,0.9714013346043852,0.9733079122974261,0.9842707340324118,0.9842707340324118
./instances/realistic-instances/15-40-1110588.cdop,./settings/Memetic-LS_MMX_1287823.config,15,40,0.5115681233933161,0.5589831476720937,0.5644101685232791,0.6506712367894887,0.6886603827477863,0.689802913453299,0.7583547557840618,0.7894887175092831,0.8137674950014282,0.8546129677235076,0.8571836618109112,0.8734647243644673,0.8854612967723507,0.8854612967723507
./instances/realistic-instances/25-25-1891798.cdop,./settings/Memetic-LS_MPX_1881515.config,25,25,0.3940852819807428,0.3940852819807428,0.3940852819807428,0.4504814305364512,0.4673314993122421,0.46801925722145804,0.4779917469050894,0.517193947730399,0.5522696011004127,0.6513067400275103,0.6513067400275103,0.6633425034387895,0.6791609353507565,0.6791609353507565
./instances/realistic-instances/10-25-1891798.cdop,./settings/Memetic_MMX_1287823.config,10,25,0.9358558558558558,0.9358558558558558,0.9441441441441442,0.9441441441441442,0.9538738738738739,0.9592792792792793,0.9700900900900901,0.972972972972973,0.9740540540540541,0.9899099099099099,0.9899099099099099,0.9899099099099099,0.9899099099099099,0.9899099099099099
./instances/realistic-instances/15-25-1110588.cdop,./settings/Memetic_MMX_1287823.config,15,25,0.9265814487053425,0.9419862340216323,0.951819075712881,0.9580465421173385,0.9639462471320879,0.9724680432645034,0.9891838741396264,0.9891838741396264,0.9980334316617503,0.9980334316617503,0.9980334316617503,0.9980334316617503,0.9980334316617503,0.9980334316617503
./instances/realistic-instances/10-10-1762875.cdop,./settings/Memetic-LS_MPX_1881515.config,10,10,0.7907530981887512,0.8560533841754051,0.8775023832221163,0.8870352716873212,0.8937082936129648,0.8937082936129648,0.8937082936129648,0.8937082936129648,0.8965681601525262,0.9204003813155386,0.9204003813155386,0.936606291706387,0.936606291706387,0.936606291706387
./instances/realistic-instances/5-40-1767920.cdop,./settings/Memetic-LS_MMX_1099666.config,5,40,0.5690625,0.599375,0.660625,0.7021875,0.7321875,0.793125,0.8084375,0.815625,0.83875,0.83875,0.8428125,0.845,0.873125,0.873125
./instances/realistic-instances/15-25-1891798.cdop,./settings/Memetic-LS_MMX_1287823.config,15,25,0.6337209302325582,0.6941860465116279,0.7434108527131783,0.8224806201550388,0.8418604651162791,0.8682170542635659,0.8682170542635659,0.8728682170542635,0.8728682170542635,0.8930232558139535,0.8992248062015504,0.9031007751937985,0.9151162790697674,0.9151162790697674
./instances/realistic-instances/15-40-1110588.cdop,./settings/Memetic_MMX_1881515.config,15,40,0.9311625249928592,0.9365895458440445,0.9520137103684662,0.9665809768637532,0.9731505284204514,0.9731505284204514,0.9777206512425022,0.9794344473007712,0.984004570122822,0.987146529562982,0.9877177949157384,0.9877177949157384,0.9908597543558983,0.9908597543558983
./instances/realistic-instances/20-25-1917698.cdop,./settings/Memetic-LS_MMX_1099666.config,20,25,0.4629426798101497,0.5107703541438481,0.6663015699160277,0.6991602774735305,0.7152245345016429,0.7411464037970062,0.7568455640744798,0.8148959474260679,0.8492150419861263,0.8634538152610441,0.8886454910551296,0.9039795545819642,0.9039795545819642,0.9039795545819642
./instances/realistic-instances/10-10-1767920.cdop,./settings/Memetic_MPX_1287823.config,10,10,0.9406544647809207,0.9406544647809207,0.9406544647809207,0.956738768718802,0.956738768718802,0.9589572933998891,0.9611758180809762,0.9611758180809762,0.9611758180809762,0.9706045479755963,0.9706045479755963,0.9733777038269551,0.9733777038269551,0.9733777038269551
./instances/realistic-instances/5-40-1110588.cdop,./settings/Memetic_MMX_1881515.config,5,40,0.918056354226567,0.9318573893041978,0.9433582518688902,0.9433582518688902,0.9479585968947671,0.9557216791259344,0.964634847613571,0.964634847613571,0.9652098907418056,0.9652098907418056,0.9781483611270846,0.9815986198964922,0.9790109258194365,0.9790109258194365
./instances/realistic-instances/10-25-1917698.cdop,./settings/Memetic-LS_MPX_1881515.config,10,25,0.6753104455807158,0.6851716581446311,0.6851716581446311,0.7728268809349891,0.8195763330898466,0.8553688823959095,0.8659605551497443,0.8670562454346238,0.8743608473338204,0.8802045288531775,0.8867786705624543,0.8970051132213295,0.8970051132213295,0.8970051132213295
./instances/realistic-instances/5-25-1767920.cdop,./settings/Memetic-LS_MMX_1099666.config,5,25,0.7307266691257839,0.7838436001475471,0.8247879011434894,0.8340095905569901,0.8613057912209516,0.9088897085946145,0.916635927701955,0.9299151604573958,0.9361859092585761,0.9409811877535964,0.9513094798967171,0.9513094798967171,0.9513094798967171,0.9513094798967171
./instances/realistic-instances/10-10-1762875.cdop,./settings/Memetic-LS_MPX_1099666.config,10,10,0.8141086749285034,0.8141086749285034,0.8284080076263107,0.8460438512869399,0.8622497616777883,0.8622497616777883,0.8689227836034319,0.8693994280266921,0.9223069590085796,0.9294566253574833,0.9294566253574833,0.9342230695900858,0.938512869399428,0.938512869399428
./instances/realistic-instances/20-10-1891798.cdop,./settings/Memetic-LS_MMX_1287823.config,20,10,0.6761819803746655,0.6761819803746655,0.7337198929527208,0.8077609277430865,0.851471900089206,0.8818019625334522,0.8951828724353256,0.8951828724353256,0.8951828724353256,0.9375557537912578,0.9393398751115076,0.9393398751115076,0.9424620874219447,0.9424620874219447
./instances/realistic-instances/20-25-1762875.cdop,./settings/Memetic_MMX_1099666.config,20,25,0.9232216785848701,0.9258562288295069,0.9461799021452766,0.9461799021452766,0.9461799021452766,0.9548362815205118,0.9548362815205118,0.9623635679337599,0.9676326684230335,0.9676326684230335,0.9717726759503199,0.9913436206247648,0.9932254422280767,0.9932254422280767
./instances/realistic-instances/10-40-1762875.cdop,./settings/Memetic-LS_MPX_1881515.config,10,40,0.48423988842398885,0.502092050209205,0.5311018131101813,0.5500697350069735,0.6666666666666666,0.705439330543933,0.7322175732217573,0.7737796373779637,0.791352859135286,0.8027894002789401,0.8133891213389122,0.8630404463040446,0.8672245467224546,0.8672245467224546
./instances/realistic-instances/15-10-1767920.cdop,./settings/Memetic_MPX_1099666.config,15,10,0.9144736842105263,0.9144736842105263,0.9144736842105263,0.9144736842105263,0.9144736842105263,0.9291497975708503,0.9291497975708503,0.944838056680162,0.944838056680162,0.944838056680162,0.944838056680162,0.944838056680162,0.944838056680162,0.944838056680162
./instances/realistic-instances/20-25-1110588.cdop,./settings/Memetic_MPX_1287823.config,20,25,0.7422813036020584,0.7641509433962265,0.7641509433962265,0.7761578044596913,0.7761578044596913,0.7761578044596913,0.8203259005145798,0.8211835334476844,0.8211835334476844,0.8649228130360206,0.8649228130360206,0.8649228130360206,0.8649228130360206,0.8649228130360206
./instances/realistic-instances/15-25-1917698.cdop,./settings/Memetic-LS_MMX_1099666.config,15,25,0.5972952667167544,0.6190833959429001,0.6570247933884298,0.7051089406461307,0.7494365138993239,0.7588279489105936,0.8651389932381668,0.8651389932381668,0.8760330578512396,0.918106686701728,0.918106686701728,0.9267468069120962,0.9267468069120962,0.9267468069120962
./instances/realistic-instances/5-40-1110588.cdop,./settings/Memetic_MPX_1287823.config,5,40,0.8970672800460034,0.9249568717653824,0.9249568717653824,0.9252443933294997,0.9355951696377228,0.9580218516388729,0.9640598044853363,0.9657849338700403,0.9657849338700403,0.972110408280621,0.972110408280621,0.972110408280621,0.9775733179988499,0.9775733179988499
./instances/realistic-instances/25-25-1110588.cdop,./settings/Memetic_MMX_1099666.config,25,25,0.9559613319011815,0.9731471535982814,0.9731471535982814,0.9731471535982814,0.9760114572144647,0.9760114572144647,0.9760114572144647,0.9760114572144647,0.9760114572144647,0.9799498746867168,0.9799498746867168,0.9799498746867168,0.991765127103473,0.991765127103473
./instances/realistic-instances/20-25-1891798.cdop,./settings/Memetic_MPX_1287823.config,20,25,0.7317073170731707,0.7916376306620209,0.8449477351916377,0.8449477351916377,0.8449477351916377,0.8449477351916377,0.8449477351916377,0.8449477351916377,0.8449477351916377,0.8449477351916377,0.8449477351916377,0.8449477351916377,0.867595818815331,0.867595818815331
./instances/realistic-instances/10-25-1917698.cdop,./settings/Memetic-LS_MMX_1287823.config,10,25,0.6921110299488678,0.6921110299488678,0.7421475529583638,0.8093498904309715,0.8268809349890431,0.8615777940102265,0.8615777940102265,0.8714390065741418,0.8904309715120526,0.9097881665449233,0.9108838568298028,0.9236669101533966,0.9236669101533966,0.9236669101533966
./instances/realistic-instances/10-25-1767920.cdop,./settings/Memetic_MMX_1287823.config,10,25,0.9458069620253164,0.9458069620253164,0.9568829113924051,0.9568829113924051,0.9568829113924051,0.9568829113924051,0.9568829113924051,0.9624208860759493,0.9746835443037974,0.9746835443037974,0.9746835443037974,0.9746835443037974,0.9770569620253164,0.9770569620253164
./instances/realistic-instances/15-10-1917698.cdop,./settings/Memetic-LS_MMX_1287823.config,15,10,0.7108239095315024,0.7420570813139472,0.8131394722670975,0.8131394722670975,0.8599892299407647,0.8664512654819602,0.8917609046849758,0.8960689283791061,0.8960689283791061,0.929456112008616,0.9676898222940227,0.9676898222940227,0.9676898222940227,0.9676898222940227
./instances/realistic-instances/5-25-1891798.cdop,./settings/Memetic_MPX_1099666.config,5,25,0.9419130434782609,0.944695652173913,0.944695652173913,0.944695652173913,0.944695652173913,0.9478260869565217,0.9502608695652174,0.9655652173913043,0.9655652173913043,0.9655652173913043,0.9655652173913043,0.9697391304347827,0.9732173913043478,0.9732173913043478
./instances/realistic-instances/20-10-1917698.cdop,./settings/Memetic_MMX_1287823.config,20,10,0.9618949536560247,0.962409886714727,0.962409886714727,0.962409886714727,0.962409886714727,0.9670442842430484,0.9691040164778579,0.98043254376931,0.981977342945417,0.995880535530381,0.995880535530381,0.9969104016477858,0.9989701338825953,0.9989701338825953
./instances/realistic-instances/5-40-1891798.cdop,./settings/Memetic_MMX_1287823.config,5,40,0.9025448235974551,0.9314632735685368,0.9346443030653557,0.9427414690572585,0.948235974551764,0.9598033545401966,0.9647194910352805,0.97165991902834,0.9728166570271833,0.9728166570271833,0.9739733950260266,0.9739733950260266,0.9864083285135917,0.9864083285135917
./instances/realistic-instances/10-25-1110588.cdop,./settings/Memetic_MPX_1881515.config,10,25,0.927208480565371,0.930035335689046,0.9392226148409893,0.9392226148409893,0.9392226148409893,0.9392226148409893,0.9392226148409893,0.9392226148409893,0.9392226148409893,0.9551236749116607,0.9551236749116607,0.9551236749116607,0.9565371024734982,0.9565371024734982
./instances/realistic-instances/20-25-1767920.cdop,./settings/Memetic-LS_MPX_1099666.config,20,25,0.4248175182481752,0.46715328467153283,0.49635036496350365,0.5981751824817518,0.6251824817518248,0.6492700729927007,0.6718978102189781,0.685036496350365,0.7262773722627737,0.7718978102189781,0.7718978102189781,0.8025547445255474,0.822992700729927,0.822992700729927
./instances/realistic-instances/15-10-1767920.cdop,./settings/Memetic-LS_MPX_1881515.config,15,10,0.7368421052631579,0.7586032388663968,0.7753036437246964,0.7798582995951417,0.7955465587044535,0.7955465587044535,0.8081983805668016,0.8137651821862348,0.8152834008097166,0.8385627530364372,0.8410931174089069,0.867914979757085,0.8906882591093117,0.8906882591093117
