instance,setting,m,n,0.25s,0.5s,1.0s,2.0s,4.0s,8.0s,16.0s,32.0s,64.0s,128.0s,256.0s,512.0s,1024.0s,2048.0s
./instances/created-instances/mm-10-40-1917698.cdop,WS./settings/Memetic_MMX_1099666.config,10,40,0.8275862068965517,0.8433173923986912,0.846337780015102,0.8701233324943368,0.8798137427636546,0.9271331487540901,0.9346841177951171,0.9373269569594764,0.9633778001510194,0.9734457588723886,0.9747042537125598,0.9838912660458092,0.9799899320412786,0.9799899320412786
./instances/created-instances/mm-10-10-1762875.cdop,WS./settings/Memetic-LS_MMX_1881515.config,10,10,0.7328373351369631,0.7328373351369631,0.7490700033818058,0.7659790328035171,0.7693608386878593,0.8183970240108218,0.8559350693270207,0.8559350693270207,0.8650659452147447,0.8650659452147447,0.8894149475820088,0.8921203922894826,0.8921203922894826,0.8921203922894826
./instances/created-instances/mm-10-10-1917698.cdop,WS./settings/Memetic_MMX_1881515.config,10,10,0.9695037427224841,0.9695037427224841,0.9714444136401441,0.971721652342667,0.9769891876906016,0.9772664263931244,0.9778209037981702,0.9778209037981702,0.9786526199057388,1.0,1.0,1.0,1.0,1.0
./instances/created-instances/mm-10-25-1917698.cdop,WS./settings/Memetic-LS_MMX_1099666.config,10,25,0.6890892696122634,0.6890892696122634,0.6890892696122634,0.7116321009918846,0.7116321009918846,0.7130748422001804,0.7199278629395852,0.7199278629395852,0.7899008115419297,0.8402164111812443,0.8652840396753833,0.878449053201082,0.8815148782687106,0.8815148782687106
./instances/created-instances/mm-5-40-1917698.cdop,WS./settings/Memetic-LS_MMX_1881515.config,5,40,0.7391817466561762,0.7391817466561762,0.7391817466561762,0.7391817466561762,0.7399685287175453,0.7399685287175453,0.7399685287175453,0.7399685287175453,0.7722265932336743,0.8067138735903489,0.8384474167322319,0.8434303697875688,0.8507736690270129,0.8507736690270129
./instances/created-instances/mm-25-10-1917698.cdop,WS./settings/Memetic-LS_MPX_1099666.config,25,10,0.5703777335984096,0.5703777335984096,0.5703777335984096,0.5703777335984096,0.5703777335984096,0.5703777335984096,0.5703777335984096,0.5703777335984096,0.5703777335984096,0.5703777335984096,0.5703777335984096,0.5703777335984096,0.5727634194831014,0.5727634194831014
./instances/created-instances/mm-15-40-1767920.cdop,WS./settings/Memetic_MPX_1099666.config,15,40,0.7348864994026284,0.7635603345280765,0.7891278375149343,0.7891278375149343,0.7891278375149343,0.8284348864994027,0.8535244922341697,0.9001194743130227,0.9010752688172043,0.9093189964157706,0.9093189964157706,0.9342891278375149,0.9342891278375149,0.9342891278375149
./instances/created-instances/mm-5-10-1891798.cdop,WS./settings/Memetic-LS_MMX_1881515.config,5,10,0.8414634146341463,0.8595997498436523,0.8824265165728581,0.9090056285178236,0.9090056285178236,0.9252657911194496,0.9277673545966229,0.9555972482801751,0.9555972482801751,0.9555972482801751,0.9555972482801751,0.9555972482801751,0.9555972482801751,0.9555972482801751
./instances/created-instances/mm-25-25-1762875.cdop,WS./settings/Memetic-LS_MPX_1287823.config,25,25,0.47904747177980517,0.47904747177980517,0.47904747177980517,0.47904747177980517,0.47904747177980517,0.47904747177980517,0.47904747177980517,0.47904747177980517,0.47904747177980517,0.47904747177980517,0.4929642801917427,0.4929642801917427,0.49729395391990106,0.49729395391990106
./instances/created-instances/mm-10-25-1110588.cdop,WS./settings/Memetic-LS_MMX_1287823.config,10,25,0.666941331575478,0.6773236651285431,0.6773236651285431,0.6990771259063941,0.722313777191826,0.7419248516809492,0.7495056031641397,0.7732366512854317,0.7732366512854317,0.8012524719841793,0.8340474620962426,0.8467369808833224,0.8544825313117996,0.8544825313117996
./instances/created-instances/mm-25-25-1110588.cdop,WS./settings/Memetic_MPX_1287823.config,25,25,0.7058503401360544,0.7227210884353742,0.7227210884353742,0.7598639455782313,0.7598639455782313,0.7598639455782313,0.7601360544217687,0.7601360544217687,0.7702040816326531,0.812108843537415,0.812108843537415,0.812108843537415,0.8149659863945579,0.8149659863945579
./instances/created-instances/mm-20-25-1917698.cdop,WS./settings/Memetic_MMX_1287823.config,20,25,0.8362804878048781,0.8810975609756098,0.9019817073170732,0.907469512195122,0.926829268292683,0.9359756097560976,0.9501524390243903,0.9557926829268293,0.9759146341463415,0.9810975609756097,0.9821646341463415,0.9832317073170732,0.9839939024390244,0.9839939024390244
./instances/created-instances/mm-20-10-1110588.cdop,WS./settings/Memetic-LS_MMX_1287823.config,20,10,0.5969942196531792,0.6094797687861272,0.6191907514450867,0.6191907514450867,0.6543352601156069,0.7193063583815029,0.7193063583815029,0.7421965317919075,0.76,0.7861271676300579,0.8208092485549133,0.8221965317919075,0.8221965317919075,0.8221965317919075
./instances/created-instances/mm-5-25-1762875.cdop,WS./settings/Memetic-LS_MMX_1099666.config,5,25,0.7793686389511817,0.7793686389511817,0.7793686389511817,0.8055890978092116,0.8366396411937209,0.8514749008107642,0.8523374159047783,0.8523374159047783,0.8525099189235812,0.8964981887183026,0.919268587200276,0.937381404174573,0.9401414524754184,0.9401414524754184
./instances/created-instances/mm-5-40-1891798.cdop,WS./settings/Memetic-LS_MMX_1287823.config,5,40,0.7232720039781203,0.7333416210840378,0.7333416210840378,0.7376926902038786,0.7376926902038786,0.7376926902038786,0.7376926902038786,0.7376926902038786,0.7376926902038786,0.7425410243659871,0.7539781203381403,0.7539781203381403,0.7596966683242168,0.7596966683242168
./instances/created-instances/mm-10-25-1767920.cdop,WS./settings/Memetic-LS_MMX_1287823.config,10,25,0.7087166692655543,0.7087166692655543,0.7087166692655543,0.7087166692655543,0.7450491189770778,0.747699984406674,0.7637611102448152,0.768595041322314,0.7896460314985186,0.8130360205831904,0.8167784188367379,0.8437548729143927,0.8462498050834243,0.8462498050834243
./instances/created-instances/mm-10-25-1891798.cdop,WS./settings/Memetic-LS_MPX_1099666.config,10,25,0.8115628381511826,0.8115628381511826,0.8115628381511826,0.8115628381511826,0.8115628381511826,0.8115628381511826,0.8115628381511826,0.8115628381511826,0.8115628381511826,0.8115628381511826,0.8115628381511826,0.8115628381511826,0.8115628381511826,0.8115628381511826
./instances/created-instances/mm-20-25-1891798.cdop,WS./settings/Memetic_MMX_1881515.config,20,25,0.8325439266615737,0.8768525592055004,0.8768525592055004,0.8768525592055004,0.8858670741023682,0.9237585943468296,0.946829640947288,0.9783040488922842,0.9830404889228419,0.9928189457601222,0.9928189457601222,0.9928189457601222,0.9928189457601222,0.9928189457601222
./instances/created-instances/mm-20-25-1917698.cdop,WS./settings/Memetic_MPX_1099666.config,20,25,0.7391768292682926,0.7586890243902439,0.7586890243902439,0.7586890243902439,0.8059451219512195,0.8059451219512195,0.8059451219512195,0.8059451219512195,0.8059451219512195,0.843140243902439,0.8435975609756098,0.8435975609756098,0.8435975609756098,0.8435975609756098
./instances/created-instances/mm-25-10-1917698.cdop,WS./settings/Memetic_MPX_1881515.config,25,10,0.7954274353876739,0.7954274353876739,0.7954274353876739,0.7954274353876739,0.7954274353876739,0.7954274353876739,0.7954274353876739,0.8196819085487077,0.8343936381709741,0.8409542743538767,0.841351888667992,0.8624254473161034,0.8624254473161034,0.8624254473161034
./instances/created-instances/mm-5-25-1917698.cdop,WS./settings/Memetic_MPX_1287823.config,5,25,0.889669578427649,0.9337257880744398,0.9504367641473604,0.9707557918723889,0.9840486137485758,0.9882263577668059,0.9912647170527915,0.9912647170527915,0.9912647170527915,0.9912647170527915,0.9912647170527915,0.9912647170527915,0.9973414356247626,0.9973414356247626
./instances/created-instances/mm-15-10-1917698.cdop,WS./settings/Memetic-LS_MMX_1099666.config,15,10,0.7185293401509618,0.7185293401509618,0.7216946676406136,0.7216946676406136,0.7533479425371318,0.7876795714633552,0.8195763330898466,0.8371073776479182,0.8575602629656683,0.8697345994643292,0.8697345994643292,0.9135622108595082,0.9218407596785975,0.9218407596785975
./instances/created-instances/mm-20-25-1762875.cdop,WS./settings/Memetic_MPX_1287823.config,20,25,0.743962091103638,0.743962091103638,0.743962091103638,0.7850810149801284,0.7850810149801284,0.7850810149801284,0.8191684500152858,0.8228370528890248,0.8268113726689086,0.8315499847141546,0.8315499847141546,0.835677162947111,0.8622745337817181,0.8622745337817181
./instances/created-instances/mm-25-25-1891798.cdop,WS./settings/Memetic-LS_MMX_1287823.config,25,25,0.31619800820152316,0.3312829525483304,0.36482132396016403,0.39806678383128297,0.45796719390743995,0.5146455770357352,0.5550673696543644,0.5620972466315173,0.594463971880492,0.6342999414176919,0.74502050380785,0.7889572349150556,0.8179554774458113,0.8179554774458113
./instances/created-instances/mm-10-25-1110588.cdop,WS./settings/Memetic-LS_MMX_1099666.config,10,25,0.6837508239947264,0.6845748187211602,0.6845748187211602,0.6845748187211602,0.7198417930125247,0.7274225444957152,0.7588991430454846,0.7626895187870798,0.7851021753460777,0.811305207646671,0.8259723137771918,0.8411338167435728,0.8571193144363876,0.8571193144363876
./instances/created-instances/mm-5-40-1891798.cdop,WS./settings/Memetic-LS_MMX_1099666.config,5,40,0.7355793137742417,0.7355793137742417,0.7355793137742417,0.7355793137742417,0.7473893585280955,0.7473893585280955,0.754226752859274,0.7641720537046246,0.7677772252610642,0.7677772252610642,0.7764793635007459,0.7863003480855296,0.7863003480855296,0.7863003480855296
./instances/created-instances/mm-5-40-1767920.cdop,WS./settings/Memetic_MPX_1099666.config,5,40,0.7903142709943328,0.7903142709943328,0.8292117465224111,0.8879443585780525,0.8879443585780525,0.9090674909840288,0.9556929417825863,0.9598145285935085,0.9602009273570324,0.9623905203503349,0.964064914992272,0.964064914992272,0.9683153013910355,0.9683153013910355
./instances/created-instances/mm-10-40-1762875.cdop,WS./settings/Memetic_MPX_1287823.config,10,40,0.7548156652634265,0.802653399668325,0.802653399668325,0.802653399668325,0.8068631202959561,0.8331419823957137,0.8730705447123358,0.9363439214185483,0.9497384870519199,0.9497384870519199,0.9582854955989284,0.9732108687332568,0.9732108687332568,0.9732108687332568
./instances/created-instances/mm-10-25-1891798.cdop,WS./settings/Memetic-LS_MMX_1099666.config,10,25,0.8115628381511826,0.8115628381511826,0.8115628381511826,0.8115628381511826,0.8115628381511826,0.8115628381511826,0.8200649250270521,0.8262482609367754,0.8262482609367754,0.8441799350749729,0.8441799350749729,0.8441799350749729,0.8542278559282733,0.8542278559282733
./instances/created-instances/mm-25-25-1767920.cdop,WS./settings/Memetic-LS_MMX_1287823.config,25,25,0.6262389867841409,0.6262389867841409,0.6262389867841409,0.6262389867841409,0.6262389867841409,0.6262389867841409,0.6449614537444934,0.6525330396475771,0.6704295154185022,0.6828193832599119,0.6936949339207048,0.7618392070484582,0.780148678414097,0.780148678414097
./instances/created-instances/mm-20-25-1767920.cdop,WS./settings/Memetic-LS_MMX_1881515.config,20,25,0.5617502726281353,0.5617502726281353,0.5640676117775354,0.5879225736095965,0.6301799345692476,0.6446292257360959,0.6530806979280261,0.6530806979280261,0.6706652126499455,0.700381679389313,0.7063794983642312,0.7508178844056707,0.7895310796074155,0.7895310796074155
./instances/created-instances/mm-5-40-1917698.cdop,WS./settings/Memetic-LS_MPX_1287823.config,5,40,0.7391817466561762,0.7391817466561762,0.7391817466561762,0.7391817466561762,0.7391817466561762,0.7391817466561762,0.7391817466561762,0.7391817466561762,0.7391817466561762,0.7391817466561762,0.7391817466561762,0.7391817466561762,0.7391817466561762,0.7391817466561762
./instances/created-instances/mm-25-10-1891798.cdop,WS./settings/Memetic-LS_MMX_1099666.config,25,10,0.511744966442953,0.5287099179716629,0.5296420581655481,0.5296420581655481,0.5505219985085756,0.5857568978374348,0.6314317673378076,0.6769202087994034,0.7203579418344519,0.7240865026099925,0.743661446681581,0.8063012677106637,0.831282624906786,0.831282624906786
./instances/created-instances/mm-10-25-1767920.cdop,WS./settings/Memetic_MMX_1881515.config,10,25,0.8428192733510058,0.8428192733510058,0.8548261344144706,0.8721347263371277,0.8925619834710744,0.9493216903165446,0.9614844846405738,0.9700608139716201,0.9727116794012163,0.9800405426477468,0.9800405426477468,0.9800405426477468,0.9800405426477468,0.9800405426477468
./instances/created-instances/mm-20-10-1762875.cdop,WS./settings/Memetic_MPX_1287823.config,20,10,0.7579745706000446,0.8010260985946911,0.8373856792326567,0.8373856792326567,0.8373856792326567,0.8373856792326567,0.8373856792326567,0.8373856792326567,0.8750836493419585,0.896497880883337,0.896497880883337,0.896497880883337,0.896497880883337,0.896497880883337
./instances/created-instances/mm-5-10-1767920.cdop,WS./settings/Memetic_MMX_1881515.config,5,10,0.9580996370834708,0.9580996370834708,0.9871329594193335,0.9914219729462224,0.9914219729462224,0.9947212141207522,1.0,1.0,1.0,1.0,1.0,1.0,1.0,1.0
./instances/created-instances/mm-25-10-1767920.cdop,WS./settings/Memetic_MMX_1881515.config,25,10,0.8895335862530686,0.8993528230305735,0.9147511716134792,0.923231421557688,0.923231421557688,0.923231421557688,0.9620620397232761,0.9620620397232761,0.9754519080562375,0.9852711448337425,0.9852711448337425,0.9852711448337425,0.9852711448337425,0.9852711448337425
./instances/created-instances/mm-25-25-1762875.cdop,WS./settings/Memetic-LS_MMX_1881515.config,25,25,0.5153858048554198,0.543374052883872,0.5705891448894387,0.5879078398020721,0.6083191588062471,0.6106386268749033,0.6250193289005721,0.6308953146745013,0.6497603216329055,0.6842430802535951,0.7089840729859286,0.7748569661357662,0.8102675119839183,0.8102675119839183
./instances/created-instances/mm-20-25-1762875.cdop,WS./settings/Memetic_MMX_1287823.config,20,25,0.8200856007337206,0.8743503515744421,0.8900947722409049,0.9056863344542954,0.9062977682665851,0.9191378783246713,0.9197493121369612,0.9382451849587282,0.971415469275451,0.9836441455212473,0.9874656068480587,0.9874656068480587,0.9874656068480587,0.9874656068480587
./instances/created-instances/mm-15-40-1762875.cdop,WS./settings/Memetic-LS_MMX_1287823.config,15,40,0.6821899736147757,0.6821899736147757,0.6821899736147757,0.6821899736147757,0.6821899736147757,0.6821899736147757,0.6821899736147757,0.6821899736147757,0.6928759894459103,0.7187335092348285,0.7527704485488127,0.787598944591029,0.7952506596306068,0.7952506596306068
./instances/created-instances/mm-15-40-1110588.cdop,WS./settings/Memetic_MMX_1287823.config,15,40,0.7621564482029598,0.7848249941273198,0.8114869626497534,0.837326755931407,0.9023960535588442,0.935635424007517,0.9749823819591261,0.9749823819591261,0.9752172891707775,0.9752172891707775,0.9752172891707775,0.9752172891707775,0.9911909795630726,0.9911909795630726
./instances/created-instances/mm-25-10-1917698.cdop,WS./settings/Memetic_MPX_1287823.config,25,10,0.7540755467196819,0.7685884691848907,0.7685884691848907,0.8278330019880715,0.8278330019880715,0.8278330019880715,0.8278330019880715,0.8278330019880715,0.8326043737574552,0.8326043737574552,0.8326043737574552,0.8510934393638171,0.8654075546719682,0.8654075546719682
./instances/created-instances/mm-5-40-1767920.cdop,WS./settings/Memetic_MMX_1287823.config,5,40,0.7881246780010304,0.8086038124678001,0.8500772797527048,0.8508500772797527,0.8914219474497682,0.9133178773827924,0.9299330242143226,0.9299330242143226,0.9448737764039155,0.9535033487892839,0.9535033487892839,0.9536321483771252,0.9455177743431221,0.9455177743431221
./instances/created-instances/mm-20-10-1891798.cdop,WS./settings/Memetic-LS_MMX_1881515.config,20,10,0.6375598086124402,0.6375598086124402,0.6375598086124402,0.6539074960127592,0.6684609250398724,0.6756379585326954,0.7117224880382775,0.7507974481658692,0.7599681020733652,0.7836921850079744,0.8016347687400319,0.8243620414673046,0.8506778309409888,0.8506778309409888
./instances/created-instances/mm-10-40-1767920.cdop,WS./settings/Memetic-LS_MPX_1287823.config,10,40,0.6706246773360868,0.6706246773360868,0.6706246773360868,0.6706246773360868,0.6706246773360868,0.6706246773360868,0.6706246773360868,0.6706246773360868,0.6706246773360868,0.6706246773360868,0.6706246773360868,0.6706246773360868,0.6706246773360868,0.6706246773360868
./instances/created-instances/mm-10-40-1110588.cdop,WS./settings/Memetic-LS_MPX_1287823.config,10,40,0.6396255850234009,0.6396255850234009,0.6396255850234009,0.6396255850234009,0.6396255850234009,0.6396255850234009,0.6396255850234009,0.6441757670306812,0.6693967758710349,0.6885075403016121,0.7128185127405097,0.7414196567862714,0.7414196567862714,0.7414196567862714
./instances/created-instances/mm-25-25-1762875.cdop,WS./settings/Memetic_MMX_1881515.config,25,25,0.7815061079325808,0.8172259161898872,0.8513994124014226,0.8882016390907685,0.9014999226843977,0.9209834544611103,0.9579403123550333,0.9627338796969228,0.9627338796969228,0.9627338796969228,0.9627338796969228,0.9925777021803,1.0,1.0
./instances/created-instances/mm-5-25-1891798.cdop,WS./settings/Memetic_MMX_1287823.config,5,25,0.8946277097078228,0.9146088595664468,0.9264844486333648,0.9587181903864279,0.9651272384542884,0.9760603204524034,0.9779453345900094,0.9922714420358153,0.9945334590009425,0.9945334590009425,0.9945334590009425,0.9945334590009425,0.9945334590009425,0.9945334590009425
./instances/created-instances/mm-15-10-1891798.cdop,WS./settings/Memetic-LS_MMX_1287823.config,15,10,0.7036713286713286,0.7036713286713286,0.7139423076923077,0.7395104895104895,0.7749125874125874,0.7749125874125874,0.7766608391608392,0.7886800699300699,0.847465034965035,0.9047202797202797,0.9047202797202797,0.920236013986014,0.9320367132867133,0.9320367132867133
./instances/created-instances/mm-10-40-1110588.cdop,WS./settings/Memetic_MPX_1099666.config,10,40,0.7682007280291212,0.7724908996359854,0.8338533541341654,0.9013260530421217,0.9118564742589703,0.9118564742589703,0.9309672386895476,0.9309672386895476,0.9309672386895476,0.9359074362974519,0.9359074362974519,0.9359074362974519,0.9431877275091004,0.9431877275091004
./instances/created-instances/mm-5-25-1891798.cdop,WS./settings/Memetic_MMX_1099666.config,5,25,0.893119698397738,0.931573986804901,0.931573986804901,0.931573986804901,0.931573986804901,0.9409990574929312,0.9409990574929312,0.9587181903864279,0.9587181903864279,0.9673892554194157,0.980018850141376,0.9864278982092366,0.9864278982092366,0.9864278982092366
./instances/created-instances/mm-25-10-1762875.cdop,WS./settings/Memetic-LS_MPX_1881515.config,25,10,0.5652506697282816,0.5652506697282816,0.5652506697282816,0.5652506697282816,0.5652506697282816,0.5652506697282816,0.5652506697282816,0.5652506697282816,0.5652506697282816,0.5652506697282816,0.5652506697282816,0.5652506697282816,0.5652506697282816,0.5652506697282816
./instances/created-instances/mm-5-25-1762875.cdop,WS./settings/Memetic_MPX_1287823.config,5,25,0.865792651371399,0.9009832672071761,0.9085734000345006,0.9085734000345006,0.9125409694669657,0.9135759875797826,0.9227186475763326,0.9227186475763326,0.9227186475763326,0.9227186475763326,0.9610143177505607,0.9642918751078143,0.9642918751078143,0.9642918751078143
./instances/created-instances/mm-15-10-1767920.cdop,WS./settings/Memetic-LS_MPX_1881515.config,15,10,0.6769796624837733,0.6769796624837733,0.6769796624837733,0.6769796624837733,0.6769796624837733,0.6769796624837733,0.6769796624837733,0.6793595845954132,0.687797490263955,0.687797490263955,0.687797490263955,0.699048031155344,0.699048031155344,0.699048031155344
./instances/created-instances/mm-10-10-1891798.cdop,WS./settings/Memetic-LS_MPX_1099666.config,10,10,0.7784156142365097,0.7784156142365097,0.7784156142365097,0.7784156142365097,0.7784156142365097,0.7784156142365097,0.7784156142365097,0.7784156142365097,0.7784156142365097,0.7784156142365097,0.7784156142365097,0.9024110218140069,0.939150401836969,0.939150401836969
./instances/created-instances/mm-20-10-1891798.cdop,WS./settings/Memetic_MMX_1881515.config,20,10,0.8552631578947368,0.8646331738437002,0.8732057416267942,0.8877591706539075,0.9415869218500797,0.9629186602870813,0.9794657097288676,0.9876395534290271,0.9906299840510366,0.9938197767145136,0.9938197767145136,0.9938197767145136,0.9938197767145136,0.9938197767145136
./instances/created-instances/mm-15-40-1917698.cdop,WS./settings/Memetic_MPX_1881515.config,15,40,0.7232243517474634,0.7416009019165727,0.7452085682074409,0.7452085682074409,0.7452085682074409,0.7579481397970688,0.7807215332581736,0.8343855693348365,0.8688838782412627,0.8688838782412627,0.8688838782412627,0.8688838782412627,0.8688838782412627,0.8688838782412627
./instances/created-instances/mm-10-25-1767920.cdop,WS./settings/Memetic-LS_MPX_1099666.config,10,25,0.7087166692655543,0.7087166692655543,0.7087166692655543,0.7087166692655543,0.7087166692655543,0.7087166692655543,0.7087166692655543,0.7087166692655543,0.7087166692655543,0.7087166692655543,0.7087166692655543,0.7087166692655543,0.7087166692655543,0.7087166692655543
./instances/created-instances/mm-25-25-1762875.cdop,WS./settings/Memetic-LS_MMX_1287823.config,25,25,0.5344054430184011,0.5344054430184011,0.5811040668006804,0.5964125560538116,0.6411009741765888,0.6533168393381784,0.6533168393381784,0.6658419669089222,0.7113035410545848,0.733879696922839,0.7488789237668162,0.7695995051801453,0.8124323488479975,0.8124323488479975
./instances/created-instances/mm-15-10-1767920.cdop,WS./settings/Memetic-LS_MMX_1881515.config,15,10,0.6769796624837733,0.6938554738208568,0.7081350064906967,0.7081350064906967,0.7081350064906967,0.7081350064906967,0.7157074859368239,0.7282561661618348,0.7901341410644742,0.8297273907399394,0.8466032020770229,0.8604500216356555,0.8838165296408481,0.8838165296408481
./instances/created-instances/mm-10-10-1891798.cdop,WS./settings/Memetic-LS_MPX_1881515.config,10,10,0.7784156142365097,0.7784156142365097,0.7784156142365097,0.7784156142365097,0.7784156142365097,0.7784156142365097,0.7784156142365097,0.7784156142365097,0.7784156142365097,0.7838691159586682,0.8547646383467279,0.857060849598163,0.8662456946039035,0.8662456946039035
./instances/created-instances/mm-25-25-1762875.cdop,WS./settings/Memetic-LS_MMX_1099666.config,25,25,0.578629967527447,0.5906912014844595,0.5906912014844595,0.5906912014844595,0.5906912014844595,0.5906912014844595,0.6024431730323179,0.6298128962424617,0.6570279882480284,0.6910468532549868,0.7674346683160662,0.8020720581413329,0.8020720581413329,0.8020720581413329
./instances/created-instances/mm-5-10-1110588.cdop,WS./settings/Memetic_MMX_1881515.config,5,10,0.9750275431509364,0.9750275431509364,0.9801689313257437,1.0,1.0,1.0,1.0,1.0,1.0,1.0,1.0,1.0,1.0,1.0
./instances/created-instances/mm-10-40-1762875.cdop,WS./settings/Memetic-LS_MMX_1287823.config,10,40,0.548284219926011,0.548284219926011,0.548284219926011,0.6033932899604542,0.618828932261768,0.6226559510141599,0.6397499681081771,0.6553131777012374,0.6873325679295829,0.6903941829314963,0.701875239188672,0.701875239188672,0.7313432835820896,0.7313432835820896
./instances/created-instances/mm-10-10-1917698.cdop,WS./settings/Memetic_MMX_1099666.config,10,10,0.9448294981979485,0.9622955364568894,0.9758802328805101,0.982533961741059,0.982533961741059,0.982533961741059,0.9875242583864707,0.9875242583864707,0.9875242583864707,0.9875242583864707,0.9919600776268367,0.9925145550318825,1.0,1.0
./instances/created-instances/mm-5-25-1917698.cdop,WS./settings/Memetic-LS_MPX_1881515.config,5,25,0.7368021268515001,0.7368021268515001,0.7368021268515001,0.7368021268515001,0.7368021268515001,0.7368021268515001,0.7368021268515001,0.7368021268515001,0.7565514622104064,0.7652867451576149,0.8264337257880744,0.8889099886061527,0.8968856817318648,0.8968856817318648
./instances/created-instances/mm-20-10-1110588.cdop,WS./settings/Memetic_MMX_1881515.config,20,10,0.8233526011560693,0.8233526011560693,0.8716763005780347,0.9188439306358381,0.9211560693641618,0.9239306358381503,0.9239306358381503,0.9458959537572255,0.9447398843930636,0.9447398843930636,0.9447398843930636,0.9757225433526011,0.9757225433526011,0.9757225433526011
./instances/created-instances/mm-5-10-1110588.cdop,WS./settings/Memetic_MMX_1287823.config,5,10,0.9665809768637532,0.9955930958501653,0.9955930958501653,0.9955930958501653,1.0,1.0,1.0,1.0,1.0,1.0,1.0,1.0,1.0,1.0
./instances/created-instances/mm-25-10-1917698.cdop,WS./settings/Memetic-LS_MMX_1881515.config,25,10,0.5894632206759444,0.5972166998011929,0.6065606361829026,0.6079522862823061,0.6079522862823061,0.6274353876739562,0.679324055666004,0.7073558648111332,0.7073558648111332,0.7369781312127237,0.7514910536779325,0.8067594433399602,0.8174950298210736,0.8174950298210736
./instances/created-instances/mm-15-25-1110588.cdop,WS./settings/Memetic_MPX_1099666.config,15,25,0.8115549215406562,0.8222539229671897,0.8222539229671897,0.8222539229671897,0.8222539229671897,0.8222539229671897,0.8222539229671897,0.8222539229671897,0.9044222539229672,0.9141226818830243,0.9148359486447931,0.9148359486447931,0.9148359486447931,0.9148359486447931
./instances/created-instances/mm-15-25-1110588.cdop,WS./settings/Memetic-LS_MMX_1287823.config,15,25,0.5664764621968617,0.5855920114122682,0.6309557774607704,0.6453637660485021,0.6453637660485021,0.6671897289586305,0.6671897289586305,0.7057061340941512,0.7154065620542083,0.7443651925820257,0.7788873038516405,0.7988587731811697,0.863623395149786,0.863623395149786
./instances/created-instances/mm-25-10-1110588.cdop,WS./settings/Memetic-LS_MPX_1287823.config,25,10,0.6082373609213352,0.6082373609213352,0.6082373609213352,0.6082373609213352,0.6082373609213352,0.6082373609213352,0.6082373609213352,0.6082373609213352,0.6082373609213352,0.6082373609213352,0.6082373609213352,0.6082373609213352,0.6082373609213352,0.6082373609213352
./instances/created-instances/mm-20-25-1762875.cdop,WS./settings/Memetic_MPX_1099666.config,20,25,0.7789666768572302,0.7789666768572302,0.7789666768572302,0.7789666768572302,0.7951696728829104,0.7951696728829104,0.8023540201773158,0.8029654539896056,0.8124426780800978,0.844084377866096,0.8685417303576888,0.8685417303576888,0.8685417303576888,0.8685417303576888
./instances/created-instances/mm-20-25-1110588.cdop,WS./settings/Memetic_MMX_1881515.config,20,25,0.8532800737440467,0.8532800737440467,0.8896911968044247,0.9138116454140421,0.9248732524197265,0.9480719004455369,0.9480719004455369,0.9540636042402827,0.9694269473037332,0.9715778153326163,0.9731141496389615,0.973882316792134,0.9843293900752804,0.9843293900752804
./instances/created-instances/mm-5-40-1110588.cdop,WS./settings/Memetic-LS_MPX_1099666.config,5,40,0.7201531959852087,0.7201531959852087,0.7201531959852087,0.7201531959852087,0.7201531959852087,0.7201531959852087,0.7201531959852087,0.7201531959852087,0.7229265715795035,0.752905441098785,0.7676967776016904,0.7910723718964606,0.8044109878499736,0.8044109878499736
./instances/created-instances/mm-5-40-1762875.cdop,WS./settings/Memetic_MPX_1099666.config,5,40,0.8284979276832929,0.8829498356438473,0.8830927540374446,0.9066742889809919,0.9066742889809919,0.9072459625553809,0.9072459625553809,0.9564098899528369,0.9639845648134915,0.9847077318850936,0.9847077318850936,0.9847077318850936,0.9847077318850936,0.9847077318850936
./instances/created-instances/mm-15-10-1767920.cdop,WS./settings/Memetic_MPX_1099666.config,15,10,0.8130679359584595,0.8130679359584595,0.8613154478580701,0.8613154478580701,0.8952834270878408,0.9065339679792298,0.906966681090437,0.9255733448723497,0.9255733448723497,0.9286023366508005,0.9307659022068369,0.9307659022068369,0.9402855906533968,0.9402855906533968
./instances/created-instances/mm-5-40-1762875.cdop,WS./settings/Memetic-LS_MPX_1881515.config,5,40,0.7268829498356438,0.7268829498356438,0.7268829498356438,0.7268829498356438,0.7268829498356438,0.7268829498356438,0.7268829498356438,0.7268829498356438,0.7464627697584679,0.7561812205230813,0.7863370015721023,0.8099185365156496,0.8417893382878376,0.8417893382878376
./instances/created-instances/mm-10-40-1110588.cdop,WS./settings/Memetic_MMX_1881515.config,10,40,0.8255330213208528,0.8287831513260531,0.8480239209568383,0.8716848673946958,0.8716848673946958,0.9022360894435777,0.9138065522620905,0.9483879355174207,0.9598283931357254,0.983879355174207,0.984399375975039,0.9864794591783671,0.9864794591783671,0.9864794591783671
./instances/created-instances/mm-5-40-1917698.cdop,WS./settings/Memetic-LS_MMX_1099666.config,5,40,0.7399685287175453,0.7399685287175453,0.7399685287175453,0.7399685287175453,0.7399685287175453,0.7399685287175453,0.7399685287175453,0.7399685287175453,0.7399685287175453,0.7840283241542093,0.7950432730133753,0.8179910831366378,0.8478888014686599,0.8478888014686599
./instances/created-instances/mm-20-25-1917698.cdop,WS./settings/Memetic_MPX_1287823.config,20,25,0.6894817073170731,0.6894817073170731,0.7632621951219513,0.7632621951219513,0.7641768292682927,0.7641768292682927,0.7641768292682927,0.7675304878048781,0.7949695121951219,0.7949695121951219,0.8471036585365853,0.8471036585365853,0.8471036585365853,0.8471036585365853
./instances/created-instances/mm-15-10-1917698.cdop,WS./settings/Memetic_MPX_1881515.config,15,10,0.8792305819332846,0.8792305819332846,0.8889700511322133,0.8972485999513027,0.9121012904796688,0.9121012904796688,0.9121012904796688,0.9121012904796688,0.9121012904796688,0.9121012904796688,0.9159970781592404,0.9308497686876065,0.9330411492573655,0.9330411492573655
./instances/created-instances/mm-20-10-1891798.cdop,WS./settings/Memetic-LS_MPX_1881515.config,20,10,0.6369617224880383,0.6369617224880383,0.6369617224880383,0.6369617224880383,0.6369617224880383,0.6369617224880383,0.6369617224880383,0.6369617224880383,0.6586921850079744,0.6600877192982456,0.6630781499202552,0.6630781499202552,0.6630781499202552,0.6630781499202552
./instances/created-instances/mm-5-40-1762875.cdop,WS./settings/Memetic-LS_MMX_1881515.config,5,40,0.7268829498356438,0.7268829498356438,0.7268829498356438,0.7268829498356438,0.7268829498356438,0.7268829498356438,0.7396026868657997,0.7779048163498642,0.7834786337001572,0.7834786337001572,0.7874803487208804,0.8123481492068029,0.8274974989281121,0.8274974989281121
./instances/created-instances/mm-10-10-1917698.cdop,WS./settings/Memetic-LS_MPX_1881515.config,10,10,0.746049348489049,0.746049348489049,0.746049348489049,0.746049348489049,0.746049348489049,0.746049348489049,0.746049348489049,0.746049348489049,0.746049348489049,0.746049348489049,0.746049348489049,0.746049348489049,0.746049348489049,0.746049348489049
./instances/created-instances/mm-20-25-1891798.cdop,WS./settings/Memetic_MMX_1287823.config,20,25,0.8270435446906035,0.8673796791443851,0.8922841864018335,0.9142857142857143,0.9488158899923606,0.9555385790679908,0.960122230710466,0.9822765469824294,0.9949579831932773,0.9949579831932773,0.9954163483575248,0.9954163483575248,1.0,1.0
./instances/created-instances/mm-15-40-1891798.cdop,WS./settings/Memetic_MMX_1881515.config,15,40,0.8046926202647792,0.8636780705203827,0.8758683969065408,0.886747935509241,0.932101192816883,0.9475684886616856,0.9596277362694979,0.9707694324288898,0.9795517105780575,0.9795517105780575,0.9825665224800105,1.0,1.0,1.0
./instances/created-instances/mm-5-40-1917698.cdop,WS./settings/Memetic-LS_MMX_1287823.config,5,40,0.7391817466561762,0.7391817466561762,0.7391817466561762,0.7391817466561762,0.7391817466561762,0.7399685287175453,0.7399685287175453,0.7399685287175453,0.7399685287175453,0.7678992918961448,0.8194335169158143,0.8307107264621033,0.8826383425124574,0.8826383425124574
./instances/created-instances/mm-5-40-1767920.cdop,WS./settings/Memetic-LS_MPX_1099666.config,5,40,0.725785677485832,0.725785677485832,0.725785677485832,0.725785677485832,0.725785677485832,0.725785677485832,0.725785677485832,0.725785677485832,0.725785677485832,0.725785677485832,0.725785677485832,0.725785677485832,0.725785677485832,0.725785677485832
./instances/created-instances/mm-15-25-1917698.cdop,WS./settings/Memetic_MPX_1881515.config,15,25,0.7948435780537652,0.7948435780537652,0.8346171985536865,0.8346171985536865,0.8709322433579626,0.8709322433579626,0.889954409684012,0.889954409684012,0.9136928155950322,0.9136928155950322,0.9136928155950322,0.9136928155950322,0.9136928155950322,0.9136928155950322
./instances/created-instances/mm-5-25-1891798.cdop,WS./settings/Memetic-LS_MMX_1881515.config,5,25,0.6991517436380773,0.7027332704995287,0.7027332704995287,0.7063147973609802,0.7063147973609802,0.7063147973609802,0.7063147973609802,0.7063147973609802,0.7370405278039586,0.7754948162111216,0.8263901979264845,0.8746465598491989,0.8919886899151743,0.8919886899151743
./instances/created-instances/mm-15-10-1767920.cdop,WS./settings/Memetic-LS_MPX_1099666.config,15,10,0.6769796624837733,0.6769796624837733,0.6769796624837733,0.6769796624837733,0.6769796624837733,0.6769796624837733,0.6769796624837733,0.6769796624837733,0.6769796624837733,0.6769796624837733,0.687797490263955,0.687797490263955,0.7005625270445694,0.7005625270445694
./instances/created-instances/mm-5-25-1762875.cdop,WS./settings/Memetic-LS_MPX_1287823.config,5,25,0.7793686389511817,0.7793686389511817,0.7793686389511817,0.7793686389511817,0.7793686389511817,0.7793686389511817,0.7793686389511817,0.7793686389511817,0.7793686389511817,0.7793686389511817,0.7793686389511817,0.7919613593237882,0.7919613593237882,0.7919613593237882
./instances/created-instances/mm-15-25-1762875.cdop,WS./settings/Memetic-LS_MMX_1287823.config,15,25,0.6439270354441643,0.6482277917840724,0.6544564733798013,0.6560877947501113,0.6639477977161501,0.6738840278807653,0.6866379949577339,0.6947946018092837,0.6996885659202136,0.7297938602995699,0.7544119827969746,0.7943052053981907,0.8018686044787187,0.8018686044787187
./instances/created-instances/mm-25-10-1891798.cdop,WS./settings/Memetic_MPX_1881515.config,25,10,0.7419835943325876,0.7419835943325876,0.7419835943325876,0.7787099179716629,0.7787099179716629,0.7787099179716629,0.8010812826249067,0.8010812826249067,0.8010812826249067,0.8010812826249067,0.837248322147651,0.8648396718866518,0.8648396718866518,0.8648396718866518
./instances/created-instances/mm-10-10-1762875.cdop,WS./settings/Memetic-LS_MMX_1099666.config,10,10,0.7328373351369631,0.7328373351369631,0.7436591139668584,0.75820087926953,0.7954007439972945,0.8501859993236388,0.8870476834629692,0.9005749070003382,0.9005749070003382,0.9005749070003382,0.9005749070003382,0.9005749070003382,0.9019276293540751,0.9019276293540751
./instances/created-instances/mm-15-10-1917698.cdop,WS./settings/Memetic_MPX_1287823.config,15,10,0.8444119795471147,0.8487947406866326,0.8487947406866326,0.8595081568054541,0.8916484051619187,0.8916484051619187,0.8916484051619187,0.8916484051619187,0.8916484051619187,0.8916484051619187,0.9040662283905527,0.9121012904796688,0.9121012904796688,0.9121012904796688
./instances/created-instances/mm-25-25-1767920.cdop,WS./settings/Memetic_MPX_1287823.config,25,25,0.7405011013215859,0.7405011013215859,0.7466960352422908,0.7466960352422908,0.7466960352422908,0.7505506607929515,0.7910242290748899,0.7910242290748899,0.7910242290748899,0.7910242290748899,0.7910242290748899,0.8325991189427313,0.8325991189427313,0.8325991189427313
./instances/created-instances/mm-25-10-1767920.cdop,WS./settings/Memetic_MPX_1287823.config,25,10,0.7607676857844231,0.7607676857844231,0.798705646061147,0.8056237446998438,0.8141039946440527,0.8219147511716135,0.8219147511716135,0.8259317116715019,0.8489176523097522,0.8489176523097522,0.8489176523097522,0.8498103101986164,0.8511492970319126,0.8511492970319126
./instances/created-instances/mm-15-25-1917698.cdop,WS./settings/Memetic-LS_MPX_1099666.config,15,25,0.6763087564848295,0.6763087564848295,0.6805533721113033,0.6805533721113033,0.6805533721113033,0.6805533721113033,0.6849551957239428,0.6987894985065242,0.6987894985065242,0.6987894985065242,0.7091652255934602,0.7115233453859456,0.7115233453859456,0.7115233453859456
./instances/created-instances/mm-20-10-1762875.cdop,WS./settings/Memetic_MMX_1099666.config,20,10,0.9165737229533795,0.9219272808387241,0.9386571492304261,0.9386571492304261,0.9585099263885791,0.9685478474236002,0.9799241579299576,0.9814856123131831,0.9872853000223065,0.9872853000223065,0.9872853000223065,0.9924157929957618,0.9924157929957618,0.9924157929957618
./instances/created-instances/mm-15-10-1762875.cdop,WS./settings/Memetic_MPX_1881515.config,15,10,0.8518889166875157,0.8518889166875157,0.8628971728796597,0.8628971728796597,0.8628971728796597,0.8628971728796597,0.8991743807855892,0.8991743807855892,0.8991743807855892,0.9111833875406555,0.9111833875406555,0.9111833875406555,0.9151863897923442,0.9151863897923442
./instances/created-instances/mm-25-25-1767920.cdop,WS./settings/Memetic_MMX_1099666.config,25,25,0.8239262114537445,0.844851321585903,0.8583425110132159,0.8840859030837004,0.8875275330396476,0.9015693832599119,0.9286894273127754,0.955534140969163,0.9644823788546255,0.9702643171806168,0.974669603524229,0.9786618942731278,0.9786618942731278,0.9786618942731278
./instances/created-instances/mm-25-25-1762875.cdop,WS./settings/Memetic_MPX_1881515.config,25,25,0.6924385340961806,0.7012525127570743,0.7143961651461265,0.7360445337869183,0.7436214628111953,0.7869182000927787,0.7869182000927787,0.7869182000927787,0.7869182000927787,0.8082573063244163,0.8082573063244163,0.8156796041441163,0.8156796041441163,0.8156796041441163
./instances/created-instances/mm-25-10-1917698.cdop,WS./settings/Memetic-LS_MMX_1099666.config,25,10,0.5990059642147118,0.6077534791252485,0.6383697813121272,0.6455268389662028,0.6558648111332008,0.6634194831013916,0.7296222664015904,0.7590457256461233,0.7590457256461233,0.7626242544731611,0.7667992047713718,0.7864811133200795,0.8815109343936381,0.8815109343936381
./instances/created-instances/mm-5-25-1767920.cdop,WS./settings/Memetic_MMX_1287823.config,5,25,0.9253333333333333,0.9312,0.9411555555555555,0.9523555555555555,0.9694222222222222,0.9712,0.9712,0.9712,0.9779555555555556,0.9804444444444445,0.9804444444444445,0.9804444444444445,0.9880888888888889,0.9880888888888889
./instances/created-instances/mm-10-25-1110588.cdop,WS./settings/Memetic_MPX_1881515.config,10,25,0.8688200395517469,0.8744232036914964,0.8744232036914964,0.8744232036914964,0.8884311140408702,0.8884311140408702,0.8884311140408702,0.8953526697429136,0.8953526697429136,0.8993078444297956,0.9029334212261042,0.9029334212261042,0.9029334212261042,0.9029334212261042
./instances/created-instances/mm-20-10-1917698.cdop,WS./settings/Memetic_MPX_1287823.config,20,10,0.7255415377291121,0.7255415377291121,0.8048083789573911,0.8048083789573911,0.8048083789573911,0.8050464175196382,0.8326588907403,0.84408474172816,0.84408474172816,0.8676505593906213,0.8676505593906213,0.8676505593906213,0.8676505593906213,0.8676505593906213
./instances/created-instances/mm-15-40-1917698.cdop,WS./settings/Memetic_MMX_1287823.config,15,40,0.8311161217587373,0.8488162344983089,0.8620067643742954,0.880608793686584,0.908793686583991,0.9253664036076663,0.9271702367531003,0.9403607666290869,0.9483652762119504,0.95152198421646,0.9717023675310034,0.9807215332581736,0.9667418263810598,0.9667418263810598
./instances/created-instances/mm-5-25-1917698.cdop,WS./settings/Memetic_MMX_1099666.config,5,25,0.8421952145841246,0.9023927079377136,0.9266995822255982,0.9289783516900874,0.9540448157994683,0.9654386631219142,0.9654386631219142,0.9654386631219142,0.9654386631219142,0.9660083554880364,0.9842385112039499,0.9863273832130649,1.0,1.0
./instances/created-instances/mm-10-10-1891798.cdop,WS./settings/Memetic_MPX_1881515.config,10,10,0.9084385763490241,0.9084385763490241,0.9084385763490241,0.912743972445465,0.912743972445465,0.919345579793341,0.9371412169919633,0.9437428243398392,0.9652698048220436,0.9652698048220436,0.9652698048220436,0.9704362801377727,0.9704362801377727,0.9704362801377727
./instances/created-instances/mm-10-10-1110588.cdop,WS./settings/Memetic_MMX_1099666.config,10,10,0.9259468626342566,0.9259468626342566,0.9525155455059355,0.9813453928773318,0.9836065573770492,0.9836065573770492,0.9836065573770492,0.9836065573770492,0.9847371396269079,0.9886941775014132,0.9886941775014132,0.9886941775014132,0.9886941775014132,0.9886941775014132
./instances/created-instances/mm-10-10-1110588.cdop,WS./settings/Memetic_MPX_1099666.config,10,10,0.8739400791407574,0.8742227247032222,0.8781797625777276,0.8781797625777276,0.9177501413227812,0.9177501413227812,0.92736009044658,0.92736009044658,0.92736009044658,0.92736009044658,0.92736009044658,0.92736009044658,0.9397964951950254,0.9397964951950254
./instances/created-instances/mm-25-25-1762875.cdop,WS./settings/Memetic_MMX_1287823.config,25,25,0.7980516468223288,0.8257306324416267,0.8735116746559456,0.8976341425699706,0.9047471779805165,0.913097263027679,0.913097263027679,0.9214473480748415,0.9412401422607082,0.9625792484923458,0.9659811349930416,0.9675274470388124,0.9675274470388124,0.9675274470388124
./instances/created-instances/mm-20-10-1110588.cdop,WS./settings/Memetic_MPX_1099666.config,20,10,0.7507514450867052,0.7653179190751445,0.7916763005780347,0.8006936416184971,0.8006936416184971,0.8353757225433526,0.8453179190751445,0.8453179190751445,0.8453179190751445,0.8453179190751445,0.8453179190751445,0.8908670520231214,0.8908670520231214,0.8908670520231214
./instances/created-instances/mm-25-10-1762875.cdop,WS./settings/Memetic-LS_MPX_1287823.config,25,10,0.5652506697282816,0.5652506697282816,0.5652506697282816,0.5652506697282816,0.5652506697282816,0.5652506697282816,0.5652506697282816,0.5652506697282816,0.5652506697282816,0.5652506697282816,0.5652506697282816,0.5652506697282816,0.5652506697282816,0.5652506697282816
./instances/created-instances/mm-15-40-1110588.cdop,WS./settings/Memetic-LS_MPX_1287823.config,15,40,0.6707775428705661,0.6707775428705661,0.6707775428705661,0.6707775428705661,0.6707775428705661,0.6707775428705661,0.6707775428705661,0.6707775428705661,0.6707775428705661,0.6707775428705661,0.6707775428705661,0.6738313366220343,0.6738313366220343,0.6738313366220343
./instances/created-instances/mm-10-25-1917698.cdop,WS./settings/Memetic_MPX_1881515.config,10,25,0.7870153291253381,0.7870153291253381,0.7870153291253381,0.7870153291253381,0.8135256988277728,0.8389540126239856,0.8535617673579802,0.8535617673579802,0.8854824165915239,0.8854824165915239,0.8854824165915239,0.8854824165915239,0.8854824165915239,0.8854824165915239
./instances/created-instances/mm-20-10-1762875.cdop,WS./settings/Memetic_MPX_1099666.config,20,10,0.7905420477358911,0.7905420477358911,0.7905420477358911,0.8012491635065804,0.8382779388802142,0.8382779388802142,0.8382779388802142,0.8534463528886906,0.8661610528663841,0.8670533125139416,0.8719607405755074,0.8924827124693285,0.9043051527994647,0.9043051527994647
./instances/created-instances/mm-15-25-1110588.cdop,WS./settings/Memetic_MPX_1881515.config,15,25,0.7319543509272468,0.7319543509272468,0.8222539229671897,0.8222539229671897,0.8222539229671897,0.8699001426533524,0.8699001426533524,0.8730385164051355,0.8730385164051355,0.8730385164051355,0.8730385164051355,0.8730385164051355,0.877888730385164,0.877888730385164
./instances/created-instances/mm-10-40-1891798.cdop,WS./settings/Memetic-LS_MMX_1099666.config,10,40,0.6953418969767744,0.6953418969767744,0.6953418969767744,0.6953418969767744,0.6953418969767744,0.702608018684313,0.702608018684313,0.702608018684313,0.7132476968989231,0.7175295186194369,0.7477617750097314,0.777994031400026,0.8363825094070325,0.8363825094070325
./instances/created-instances/mm-10-40-1110588.cdop,WS./settings/Memetic_MPX_1881515.config,10,40,0.7793811752470099,0.8530941237649506,0.8530941237649506,0.8530941237649506,0.8530941237649506,0.8530941237649506,0.8530941237649506,0.8530941237649506,0.874414976599064,0.874414976599064,0.874414976599064,0.874414976599064,0.874414976599064,0.874414976599064
./instances/created-instances/mm-5-40-1110588.cdop,WS./settings/Memetic-LS_MMX_1287823.config,5,40,0.7201531959852087,0.7201531959852087,0.7201531959852087,0.7201531959852087,0.7204173269941891,0.7204173269941891,0.7259640781827786,0.7451135763338615,0.7834125726360275,0.8100898045430533,0.834918119387216,0.8516904384574749,0.8567089276281036,0.8567089276281036
./instances/created-instances/mm-5-10-1110588.cdop,WS./settings/Memetic-LS_MMX_1099666.config,5,10,0.9342636797649652,0.9342636797649652,0.9438119720896071,0.9504223283143591,0.9585016525890562,0.9585016525890562,0.9585016525890562,0.9834741094381197,0.9834741094381197,0.9834741094381197,0.9834741094381197,0.9926551597502754,0.9926551597502754,0.9926551597502754
./instances/created-instances/mm-10-10-1917698.cdop,WS./settings/Memetic_MMX_1287823.config,10,10,0.9342944275020792,0.9412253950651511,0.9481563626282229,0.9650679234821181,0.9817022456334904,0.9817022456334904,0.9897421680066537,0.9897421680066537,0.9897421680066537,0.9933462711394511,0.9933462711394511,0.9933462711394511,0.9933462711394511,0.9933462711394511
./instances/created-instances/mm-5-10-1891798.cdop,WS./settings/Memetic-LS_MMX_1287823.config,5,10,0.8120700437773608,0.8120700437773608,0.8486554096310194,0.868042526579112,0.874296435272045,0.874296435272045,0.874296435272045,0.9277673545966229,0.9443402126328956,0.9559099437148217,0.9559099437148217,0.9831144465290806,0.983739837398374,0.983739837398374
./instances/created-instances/mm-20-25-1762875.cdop,WS./settings/Memetic_MPX_1881515.config,20,25,0.7297462549678997,0.7314276979516967,0.7705594619382452,0.7855395903393457,0.8029654539896056,0.8297156832772853,0.8297156832772853,0.8297156832772853,0.8297156832772853,0.8297156832772853,0.8361357383063284,0.8361357383063284,0.8583002140018343,0.8583002140018343
./instances/created-instances/mm-10-10-1110588.cdop,WS./settings/Memetic_MMX_1881515.config,10,10,0.9513849632560769,0.9739966082532504,0.9790842283776144,0.9790842283776144,0.9790842283776144,0.9790842283776144,0.9858677218767665,1.0,1.0,1.0,1.0,1.0,1.0,1.0
./instances/created-instances/mm-15-10-1762875.cdop,WS./settings/Memetic-LS_MPX_1881515.config,15,10,0.6930197648236177,0.6930197648236177,0.6930197648236177,0.6930197648236177,0.6930197648236177,0.6930197648236177,0.6930197648236177,0.6930197648236177,0.6930197648236177,0.6930197648236177,0.6955216412309232,0.7197898423817863,0.7197898423817863,0.7197898423817863
./instances/created-instances/mm-10-40-1762875.cdop,WS./settings/Memetic_MMX_1099666.config,10,40,0.7868350554917719,0.821660926138538,0.853170047199898,0.89309860951652,0.9003699451460645,0.9242250287026407,0.9265212399540758,0.9331547391248883,0.9443806607985712,0.9479525449674704,0.9764000510269167,0.9971935195815793,0.9971935195815793,0.9971935195815793
./instances/created-instances/mm-20-10-1110588.cdop,WS./settings/Memetic-LS_MMX_1881515.config,20,10,0.5969942196531792,0.6099421965317919,0.6134104046242774,0.6263583815028901,0.6372254335260116,0.6541040462427745,0.6876300578034682,0.7401156069364162,0.8106358381502891,0.8335260115606936,0.846242774566474,0.8652023121387283,0.8652023121387283,0.8652023121387283
./instances/created-instances/mm-5-10-1762875.cdop,WS./settings/Memetic-LS_MPX_1287823.config,5,10,0.8295154185022027,0.8295154185022027,0.8488986784140969,0.8903083700440528,0.8903083700440528,0.8960352422907489,0.8960352422907489,0.8960352422907489,0.8969162995594714,0.9541850220264317,0.9704845814977974,0.9704845814977974,0.9704845814977974,0.9704845814977974
./instances/created-instances/mm-25-25-1110588.cdop,WS./settings/Memetic-LS_MPX_1099666.config,25,25,0.36857142857142855,0.36857142857142855,0.36857142857142855,0.36857142857142855,0.36857142857142855,0.36857142857142855,0.36857142857142855,0.36857142857142855,0.36857142857142855,0.37183673469387757,0.37183673469387757,0.37183673469387757,0.37183673469387757,0.37183673469387757
./instances/created-instances/mm-15-40-1891798.cdop,WS./settings/Memetic_MMX_1287823.config,15,40,0.8212085463363481,0.8351028968410015,0.8657753309739153,0.9071962249311837,0.9355092410538733,0.952287324682134,0.9623803906147594,0.9661816751867872,0.9728666928824223,0.9773233713461791,0.9811246559182069,0.9885961462839167,0.992659588412636,0.992659588412636
./instances/created-instances/mm-5-10-1110588.cdop,WS./settings/Memetic_MPX_1881515.config,5,10,0.9706206390011017,0.9706206390011017,0.9731913330885054,0.9731913330885054,0.9731913330885054,0.9875137715754683,1.0,1.0,1.0,1.0,1.0,1.0,1.0,1.0
./instances/created-instances/mm-25-10-1762875.cdop,WS./settings/Memetic_MPX_1881515.config,25,10,0.7275162648296977,0.7275162648296977,0.744355147340222,0.7671259089169536,0.7933409873708381,0.7933409873708381,0.8281668580176043,0.8281668580176043,0.8281668580176043,0.8281668580176043,0.8300803673938002,0.8300803673938002,0.8388825105243015,0.8388825105243015
./instances/created-instances/mm-10-25-1767920.cdop,WS./settings/Memetic-LS_MMX_1099666.config,10,25,0.7087166692655543,0.7087166692655543,0.7087166692655543,0.7087166692655543,0.7235303290191798,0.7322625916107905,0.7322625916107905,0.740527054420708,0.7636051769842508,0.7749883050054577,0.7857476999844066,0.8082020895056916,0.8729143926399501,0.8729143926399501
./instances/created-instances/mm-15-40-1767920.cdop,WS./settings/Memetic_MPX_1287823.config,15,40,0.7166069295101554,0.7166069295101554,0.7683393070489845,0.7683393070489845,0.7792114695340502,0.8301075268817204,0.8414575866188769,0.8414575866188769,0.8432497013142174,0.8432497013142174,0.8432497013142174,0.8678614097968936,0.8908004778972521,0.8908004778972521
./instances/created-instances/mm-5-40-1767920.cdop,WS./settings/Memetic-LS_MPX_1287823.config,5,40,0.725785677485832,0.725785677485832,0.725785677485832,0.725785677485832,0.725785677485832,0.725785677485832,0.725785677485832,0.725785677485832,0.725785677485832,0.725785677485832,0.725785677485832,0.725785677485832,0.725785677485832,0.725785677485832
./instances/created-instances/mm-20-10-1917698.cdop,WS./settings/Memetic-LS_MMX_1287823.config,20,10,0.56653177814806,0.577719590573673,0.5903356343727684,0.6396096167579148,0.7029278743156391,0.7879076410378482,0.8200428469412044,0.8202808855034516,0.8574149012139967,0.8574149012139967,0.8731254463223043,0.8821709116876935,0.8821709116876935,0.8821709116876935
./instances/created-instances/mm-10-10-1767920.cdop,WS./settings/Memetic-LS_MMX_1881515.config,10,10,0.7643020594965675,0.7643020594965675,0.8110856852275616,0.8232901093312993,0.8232901093312993,0.8316806509026189,0.8423595219933893,0.8423595219933893,0.8675311467073481,0.897025171624714,0.9125349605898805,0.9125349605898805,0.9562674802949402,0.9562674802949402
./instances/created-instances/mm-15-25-1762875.cdop,WS./settings/Memetic_MMX_1287823.config,15,25,0.8542191902713926,0.8749814622571556,0.8761678777991991,0.9079044935488655,0.9305946907904493,0.9424588462108854,0.9443867714667062,0.9501705472341687,0.9602550793415394,0.9740471600177962,0.9783479163577042,0.9783479163577042,0.9810173513273024,0.9810173513273024
./instances/created-instances/mm-20-10-1110588.cdop,WS./settings/Memetic_MMX_1099666.config,20,10,0.8543352601156069,0.9169942196531792,0.9211560693641618,0.926242774566474,0.9421965317919075,0.9551445086705203,0.9551445086705203,0.9551445086705203,0.9551445086705203,0.9551445086705203,0.9750289017341041,0.9757225433526011,0.978728323699422,0.978728323699422
./instances/created-instances/mm-10-10-1110588.cdop,WS./settings/Memetic-LS_MMX_1099666.config,10,10,0.8654607122668174,0.8654607122668174,0.8654607122668174,0.8680045223289994,0.8680045223289994,0.8682871678914641,0.893159977388355,0.9132278123233465,0.9132278123233465,0.9152063312605992,0.9468626342566422,0.9468626342566422,0.9468626342566422,0.9468626342566422
./instances/created-instances/mm-10-25-1767920.cdop,WS./settings/Memetic_MPX_1287823.config,10,25,0.8425074068298768,0.8425074068298768,0.8425074068298768,0.8813347887104319,0.8813347887104319,0.899267113675347,0.899267113675347,0.899267113675347,0.9103383751754249,0.9335724309995322,0.9432402931545298,0.9558708872602526,0.9600810852954935,0.9600810852954935
./instances/created-instances/mm-15-10-1891798.cdop,WS./settings/Memetic-LS_MMX_1099666.config,15,10,0.6665209790209791,0.6831293706293706,0.6872814685314685,0.6927447552447552,0.6927447552447552,0.7445367132867133,0.7600524475524476,0.7690122377622378,0.7786276223776224,0.7921765734265734,0.8435314685314685,0.896416083916084,0.896416083916084,0.896416083916084
./instances/created-instances/mm-10-40-1767920.cdop,WS./settings/Memetic_MPX_1099666.config,10,40,0.770521424883841,0.8088538977800723,0.8678368611254518,0.8678368611254518,0.8678368611254518,0.8678368611254518,0.8678368611254518,0.8678368611254518,0.8678368611254518,0.8678368611254518,0.9004904491481672,0.9137842023748064,0.9248838409912236,0.9248838409912236
./instances/created-instances/mm-10-10-1767920.cdop,WS./settings/Memetic-LS_MPX_1881515.config,10,10,0.7643020594965675,0.7643020594965675,0.7643020594965675,0.7643020594965675,0.7643020594965675,0.7643020594965675,0.7668446478515129,0.775997965929316,0.775997965929316,0.7828629544876684,0.8601576404780066,0.8690566997203153,0.8721078057462497,0.8721078057462497
./instances/created-instances/mm-20-25-1891798.cdop,WS./settings/Memetic_MPX_1881515.config,20,25,0.7219251336898396,0.7219251336898396,0.73231474407945,0.73231474407945,0.7779984721161192,0.7779984721161192,0.8062643239113827,0.8062643239113827,0.826890756302521,0.826890756302521,0.826890756302521,0.878533231474408,0.878533231474408,0.878533231474408
./instances/created-instances/mm-10-40-1891798.cdop,WS./settings/Memetic-LS_MPX_1099666.config,10,40,0.6953418969767744,0.6953418969767744,0.6953418969767744,0.6953418969767744,0.6953418969767744,0.6953418969767744,0.6953418969767744,0.6953418969767744,0.6953418969767744,0.6953418969767744,0.6953418969767744,0.6953418969767744,0.6953418969767744,0.6953418969767744
./instances/created-instances/mm-10-40-1762875.cdop,WS./settings/Memetic-LS_MPX_1881515.config,10,40,0.548284219926011,0.548284219926011,0.548284219926011,0.548284219926011,0.548284219926011,0.548284219926011,0.548284219926011,0.548284219926011,0.548284219926011,0.5547901518050772,0.6326061997703789,0.6975379512692945,0.7244546498277842,0.7244546498277842
./instances/created-instances/mm-10-40-1110588.cdop,WS./settings/Memetic-LS_MMX_1287823.config,10,40,0.6396255850234009,0.6396255850234009,0.6452158086323453,0.6622464898595943,0.6907176287051482,0.7122984919396775,0.7258190327613104,0.734139365574623,0.7568902756110244,0.7929017160686428,0.8055122204888195,0.8190327613104524,0.8647945917836714,0.8647945917836714
./instances/created-instances/mm-5-40-1891798.cdop,WS./settings/Memetic-LS_MPX_1881515.config,5,40,0.7232720039781203,0.7232720039781203,0.7232720039781203,0.7232720039781203,0.7232720039781203,0.7232720039781203,0.7232720039781203,0.7232720039781203,0.7232720039781203,0.7232720039781203,0.7473893585280955,0.7974888115365489,0.8265788165091994,0.8265788165091994
./instances/created-instances/mm-5-10-1110588.cdop,WS./settings/Memetic_MMX_1099666.config,5,10,0.9812706573632024,0.9845758354755784,0.9908189496878443,0.9908189496878443,0.9908189496878443,0.9908189496878443,0.9926551597502754,1.0,1.0,1.0,1.0,1.0,1.0,1.0
./instances/created-instances/mm-20-10-1762875.cdop,WS./settings/Memetic-LS_MPX_1881515.config,20,10,0.39549408877983494,0.39549408877983494,0.39549408877983494,0.39549408877983494,0.39549408877983494,0.4055320098148561,0.4336381887129155,0.4532679009591791,0.4532679009591791,0.45460629043051526,0.45460629043051526,0.45973678340397056,0.5005576622797234,0.5005576622797234
./instances/created-instances/mm-25-10-1891798.cdop,WS./settings/Memetic_MMX_1881515.config,25,10,0.8752796420581656,0.9000745712155108,0.9062266964951529,0.9248695003728561,0.9722222222222222,0.9722222222222222,0.9839671886651753,0.9858314690529456,0.9858314690529456,0.9876957494407159,0.9891871737509321,0.9891871737509321,0.9891871737509321,0.9891871737509321
./instances/created-instances/mm-5-25-1110588.cdop,WS./settings/Memetic_MPX_1099666.config,5,25,0.8574720794185429,0.9239496543166106,0.9294451338415175,0.9336996986349938,0.9384860840276547,0.9485906754121609,0.9586952667966673,0.9684453111150505,0.9684453111150505,0.9684453111150505,0.9684453111150505,0.9684453111150505,0.9684453111150505,0.9684453111150505
./instances/created-instances/mm-20-25-1110588.cdop,WS./settings/Memetic_MMX_1287823.config,20,25,0.8589645106775234,0.8538946074665847,0.9024427715470886,0.9348594254109694,0.935934859425411,0.935934859425411,0.9459210324166538,0.9548317713934552,0.9548317713934552,0.9850975572284529,0.9995390997080965,0.9995390997080965,0.9995390997080965,0.9995390997080965
./instances/created-instances/mm-5-25-1767920.cdop,WS./settings/Memetic_MMX_1881515.config,5,25,0.8979555555555555,0.9102222222222223,0.9237333333333333,0.9374222222222223,0.9516444444444444,0.9516444444444444,0.9712,0.9797333333333333,0.9797333333333333,0.9857777777777778,0.9900444444444444,0.9946666666666667,0.9966222222222222,0.9966222222222222
./instances/created-instances/mm-15-25-1110588.cdop,WS./settings/Memetic_MMX_1099666.config,15,25,0.875320970042796,0.887018544935806,0.903851640513552,0.9071326676176891,0.9171184022824537,0.9171184022824537,0.9432239657631954,0.9711840228245364,0.9777460770328102,0.981169757489301,0.9938659058487874,0.9938659058487874,0.9938659058487874,0.9938659058487874
./instances/created-instances/mm-10-40-1891798.cdop,WS./settings/Memetic-LS_MPX_1881515.config,10,40,0.6953418969767744,0.6953418969767744,0.6953418969767744,0.6953418969767744,0.6953418969767744,0.6953418969767744,0.6953418969767744,0.6953418969767744,0.6953418969767744,0.6953418969767744,0.6953418969767744,0.6953418969767744,0.6953418969767744,0.6953418969767744
./instances/created-instances/mm-5-10-1762875.cdop,WS./settings/Memetic_MMX_1881515.config,5,10,0.9837004405286344,0.9837004405286344,0.9920704845814978,0.9920704845814978,0.9920704845814978,0.9920704845814978,0.9920704845814978,0.9920704845814978,0.9920704845814978,0.9920704845814978,0.9920704845814978,0.9920704845814978,1.0,1.0
./instances/created-instances/mm-20-25-1767920.cdop,WS./settings/Memetic_MMX_1287823.config,20,25,0.7652671755725191,0.810659760087241,0.8932660850599782,0.950381679389313,0.950381679389313,0.9548800436205016,0.9566521264994547,0.9569247546346783,0.9805070883315158,0.9840512540894221,0.988958560523446,0.9905943293347873,0.995092693565976,0.995092693565976
./instances/created-instances/mm-10-10-1767920.cdop,WS./settings/Memetic_MPX_1287823.config,10,10,0.8947368421052632,0.9059242308670227,0.9059242308670227,0.9059242308670227,0.9262649377065854,0.9262649377065854,0.9262649377065854,0.9262649377065854,0.9262649377065854,0.9605898804983474,0.9605898804983474,0.9679633867276888,0.9679633867276888,0.9679633867276888
./instances/created-instances/mm-10-10-1110588.cdop,WS./settings/Memetic-LS_MPX_1287823.config,10,10,0.8654607122668174,0.8654607122668174,0.8654607122668174,0.8654607122668174,0.8654607122668174,0.8654607122668174,0.8654607122668174,0.8654607122668174,0.8654607122668174,0.8654607122668174,0.8654607122668174,0.8892029395138497,0.9058790276992651,0.9058790276992651
./instances/created-instances/mm-5-40-1762875.cdop,WS./settings/Memetic_MPX_1287823.config,5,40,0.7857653279977133,0.8187794769186795,0.9118193511504931,0.9118193511504931,0.9118193511504931,0.9171073317135915,0.9171073317135915,0.9189652708303558,0.935257967700443,0.9652708303558668,0.9708446477061597,0.9711304844933543,0.9711304844933543,0.9711304844933543
./instances/created-instances/mm-25-25-1110588.cdop,WS./settings/Memetic_MMX_1099666.config,25,25,0.7868027210884354,0.7868027210884354,0.8287074829931973,0.8697959183673469,0.9138775510204081,0.9280272108843537,0.9280272108843537,0.9405442176870749,0.9434013605442176,0.9551020408163265,0.9591836734693877,0.9752380952380952,0.9752380952380952,0.9752380952380952
./instances/created-instances/mm-10-25-1917698.cdop,WS./settings/Memetic-LS_MPX_1099666.config,10,25,0.6890892696122634,0.6890892696122634,0.6890892696122634,0.6890892696122634,0.6890892696122634,0.6890892696122634,0.6890892696122634,0.6890892696122634,0.6890892696122634,0.6890892696122634,0.6890892696122634,0.6890892696122634,0.6890892696122634,0.6890892696122634
./instances/created-instances/mm-10-10-1767920.cdop,WS./settings/Memetic-LS_MMX_1099666.config,10,10,0.7643020594965675,0.7643020594965675,0.7643020594965675,0.7653190948385457,0.8154080854309688,0.8421052631578947,0.8553267226036104,0.8853292651919654,0.9115179252479023,0.954233409610984,0.954233409610984,0.9557589626239512,0.9557589626239512,0.9557589626239512
./instances/created-instances/mm-15-25-1917698.cdop,WS./settings/Memetic_MPX_1287823.config,15,25,0.7718912120735734,0.7789655714510297,0.8310014148718755,0.8310014148718755,0.8310014148718755,0.831787454802704,0.8709322433579626,0.9033170885080962,0.9033170885080962,0.9033170885080962,0.9033170885080962,0.9033170885080962,0.9103914478855526,0.9103914478855526
./instances/created-instances/mm-25-25-1917698.cdop,WS./settings/Memetic-LS_MPX_1881515.config,25,25,0.35787723011793166,0.35787723011793166,0.35787723011793166,0.3587843967342002,0.36876322951315393,0.36876322951315393,0.36876322951315393,0.37481100695494407,0.37481100695494407,0.382824312065316,0.382824312065316,0.39340792258844876,0.39340792258844876,0.39340792258844876
./instances/created-instances/mm-10-10-1110588.cdop,WS./settings/Memetic_MPX_1287823.config,10,10,0.8877897117015263,0.8900508762012437,0.8900508762012437,0.9047484454494065,0.9214245336348219,0.9344262295081968,0.9386659129451668,0.9491237987563595,0.9522328999434709,0.9553420011305822,0.9655172413793104,0.9655172413793104,0.9677784058790277,0.9677784058790277
./instances/created-instances/mm-5-10-1767920.cdop,WS./settings/Memetic_MPX_1099666.config,5,10,0.953480699439129,0.9590894094358298,0.9590894094358298,0.9630484988452656,0.976245463543385,0.976575387660838,0.9891125041240515,0.9891125041240515,0.9891125041240515,0.9891125041240515,0.9891125041240515,0.9937314417683932,1.0,1.0
./instances/created-instances/mm-10-10-1917698.cdop,WS./settings/Memetic-LS_MMX_1287823.config,10,10,0.7660105350706958,0.826448572220682,0.8411422234543943,0.8594399778209038,0.8613806487385639,0.8976989187690602,0.9118380925977266,0.9118380925977266,0.926254505128916,0.926254505128916,0.926254505128916,0.9287496534516219,0.9836429165511505,0.9836429165511505
./instances/created-instances/mm-10-25-1762875.cdop,WS./settings/Memetic-LS_MPX_1881515.config,10,25,0.6961021041738531,0.6961021041738531,0.6961021041738531,0.6961021041738531,0.6961021041738531,0.6961021041738531,0.6961021041738531,0.6961021041738531,0.6961021041738531,0.6961021041738531,0.6961021041738531,0.7042083477061055,0.712314591238358,0.712314591238358
./instances/created-instances/mm-10-40-1762875.cdop,WS./settings/Memetic-LS_MMX_1099666.config,10,40,0.5522388059701493,0.5706084959816303,0.5899987243270826,0.5953565505804311,0.5953565505804311,0.5956116851639239,0.6139813751754051,0.6195943360122464,0.6347748437300677,0.6622018114555428,0.6865671641791045,0.7109325169026661,0.7666794233958413,0.7666794233958413
./instances/created-instances/mm-5-40-1762875.cdop,WS./settings/Memetic_MPX_1881515.config,5,40,0.8849506931542089,0.9432613977418893,0.9474060311562098,0.9474060311562098,0.9481206231241961,0.9486922966985851,0.9506931542089467,0.9506931542089467,0.950836072602544,0.9549807060168644,0.9558382163784479,0.9558382163784479,0.9558382163784479,0.9558382163784479
./instances/created-instances/mm-10-40-1917698.cdop,WS./settings/Memetic_MMX_1287823.config,10,40,0.8225522275358671,0.8363956707777498,0.8927762396174176,0.9082557261515227,0.9165617920966525,0.9555751321419582,0.9584696702743519,0.9647621444752077,0.9665240372514473,0.9657689403473446,0.9657689403473446,0.9916939340548704,1.0,1.0
./instances/created-instances/mm-20-10-1891798.cdop,WS./settings/Memetic_MMX_1287823.config,20,10,0.8759968102073366,0.8759968102073366,0.8895534290271132,0.9023125996810207,0.9609250398724083,0.9671052631578947,0.9671052631578947,0.9671052631578947,0.9671052631578947,0.9710925039872408,0.9824561403508771,0.9824561403508771,0.9840510366826156,0.9840510366826156
./instances/created-instances/mm-20-10-1917698.cdop,WS./settings/Memetic-LS_MPX_1099666.config,20,10,0.5643894310878362,0.5643894310878362,0.5643894310878362,0.5748631278267079,0.5748631278267079,0.5748631278267079,0.5748631278267079,0.5748631278267079,0.5748631278267079,0.5748631278267079,0.5796238990716496,0.6041418709830992,0.6041418709830992,0.6041418709830992
./instances/created-instances/mm-5-40-1110588.cdop,WS./settings/Memetic_MPX_1881515.config,5,40,0.845351294241944,0.9084786053882726,0.9084786053882726,0.9084786053882726,0.9154780771262546,0.9274960380348652,0.9458531431590068,0.9675118858954042,0.9733227680929741,0.9792657157950343,0.9792657157950343,0.9812466983623878,0.9886423666138404,0.9886423666138404
./instances/created-instances/mm-15-40-1917698.cdop,WS./settings/Memetic_MPX_1287823.config,15,40,0.6808342728297633,0.6808342728297633,0.74543404735062,0.74543404735062,0.7670800450958286,0.7670800450958286,0.7721533258173618,0.7779030439684329,0.7886133032694476,0.815445321307779,0.8439684329199549,0.8439684329199549,0.8659526493799323,0.8659526493799323
./instances/created-instances/mm-10-40-1110588.cdop,WS./settings/Memetic-LS_MPX_1099666.config,10,40,0.6396255850234009,0.6396255850234009,0.6396255850234009,0.6396255850234009,0.6396255850234009,0.6396255850234009,0.6396255850234009,0.6396255850234009,0.6396255850234009,0.6682267290691628,0.6682267290691628,0.6693967758710349,0.7016380655226209,0.7016380655226209
./instances/created-instances/mm-25-10-1110588.cdop,WS./settings/Memetic_MMX_1881515.config,25,10,0.8063634589107944,0.850283037282842,0.8781963693148546,0.8988873706812415,0.9326566464961936,0.9500292797189147,0.9500292797189147,0.9570564122584423,0.9695490923287137,0.9855553386687488,0.9882881124341206,0.9888737068124146,0.9888737068124146,0.9888737068124146
./instances/created-instances/mm-5-10-1891798.cdop,WS./settings/Memetic_MMX_1287823.config,5,10,0.9740462789243277,0.9740462789243277,0.9740462789243277,0.974671669793621,0.974671669793621,0.9868667917448405,0.9868667917448405,0.9868667917448405,0.9984365228267668,0.9984365228267668,1.0,1.0,1.0,1.0
./instances/created-instances/mm-20-25-1917698.cdop,WS./settings/Memetic-LS_MMX_1881515.config,20,25,0.623780487804878,0.623780487804878,0.6451219512195122,0.6708841463414634,0.699390243902439,0.699390243902439,0.707469512195122,0.7089939024390244,0.7286585365853658,0.7422256097560975,0.7984756097560975,0.8277439024390244,0.8390243902439024,0.8390243902439024
./instances/created-instances/mm-20-10-1891798.cdop,WS./settings/Memetic_MPX_1287823.config,20,10,0.789872408293461,0.7948564593301436,0.7948564593301436,0.7948564593301436,0.8255582137161085,0.8255582137161085,0.8255582137161085,0.8644338118022329,0.8748006379585327,0.8911483253588517,0.8911483253588517,0.9190590111642744,0.9228468899521531,0.9228468899521531
./instances/created-instances/mm-10-10-1891798.cdop,WS./settings/Memetic-LS_MMX_1287823.config,10,10,0.8088404133180253,0.8197474167623421,0.8315154994259472,0.8392652123995408,0.8547646383467279,0.8630884041331802,0.8992537313432836,0.8992537313432836,0.8992537313432836,0.9084385763490241,0.9469001148105626,0.9555109070034443,0.9733065442020666,0.9733065442020666
./instances/created-instances/mm-5-25-1917698.cdop,WS./settings/Memetic-LS_MMX_1881515.config,5,25,0.7368021268515001,0.7368021268515001,0.7368021268515001,0.7368021268515001,0.7368021268515001,0.7764906950246867,0.8685909608811242,0.8811241929358147,0.8968856817318648,0.899164451196354,0.9230915305734904,0.9327763007975693,0.9331560957083175,0.9331560957083175
./instances/created-instances/mm-5-10-1891798.cdop,WS./settings/Memetic_MMX_1099666.config,5,10,0.944027517198249,0.9662288930581614,0.9662288930581614,0.9662288930581614,0.981863664790494,0.981863664790494,0.9984365228267668,0.9984365228267668,0.9984365228267668,1.0,1.0,1.0,1.0,1.0
./instances/created-instances/mm-15-40-1110588.cdop,WS./settings/Memetic_MPX_1881515.config,15,40,0.7107117688513037,0.7298567066008926,0.7383133662203429,0.7465351186281419,0.7829457364341085,0.7829457364341085,0.797979797979798,0.797979797979798,0.797979797979798,0.8355649518440216,0.8594080338266384,0.8716232088325112,0.8772609819121447,0.8772609819121447
./instances/created-instances/mm-20-25-1110588.cdop,WS./settings/Memetic-LS_MPX_1099666.config,20,25,0.633891534797972,0.633891534797972,0.633891534797972,0.633891534797972,0.633891534797972,0.633891534797972,0.633891534797972,0.633891534797972,0.633891534797972,0.633891534797972,0.633891534797972,0.633891534797972,0.633891534797972,0.633891534797972
./instances/created-instances/mm-10-10-1917698.cdop,WS./settings/Memetic_MPX_1099666.config,10,10,0.845855281397283,0.8891045189908511,0.8891045189908511,0.9062933185472692,0.908788466869975,0.908788466869975,0.908788466869975,0.9342944275020792,0.9342944275020792,0.9384530080399224,0.9384530080399224,0.9384530080399224,0.9570280011089548,0.9570280011089548
./instances/created-instances/mm-5-40-1767920.cdop,WS./settings/Memetic_MMX_1881515.config,5,40,0.8419629057187017,0.8419629057187017,0.8596084492529624,0.8771251931993818,0.8991499227202473,0.9137042761463163,0.9565945388974755,0.9577537351880474,0.9699896960329727,0.9699896960329727,0.9723080886141164,1.0,1.0,1.0
./instances/created-instances/mm-25-25-1891798.cdop,WS./settings/Memetic_MPX_1881515.config,25,25,0.6695957820738138,0.736233157586409,0.736233157586409,0.736233157586409,0.7590802577621558,0.7590802577621558,0.794083186877563,0.794083186877563,0.794083186877563,0.8059461042765085,0.8088752196836555,0.843585237258348,0.843585237258348,0.843585237258348
./instances/created-instances/mm-5-40-1767920.cdop,WS./settings/Memetic-LS_MMX_1881515.config,5,40,0.725785677485832,0.725785677485832,0.725785677485832,0.725785677485832,0.725785677485832,0.743560020607934,0.7566975785677486,0.758887171561051,0.758887171561051,0.765327150953117,0.7668727460072128,0.7952086553323029,0.8368109222050489,0.8368109222050489
./instances/created-instances/mm-25-10-1110588.cdop,WS./settings/Memetic-LS_MPX_1881515.config,25,10,0.6082373609213352,0.6082373609213352,0.6082373609213352,0.6082373609213352,0.6082373609213352,0.6082373609213352,0.6082373609213352,0.6082373609213352,0.6082373609213352,0.6082373609213352,0.6082373609213352,0.6082373609213352,0.6082373609213352,0.6082373609213352
./instances/created-instances/mm-5-10-1891798.cdop,WS./settings/Memetic-LS_MPX_1881515.config,5,10,0.7382739212007504,0.7611006879299562,0.7761100687929956,0.808317698561601,0.8361475922451532,0.8361475922451532,0.8974358974358975,0.9402751719824891,0.9402751719824891,0.9402751719824891,0.9402751719824891,0.9402751719824891,0.9721701063164477,0.9721701063164477
./instances/created-instances/mm-15-25-1917698.cdop,WS./settings/Memetic_MPX_1099666.config,15,25,0.7957868259707593,0.7957868259707593,0.805848137085364,0.8761201069014306,0.8761201069014306,0.8761201069014306,0.8761201069014306,0.8761201069014306,0.9198239270554944,0.9198239270554944,0.9198239270554944,0.9198239270554944,0.9198239270554944,0.9198239270554944
./instances/created-instances/mm-5-25-1110588.cdop,WS./settings/Memetic_MMX_1881515.config,5,25,0.8968268037581989,0.897890444956568,0.9209360042545648,0.9228860131182415,0.9531997872717604,0.9656089345860663,0.9817408260946641,0.9921999645452934,0.9921999645452934,0.9921999645452934,0.9921999645452934,0.9921999645452934,1.0,1.0
./instances/created-instances/mm-10-40-1917698.cdop,WS./settings/Memetic-LS_MMX_1881515.config,10,40,0.6570601560533602,0.6570601560533602,0.6576894034734457,0.6659954694185753,0.6659954694185753,0.6659954694185753,0.6737981374276365,0.7365970299521772,0.7534608608104707,0.7581172917191039,0.7943619431160333,0.801787062673043,0.8100931286181726,0.8100931286181726
./instances/created-instances/mm-25-10-1767920.cdop,WS./settings/Memetic_MPX_1099666.config,25,10,0.7770586922561928,0.7770586922561928,0.8042847578665476,0.8286096853380942,0.8299486721713903,0.8413300602544075,0.8598527114483374,0.8598527114483374,0.8598527114483374,0.8598527114483374,0.8620843561704976,0.8620843561704976,0.8620843561704976,0.8620843561704976
./instances/created-instances/mm-20-25-1110588.cdop,WS./settings/Memetic-LS_MMX_1099666.config,20,25,0.633891534797972,0.633891534797972,0.633891534797972,0.6389614380089107,0.6409586726071593,0.6641573206329697,0.6713780918727915,0.6799815639883239,0.7013366108465202,0.7113227838377632,0.7345214318635735,0.772622522660931,0.8177907512674758,0.8177907512674758
./instances/created-instances/mm-20-10-1762875.cdop,WS./settings/Memetic_MPX_1881515.config,20,10,0.7660049074280616,0.7706892705777382,0.7706892705777382,0.8037028775373634,0.8474236002676779,0.8474236002676779,0.8485389248271247,0.8485389248271247,0.8485389248271247,0.8485389248271247,0.859915235333482,0.8637073388356011,0.9143430738344859,0.9143430738344859
./instances/created-instances/mm-15-10-1110588.cdop,WS./settings/Memetic-LS_MPX_1287823.config,15,10,0.5777828467153284,0.5777828467153284,0.5777828467153284,0.5777828467153284,0.5777828467153284,0.5777828467153284,0.593978102189781,0.6179288321167883,0.6179288321167883,0.6304744525547445,0.6304744525547445,0.6304744525547445,0.6398266423357665,0.6398266423357665
./instances/created-instances/mm-5-40-1891798.cdop,WS./settings/Memetic_MPX_1881515.config,5,40,0.8393833913475882,0.85964694181999,0.85964694181999,0.8784186971655893,0.9203132769766286,0.9203132769766286,0.9617105917454003,0.9617105917454003,0.9633267031327698,0.9669318746892094,0.9669318746892094,0.9676777722526106,0.9738935852809547,0.9738935852809547
./instances/created-instances/mm-15-10-1110588.cdop,WS./settings/Memetic-LS_MPX_1099666.config,15,10,0.5777828467153284,0.5777828467153284,0.5777828467153284,0.5777828467153284,0.5777828467153284,0.6003649635036497,0.6003649635036497,0.6021897810218978,0.6053832116788321,0.6053832116788321,0.6053832116788321,0.6840784671532847,0.7114507299270073,0.7114507299270073
./instances/created-instances/mm-15-25-1767920.cdop,WS./settings/Memetic_MPX_1881515.config,15,25,0.758193380075004,0.758193380075004,0.8335235610631012,0.8335235610631012,0.8335235610631012,0.8335235610631012,0.8335235610631012,0.8335235610631012,0.8335235610631012,0.8418392303929562,0.8431436491113647,0.8434697537909669,0.8532528941790315,0.8532528941790315
./instances/created-instances/mm-15-25-1767920.cdop,WS./settings/Memetic-LS_MMX_1099666.config,15,25,0.6248165661177237,0.6365563345834012,0.6411218000978314,0.6738953203978477,0.6911788684167618,0.7148214576879178,0.715310614707321,0.7219957606391652,0.7219957606391652,0.725909016794391,0.7350399478232512,0.7700962008804826,0.8110223381705527,0.8110223381705527
./instances/created-instances/mm-5-10-1917698.cdop,WS./settings/Memetic-LS_MPX_1287823.config,5,10,0.8236783792339348,0.8651471984805318,0.8651471984805318,0.8651471984805318,0.8952200063311174,0.8983855650522318,0.917062361506806,0.917062361506806,0.917062361506806,0.917062361506806,0.917062361506806,0.917062361506806,0.9610636277302944,0.9610636277302944
./instances/created-instances/mm-25-25-1891798.cdop,WS./settings/Memetic-LS_MPX_1881515.config,25,25,0.3132688927943761,0.3132688927943761,0.3132688927943761,0.3132688927943761,0.3132688927943761,0.3132688927943761,0.3132688927943761,0.3265963678968951,0.3453427065026362,0.3453427065026362,0.3453427065026362,0.359402460456942,0.359402460456942,0.359402460456942
./instances/created-instances/mm-10-25-1110588.cdop,WS./settings/Memetic_MPX_1287823.config,10,25,0.8304218852999341,0.8655240606460118,0.8655240606460118,0.8981542518127884,0.8991430454845089,0.9068885959129862,0.9078773895847067,0.9161173368490442,0.918918918918919,0.9340804218852999,0.9340804218852999,0.9340804218852999,0.9340804218852999,0.9340804218852999
./instances/created-instances/mm-20-25-1110588.cdop,WS./settings/Memetic_MMX_1099666.config,20,25,0.8709479182670149,0.8778614226455677,0.8961438008910739,0.9067445076048548,0.912889844830235,0.9216469503764019,0.9324012905208173,0.9453064986941159,0.9677369795667538,0.9729605162083269,0.9849439237978184,0.9958518973728684,0.9989245659855585,0.9989245659855585
./instances/created-instances/mm-5-40-1891798.cdop,WS./settings/Memetic_MMX_1099666.config,5,40,0.8547986076578816,0.8541770263550472,0.886001989060169,0.8912232720039781,0.9261561412232721,0.9372202884137245,0.9361014420686226,0.9752610641471905,0.9752610641471905,0.9752610641471905,0.9752610641471905,0.9752610641471905,0.9752610641471905,0.9752610641471905
./instances/created-instances/mm-10-25-1891798.cdop,WS./settings/Memetic_MMX_1881515.config,10,25,0.9092595455248106,0.9070953779564075,0.9307466378110991,0.9404853918689133,0.9675374864739527,0.968001236667182,0.968001236667182,0.968001236667182,0.988715411964755,0.988715411964755,0.9952079146699645,0.9978358324315968,0.9877879115782965,0.9877879115782965
./instances/created-instances/mm-15-40-1891798.cdop,WS./settings/Memetic-LS_MPX_1099666.config,15,40,0.5977192292567833,0.5977192292567833,0.5977192292567833,0.5977192292567833,0.5977192292567833,0.5977192292567833,0.5977192292567833,0.5977192292567833,0.5977192292567833,0.5977192292567833,0.5977192292567833,0.601651592607157,0.601651592607157,0.601651592607157
./instances/created-instances/mm-5-10-1917698.cdop,WS./settings/Memetic-LS_MMX_1287823.config,5,10,0.8277936055713834,0.8537511870845205,0.8603988603988604,0.9180120291231403,0.9180120291231403,0.9449192782526116,0.9449192782526116,0.9455523899968344,0.9455523899968344,0.9455523899968344,0.9471351693573916,0.965178854067743,0.965178854067743,0.965178854067743
./instances/created-instances/mm-5-10-1767920.cdop,WS./settings/Memetic-LS_MMX_1881515.config,5,10,0.8419663477400198,0.8426261959749257,0.8426261959749257,0.8426261959749257,0.8502144506763445,0.9000329924117453,0.9584295612009238,0.9587594853183767,0.9587594853183767,0.978225008248103,0.978225008248103,0.978225008248103,0.978225008248103,0.978225008248103
./instances/created-instances/mm-20-25-1917698.cdop,WS./settings/Memetic-LS_MPX_1881515.config,20,25,0.623780487804878,0.623780487804878,0.623780487804878,0.623780487804878,0.623780487804878,0.623780487804878,0.623780487804878,0.623780487804878,0.623780487804878,0.623780487804878,0.623780487804878,0.623780487804878,0.623780487804878,0.623780487804878
./instances/created-instances/mm-5-10-1110588.cdop,WS./settings/Memetic-LS_MPX_1099666.config,5,10,0.7840616966580977,0.7840616966580977,0.9133308850532501,0.9313257436650753,0.9313257436650753,0.9386705839147998,0.9504223283143591,0.9529930224017628,0.9702533969886155,0.9702533969886155,0.9702533969886155,0.9702533969886155,0.9702533969886155,0.9702533969886155
./instances/created-instances/mm-5-10-1110588.cdop,WS./settings/Memetic-LS_MMX_1881515.config,5,10,0.7840616966580977,0.8284979801689313,0.8934998163789938,0.8934998163789938,0.9427102460521484,0.9427102460521484,0.9559309585016526,0.9640102827763496,0.9640102827763496,0.9640102827763496,0.9640102827763496,0.9915534337128168,0.9915534337128168,0.9915534337128168
./instances/created-instances/mm-15-40-1917698.cdop,WS./settings/Memetic-LS_MMX_1099666.config,15,40,0.6075535512965051,0.6075535512965051,0.6335963923337091,0.6440811724915445,0.6440811724915445,0.659075535512965,0.6780157835400226,0.6780157835400226,0.6780157835400226,0.7080045095828635,0.7851183765501691,0.805749718151071,0.8122886133032694,0.8122886133032694
./instances/created-instances/mm-5-25-1917698.cdop,WS./settings/Memetic-LS_MPX_1287823.config,5,25,0.7368021268515001,0.7368021268515001,0.7368021268515001,0.7368021268515001,0.7421192556019749,0.746107102164831,0.761678693505507,0.761678693505507,0.8245347512343335,0.8321306494492974,0.8725788074439802,0.8938473224458793,0.9099886061526775,0.9099886061526775
./instances/created-instances/mm-5-10-1891798.cdop,WS./settings/Memetic_MPX_1287823.config,5,10,0.9590368980612883,0.9915572232645403,0.9915572232645403,0.9915572232645403,0.9915572232645403,0.9915572232645403,0.9984365228267668,0.9984365228267668,0.9984365228267668,0.9984365228267668,0.9984365228267668,1.0,1.0,1.0
./instances/created-instances/mm-5-10-1767920.cdop,WS./settings/Memetic-LS_MMX_1099666.config,5,10,0.8475750577367206,0.8502144506763445,0.859122401847575,0.883206862421643,0.8980534477070273,0.9452325965028043,0.9719564500164962,0.9844935664797096,0.9844935664797096,0.9844935664797096,0.9844935664797096,0.9844935664797096,0.9844935664797096,0.9844935664797096
./instances/created-instances/mm-10-10-1762875.cdop,WS./settings/Memetic-LS_MPX_1881515.config,10,10,0.7017247210010146,0.7264119039567128,0.7264119039567128,0.7264119039567128,0.7372336827866081,0.7372336827866081,0.7409536692593846,0.7595536016232668,0.7595536016232668,0.793033479878255,0.8183970240108218,0.8484950963814677,0.8484950963814677,0.8484950963814677
./instances/created-instances/mm-10-25-1767920.cdop,WS./settings/Memetic-LS_MPX_1881515.config,10,25,0.7087166692655543,0.7087166692655543,0.7087166692655543,0.7087166692655543,0.7087166692655543,0.7087166692655543,0.7087166692655543,0.7087166692655543,0.7087166692655543,0.7087166692655543,0.7087166692655543,0.7087166692655543,0.7087166692655543,0.7087166692655543
./instances/created-instances/mm-20-25-1110588.cdop,WS./settings/Memetic-LS_MPX_1881515.config,20,25,0.633891534797972,0.633891534797972,0.633891534797972,0.633891534797972,0.633891534797972,0.633891534797972,0.633891534797972,0.633891534797972,0.633891534797972,0.633891534797972,0.6360424028268551,0.6360424028268551,0.6360424028268551,0.6360424028268551
./instances/created-instances/mm-25-10-1767920.cdop,WS./settings/Memetic_MMX_1287823.config,25,10,0.8946663691140371,0.9022539611693818,0.9022539611693818,0.9310421780852488,0.951350145056907,0.9589377371122517,0.9680874804731087,0.9721044409729971,0.9770140593617496,0.9770140593617496,0.9863869671948226,0.9919660790002232,0.9919660790002232,0.9919660790002232
./instances/created-instances/mm-10-10-1891798.cdop,WS./settings/Memetic-LS_MPX_1287823.config,10,10,0.7784156142365097,0.7784156142365097,0.7784156142365097,0.7784156142365097,0.7784156142365097,0.7784156142365097,0.7784156142365097,0.7784156142365097,0.7784156142365097,0.7784156142365097,0.7784156142365097,0.8527554535017221,0.8734213547646383,0.8734213547646383
./instances/created-instances/mm-25-10-1917698.cdop,WS./settings/Memetic_MMX_1287823.config,25,10,0.8397614314115308,0.8960238568588469,0.925844930417495,0.925844930417495,0.9530815109343936,0.9894632206759444,0.990854870775348,0.990854870775348,0.990854870775348,0.990854870775348,1.0,1.0,1.0,1.0
./instances/created-instances/mm-15-25-1110588.cdop,WS./settings/Memetic_MMX_1287823.config,15,25,0.8713266761768902,0.9169757489300998,0.9186875891583453,0.9262482168330956,0.9399429386590585,0.9537803138373752,0.9684736091298145,0.969472182596291,0.9797432239657632,0.9797432239657632,0.9797432239657632,0.9844507845934379,0.9844507845934379,0.9844507845934379
./instances/created-instances/mm-10-25-1762875.cdop,WS./settings/Memetic-LS_MMX_1881515.config,10,25,0.6961021041738531,0.6961021041738531,0.6961021041738531,0.7474991376336668,0.7474991376336668,0.7474991376336668,0.7474991376336668,0.7474991376336668,0.7813038978958261,0.7932045532942394,0.8371852362883753,0.8721973094170403,0.8935839944808555,0.8935839944808555
./instances/created-instances/mm-5-40-1110588.cdop,WS./settings/Memetic_MPX_1287823.config,5,40,0.8259376650818806,0.8597464342313788,0.8825937665081881,0.9137612255678816,0.9454569466455361,0.9454569466455361,0.9454569466455361,0.9454569466455361,0.9454569466455361,0.9544374009508716,0.9544374009508716,0.9544374009508716,0.9544374009508716,0.9544374009508716
./instances/created-instances/mm-25-10-1891798.cdop,WS./settings/Memetic-LS_MPX_1099666.config,25,10,0.5048471290082028,0.5048471290082028,0.5048471290082028,0.5048471290082028,0.5048471290082028,0.5048471290082028,0.5048471290082028,0.5048471290082028,0.5048471290082028,0.5048471290082028,0.5048471290082028,0.5048471290082028,0.5048471290082028,0.5048471290082028
./instances/created-instances/mm-5-10-1891798.cdop,WS./settings/Memetic_MMX_1881515.config,5,10,0.9543464665415885,0.9587242026266416,0.9765478424015009,0.9809255784865542,0.9862414008755472,0.9953095684803002,0.9953095684803002,0.9984365228267668,0.9984365228267668,0.9984365228267668,0.9984365228267668,0.9984365228267668,0.9984365228267668,0.9984365228267668
./instances/created-instances/mm-10-10-1110588.cdop,WS./settings/Memetic-LS_MPX_1881515.config,10,10,0.8654607122668174,0.8654607122668174,0.8654607122668174,0.8654607122668174,0.8654607122668174,0.8654607122668174,0.8654607122668174,0.8654607122668174,0.8654607122668174,0.8654607122668174,0.8654607122668174,0.8753533069530809,0.895703787450537,0.895703787450537
./instances/created-instances/mm-15-10-1767920.cdop,WS./settings/Memetic_MMX_1881515.config,15,10,0.9294677628732151,0.9311986153180442,0.9311986153180442,0.9311986153180442,0.9452617914322804,0.9764171354392038,0.981609692773691,0.9902639549978365,0.9902639549978365,0.9902639549978365,0.9902639549978365,0.9902639549978365,0.9902639549978365,0.9902639549978365
./instances/created-instances/mm-15-40-1891798.cdop,WS./settings/Memetic-LS_MMX_1881515.config,15,40,0.5977192292567833,0.6013894350504654,0.6038799318390352,0.6038799318390352,0.6038799318390352,0.6059771922925679,0.6228863546991742,0.6458251409096867,0.6493642679250229,0.6588019399659195,0.6859352470834972,0.726438589592345,0.7786079433739678,0.7786079433739678
./instances/created-instances/mm-10-25-1762875.cdop,WS./settings/Memetic-LS_MMX_1099666.config,10,25,0.6961021041738531,0.6961021041738531,0.6961021041738531,0.711797171438427,0.7361159020351845,0.7606071058985857,0.7606071058985857,0.7718178682304243,0.8295964125560538,0.888582269748189,0.8899620558813384,0.9175577785443256,0.9175577785443256,0.9175577785443256
./instances/created-instances/mm-25-10-1891798.cdop,WS./settings/Memetic_MMX_1287823.config,25,10,0.8475018642803878,0.8627889634601044,0.8980238627889635,0.9405294556301268,0.9422073079791201,0.9563758389261745,0.9660700969425802,0.993661446681581,0.993661446681581,0.993661446681581,0.993661446681581,0.993661446681581,0.993661446681581,0.993661446681581
./instances/created-instances/mm-15-25-1767920.cdop,WS./settings/Memetic_MMX_1099666.config,15,25,0.8749388553725745,0.8839067340616338,0.9137453122452307,0.9298874938855373,0.9621718571661503,0.9750529920104354,0.9895646502527311,0.9895646502527311,0.9895646502527311,0.9895646502527311,0.9895646502527311,0.9895646502527311,0.9895646502527311,0.9895646502527311
./instances/created-instances/mm-10-10-1767920.cdop,WS./settings/Memetic_MMX_1099666.config,10,10,0.9460971268751589,0.9524535977625223,0.9682176455631833,0.9687261632341724,0.9783879989829647,0.9898296465802187,0.9898296465802187,0.9918637172641749,0.992880752606153,0.992880752606153,0.992880752606153,0.999491482329011,0.999491482329011,0.999491482329011
./instances/created-instances/mm-15-25-1891798.cdop,WS./settings/Memetic_MMX_1099666.config,15,25,0.8742366727182703,0.892391483743192,0.9126918633437862,0.9166529130219508,0.9351378115200528,0.9501567915497607,0.9688067337844529,0.9734279584089783,0.9801947516091765,0.9801947516091765,0.9896022445948176,0.9971942564779667,0.9996699125268196,0.9996699125268196
./instances/created-instances/mm-20-25-1891798.cdop,WS./settings/Memetic-LS_MMX_1099666.config,20,25,0.5576776165011459,0.5680672268907563,0.5755538579067991,0.6048892284186402,0.6090145148968679,0.6177234530175707,0.6857142857142857,0.6893812070282659,0.7182582123758594,0.7205500381970971,0.7375095492742552,0.746218487394958,0.7963330786860199,0.7963330786860199
./instances/created-instances/mm-15-25-1891798.cdop,WS./settings/Memetic-LS_MPX_1287823.config,15,25,0.7187654728503053,0.7187654728503053,0.7187654728503053,0.7187654728503053,0.7187654728503053,0.7187654728503053,0.7187654728503053,0.7187654728503053,0.7187654728503053,0.7187654728503053,0.7187654728503053,0.7187654728503053,0.7187654728503053,0.7187654728503053
./instances/created-instances/mm-10-25-1762875.cdop,WS./settings/Memetic_MPX_1287823.config,10,25,0.8195929630907209,0.840462228354605,0.8754743014832701,0.9282511210762332,0.9282511210762332,0.9282511210762332,0.9358399448085547,0.9363573646084857,0.9363573646084857,0.9363573646084857,0.9363573646084857,0.9415315626077958,0.9577440496723008,0.9577440496723008
./instances/created-instances/mm-15-40-1110588.cdop,WS./settings/Memetic-LS_MPX_1881515.config,15,40,0.6707775428705661,0.6707775428705661,0.6707775428705661,0.6707775428705661,0.6707775428705661,0.6707775428705661,0.6707775428705661,0.6707775428705661,0.6707775428705661,0.6707775428705661,0.6707775428705661,0.6707775428705661,0.6738313366220343,0.6738313366220343
./instances/created-instances/mm-5-10-1891798.cdop,WS./settings/Memetic_MPX_1099666.config,5,10,0.9643527204502814,0.9668542839274546,0.9668542839274546,0.9849906191369606,0.9849906191369606,0.9849906191369606,0.9849906191369606,0.9849906191369606,0.9984365228267668,1.0,1.0,1.0,1.0,1.0
./instances/created-instances/mm-5-25-1767920.cdop,WS./settings/Memetic-LS_MPX_1099666.config,5,25,0.792,0.7815111111111112,0.7815111111111112,0.8,0.8024888888888889,0.8090666666666667,0.8090666666666667,0.8352,0.8423111111111111,0.8567111111111111,0.8659555555555556,0.8919111111111111,0.8919111111111111,0.8919111111111111
./instances/created-instances/mm-5-25-1917698.cdop,WS./settings/Memetic_MPX_1881515.config,5,25,0.8828332700341815,0.8828332700341815,0.8904291682491454,0.9191036840106342,0.9234713254842385,0.9234713254842385,0.9234713254842385,0.9265096847702241,0.9265096847702241,0.9420812761109001,0.9420812761109001,0.9420812761109001,0.9772123053551083,0.9772123053551083
./instances/created-instances/mm-15-40-1110588.cdop,WS./settings/Memetic-LS_MMX_1099666.config,15,40,0.6707775428705661,0.6707775428705661,0.6707775428705661,0.6867512332628611,0.7057787174066243,0.7165844491425887,0.7165844491425887,0.7339675828047921,0.7569884895466291,0.7569884895466291,0.7569884895466291,0.7699083861874559,0.7842377260981912,0.7842377260981912
./instances/created-instances/mm-10-40-1762875.cdop,WS./settings/Memetic_MPX_1099666.config,10,40,0.7717821150656972,0.7717821150656972,0.8054598800867457,0.8691159586681975,0.8807245822171196,0.8807245822171196,0.8832759280520475,0.8922056384742952,0.9197601734915167,0.9244801632861335,0.9345579793340988,0.9357060849598163,0.9363439214185483,0.9363439214185483
./instances/created-instances/mm-20-10-1110588.cdop,WS./settings/Memetic-LS_MPX_1099666.config,20,10,0.5771098265895954,0.5771098265895954,0.5771098265895954,0.5771098265895954,0.5771098265895954,0.5771098265895954,0.5771098265895954,0.5771098265895954,0.5840462427745665,0.585664739884393,0.585664739884393,0.585664739884393,0.6298265895953757,0.6298265895953757
./instances/created-instances/mm-10-40-1767920.cdop,WS./settings/Memetic-LS_MMX_1881515.config,10,40,0.6706246773360868,0.6706246773360868,0.6777232834279814,0.6777232834279814,0.6898554465668559,0.6956633970056789,0.6965668559628291,0.7084408879710893,0.7187661331956634,0.7275425916365513,0.7512906556530717,0.7512906556530717,0.7949148167268972,0.7949148167268972
./instances/created-instances/mm-5-25-1767920.cdop,WS./settings/Memetic_MPX_1287823.config,5,25,0.8821333333333333,0.9029333333333334,0.9168,0.9500444444444445,0.9552,0.9578666666666666,0.9578666666666666,0.9592888888888889,0.9651555555555555,0.9651555555555555,0.9651555555555555,0.9665777777777778,0.9717333333333333,0.9717333333333333
./instances/created-instances/mm-15-10-1110588.cdop,WS./settings/Memetic-LS_MMX_1099666.config,15,10,0.625684306569343,0.6690237226277372,0.7098540145985401,0.7148722627737226,0.7249087591240876,0.7661952554744526,0.7835310218978102,0.7878649635036497,0.8106751824817519,0.8467153284671532,0.8517335766423357,0.8517335766423357,0.8667883211678832,0.8667883211678832
./instances/created-instances/mm-10-10-1917698.cdop,WS./settings/Memetic-LS_MPX_1287823.config,10,10,0.746049348489049,0.746049348489049,0.746049348489049,0.746049348489049,0.746049348489049,0.746049348489049,0.746049348489049,0.746049348489049,0.746049348489049,0.746049348489049,0.746049348489049,0.7571388965899639,0.78763515386748,0.78763515386748
./instances/created-instances/mm-25-10-1110588.cdop,WS./settings/Memetic-LS_MMX_1881515.config,25,10,0.6154596915869608,0.6154596915869608,0.6154596915869608,0.6154596915869608,0.6154596915869608,0.6490337692758149,0.6552801093109506,0.6915869607651767,0.7142299433925434,0.7152059340230333,0.7858676556705055,0.8280304509076712,0.8293968377903572,0.8293968377903572
./instances/created-instances/mm-10-25-1891798.cdop,WS./settings/Memetic_MPX_1099666.config,10,25,0.8240840933683722,0.8961199567166487,0.8961199567166487,0.8961199567166487,0.9233266347194311,0.9369299737208224,0.9398670582779409,0.9421858092440872,0.9426495594373164,0.9426495594373164,0.9426495594373164,0.9426495594373164,0.9489874787447828,0.9489874787447828
./instances/created-instances/mm-5-10-1762875.cdop,WS./settings/Memetic-LS_MPX_1881515.config,5,10,0.8444933920704846,0.852863436123348,0.852863436123348,0.886784140969163,0.8969162995594714,0.8986784140969163,0.9180616740088106,0.9215859030837005,0.9625550660792952,0.9656387665198238,0.9656387665198238,0.9656387665198238,0.9656387665198238,0.9656387665198238
./instances/created-instances/mm-15-40-1762875.cdop,WS./settings/Memetic-LS_MMX_1099666.config,15,40,0.6821899736147757,0.6821899736147757,0.6821899736147757,0.6821899736147757,0.6821899736147757,0.6821899736147757,0.6849604221635884,0.6985488126649076,0.7055408970976254,0.7055408970976254,0.7348284960422163,0.7465699208443272,0.7643799472295515,0.7643799472295515
./instances/created-instances/mm-10-40-1110588.cdop,WS./settings/Memetic_MMX_1099666.config,10,40,0.7702808112324493,0.781851274050962,0.8316432657306292,0.8553042121684867,0.8736349453978159,0.921996879875195,0.9240769630785232,0.9426677067082684,0.9598283931357254,0.9785491419656787,0.9923296931877275,0.9931097243889756,0.9906396255850234,0.9906396255850234
./instances/created-instances/mm-15-25-1767920.cdop,WS./settings/Memetic_MMX_1287823.config,15,25,0.8871677808576554,0.9126039458666232,0.9261372900701125,0.9403228436328062,0.9461927278656449,0.9491276699820642,0.9530409261372901,0.9605413337681395,0.9605413337681395,0.9605413337681395,0.9683678460785913,0.9809228762432741,0.9841839230392956,0.9841839230392956
./instances/created-instances/mm-15-25-1891798.cdop,WS./settings/Memetic_MPX_1287823.config,15,25,0.8077240468724212,0.8077240468724212,0.8077240468724212,0.8130054464433075,0.8342960884634428,0.8536062056444957,0.8892556527479782,0.9085657699290312,0.9178082191780822,0.9178082191780822,0.9178082191780822,0.9178082191780822,0.9178082191780822,0.9178082191780822
./instances/created-instances/mm-5-40-1762875.cdop,WS./settings/Memetic_MMX_1881515.config,5,40,0.8297841932256681,0.8772330998999571,0.9032442475346577,0.9301129055309418,0.9301129055309418,0.9605545233671573,0.9662712591110476,0.9745605259396884,0.9919965699585537,0.9919965699585537,0.9971416321280548,0.9971416321280548,0.9971416321280548,0.9971416321280548
./instances/created-instances/mm-5-25-1767920.cdop,WS./settings/Memetic-LS_MPX_1881515.config,5,25,0.792,0.792,0.792,0.792,0.792,0.792,0.8032,0.8373333333333334,0.8517333333333333,0.8673777777777778,0.8929777777777778,0.8963555555555556,0.9032888888888889,0.9032888888888889
./instances/created-instances/mm-25-25-1917698.cdop,WS./settings/Memetic-LS_MMX_1881515.config,25,25,0.3737526459026308,0.3737526459026308,0.3817659510130027,0.41941336558814635,0.45101300272149986,0.4593286967039613,0.5164801935288781,0.5570003023888721,0.5866344118536437,0.6260961596613245,0.6638947686725128,0.7794073178107046,0.8039008164499546,0.8039008164499546
./instances/created-instances/mm-10-10-1762875.cdop,WS./settings/Memetic-LS_MPX_1099666.config,10,10,0.7105174163003044,0.7105174163003044,0.723706459249239,0.731146432194792,0.731146432194792,0.7497463645586744,0.7676699357456882,0.7997970916469395,0.8312478863713223,0.8312478863713223,0.8312478863713223,0.8312478863713223,0.8407169428474806,0.8407169428474806
./instances/created-instances/mm-10-10-1762875.cdop,WS./settings/Memetic_MPX_1099666.config,10,10,0.8995603652350355,0.8995603652350355,0.8995603652350355,0.9012512681772066,0.9191748393642205,0.9191748393642205,0.9310111599594183,0.9310111599594183,0.9310111599594183,0.9310111599594183,0.9374365911396686,0.9408183970240108,0.9824146094014203,0.9824146094014203
./instances/created-instances/mm-10-25-1917698.cdop,WS./settings/Memetic-LS_MMX_1287823.config,10,25,0.6890892696122634,0.6890892696122634,0.6999098286744815,0.7116321009918846,0.7219116321009919,0.7253381424706943,0.7363390441839495,0.7603246167718666,0.7990982867448152,0.8798917944093778,0.903155996393147,0.903155996393147,0.9103697024346258,0.9103697024346258
./instances/created-instances/mm-10-40-1762875.cdop,WS./settings/Memetic-LS_MMX_1881515.config,10,40,0.548284219926011,0.548284219926011,0.548284219926011,0.5708636305651231,0.5861717055746907,0.5874473784921546,0.6144916443423906,0.6636050516647531,0.7157800739890292,0.7312157162903432,0.7571118765148616,0.8055874473784922,0.8150274269677255,0.8150274269677255
./instances/created-instances/mm-25-10-1762875.cdop,WS./settings/Memetic-LS_MMX_1099666.config,25,10,0.5840030616150019,0.5840030616150019,0.5840030616150019,0.5840030616150019,0.5840030616150019,0.6006505931879066,0.6006505931879066,0.6259089169536931,0.6364332185227708,0.7548794489092997,0.7675086107921929,0.7822426329889016,0.818407960199005,0.818407960199005
./instances/created-instances/mm-15-10-1767920.cdop,WS./settings/Memetic_MMX_1287823.config,15,10,0.9143228039809607,0.946127217654695,0.9465599307659022,0.9465599307659022,0.9465599307659022,0.9612721765469494,0.9671138035482475,0.9736045002163566,0.9777152747728256,0.9779316313284292,0.9779316313284292,0.9859368238857638,0.9930765902206837,0.9930765902206837
./instances/created-instances/mm-15-40-1110588.cdop,WS./settings/Memetic_MMX_1881515.config,15,40,0.7862344373972281,0.8081982616866338,0.8343904157857647,0.8550622504110876,0.9026309607704956,0.9325816302560489,0.9396288466055908,0.9396288466055908,0.9430350011745361,0.9624148461357763,0.9772140004698144,0.9805027014329339,0.9778012684989429,0.9778012684989429
./instances/created-instances/mm-5-25-1767920.cdop,WS./settings/Memetic_MPX_1099666.config,5,25,0.9043555555555556,0.9043555555555556,0.9043555555555556,0.9056,0.9461333333333334,0.9473777777777778,0.9473777777777778,0.9518222222222222,0.9518222222222222,0.9518222222222222,0.9681777777777778,0.9792,0.9800888888888889,0.9800888888888889
./instances/created-instances/mm-10-25-1110588.cdop,WS./settings/Memetic-LS_MPX_1099666.config,10,25,0.666941331575478,0.666941331575478,0.666941331575478,0.666941331575478,0.666941331575478,0.666941331575478,0.6755108767303889,0.6964403427818062,0.7211601845748187,0.7211601845748187,0.7221489782465392,0.7221489782465392,0.7221489782465392,0.7221489782465392
./instances/created-instances/mm-25-25-1762875.cdop,WS./settings/Memetic_MPX_1099666.config,25,25,0.7201175197154785,0.7201175197154785,0.7201175197154785,0.7538271223132829,0.7538271223132829,0.7538271223132829,0.7612494201329828,0.7784134838410391,0.7875367249110871,0.7875367249110871,0.7875367249110871,0.8200092778722746,0.8200092778722746,0.8200092778722746
./instances/created-instances/mm-20-10-1891798.cdop,WS./settings/Memetic_MMX_1099666.config,20,10,0.8333333333333334,0.8648325358851675,0.8917464114832536,0.8981259968102073,0.9057017543859649,0.9370015948963317,0.9393939393939394,0.9591307814992025,0.9645135566188198,0.9659090909090909,0.9659090909090909,0.9706937799043063,0.9944178628389154,0.9944178628389154
./instances/created-instances/mm-5-10-1767920.cdop,WS./settings/Memetic-LS_MPX_1287823.config,5,10,0.8116133289343451,0.8333883206862421,0.8644011877268228,0.8789178488947542,0.9010227647641043,0.9010227647641043,0.9043220059386341,0.9178488947542065,0.9221379082810953,0.9221379082810953,0.932035631804685,0.9452325965028043,0.9452325965028043,0.9452325965028043
./instances/created-instances/mm-25-10-1891798.cdop,WS./settings/Memetic_MPX_1099666.config,25,10,0.7330350484712901,0.7330350484712901,0.7485085756897838,0.7678970917225951,0.7678970917225951,0.7712527964205816,0.7712527964205816,0.8085384041759881,0.8135719612229679,0.8294183445190156,0.8383668903803132,0.8413497390007457,0.8413497390007457,0.8413497390007457
./instances/created-instances/mm-20-10-1767920.cdop,WS./settings/Memetic-LS_MMX_1881515.config,20,10,0.6532395566922421,0.6532395566922421,0.6777493606138107,0.6984228473998295,0.7404092071611253,0.7419011082693947,0.7561807331628303,0.7561807331628303,0.7736572890025576,0.7917732310315431,0.8371696504688833,0.8520886615515771,0.8520886615515771,0.8520886615515771
./instances/created-instances/mm-5-25-1110588.cdop,WS./settings/Memetic_MMX_1287823.config,5,25,0.8610175500797731,0.918276901258642,0.9450452047509307,0.9569225314660521,0.9891863144832477,0.9891863144832477,0.9891863144832477,0.9897181350824322,0.9897181350824322,0.9897181350824322,0.9897181350824322,0.9953908881404007,0.9969863499379542,0.9969863499379542
./instances/created-instances/mm-15-25-1767920.cdop,WS./settings/Memetic_MPX_1287823.config,15,25,0.7417250937550954,0.7648785260068482,0.7648785260068482,0.8271645198108593,0.8335235610631012,0.8465677482471874,0.8530898418392304,0.8530898418392304,0.8530898418392304,0.8530898418392304,0.8728191749551606,0.9217348768954835,0.9217348768954835,0.9217348768954835
./instances/created-instances/mm-20-10-1762875.cdop,WS./settings/Memetic-LS_MPX_1099666.config,20,10,0.37764889582868616,0.37764889582868616,0.37764889582868616,0.37764889582868616,0.3827793888021414,0.4133392817309837,0.4133392817309837,0.41869283961632836,0.4416685255409324,0.46531340620120454,0.46531340620120454,0.4882890921258086,0.5556546955163952,0.5556546955163952
./instances/created-instances/mm-10-25-1767920.cdop,WS./settings/Memetic_MPX_1881515.config,10,25,0.8203648838297208,0.8301886792452831,0.8301886792452831,0.8554498674567286,0.8596600654919694,0.9591454857321067,0.9591454857321067,0.9591454857321067,0.9591454857321067,0.9591454857321067,0.9650709496335569,0.9844066739435522,0.9844066739435522,0.9844066739435522
./instances/created-instances/mm-20-25-1917698.cdop,WS./settings/Memetic-LS_MPX_1099666.config,20,25,0.623780487804878,0.623780487804878,0.623780487804878,0.623780487804878,0.623780487804878,0.623780487804878,0.623780487804878,0.623780487804878,0.623780487804878,0.623780487804878,0.623780487804878,0.623780487804878,0.623780487804878,0.623780487804878
./instances/created-instances/mm-20-25-1767920.cdop,WS./settings/Memetic_MPX_1287823.config,20,25,0.7220556161395856,0.763495092693566,0.763495092693566,0.7798527808069793,0.7798527808069793,0.7798527808069793,0.8077971646673937,0.8077971646673937,0.819247546346783,0.8754089422028354,0.8754089422028354,0.8754089422028354,0.8754089422028354,0.8754089422028354
./instances/created-instances/mm-10-25-1891798.cdop,WS./settings/Memetic_MMX_1099666.config,10,25,0.8754057814190755,0.8812799505333128,0.915597464832277,0.9429587262328026,0.9465141443808935,0.9483691451538104,0.9539341474725614,0.95687123202968,0.9621270675529449,0.971865821610759,0.9726387385994744,1.0,1.0,1.0
./instances/created-instances/mm-10-40-1767920.cdop,WS./settings/Memetic_MMX_1287823.config,10,40,0.8088538977800723,0.8363448631905007,0.8874548270521425,0.9034589571502323,0.9074599896747548,0.9251419721218379,0.9380485286525555,0.9412751677852349,0.9488900361383583,0.965539494062984,0.9858027878162107,0.9858027878162107,0.9873515745998968,0.9873515745998968
./instances/created-instances/mm-10-40-1767920.cdop,WS./settings/Memetic_MPX_1881515.config,10,40,0.7862674238513164,0.8150490449148168,0.8437016004130098,0.8437016004130098,0.8491223541559112,0.8491223541559112,0.8491223541559112,0.8575116159008777,0.8639648941662365,0.8639648941662365,0.8639648941662365,0.9086215797625193,0.9279814145585957,0.9279814145585957
./instances/created-instances/mm-10-40-1891798.cdop,WS./settings/Memetic_MMX_1881515.config,10,40,0.8016089269495265,0.8445568963280135,0.8850395744128714,0.915271830803166,0.9229272090307513,0.9274685350979629,0.9314908524717789,0.9314908524717789,0.9314908524717789,0.9438173089399248,0.963669391462307,0.9713247696898923,0.9749578305436616,0.9749578305436616
./instances/created-instances/mm-15-40-1762875.cdop,WS./settings/Memetic_MMX_1881515.config,15,40,0.7484168865435357,0.8160949868073879,0.858575197889182,0.8635883905013193,0.8931398416886543,0.9493403693931398,0.9498680738786279,0.9548812664907652,0.9601583113456464,0.970448548812665,0.9770448548812665,0.9779683377308707,0.9779683377308707,0.9779683377308707
./instances/created-instances/mm-15-25-1762875.cdop,WS./settings/Memetic_MPX_1881515.config,15,25,0.7256414059024173,0.7830342577487766,0.8110633249295566,0.8110633249295566,0.8110633249295566,0.8110633249295566,0.8404271095951357,0.8404271095951357,0.8607444757526324,0.8813584457956399,0.8813584457956399,0.8813584457956399,0.9605516832270503,0.9605516832270503
./instances/created-instances/mm-25-10-1767920.cdop,WS./settings/Memetic-LS_MPX_1099666.config,25,10,0.51908056237447,0.51908056237447,0.51908056237447,0.51908056237447,0.51908056237447,0.51908056237447,0.51908056237447,0.51908056237447,0.51908056237447,0.51908056237447,0.51908056237447,0.51908056237447,0.5393885293461281,0.5393885293461281
./instances/created-instances/mm-25-10-1762875.cdop,WS./settings/Memetic-LS_MMX_1881515.config,25,10,0.5788365862992728,0.5788365862992728,0.5818982013011864,0.5891695369307309,0.5891695369307309,0.6465748182166092,0.6636050516647531,0.6808266360505166,0.7269422120168388,0.7548794489092997,0.7659778032912361,0.7973593570608496,0.7973593570608496,0.7973593570608496
./instances/created-instances/mm-15-40-1767920.cdop,WS./settings/Memetic_MMX_1099666.config,15,40,0.7541218637992831,0.8025089605734766,0.8428912783751493,0.8616487455197133,0.8862604540023895,0.9186379928315412,0.927120669056153,0.9329749103942653,0.938231780167264,0.9550776583034648,0.9584229390681004,0.9589008363201912,0.9571087216248506,0.9571087216248506
./instances/created-instances/mm-20-10-1891798.cdop,WS./settings/Memetic_MPX_1881515.config,20,10,0.7669457735247209,0.7669457735247209,0.7876794258373205,0.7876794258373205,0.7876794258373205,0.8482854864433812,0.8482854864433812,0.8482854864433812,0.8482854864433812,0.8482854864433812,0.8606459330143541,0.8903508771929824,0.8903508771929824,0.8903508771929824
./instances/created-instances/mm-20-25-1110588.cdop,WS./settings/Memetic_MPX_1287823.config,20,25,0.7415885696727608,0.7893685666000921,0.7893685666000921,0.7893685666000921,0.8027346750652942,0.8027346750652942,0.8130281149178061,0.8703333845444768,0.8703333845444768,0.8703333845444768,0.8703333845444768,0.8703333845444768,0.8703333845444768,0.8703333845444768
./instances/created-instances/mm-20-25-1891798.cdop,WS./settings/Memetic_MPX_1287823.config,20,25,0.7116883116883117,0.7654698242933538,0.7654698242933538,0.7654698242933538,0.7654698242933538,0.7781512605042017,0.7949579831932773,0.7949579831932773,0.7949579831932773,0.8591291061879297,0.8591291061879297,0.8591291061879297,0.8895339954163484,0.8895339954163484
./instances/created-instances/mm-25-10-1767920.cdop,WS./settings/Memetic_MMX_1099666.config,25,10,0.912965855835751,0.9167596518634233,0.9459941977237224,0.9459941977237224,0.9484490069180986,0.9694264673064048,0.9694264673064048,0.9774603883061816,0.9854943093059585,0.9910734211113591,0.9910734211113591,0.9928587368890872,1.0,1.0
./instances/created-instances/mm-5-10-1762875.cdop,WS./settings/Memetic-LS_MMX_1287823.config,5,10,0.8863436123348017,0.8863436123348017,0.8863436123348017,0.9074889867841409,0.926431718061674,0.926431718061674,0.926431718061674,0.926431718061674,0.926431718061674,0.926431718061674,0.926431718061674,0.926431718061674,0.9744493392070485,0.9744493392070485
./instances/created-instances/mm-10-40-1891798.cdop,WS./settings/Memetic_MMX_1287823.config,10,40,0.8043337225898534,0.8422213572077333,0.8529907875956922,0.8703775788244453,0.915142078629817,0.9653561697158427,0.9684702218762165,0.9746983261969638,0.9746983261969638,0.9746983261969638,0.9792396522641754,0.993252886985857,0.9953289217594394,0.9953289217594394
./instances/created-instances/mm-20-10-1110588.cdop,WS./settings/Memetic-LS_MPX_1881515.config,20,10,0.5771098265895954,0.5771098265895954,0.5771098265895954,0.5771098265895954,0.5771098265895954,0.5771098265895954,0.5771098265895954,0.5771098265895954,0.5771098265895954,0.5845086705202313,0.5845086705202313,0.5845086705202313,0.5847398843930636,0.5847398843930636
./instances/created-instances/mm-15-25-1891798.cdop,WS./settings/Memetic-LS_MMX_1881515.config,15,25,0.7187654728503053,0.7187654728503053,0.7187654728503053,0.7187654728503053,0.7319689717775211,0.7608516256808054,0.7666281564614623,0.7666281564614623,0.7687737250371348,0.7780161742861859,0.8220828519557682,0.8446938438686252,0.880673378445288,0.880673378445288
./instances/created-instances/mm-5-40-1762875.cdop,WS./settings/Memetic_MMX_1099666.config,5,40,0.8337859082463913,0.8879519794197513,0.8900957553237102,0.9055309418322138,0.9116764327568958,0.9242532513934544,0.9429755609546949,0.964270401600686,0.9671287694726312,0.9797055881091896,0.9898527940545948,0.9898527940545948,0.9968557953408603,0.9968557953408603
./instances/created-instances/mm-25-25-1917698.cdop,WS./settings/Memetic-LS_MMX_1287823.config,25,25,0.39310553371635926,0.4033867553674025,0.4033867553674025,0.425158754157847,0.45947989114000604,0.45947989114000604,0.5004535833081343,0.5672815240399154,0.5837617175687935,0.6065920774115513,0.732537042636831,0.7462957363169035,0.7488660417296643,0.7488660417296643
./instances/created-instances/mm-5-25-1762875.cdop,WS./settings/Memetic-LS_MPX_1881515.config,5,25,0.7793686389511817,0.7793686389511817,0.7793686389511817,0.7793686389511817,0.7793686389511817,0.7793686389511817,0.7793686389511817,0.7793686389511817,0.7793686389511817,0.7985164740382956,0.8154217698809729,0.8154217698809729,0.8637226151457651,0.8637226151457651
./instances/created-instances/mm-15-25-1917698.cdop,WS./settings/Memetic-LS_MMX_1099666.config,15,25,0.6763087564848295,0.6763087564848295,0.6811822040559661,0.717025624901745,0.717025624901745,0.717025624901745,0.7555415815123409,0.7563276214431693,0.7789655714510297,0.7789655714510297,0.814651784310643,0.8767489388460934,0.8981292249646282,0.8981292249646282
./instances/created-instances/mm-20-25-1762875.cdop,WS./settings/Memetic_MMX_1881515.config,20,25,0.7936410883521858,0.8080097829409967,0.8436258025068787,0.9062977682665851,0.9306022623051055,0.9437480892693366,0.9468052583307857,0.9607153775603791,0.9734026291653929,0.9850198715988994,0.988229899113421,0.988229899113421,1.0,1.0
./instances/created-instances/mm-15-40-1762875.cdop,WS./settings/Memetic_MPX_1099666.config,15,40,0.6849604221635884,0.7346965699208443,0.7813984168865435,0.7813984168865435,0.7813984168865435,0.7813984168865435,0.7965699208443272,0.845778364116095,0.845778364116095,0.845778364116095,0.845778364116095,0.8588390501319261,0.8693931398416886,0.8693931398416886
./instances/created-instances/mm-15-10-1762875.cdop,WS./settings/Memetic-LS_MMX_1099666.config,15,10,0.6930197648236177,0.6930197648236177,0.6930197648236177,0.7340505379034276,0.7715786840130098,0.8038528896672504,0.8133600200150113,0.8326244683512635,0.8373780335251438,0.8483862897172879,0.8483862897172879,0.8483862897172879,0.8581436077057794,0.8581436077057794
./instances/created-instances/mm-15-10-1917698.cdop,WS./settings/Memetic-LS_MPX_1287823.config,15,10,0.7185293401509618,0.7185293401509618,0.7185293401509618,0.7185293401509618,0.7185293401509618,0.7185293401509618,0.7185293401509618,0.7185293401509618,0.7185293401509618,0.7455563671779888,0.7472607742878014,0.7786705624543463,0.7786705624543463,0.7786705624543463
./instances/created-instances/mm-15-25-1762875.cdop,WS./settings/Memetic-LS_MMX_1099666.config,15,25,0.6769983686786297,0.699540263977458,0.7090315883138069,0.7102180038558505,0.7102180038558505,0.7191161204211776,0.729497256414059,0.7625685896485244,0.7647931187898561,0.7717633100993623,0.773987839240694,0.7938602995699243,0.8585199466113006,0.8585199466113006
./instances/created-instances/mm-20-25-1762875.cdop,WS./settings/Memetic-LS_MPX_1287823.config,20,25,0.32390706206053194,0.32390706206053194,0.32390706206053194,0.32390706206053194,0.32390706206053194,0.32390706206053194,0.32390706206053194,0.32390706206053194,0.32390706206053194,0.3495872821767044,0.3495872821767044,0.3495872821767044,0.40706206053194743,0.40706206053194743
./instances/created-instances/mm-15-10-1917698.cdop,WS./settings/Memetic-LS_MPX_1881515.config,15,10,0.7185293401509618,0.7185293401509618,0.7185293401509618,0.7185293401509618,0.7185293401509618,0.7185293401509618,0.7185293401509618,0.7185293401509618,0.7185293401509618,0.7185293401509618,0.7185293401509618,0.7716094472851229,0.7716094472851229,0.7716094472851229
./instances/created-instances/mm-5-40-1917698.cdop,WS./settings/Memetic_MMX_1099666.config,5,40,0.8484133228429058,0.8662470495672698,0.8759506949908209,0.8992918961447679,0.9185680566483084,0.9185680566483084,0.9189614476789929,0.9395489116181485,0.9493836873852609,0.9544977707841594,0.962496721741411,0.9639391555205875,0.9651193286126409,0.9651193286126409
./instances/created-instances/mm-10-10-1891798.cdop,WS./settings/Memetic_MMX_1881515.config,10,10,0.9190585533869116,0.9414466130884042,0.952353616532721,0.9790470723306545,0.9790470723306545,0.9790470723306545,0.9790470723306545,0.980195177956372,0.985361653272101,0.9899540757749713,0.9899540757749713,0.9899540757749713,0.9899540757749713,0.9899540757749713
./instances/created-instances/mm-15-40-1767920.cdop,WS./settings/Memetic-LS_MPX_1881515.config,15,40,0.6254480286738351,0.6254480286738351,0.6254480286738351,0.6254480286738351,0.6254480286738351,0.6254480286738351,0.6254480286738351,0.6254480286738351,0.6268817204301075,0.631063321385902,0.6505376344086021,0.6647550776583034,0.6647550776583034,0.6647550776583034
./instances/created-instances/mm-5-10-1917698.cdop,WS./settings/Memetic_MPX_1287823.config,5,10,0.9528331750553973,0.9860715416270972,0.9860715416270972,0.9860715416270972,0.9876543209876543,0.9876543209876543,0.99556821779044,0.99556821779044,0.99556821779044,0.99556821779044,0.99556821779044,0.99556821779044,1.0,1.0
./instances/created-instances/mm-20-10-1767920.cdop,WS./settings/Memetic-LS_MPX_1881515.config,20,10,0.6334185848252344,0.6334185848252344,0.6334185848252344,0.6334185848252344,0.6334185848252344,0.6334185848252344,0.6334185848252344,0.6334185848252344,0.6334185848252344,0.6334185848252344,0.6334185848252344,0.6334185848252344,0.6334185848252344,0.6334185848252344
./instances/created-instances/mm-15-25-1767920.cdop,WS./settings/Memetic-LS_MPX_1881515.config,15,25,0.6117723789336377,0.6117723789336377,0.6117723789336377,0.6117723789336377,0.6117723789336377,0.6117723789336377,0.6117723789336377,0.6138920593510517,0.6138920593510517,0.623186042719713,0.6238382520789173,0.6347627588455894,0.6530246209033099,0.6530246209033099
./instances/created-instances/mm-15-10-1891798.cdop,WS./settings/Memetic_MMX_1881515.config,15,10,0.9259178321678322,0.9259178321678322,0.947333916083916,0.9656905594405595,0.9713723776223776,0.9713723776223776,0.9731206293706294,0.9801136363636364,0.9801136363636364,0.9801136363636364,0.9831730769230769,0.9831730769230769,0.9899475524475524,0.9899475524475524
./instances/created-instances/mm-5-25-1917698.cdop,WS./settings/Memetic_MPX_1099666.config,5,25,0.8541587542726927,0.8670717812381314,0.8938473224458793,0.9221420432966199,0.9249905051272312,0.9276490695024686,0.9350550702620585,0.9350550702620585,0.9460691226737562,0.9815799468287125,0.9815799468287125,0.9874667679453095,0.990315229775921,0.990315229775921
./instances/created-instances/mm-20-25-1110588.cdop,WS./settings/Memetic-LS_MMX_1287823.config,20,25,0.6378860039944692,0.6378860039944692,0.6414195728990628,0.6429559072054079,0.6429559072054079,0.6429559072054079,0.657551083115686,0.6778306959594408,0.6930404055922569,0.7143954524504532,0.7603318482101705,0.7884467660162852,0.8270087571055462,0.8270087571055462
./instances/created-instances/mm-20-10-1917698.cdop,WS./settings/Memetic-LS_MPX_1881515.config,20,10,0.5770054748869317,0.5860509402523209,0.5860509402523209,0.5860509402523209,0.5860509402523209,0.5860509402523209,0.5860509402523209,0.5860509402523209,0.5939062128064746,0.6089026422280409,0.6089026422280409,0.6089026422280409,0.6089026422280409,0.6089026422280409
./instances/created-instances/mm-15-10-1917698.cdop,WS./settings/Memetic_MMX_1881515.config,15,10,0.9340150961772583,0.9359629900170441,0.9466764061358656,0.9488677867056245,0.959581202824446,0.9724859995130265,0.9800340881421963,0.9800340881421963,0.9800340881421963,0.9800340881421963,0.9800340881421963,0.997808619430241,0.997808619430241,0.997808619430241
./instances/created-instances/mm-15-40-1762875.cdop,WS./settings/Memetic_MMX_1099666.config,15,40,0.7671503957783641,0.8059366754617414,0.8560686015831135,0.8788918205804749,0.9109498680738787,0.9299472295514511,0.9465699208443272,0.9509234828496043,0.9509234828496043,0.9671503957783641,0.9700527704485488,0.9700527704485488,0.9655672823218997,0.9655672823218997
./instances/created-instances/mm-25-10-1891798.cdop,WS./settings/Memetic-LS_MPX_1881515.config,25,10,0.5048471290082028,0.5048471290082028,0.5048471290082028,0.5048471290082028,0.5048471290082028,0.5048471290082028,0.5048471290082028,0.5048471290082028,0.5048471290082028,0.5048471290082028,0.5048471290082028,0.5048471290082028,0.5048471290082028,0.5048471290082028
./instances/created-instances/mm-15-10-1110588.cdop,WS./settings/Memetic_MPX_1881515.config,15,10,0.7867244525547445,0.7867244525547445,0.7985857664233577,0.7985857664233577,0.8234489051094891,0.8234489051094891,0.9051094890510949,0.9051094890510949,0.9051094890510949,0.9051094890510949,0.9133211678832117,0.9203923357664233,0.9203923357664233,0.9203923357664233
./instances/created-instances/mm-20-10-1917698.cdop,WS./settings/Memetic_MMX_1881515.config,20,10,0.9112116162818377,0.9266841228278981,0.9283503927636277,0.935015472506546,0.9469174006189003,0.9595334444179957,0.9595334444179957,0.9733396810283266,0.9733396810283266,0.9733396810283266,0.9738157581528207,0.9830992620804571,0.9830992620804571,0.9830992620804571
./instances/created-instances/mm-5-10-1917698.cdop,WS./settings/Memetic_MPX_1881515.config,5,10,0.9575815131370687,0.9575815131370687,0.9863880974992086,0.9863880974992086,0.9863880974992086,0.9863880974992086,0.9863880974992086,0.9863880974992086,0.99113643558088,0.99113643558088,0.99113643558088,1.0,1.0,1.0
./instances/created-instances/mm-25-25-1917698.cdop,WS./settings/Memetic-LS_MMX_1099666.config,25,25,0.42893861505896586,0.42893861505896586,0.42893861505896586,0.4364983368612035,0.47354097369216813,0.477925612337466,0.48714847293619595,0.5178409434532809,0.5716661626852132,0.6179316601149077,0.6775022679165407,0.7664045963108558,0.8234048986997279,0.8234048986997279
./instances/created-instances/mm-25-10-1762875.cdop,WS./settings/Memetic_MMX_1881515.config,25,10,0.8513203214695751,0.8629927286643705,0.893417527745886,0.9274779946421737,0.9483352468427095,0.9693838499808649,0.9747416762342136,0.9812476081132797,0.9812476081132797,0.9915805587447378,0.9915805587447378,0.9998086490623804,0.9998086490623804,0.9998086490623804
./instances/created-instances/mm-10-25-1110588.cdop,WS./settings/Memetic_MMX_1287823.config,10,25,0.8866183256427159,0.8951878707976269,0.9083717864205669,0.9589650626235993,0.9681938035596572,0.9779169413315755,0.9784113381674358,0.978905735003296,0.978905735003296,0.9818721160184575,0.9818721160184575,0.9818721160184575,0.9904416611733685,0.9904416611733685
./instances/created-instances/mm-5-25-1891798.cdop,WS./settings/Memetic-LS_MMX_1287823.config,5,25,0.6991517436380773,0.6991517436380773,0.6991517436380773,0.6991517436380773,0.6991517436380773,0.7006597549481621,0.7025447690857681,0.7125353440150801,0.7300659754948162,0.7709707822808671,0.7994344957587182,0.8211121583411876,0.8533459000942507,0.8533459000942507
./instances/created-instances/mm-10-25-1917698.cdop,WS./settings/Memetic-LS_MPX_1881515.config,10,25,0.6890892696122634,0.6890892696122634,0.6890892696122634,0.6890892696122634,0.6890892696122634,0.6890892696122634,0.6890892696122634,0.6890892696122634,0.6890892696122634,0.6890892696122634,0.6890892696122634,0.6890892696122634,0.6890892696122634,0.6890892696122634
./instances/created-instances/mm-5-10-1767920.cdop,WS./settings/Memetic-LS_MPX_1099666.config,5,10,0.8465852853843616,0.8465852853843616,0.8713295941933356,0.8762784559551303,0.8927746618277796,0.905971626525899,0.952820851204223,0.952820851204223,0.9590894094358298,0.9590894094358298,0.9590894094358298,0.9590894094358298,0.9590894094358298,0.9590894094358298
./instances/created-instances/mm-15-25-1917698.cdop,WS./settings/Memetic-LS_MMX_1287823.config,15,25,0.6920295551013992,0.6920295551013992,0.7077503537179689,0.7126238012891055,0.7159251689985852,0.7178116648325735,0.7641880207514542,0.7918566263166169,0.8105643766703349,0.8267567992454017,0.8427920138343028,0.8493947492532621,0.8688885395378085,0.8688885395378085
./instances/created-instances/mm-5-25-1891798.cdop,WS./settings/Memetic_MPX_1881515.config,5,25,0.8961357210179076,0.9042412818096136,0.9042412818096136,0.9195098963242224,0.9279924599434496,0.9279924599434496,0.9353440150801131,0.9353440150801131,0.9353440150801131,0.9394910461828464,0.9721017907634307,0.9920829406220547,0.9920829406220547,0.9920829406220547
./instances/created-instances/mm-20-25-1110588.cdop,WS./settings/Memetic_MPX_1099666.config,20,25,0.7271470271931172,0.758027346750653,0.761100015363343,0.7683207866031648,0.7789214933169457,0.7789214933169457,0.7921339683515133,0.7921339683515133,0.8302350591488707,0.8302350591488707,0.8669534490705177,0.8669534490705177,0.8669534490705177,0.8669534490705177
./instances/created-instances/mm-15-40-1762875.cdop,WS./settings/Memetic_MPX_1287823.config,15,40,0.741820580474934,0.749868073878628,0.770976253298153,0.7870712401055409,0.7870712401055409,0.8059366754617414,0.8059366754617414,0.8059366754617414,0.8452506596306069,0.8452506596306069,0.8612137203166227,0.9062005277044854,0.9062005277044854,0.9062005277044854
./instances/created-instances/mm-15-10-1891798.cdop,WS./settings/Memetic_MPX_1287823.config,15,10,0.7659527972027972,0.7760052447552448,0.8422202797202797,0.8422202797202797,0.8811188811188811,0.8811188811188811,0.8811188811188811,0.8951048951048951,0.9005681818181818,0.9005681818181818,0.9005681818181818,0.9005681818181818,0.9005681818181818,0.9005681818181818
./instances/created-instances/mm-25-10-1891798.cdop,WS./settings/Memetic-LS_MPX_1287823.config,25,10,0.5048471290082028,0.5048471290082028,0.5048471290082028,0.5048471290082028,0.5048471290082028,0.5048471290082028,0.5048471290082028,0.5048471290082028,0.5048471290082028,0.5048471290082028,0.5048471290082028,0.5048471290082028,0.5048471290082028,0.5048471290082028
./instances/created-instances/mm-25-25-1891798.cdop,WS./settings/Memetic_MPX_1099666.config,25,25,0.6867311072056239,0.7338898652606912,0.7338898652606912,0.7820738137082601,0.7820738137082601,0.7820738137082601,0.7820738137082601,0.7820738137082601,0.7820738137082601,0.8154657293497364,0.8154657293497364,0.8324545987111892,0.8324545987111892,0.8324545987111892
./instances/created-instances/mm-15-25-1110588.cdop,WS./settings/Memetic-LS_MMX_1881515.config,15,25,0.5664764621968617,0.5780313837375178,0.6326676176890157,0.6369472182596291,0.6470756062767475,0.65848787446505,0.6944365192582026,0.7191155492154065,0.7362339514978602,0.7644793152639087,0.7898716119828816,0.8128388017118402,0.8251069900142654,0.8251069900142654
./instances/created-instances/mm-10-10-1767920.cdop,WS./settings/Memetic-LS_MMX_1287823.config,10,10,0.7643020594965675,0.7643020594965675,0.7643020594965675,0.7643020594965675,0.7813374014747012,0.821764556318332,0.8260869565217391,0.8726163234172387,0.8871090770404272,0.9397406559877955,0.9483854563946097,0.9644037630307654,0.9644037630307654,0.9644037630307654
./instances/created-instances/mm-10-10-1767920.cdop,WS./settings/Memetic_MPX_1099666.config,10,10,0.8843122298499873,0.9153318077803204,0.9153318077803204,0.9153318077803204,0.935672514619883,0.935672514619883,0.935672514619883,0.938977879481312,0.9420289855072463,0.9420289855072463,0.9476226798881261,0.9687261632341724,0.9687261632341724,0.9687261632341724
./instances/created-instances/mm-5-10-1762875.cdop,WS./settings/Memetic_MMX_1099666.config,5,10,0.9726872246696036,0.9784140969162995,0.9841409691629956,0.9841409691629956,0.9841409691629956,0.9916299559471365,0.9916299559471365,0.9916299559471365,0.9916299559471365,1.0,1.0,1.0,1.0,1.0
./instances/created-instances/mm-5-40-1917698.cdop,WS./settings/Memetic-LS_MPX_1099666.config,5,40,0.7391817466561762,0.7391817466561762,0.7391817466561762,0.7391817466561762,0.7391817466561762,0.7391817466561762,0.7391817466561762,0.7391817466561762,0.7391817466561762,0.7391817466561762,0.7391817466561762,0.7391817466561762,0.7391817466561762,0.7391817466561762
./instances/created-instances/mm-10-40-1891798.cdop,WS./settings/Memetic_MPX_1881515.config,10,40,0.7824056052938887,0.7824056052938887,0.8224990268586999,0.8867263526664072,0.8965875178409238,0.8965875178409238,0.8965875178409238,0.8965875178409238,0.8999610743479953,0.9240949785908914,0.9243544829375892,0.9243544829375892,0.9309718437783833,0.9309718437783833
./instances/created-instances/mm-15-10-1762875.cdop,WS./settings/Memetic-LS_MPX_1099666.config,15,10,0.6930197648236177,0.6930197648236177,0.6930197648236177,0.6930197648236177,0.6930197648236177,0.6930197648236177,0.6930197648236177,0.6930197648236177,0.6930197648236177,0.6930197648236177,0.705028771578684,0.705028771578684,0.710032524393295,0.710032524393295
./instances/created-instances/mm-20-10-1762875.cdop,WS./settings/Memetic_MMX_1881515.config,20,10,0.8699531563685032,0.9047512826232433,0.9210350211911666,0.9210350211911666,0.9337497211688601,0.9473566807941111,0.9580637965648003,0.9580637965648003,0.9752397947802811,0.9805933526656258,0.9879544947579746,0.9935311175552086,0.9966540263216596,0.9966540263216596
./instances/created-instances/mm-5-25-1891798.cdop,WS./settings/Memetic-LS_MPX_1287823.config,5,25,0.6991517436380773,0.6991517436380773,0.6991517436380773,0.6991517436380773,0.6991517436380773,0.6991517436380773,0.6991517436380773,0.6991517436380773,0.6991517436380773,0.6991517436380773,0.8214891611687087,0.8657869934024505,0.879359095193214,0.879359095193214
./instances/created-instances/mm-10-40-1917698.cdop,WS./settings/Memetic-LS_MPX_1099666.config,10,40,0.6570601560533602,0.6570601560533602,0.6570601560533602,0.6570601560533602,0.6570601560533602,0.6570601560533602,0.6570601560533602,0.6570601560533602,0.6570601560533602,0.6570601560533602,0.6570601560533602,0.6570601560533602,0.6570601560533602,0.6570601560533602
./instances/created-instances/mm-25-10-1917698.cdop,WS./settings/Memetic_MMX_1099666.config,25,10,0.8353876739562625,0.8868787276341948,0.9137176938369781,0.9172962226640159,0.9172962226640159,0.9375745526838967,0.941351888667992,0.9570576540755468,0.9600397614314116,0.96779324055666,0.96779324055666,0.96779324055666,0.9960238568588469,0.9960238568588469
./instances/created-instances/mm-25-10-1767920.cdop,WS./settings/Memetic-LS_MPX_1287823.config,25,10,0.5014505690694041,0.5014505690694041,0.5014505690694041,0.5014505690694041,0.5014505690694041,0.5063601874581567,0.5063601874581567,0.5063601874581567,0.5063601874581567,0.5063601874581567,0.5063601874581567,0.5335862530685115,0.5429591609015845,0.5429591609015845
./instances/created-instances/mm-10-25-1917698.cdop,WS./settings/Memetic_MPX_1287823.config,10,25,0.8770063119927863,0.8770063119927863,0.8770063119927863,0.8770063119927863,0.8770063119927863,0.8770063119927863,0.8770063119927863,0.8770063119927863,0.8770063119927863,0.8822362488728585,0.8984670874661858,0.9083859332732191,0.9083859332732191,0.9083859332732191
./instances/created-instances/mm-15-10-1891798.cdop,WS./settings/Memetic-LS_MMX_1881515.config,15,10,0.6693618881118881,0.7113199300699301,0.7113199300699301,0.7113199300699301,0.7113199300699301,0.7161276223776224,0.7517482517482518,0.7762237762237763,0.7956730769230769,0.829763986013986,0.8649475524475524,0.8730332167832168,0.8730332167832168,0.8730332167832168
./instances/created-instances/mm-25-25-1891798.cdop,WS./settings/Memetic_MMX_1099666.config,25,25,0.8094610427650849,0.8749267721148213,0.8987990626830697,0.9267721148213239,0.929701230228471,0.9415641476274165,0.9459578207381371,0.968804920913884,0.9724663151728178,0.9783245459871119,0.9790568248388987,0.9790568248388987,0.958406561218512,0.958406561218512
./instances/created-instances/mm-5-25-1762875.cdop,WS./settings/Memetic-LS_MMX_1287823.config,5,25,0.7793686389511817,0.7793686389511817,0.7793686389511817,0.7793686389511817,0.8171468000690012,0.8387096774193549,0.8387096774193549,0.8481973434535104,0.8623425909953424,0.8649301362773849,0.8818354321200621,0.9339313437985165,0.948594100396757,0.948594100396757
./instances/created-instances/mm-15-40-1767920.cdop,WS./settings/Memetic-LS_MPX_1099666.config,15,40,0.6254480286738351,0.6254480286738351,0.6254480286738351,0.6254480286738351,0.6296296296296297,0.6304659498207885,0.6304659498207885,0.6308243727598566,0.6308243727598566,0.6308243727598566,0.631063321385902,0.6329749103942652,0.6565113500597372,0.6565113500597372
./instances/created-instances/mm-15-40-1917698.cdop,WS./settings/Memetic-LS_MPX_1099666.config,15,40,0.6075535512965051,0.6075535512965051,0.6075535512965051,0.6076662908680946,0.6076662908680946,0.6076662908680946,0.6076662908680946,0.6110484780157835,0.6110484780157835,0.6110484780157835,0.6124013528748591,0.6148816234498309,0.6148816234498309,0.6148816234498309
./instances/created-instances/mm-15-25-1891798.cdop,WS./settings/Memetic_MPX_1099666.config,15,25,0.7923749793695329,0.818451889750784,0.818451889750784,0.8765472850305331,0.8765472850305331,0.8945370523188645,0.9204489189635253,0.9204489189635253,0.9204489189635253,0.9204489189635253,0.9204489189635253,0.9204489189635253,0.9204489189635253,0.9204489189635253
./instances/created-instances/mm-5-25-1110588.cdop,WS./settings/Memetic-LS_MPX_1881515.config,5,25,0.592979968090764,0.6023754653430243,0.6201028186491757,0.6635348342492466,0.7021804644566566,0.7466761212550966,0.7518170537138805,0.7791171778053536,0.8048218400992732,0.834781067186669,0.8377947172487148,0.8377947172487148,0.8388583584470839,0.8388583584470839
./instances/created-instances/mm-5-40-1767920.cdop,WS./settings/Memetic-LS_MMX_1287823.config,5,40,0.725785677485832,0.725785677485832,0.725785677485832,0.725785677485832,0.725785677485832,0.725785677485832,0.725785677485832,0.7299072642967542,0.746393611540443,0.7561823802163833,0.7632663575476558,0.7787223080886141,0.79198866563627,0.79198866563627
./instances/created-instances/mm-25-25-1917698.cdop,WS./settings/Memetic-LS_MPX_1287823.config,25,25,0.35787723011793166,0.35787723011793166,0.35787723011793166,0.35787723011793166,0.36830964620501966,0.3714847293619595,0.3714847293619595,0.3714847293619595,0.38327789537345025,0.38327789537345025,0.38327789537345025,0.3870577562745691,0.40111883882673116,0.40111883882673116
./instances/created-instances/mm-10-10-1110588.cdop,WS./settings/Memetic-LS_MMX_1287823.config,10,10,0.8654607122668174,0.8654607122668174,0.8654607122668174,0.8654607122668174,0.8928773318258904,0.8928773318258904,0.8982475975127191,0.8982475975127191,0.9089881288863765,0.9491237987563595,0.9491237987563595,0.9691916336913511,0.9731486715658564,0.9731486715658564
./instances/created-instances/mm-10-40-1762875.cdop,WS./settings/Memetic-LS_MPX_1287823.config,10,40,0.548284219926011,0.548284219926011,0.548284219926011,0.548284219926011,0.548284219926011,0.548284219926011,0.548284219926011,0.548284219926011,0.548284219926011,0.548284219926011,0.5484117872177574,0.5773695624441894,0.5773695624441894,0.5773695624441894
./instances/created-instances/mm-10-40-1891798.cdop,WS./settings/Memetic_MPX_1099666.config,10,40,0.783313870507331,0.8235370442454911,0.8598676527831841,0.8598676527831841,0.8764759309718437,0.909822239522512,0.916569352536655,0.9251329959776826,0.9336966394187103,0.9436875567665758,0.9436875567665758,0.9436875567665758,0.9484883871804852,0.9484883871804852
./instances/created-instances/mm-15-40-1767920.cdop,WS./settings/Memetic-LS_MMX_1881515.config,15,40,0.6254480286738351,0.6254480286738351,0.6315412186379928,0.6315412186379928,0.6529271206690561,0.6671445639187574,0.6750298685782556,0.6873357228195938,0.7182795698924731,0.7248506571087217,0.7248506571087217,0.7248506571087217,0.7338112305854241,0.7338112305854241
./instances/created-instances/mm-25-10-1762875.cdop,WS./settings/Memetic_MPX_1099666.config,25,10,0.717948717948718,0.7347876004592423,0.735361653272101,0.7520091848450058,0.7816685801760429,0.7921928817451206,0.7921928817451206,0.7921928817451206,0.8134328358208955,0.8314198239571374,0.8362035973976273,0.8559127439724454,0.8559127439724454,0.8559127439724454
./instances/created-instances/mm-15-10-1917698.cdop,WS./settings/Memetic-LS_MMX_1287823.config,15,10,0.7185293401509618,0.7370343316289262,0.775018261504748,0.775018261504748,0.7913318724129534,0.7979060141222304,0.8117847577307037,0.8429510591672754,0.8509861212563915,0.8560993425858291,0.8560993425858291,0.8928658388117847,0.914536157779401,0.914536157779401
./instances/created-instances/mm-15-25-1762875.cdop,WS./settings/Memetic-LS_MPX_1099666.config,15,25,0.6439270354441643,0.6439270354441643,0.6584606258341984,0.6584606258341984,0.6584606258341984,0.6584606258341984,0.6643927035444165,0.6643927035444165,0.6643927035444165,0.6686934598843245,0.680409313362005,0.680409313362005,0.680409313362005,0.680409313362005
./instances/created-instances/mm-15-40-1762875.cdop,WS./settings/Memetic-LS_MPX_1881515.config,15,40,0.6821899736147757,0.6821899736147757,0.6821899736147757,0.6821899736147757,0.6821899736147757,0.6821899736147757,0.6821899736147757,0.6821899736147757,0.6821899736147757,0.6821899736147757,0.6821899736147757,0.6821899736147757,0.6849604221635884,0.6849604221635884
./instances/created-instances/mm-20-10-1767920.cdop,WS./settings/Memetic_MMX_1287823.config,20,10,0.8930093776641091,0.9002557544757033,0.9307331628303496,0.9311594202898551,0.9514066496163683,0.9820971867007673,0.9863597612958227,0.9916879795396419,0.9916879795396419,0.9916879795396419,0.994458653026428,0.994458653026428,0.9970161977834612,0.9970161977834612
./instances/created-instances/mm-10-40-1891798.cdop,WS./settings/Memetic-LS_MMX_1287823.config,10,40,0.6953418969767744,0.6953418969767744,0.6953418969767744,0.6953418969767744,0.6953418969767744,0.6953418969767744,0.7129881925522252,0.7150642273258077,0.73491630984819,0.7412741663422863,0.7433502011158687,0.7521733489035941,0.7763072531464902,0.7763072531464902
./instances/created-instances/mm-15-40-1917698.cdop,WS./settings/Memetic-LS_MMX_1287823.config,15,40,0.6075535512965051,0.6075535512965051,0.6075535512965051,0.6075535512965051,0.6075535512965051,0.6767756482525367,0.6792559188275085,0.713641488162345,0.7365276211950395,0.7428410372040586,0.7737316798196167,0.7830890642615558,0.7880496054114995,0.7880496054114995
./instances/created-instances/mm-5-40-1891798.cdop,WS./settings/Memetic_MMX_1881515.config,5,40,0.8294380905022377,0.8787916459472899,0.8787916459472899,0.8787916459472899,0.9066384883142715,0.9067628045748384,0.9697911486822476,0.9697911486822476,0.970537046245649,0.970537046245649,0.970537046245649,0.9796121332670313,0.9623321730482347,0.9623321730482347
./instances/created-instances/mm-15-25-1110588.cdop,WS./settings/Memetic-LS_MPX_1099666.config,15,25,0.5664764621968617,0.5664764621968617,0.5664764621968617,0.5664764621968617,0.5664764621968617,0.5664764621968617,0.5730385164051355,0.5801711840228245,0.5927246790299572,0.6148359486447932,0.6148359486447932,0.6256776034236805,0.6413694721825963,0.6413694721825963
./instances/created-instances/mm-15-40-1917698.cdop,WS./settings/Memetic_MMX_1099666.config,15,40,0.7857948139797069,0.825479143179256,0.8632468996617813,0.9170236753100338,0.9373167981961669,0.9518602029312289,0.9627959413754228,0.9746335963923337,0.9842164599774521,0.9961668545659527,0.9961668545659527,0.9978579481397971,1.0,1.0
./instances/created-instances/mm-20-25-1917698.cdop,WS./settings/Memetic_MPX_1881515.config,20,25,0.7425304878048781,0.7425304878048781,0.7425304878048781,0.7496951219512196,0.7557926829268292,0.7557926829268292,0.7742378048780488,0.8007621951219512,0.8402439024390244,0.8402439024390244,0.8402439024390244,0.8402439024390244,0.8402439024390244,0.8402439024390244
./instances/created-instances/mm-15-10-1762875.cdop,WS./settings/Memetic_MPX_1099666.config,15,10,0.8231173380035026,0.8231173380035026,0.8388791593695272,0.8388791593695272,0.8388791593695272,0.8846634976232174,0.8846634976232174,0.8879159369527145,0.8941706279709782,0.8941706279709782,0.8941706279709782,0.9039279459594696,0.9069301976482361,0.9069301976482361
./instances/created-instances/mm-10-40-1762875.cdop,WS./settings/Memetic_MPX_1881515.config,10,40,0.7767572394438066,0.778798316111749,0.778798316111749,0.778798316111749,0.778798316111749,0.8635029978313561,0.8635029978313561,0.8635029978313561,0.8635029978313561,0.900497512437811,0.9164434239061104,0.9221839520346983,0.9221839520346983,0.9221839520346983
./instances/created-instances/mm-20-25-1767920.cdop,WS./settings/Memetic-LS_MPX_1099666.config,20,25,0.5598418756815703,0.5598418756815703,0.5598418756815703,0.5598418756815703,0.5598418756815703,0.5598418756815703,0.5598418756815703,0.5598418756815703,0.5598418756815703,0.5598418756815703,0.5598418756815703,0.5598418756815703,0.5598418756815703,0.5598418756815703
./instances/created-instances/mm-5-25-1917698.cdop,WS./settings/Memetic-LS_MMX_1099666.config,5,25,0.7368021268515001,0.7368021268515001,0.7368021268515001,0.7368021268515001,0.7535131029244209,0.7580706418533991,0.8040258260539309,0.8461830611469806,0.8573870110140525,0.8699202430687428,0.8873908089631599,0.9077098366881884,0.9077098366881884,0.9077098366881884
./instances/created-instances/mm-5-10-1917698.cdop,WS./settings/Memetic_MMX_1287823.config,5,10,0.9882874327318771,0.9882874327318771,0.9882874327318771,0.9882874327318771,0.9882874327318771,0.9908198797087686,0.99113643558088,0.9917695473251029,1.0,1.0,1.0,1.0,1.0,1.0
./instances/created-instances/mm-15-10-1110588.cdop,WS./settings/Memetic_MMX_1881515.config,15,10,0.8827554744525548,0.9041970802919708,0.9041970802919708,0.9192518248175182,0.9653284671532847,0.968065693430657,0.9708029197080292,0.9781021897810219,0.9781021897810219,0.9781021897810219,0.9781021897810219,1.0,1.0,1.0
./instances/created-instances/mm-25-10-1110588.cdop,WS./settings/Memetic-LS_MMX_1099666.config,25,10,0.6082373609213352,0.6154596915869608,0.6158500878391567,0.6431778254928753,0.6445442123755611,0.6644544212375562,0.6738239312902596,0.7089595939878978,0.7263322272106187,0.7265274253367168,0.7544407573687293,0.8087058364239703,0.8385711497169627,0.8385711497169627
./instances/created-instances/mm-15-25-1762875.cdop,WS./settings/Memetic-LS_MPX_1881515.config,15,25,0.6584606258341984,0.6584606258341984,0.6584606258341984,0.6584606258341984,0.6584606258341984,0.6643927035444165,0.6643927035444165,0.6643927035444165,0.6643927035444165,0.6643927035444165,0.6643927035444165,0.6643927035444165,0.680409313362005,0.680409313362005
./instances/created-instances/mm-5-10-1917698.cdop,WS./settings/Memetic-LS_MPX_1881515.config,5,10,0.8641975308641975,0.8641975308641975,0.8641975308641975,0.8641975308641975,0.8641975308641975,0.8898385565052231,0.8898385565052231,0.9347894903450459,0.9370053814498259,0.9439696106362773,0.945235834124723,0.945235834124723,0.945235834124723,0.945235834124723
./instances/created-instances/mm-20-25-1110588.cdop,WS./settings/Memetic_MPX_1881515.config,20,25,0.7778460593025043,0.7778460593025043,0.7778460593025043,0.7778460593025043,0.795974804117376,0.795974804117376,0.795974804117376,0.8084191119987709,0.823936088492856,0.823936088492856,0.8408357658626517,0.8408357658626517,0.8408357658626517,0.8408357658626517
./instances/created-instances/mm-15-25-1767920.cdop,WS./settings/Memetic_MMX_1881515.config,15,25,0.8235773683352356,0.8504810044024131,0.8605902494700799,0.8852111527800424,0.9254850807109082,0.9416272623512147,0.959399967389532,0.9726072069134192,0.982879504320887,0.982879504320887,0.9889124408935268,0.9905429642915375,0.9905429642915375,0.9905429642915375
./instances/created-instances/mm-25-25-1110588.cdop,WS./settings/Memetic-LS_MPX_1287823.config,25,25,0.36857142857142855,0.36857142857142855,0.36857142857142855,0.36857142857142855,0.36857142857142855,0.36857142857142855,0.36857142857142855,0.36857142857142855,0.3691156462585034,0.3691156462585034,0.3691156462585034,0.3691156462585034,0.3691156462585034,0.3691156462585034
./instances/created-instances/mm-20-10-1767920.cdop,WS./settings/Memetic_MPX_1881515.config,20,10,0.7346547314578005,0.7894288150042625,0.7894288150042625,0.8101023017902813,0.841005967604433,0.841005967604433,0.8537936913895993,0.8537936913895993,0.8561381074168798,0.8650895140664961,0.8650895140664961,0.8650895140664961,0.887468030690537,0.887468030690537
./instances/created-instances/mm-15-10-1110588.cdop,WS./settings/Memetic-LS_MMX_1287823.config,15,10,0.583941605839416,0.583941605839416,0.6060675182481752,0.6553375912408759,0.6635492700729927,0.7219434306569343,0.7846715328467153,0.7846715328467153,0.8004105839416058,0.8211678832116789,0.8359945255474452,0.8699817518248175,0.8699817518248175,0.8699817518248175
./instances/created-instances/mm-10-25-1762875.cdop,WS./settings/Memetic-LS_MPX_1287823.config,10,25,0.6961021041738531,0.6961021041738531,0.6961021041738531,0.6961021041738531,0.6961021041738531,0.6961021041738531,0.6961021041738531,0.7004139358399448,0.7221455674370473,0.7542255950327699,0.7597447395653674,0.7852707830286305,0.8208002759572266,0.8208002759572266
./instances/created-instances/mm-25-10-1767920.cdop,WS./settings/Memetic-LS_MMX_1287823.config,25,10,0.576210667261772,0.5922785092613256,0.5922785092613256,0.596072305288998,0.6083463512608792,0.624637357732649,0.6900245480919438,0.7346574425351484,0.7576433831733987,0.8449006918098638,0.8504798036152644,0.8683329613925463,0.9013613032805178,0.9013613032805178
./instances/created-instances/mm-20-25-1762875.cdop,WS./settings/Memetic_MMX_1099666.config,20,25,0.8232956282482421,0.8613573830632834,0.8991134209721797,0.9033934576582086,0.9148578416386426,0.927086517884439,0.927086517884439,0.935799449709569,0.9565881993274228,0.9767655151329868,0.978141241210639,0.978141241210639,0.9807398349128706,0.9807398349128706
./instances/created-instances/mm-5-40-1917698.cdop,WS./settings/Memetic_MMX_1287823.config,5,40,0.8252032520325203,0.8284815106215578,0.8537896669289273,0.8926042486231314,0.9027012850773669,0.9142407553107789,0.9552845528455285,0.976921059533176,0.983739837398374,0.983739837398374,0.990296354576449,0.990296354576449,0.9849200104904274,0.9849200104904274
./instances/created-instances/mm-20-25-1891798.cdop,WS./settings/Memetic_MPX_1099666.config,20,25,0.7431627196333078,0.8036669213139801,0.8348357524828113,0.8348357524828113,0.8348357524828113,0.8348357524828113,0.8348357524828113,0.8348357524828113,0.8348357524828113,0.8348357524828113,0.8348357524828113,0.8348357524828113,0.8348357524828113,0.8348357524828113
./instances/created-instances/mm-25-25-1767920.cdop,WS./settings/Memetic-LS_MMX_1099666.config,25,25,0.6262389867841409,0.6307819383259912,0.6442731277533039,0.6517070484581498,0.6517070484581498,0.6517070484581498,0.6584526431718062,0.6584526431718062,0.6919052863436124,0.7051211453744494,0.7093887665198237,0.7144823788546255,0.7254955947136564,0.7254955947136564
./instances/created-instances/mm-5-40-1917698.cdop,WS./settings/Memetic_MPX_1881515.config,5,40,0.8421190663519539,0.8578547075793339,0.8713611329661684,0.8775242591135589,0.9384998688696564,0.948072383949646,0.948072383949646,0.9636768948334644,0.964594807238395,0.964594807238395,0.964594807238395,0.9647259375819565,0.9647259375819565,0.9647259375819565
./instances/created-instances/mm-15-25-1762875.cdop,WS./settings/Memetic-LS_MMX_1881515.config,15,25,0.6439270354441643,0.647782885955806,0.6577191161204212,0.6614266646893074,0.6993919620347027,0.7155568737950467,0.7200059320777102,0.720599139848732,0.7225270651045529,0.7306836719561026,0.7391368826931632,0.766721044045677,0.8251520094913244,0.8251520094913244
./instances/created-instances/mm-20-10-1917698.cdop,WS./settings/Memetic-LS_MMX_1881515.config,20,10,0.5836705546298501,0.6467507736253273,0.6717448226612711,0.6717448226612711,0.745060699833373,0.761961437752916,0.7781480599857177,0.7974291835277315,0.8002856462746964,0.8331349678647941,0.8478933587241133,0.8862175672458938,0.8862175672458938,0.8862175672458938
./instances/created-instances/mm-20-25-1891798.cdop,WS./settings/Memetic-LS_MPX_1287823.config,20,25,0.5356760886172651,0.5356760886172651,0.5356760886172651,0.5356760886172651,0.5356760886172651,0.5356760886172651,0.5356760886172651,0.5356760886172651,0.5356760886172651,0.5425515660809779,0.5425515660809779,0.5651642475171887,0.5695951107715813,0.5695951107715813
./instances/created-instances/mm-10-25-1891798.cdop,WS./settings/Memetic_MPX_1287823.config,10,25,0.8729324470551862,0.8729324470551862,0.8729324470551862,0.8839078682949452,0.8919462049775854,0.9010666254444273,0.9046220435925182,0.9046220435925182,0.9046220435925182,0.9046220435925182,0.9401762250734271,0.9543978976657906,0.9601174833822848,0.9601174833822848
./instances/created-instances/mm-15-25-1917698.cdop,WS./settings/Memetic-LS_MPX_1287823.config,15,25,0.6763087564848295,0.6763087564848295,0.6849551957239428,0.6849551957239428,0.6849551957239428,0.6863700675994341,0.6863700675994341,0.6863700675994341,0.6863700675994341,0.6863700675994341,0.6863700675994341,0.7347901273384688,0.7354189592831316,0.7354189592831316
./instances/created-instances/mm-10-10-1762875.cdop,WS./settings/Memetic_MMX_1099666.config,10,10,0.9245857287791681,0.9529928982076429,0.956036523503551,0.9573892458572878,0.9573892458572878,0.9810618870476835,0.9810618870476835,0.9810618870476835,0.9918836658775786,0.9918836658775786,0.9918836658775786,1.0,1.0,1.0
./instances/created-instances/mm-5-25-1767920.cdop,WS./settings/Memetic_MPX_1881515.config,5,25,0.9114666666666666,0.9374222222222223,0.9374222222222223,0.9676444444444444,0.9676444444444444,0.9696,0.9696,0.9726222222222223,0.9726222222222223,0.9726222222222223,0.9726222222222223,0.9736888888888889,0.9761777777777778,0.9761777777777778
./instances/created-instances/mm-15-10-1891798.cdop,WS./settings/Memetic-LS_MPX_1287823.config,15,10,0.6429195804195804,0.6429195804195804,0.6429195804195804,0.6429195804195804,0.6523164335664335,0.6726398601398601,0.6726398601398601,0.6726398601398601,0.6848776223776224,0.6848776223776224,0.7008304195804196,0.7008304195804196,0.7226835664335665,0.7226835664335665
./instances/created-instances/mm-5-10-1767920.cdop,WS./settings/Memetic_MMX_1287823.config,5,10,0.9696469811943254,0.9874628835367866,0.9874628835367866,0.9874628835367866,0.9874628835367866,1.0,1.0,1.0,1.0,1.0,1.0,1.0,1.0,1.0
./instances/created-instances/mm-10-40-1762875.cdop,WS./settings/Memetic_MMX_1287823.config,10,40,0.8407960199004975,0.88990942722286,0.8947569843092231,0.8989667049368542,0.9117234341114938,0.9423395841306289,0.9658119658119658,0.9656843985202194,0.9693838499808649,0.9837989539482077,0.9846919249904325,0.9889016456180635,0.9896670493685419,0.9896670493685419
./instances/created-instances/mm-25-25-1110588.cdop,WS./settings/Memetic_MPX_1881515.config,25,25,0.6529251700680272,0.6817687074829932,0.7220408163265306,0.7259863945578231,0.7448979591836735,0.7448979591836735,0.785578231292517,0.785578231292517,0.7994557823129251,0.7994557823129251,0.7994557823129251,0.7994557823129251,0.8318367346938775,0.8318367346938775
./instances/created-instances/mm-10-25-1767920.cdop,WS./settings/Memetic_MMX_1287823.config,10,25,0.8392328083580227,0.9039451114922813,0.9039451114922813,0.9140807734289724,0.9254639014501793,0.9610166848588804,0.9695930141899267,0.9837829409012943,0.985966006549197,0.9884609387182286,0.9932948697957275,0.9932948697957275,1.0,1.0
./instances/created-instances/mm-25-25-1110588.cdop,WS./settings/Memetic-LS_MMX_1881515.config,25,25,0.4017687074829932,0.4231292517006803,0.4346938775510204,0.4526530612244898,0.4760544217687075,0.4801360544217687,0.5663945578231292,0.6141496598639455,0.6515646258503401,0.6529251700680272,0.6859863945578232,0.7395918367346939,0.7674829931972789,0.7674829931972789
./instances/created-instances/mm-25-25-1767920.cdop,WS./settings/Memetic-LS_MPX_1287823.config,25,25,0.6262389867841409,0.6262389867841409,0.6262389867841409,0.6262389867841409,0.6262389867841409,0.6262389867841409,0.6262389867841409,0.6262389867841409,0.6262389867841409,0.6262389867841409,0.6262389867841409,0.6262389867841409,0.6262389867841409,0.6262389867841409
./instances/created-instances/mm-25-10-1762875.cdop,WS./settings/Memetic-LS_MMX_1287823.config,25,10,0.5788365862992728,0.6125143513203215,0.6232300038270188,0.6232300038270188,0.6400688863375431,0.6408342900880214,0.6882893226176808,0.7039800995024875,0.735361653272101,0.7399540757749713,0.7518178339073861,0.7740145426712591,0.8375430539609644,0.8375430539609644
./instances/created-instances/mm-15-25-1917698.cdop,WS./settings/Memetic_MMX_1881515.config,15,25,0.8528533249489074,0.9163653513598491,0.9308284860870932,0.9308284860870932,0.9308284860870932,0.9424618770633548,0.9424618770633548,0.9531520201226222,0.9531520201226222,0.9545668919981135,0.9639993711680553,0.979248545826128,0.9801917937431222,0.9801917937431222
./instances/created-instances/mm-10-25-1917698.cdop,WS./settings/Memetic-LS_MPX_1287823.config,10,25,0.6890892696122634,0.6890892696122634,0.6890892696122634,0.6890892696122634,0.6890892696122634,0.6890892696122634,0.6890892696122634,0.6890892696122634,0.6890892696122634,0.6890892696122634,0.6890892696122634,0.6890892696122634,0.6890892696122634,0.6890892696122634
./instances/created-instances/mm-25-10-1110588.cdop,WS./settings/Memetic_MPX_1287823.config,25,10,0.7413624829201639,0.742338473550654,0.7479992192074956,0.7661526449346087,0.7921139957056412,0.8299824321686512,0.8299824321686512,0.8299824321686512,0.8368143665820809,0.8368143665820809,0.8450126878781964,0.8475502635174702,0.8559437829396838,0.8559437829396838
./instances/created-instances/mm-5-10-1762875.cdop,WS./settings/Memetic_MPX_1099666.config,5,10,0.9801762114537445,0.9801762114537445,0.9801762114537445,0.9889867841409692,0.9889867841409692,0.9889867841409692,0.994273127753304,0.994273127753304,0.994273127753304,0.994273127753304,0.994273127753304,1.0,1.0,1.0
./instances/created-instances/mm-10-40-1110588.cdop,WS./settings/Memetic-LS_MMX_1099666.config,10,40,0.6487259490379615,0.6614664586583463,0.6862974518980759,0.6991679667186688,0.7009880395215808,0.7085283411336454,0.7245189807592304,0.7701508060322413,0.7749609984399376,0.7867914716588663,0.7981019240769631,0.8031721268850754,0.8046021840873635,0.8046021840873635
./instances/created-instances/mm-10-10-1917698.cdop,WS./settings/Memetic-LS_MMX_1099666.config,10,10,0.746049348489049,0.746049348489049,0.7515941225395065,0.8034377599112836,0.8128638757970613,0.845855281397283,0.8891045189908511,0.9229276406986415,0.9254227890213473,0.9254227890213473,0.9273634599390075,0.9273634599390075,0.9434433046853341,0.9434433046853341
./instances/created-instances/mm-5-40-1767920.cdop,WS./settings/Memetic_MPX_1287823.config,5,40,0.7892838742916023,0.8223853683668212,0.8223853683668212,0.8265069551777434,0.9155074703760948,0.9303194229778464,0.9331530139103554,0.9453889747552808,0.9488665636269964,0.9515713549716641,0.9541473467284904,0.9596857290056672,0.9645801133436372,0.9645801133436372
./instances/created-instances/mm-5-40-1110588.cdop,WS./settings/Memetic_MMX_1287823.config,5,40,0.7968832540940306,0.862783940834654,0.9178552562070788,0.9183835182250396,0.9321183306920232,0.9347596407818278,0.9508716323296355,0.9540412044374009,0.9675118858954042,0.981378763866878,0.9879820390913894,0.9992076069730587,1.0,1.0
./instances/created-instances/mm-10-25-1767920.cdop,WS./settings/Memetic-LS_MMX_1881515.config,10,25,0.7087166692655543,0.7087166692655543,0.7087166692655543,0.7087166692655543,0.7149539996881334,0.7197879307656323,0.7341337907375644,0.7759239045688445,0.7918290971464214,0.8200530173085919,0.8309683455481054,0.8652736628722907,0.8652736628722907,0.8652736628722907
./instances/created-instances/mm-25-25-1891798.cdop,WS./settings/Memetic_MPX_1287823.config,25,25,0.703427065026362,0.7229056824838899,0.7229056824838899,0.7229056824838899,0.7517574692442882,0.7517574692442882,0.7517574692442882,0.8060925600468658,0.8060925600468658,0.8060925600468658,0.8060925600468658,0.8060925600468658,0.8302577621558289,0.8302577621558289
./instances/created-instances/mm-15-10-1110588.cdop,WS./settings/Memetic-LS_MPX_1881515.config,15,10,0.5777828467153284,0.5777828467153284,0.5777828467153284,0.5777828467153284,0.5777828467153284,0.5777828467153284,0.5777828467153284,0.6046989051094891,0.6046989051094891,0.6046989051094891,0.6188412408759124,0.6204379562043796,0.677007299270073,0.677007299270073
./instances/created-instances/mm-10-10-1762875.cdop,WS./settings/Memetic-LS_MPX_1287823.config,10,10,0.7017247210010146,0.7088265133581333,0.7362191410213054,0.7554954345620561,0.7554954345620561,0.8163679404802164,0.8221170104835982,0.8221170104835982,0.8221170104835982,0.8298951640175853,0.8298951640175853,0.8298951640175853,0.861007778153534,0.861007778153534
./instances/created-instances/mm-5-40-1110588.cdop,WS./settings/Memetic-LS_MPX_1881515.config,5,40,0.7201531959852087,0.7201531959852087,0.7201531959852087,0.7201531959852087,0.7201531959852087,0.7227945060750132,0.7227945060750132,0.7227945060750132,0.7227945060750132,0.7251716851558373,0.7510565240359218,0.7682250396196514,0.8267300581088219,0.8267300581088219
./instances/created-instances/mm-10-40-1767920.cdop,WS./settings/Memetic-LS_MPX_1099666.config,10,40,0.6706246773360868,0.6706246773360868,0.6706246773360868,0.6706246773360868,0.6706246773360868,0.6706246773360868,0.6706246773360868,0.6706246773360868,0.6706246773360868,0.6706246773360868,0.6706246773360868,0.6706246773360868,0.6941146102219927,0.6941146102219927
./instances/created-instances/mm-25-10-1891798.cdop,WS./settings/Memetic-LS_MMX_1287823.config,25,10,0.5206935123042505,0.5206935123042505,0.5372856077554065,0.5423191648023863,0.5673005219985086,0.5762490678598061,0.6183818046234154,0.6791573452647278,0.7367636092468307,0.7660328113348247,0.7884041759880686,0.814131245339299,0.8542132736763609,0.8542132736763609
./instances/created-instances/mm-20-25-1767920.cdop,WS./settings/Memetic_MMX_1099666.config,20,25,0.8240185387131952,0.8287895310796074,0.8516902944383861,0.8623227917121047,0.8771810250817884,0.8827699018538713,0.9047164667393675,0.9596510359869138,0.9625136314067612,0.9807797164667393,0.9807797164667393,0.9862322791712105,1.0,1.0
./instances/created-instances/mm-5-40-1767920.cdop,WS./settings/Memetic-LS_MMX_1099666.config,5,40,0.725785677485832,0.725785677485832,0.725785677485832,0.725785677485832,0.725785677485832,0.725785677485832,0.725785677485832,0.725785677485832,0.7453632148377125,0.7769191138588356,0.7824574961360123,0.7858062854198866,0.8116950025759918,0.8116950025759918
./instances/created-instances/mm-15-25-1762875.cdop,WS./settings/Memetic_MMX_1099666.config,15,25,0.8697908942607148,0.8699391962034703,0.9016758119531366,0.9322260121607593,0.9372682782144446,0.9515052647189678,0.9694497997923773,0.9733056503040189,0.9768648969301498,0.982203766869346,0.9884324484650749,0.9919916950912057,0.9919916950912057,0.9919916950912057
./instances/created-instances/mm-15-40-1110588.cdop,WS./settings/Memetic_MMX_1099666.config,15,40,0.8184167253934695,0.8205308902983321,0.8544749823819592,0.9080338266384778,0.9135541461122857,0.9424477331454075,0.9691097016678412,0.9921306084096781,0.9921306084096781,0.9921306084096781,0.9928353300446324,0.9964763918252291,0.9990603711533944,0.9990603711533944
./instances/created-instances/mm-20-10-1917698.cdop,WS./settings/Memetic-LS_MPX_1287823.config,20,10,0.5870030945013092,0.5870030945013092,0.5870030945013092,0.5870030945013092,0.5884313258747917,0.5934301356819804,0.5934301356819804,0.5981909069269221,0.6015234467983813,0.6022375624851226,0.6074744108545584,0.6129492977862414,0.6129492977862414,0.6129492977862414
./instances/created-instances/mm-15-25-1891798.cdop,WS./settings/Memetic-LS_MPX_1881515.config,15,25,0.7187654728503053,0.7187654728503053,0.7187654728503053,0.7187654728503053,0.7187654728503053,0.7187654728503053,0.7187654728503053,0.7187654728503053,0.7187654728503053,0.7187654728503053,0.7187654728503053,0.7187654728503053,0.7187654728503053,0.7187654728503053
./instances/created-instances/mm-10-10-1767920.cdop,WS./settings/Memetic_MMX_1881515.config,10,10,0.9588100686498856,0.9638952453597762,0.9638952453597762,0.9712687515891177,0.9801678108314263,0.9801678108314263,0.9801678108314263,0.9801678108314263,0.9801678108314263,0.9801678108314263,0.9875413170607679,0.9893211289092296,0.9931350114416476,0.9931350114416476
./instances/created-instances/mm-10-25-1110588.cdop,WS./settings/Memetic-LS_MPX_1287823.config,10,25,0.666941331575478,0.666941331575478,0.666941331575478,0.666941331575478,0.666941331575478,0.684739617666447,0.684739617666447,0.6855636123928807,0.6924851680949242,0.6924851680949242,0.7153922214897824,0.7518127883981542,0.7518127883981542,0.7518127883981542
./instances/created-instances/mm-5-40-1110588.cdop,WS./settings/Memetic_MMX_1881515.config,5,40,0.8201267828843106,0.8213153724247226,0.8229001584786054,0.905837295298468,0.9323824617010037,0.9507395668251453,0.9737189646064448,0.9811146328578975,0.9986793449550977,0.9985472794506075,0.9985472794506075,0.9985472794506075,0.9996038034865293,0.9996038034865293
./instances/created-instances/mm-10-40-1917698.cdop,WS./settings/Memetic_MPX_1287823.config,10,40,0.7417568587968789,0.7449030958973069,0.7681852504404731,0.8260760130883463,0.8260760130883463,0.8260760130883463,0.8280896048326202,0.8280896048326202,0.8280896048326202,0.8280896048326202,0.8280896048326202,0.8280896048326202,0.8553989428643343,0.8553989428643343
./instances/created-instances/mm-5-40-1762875.cdop,WS./settings/Memetic_MMX_1287823.config,5,40,0.802343861654995,0.8735172216664284,0.8868086322709733,0.9221094754894955,0.9344004573388595,0.9411176218379306,0.9461197656138345,0.9631270544519079,0.9631270544519079,0.9747034443332857,0.9825639559811348,0.9885665285122195,0.989424038873803,0.989424038873803
./instances/created-instances/mm-20-25-1917698.cdop,WS./settings/Memetic_MMX_1881515.config,20,25,0.8097560975609757,0.8477134146341463,0.8809451219512195,0.9138719512195121,0.9253048780487805,0.9336890243902439,0.956859756097561,0.9617378048780488,0.9725609756097561,0.9746951219512195,0.9814024390243903,0.9856707317073171,0.9856707317073171,0.9856707317073171
./instances/created-instances/mm-20-25-1891798.cdop,WS./settings/Memetic-LS_MPX_1099666.config,20,25,0.5356760886172651,0.5356760886172651,0.5356760886172651,0.5356760886172651,0.5356760886172651,0.5356760886172651,0.5356760886172651,0.5356760886172651,0.5356760886172651,0.5381207028265852,0.5381207028265852,0.5381207028265852,0.5381207028265852,0.5381207028265852
./instances/created-instances/mm-25-25-1891798.cdop,WS./settings/Memetic-LS_MPX_1287823.config,25,25,0.3132688927943761,0.3132688927943761,0.3132688927943761,0.3132688927943761,0.3132688927943761,0.3132688927943761,0.3132688927943761,0.3132688927943761,0.3132688927943761,0.3138547158758055,0.3181019332161687,0.3188342120679555,0.3472466315172818,0.3472466315172818
./instances/created-instances/mm-15-10-1767920.cdop,WS./settings/Memetic_MPX_1881515.config,15,10,0.8360017308524448,0.8662916486369537,0.8662916486369537,0.9063176114236261,0.9063176114236261,0.9063176114236261,0.9063176114236261,0.9063176114236261,0.9063176114236261,0.9063176114236261,0.9063176114236261,0.9184335785374297,0.9184335785374297,0.9184335785374297
./instances/created-instances/mm-5-10-1917698.cdop,WS./settings/Memetic_MMX_1881515.config,5,10,0.936372269705603,0.9683444127888572,0.9683444127888572,0.9683444127888572,0.9740424184868629,0.9924026590693258,1.0,1.0,1.0,1.0,1.0,1.0,1.0,1.0
./instances/created-instances/mm-5-10-1917698.cdop,WS./settings/Memetic-LS_MMX_1881515.config,5,10,0.8831908831908832,0.8831908831908832,0.8831908831908832,0.8831908831908832,0.8831908831908832,0.8831908831908832,0.8831908831908832,0.8968027856916746,0.8968027856916746,0.8968027856916746,0.9167458056346945,0.965178854067743,0.9658119658119658,0.9658119658119658
./instances/created-instances/mm-25-25-1891798.cdop,WS./settings/Memetic-LS_MPX_1099666.config,25,25,0.3132688927943761,0.3132688927943761,0.3132688927943761,0.3132688927943761,0.3132688927943761,0.3132688927943761,0.3132688927943761,0.3132688927943761,0.32718219097832457,0.32718219097832457,0.32718219097832457,0.32718219097832457,0.32718219097832457,0.32718219097832457
./instances/created-instances/mm-20-10-1917698.cdop,WS./settings/Memetic_MPX_1099666.config,20,10,0.7500595096405618,0.7500595096405618,0.7907641037848131,0.7907641037848131,0.8064746488931207,0.8064746488931207,0.8157581528207569,0.8157581528207569,0.8188526541299691,0.8497976672220899,0.8497976672220899,0.8497976672220899,0.8497976672220899,0.8497976672220899
./instances/created-instances/mm-15-10-1762875.cdop,WS./settings/Memetic-LS_MMX_1287823.config,15,10,0.6930197648236177,0.6930197648236177,0.6930197648236177,0.6930197648236177,0.7140355266449837,0.7690768076057043,0.8178633975481612,0.8178633975481612,0.8401300975731799,0.8431323492619465,0.8834125594195646,0.8834125594195646,0.9054290718038529,0.9054290718038529
./instances/created-instances/mm-25-10-1762875.cdop,WS./settings/Memetic_MMX_1287823.config,25,10,0.9081515499425947,0.9081515499425947,0.9104477611940298,0.9314963643321852,0.9360887868350555,0.9393417527745886,0.9422120168388826,0.9580941446613088,0.9776119402985075,0.9900497512437811,0.9900497512437811,0.9944508228090317,1.0,1.0
./instances/created-instances/mm-15-40-1917698.cdop,WS./settings/Memetic-LS_MMX_1881515.config,15,40,0.6075535512965051,0.6075535512965051,0.6075535512965051,0.6075535512965051,0.6093573844419391,0.6649379932356257,0.6818489289740699,0.6894024802705749,0.7055242390078917,0.7307779030439684,0.7463359639233371,0.7717023675310034,0.8105975197294251,0.8105975197294251
./instances/created-instances/mm-15-40-1762875.cdop,WS./settings/Memetic_MMX_1287823.config,15,40,0.7659630606860158,0.8171503957783641,0.8300791556728232,0.8825857519788918,0.9046174142480211,0.9274406332453826,0.9266490765171504,0.9469656992084433,0.9682058047493404,0.9716358839050132,0.9939313984168865,0.9974934036939314,0.9974934036939314,0.9974934036939314
./instances/created-instances/mm-15-40-1110588.cdop,WS./settings/Memetic_MPX_1287823.config,15,40,0.7782475922010805,0.7782475922010805,0.7782475922010805,0.7782475922010805,0.806553911205074,0.806553911205074,0.806553911205074,0.823702137655626,0.8265210241954428,0.8265210241954428,0.8393234672304439,0.8393234672304439,0.8998120742306789,0.8998120742306789
./instances/created-instances/mm-20-10-1110588.cdop,WS./settings/Memetic-LS_MMX_1099666.config,20,10,0.5958381502890173,0.5958381502890173,0.5958381502890173,0.5958381502890173,0.6686705202312139,0.717456647398844,0.7477456647398844,0.7694797687861271,0.7907514450867053,0.8233526011560693,0.8513294797687861,0.8513294797687861,0.8534104046242774,0.8534104046242774
./instances/created-instances/mm-15-25-1767920.cdop,WS./settings/Memetic-LS_MMX_1287823.config,15,25,0.6165008967878689,0.6165008967878689,0.6592206098157508,0.6727539540192402,0.6727539540192402,0.6727539540192402,0.6804174139898908,0.6972118049894016,0.7342246861242459,0.8121637045491603,0.8522745801402251,0.8615685635088863,0.8959726072069134,0.8959726072069134
./instances/created-instances/mm-15-10-1917698.cdop,WS./settings/Memetic_MPX_1099666.config,15,10,0.8307767226686146,0.8307767226686146,0.8419771122473825,0.8894570245921597,0.8894570245921597,0.8894570245921597,0.8894570245921597,0.8894570245921597,0.8894570245921597,0.8894570245921597,0.9247626004382761,0.9517896274653032,0.9517896274653032,0.9517896274653032
./instances/created-instances/mm-20-25-1917698.cdop,WS./settings/Memetic-LS_MMX_1099666.config,20,25,0.623780487804878,0.6353658536585366,0.6419207317073171,0.6867378048780488,0.7050304878048781,0.7060975609756097,0.7355182926829268,0.7483231707317073,0.7496951219512196,0.7594512195121951,0.7710365853658536,0.7942073170731707,0.8161585365853659,0.8161585365853659
./instances/created-instances/mm-5-10-1891798.cdop,WS./settings/Memetic-LS_MMX_1099666.config,5,10,0.7692307692307693,0.8008130081300813,0.8258286429018137,0.8314571607254534,0.875234521575985,0.8852407754846779,0.9180737961225766,0.9183864915572233,0.9346466541588493,0.9452782989368356,0.965603502188868,0.9731081926203877,0.9821763602251408,0.9821763602251408
./instances/created-instances/mm-25-25-1917698.cdop,WS./settings/Memetic_MMX_1099666.config,25,25,0.7964922890837617,0.8720895071061385,0.8674024795887512,0.9068642273964318,0.9290898094950106,0.9375566979135168,0.9557000302388872,0.9603870577562745,0.9886604172966434,0.9886604172966434,0.9934986392500756,1.003023888720895,0.9980344723314182,0.9980344723314182
./instances/created-instances/mm-15-25-1917698.cdop,WS./settings/Memetic-LS_MPX_1881515.config,15,25,0.6763087564848295,0.6763087564848295,0.6763087564848295,0.6847979877377771,0.6896714353089137,0.6896714353089137,0.7113661373997799,0.7113661373997799,0.7113661373997799,0.7113661373997799,0.7113661373997799,0.7236283603207043,0.7236283603207043,0.7236283603207043
./instances/created-instances/mm-15-25-1762875.cdop,WS./settings/Memetic_MPX_1099666.config,15,25,0.7931187898561471,0.8413169212516683,0.8413169212516683,0.8413169212516683,0.8413169212516683,0.8582233427257897,0.8582233427257897,0.8582233427257897,0.8582233427257897,0.8582233427257897,0.8582233427257897,0.901824113895892,0.901824113895892,0.901824113895892
./instances/created-instances/mm-10-40-1917698.cdop,WS./settings/Memetic_MPX_1099666.config,10,40,0.7518248175182481,0.7518248175182481,0.7817769947143217,0.784293984394664,0.8385351120060408,0.8385351120060408,0.8385351120060408,0.8440724893027939,0.8440724893027939,0.8452051346589479,0.8526302542159577,0.8532595016360432,0.881198087087843,0.881198087087843
./instances/created-instances/mm-15-25-1762875.cdop,WS./settings/Memetic_MPX_1287823.config,15,25,0.7768055761530476,0.8079489841316921,0.8138810618419101,0.8138810618419101,0.8462108853625983,0.8462108853625983,0.8479905086756636,0.8522912650155717,0.8723120272875574,0.8751297641999111,0.8819516535666617,0.9236244994809432,0.9236244994809432,0.9236244994809432
./instances/created-instances/mm-20-10-1891798.cdop,WS./settings/Memetic-LS_MPX_1287823.config,20,10,0.6369617224880383,0.6369617224880383,0.6369617224880383,0.6369617224880383,0.6369617224880383,0.6369617224880383,0.6369617224880383,0.6369617224880383,0.6369617224880383,0.6499202551834131,0.6499202551834131,0.6559011164274322,0.6559011164274322,0.6559011164274322
./instances/created-instances/mm-10-10-1891798.cdop,WS./settings/Memetic_MMX_1099666.config,10,10,0.9253731343283582,0.9540757749712974,0.9661308840413318,0.9661308840413318,0.9695752009184845,0.9758897818599311,0.9827784156142365,0.993398392652124,0.9997129735935706,0.9997129735935706,0.9997129735935706,0.9997129735935706,0.9997129735935706,0.9997129735935706
./instances/created-instances/mm-10-25-1891798.cdop,WS./settings/Memetic-LS_MPX_1881515.config,10,25,0.8115628381511826,0.8115628381511826,0.8115628381511826,0.8115628381511826,0.8115628381511826,0.8115628381511826,0.8115628381511826,0.8115628381511826,0.8115628381511826,0.8115628381511826,0.8115628381511826,0.8115628381511826,0.8115628381511826,0.8115628381511826
./instances/created-instances/mm-15-25-1767920.cdop,WS./settings/Memetic-LS_MPX_1099666.config,15,25,0.6117723789336377,0.6117723789336377,0.6117723789336377,0.6117723789336377,0.6117723789336377,0.6117723789336377,0.6155225827490625,0.6173161584868743,0.6173161584868743,0.6226968857003098,0.6300342409913582,0.6605250285341595,0.661666394912767,0.661666394912767
./instances/created-instances/mm-5-40-1767920.cdop,WS./settings/Memetic-LS_MPX_1881515.config,5,40,0.725785677485832,0.725785677485832,0.725785677485832,0.725785677485832,0.725785677485832,0.725785677485832,0.725785677485832,0.725785677485832,0.725785677485832,0.725785677485832,0.725785677485832,0.725785677485832,0.725785677485832,0.725785677485832
./instances/created-instances/mm-25-25-1762875.cdop,WS./settings/Memetic-LS_MPX_1099666.config,25,25,0.47904747177980517,0.47904747177980517,0.47904747177980517,0.47904747177980517,0.47904747177980517,0.47904747177980517,0.47904747177980517,0.47904747177980517,0.47904747177980517,0.4988402659656719,0.4988402659656719,0.5056440389670636,0.5056440389670636,0.5056440389670636
./instances/created-instances/mm-10-25-1891798.cdop,WS./settings/Memetic-LS_MPX_1287823.config,10,25,0.8115628381511826,0.8115628381511826,0.8115628381511826,0.8115628381511826,0.8115628381511826,0.8115628381511826,0.8115628381511826,0.8115628381511826,0.8115628381511826,0.8115628381511826,0.8115628381511826,0.8115628381511826,0.8115628381511826,0.8115628381511826
./instances/created-instances/mm-5-25-1767920.cdop,WS./settings/Memetic_MMX_1099666.config,5,25,0.8741333333333333,0.9342222222222222,0.9671111111111111,0.9834666666666667,0.9850666666666666,0.9856,0.9873777777777778,0.9893333333333333,0.9939555555555556,0.9955555555555555,0.9955555555555555,0.9968,0.9980444444444444,0.9980444444444444
./instances/created-instances/mm-15-25-1767920.cdop,WS./settings/Memetic-LS_MPX_1287823.config,15,25,0.6117723789336377,0.6117723789336377,0.6117723789336377,0.6117723789336377,0.6117723789336377,0.6117723789336377,0.6117723789336377,0.6117723789336377,0.6155225827490625,0.6155225827490625,0.6155225827490625,0.6331322354475787,0.6331322354475787,0.6331322354475787
./instances/created-instances/mm-15-10-1110588.cdop,WS./settings/Memetic_MPX_1287823.config,15,10,0.7630018248175182,0.7630018248175182,0.8001824817518248,0.8001824817518248,0.8001824817518248,0.8305200729927007,0.8505930656934306,0.8505930656934306,0.8505930656934306,0.8505930656934306,0.8505930656934306,0.894844890510949,0.9078467153284672,0.9078467153284672
./instances/created-instances/mm-15-40-1762875.cdop,WS./settings/Memetic-LS_MPX_1099666.config,15,40,0.6821899736147757,0.6821899736147757,0.6821899736147757,0.6821899736147757,0.6821899736147757,0.6821899736147757,0.6821899736147757,0.6821899736147757,0.6821899736147757,0.6821899736147757,0.6821899736147757,0.6821899736147757,0.6849604221635884,0.6849604221635884
./instances/created-instances/mm-15-10-1762875.cdop,WS./settings/Memetic-LS_MMX_1881515.config,15,10,0.6930197648236177,0.6930197648236177,0.6930197648236177,0.6930197648236177,0.7638228671503627,0.7868401300975731,0.7970978233675257,0.8241180885664248,0.8241180885664248,0.8448836627470603,0.8939204403302476,0.9194395796847635,0.92694520890668,0.92694520890668
./instances/created-instances/mm-20-10-1762875.cdop,WS./settings/Memetic-LS_MMX_1287823.config,20,10,0.4954271693062681,0.500334597367834,0.5056881552531787,0.5279946464421147,0.5623466428730761,0.6444345304483605,0.7508364934195851,0.7508364934195851,0.8012491635065804,0.8516618335935757,0.8516618335935757,0.8516618335935757,0.8527771581530226,0.8527771581530226
./instances/created-instances/mm-10-25-1762875.cdop,WS./settings/Memetic_MMX_1881515.config,10,25,0.88392549154881,0.885995170748534,0.9139358399448085,0.9432562952742325,0.948258020006899,0.9603311486719558,0.9661952397378406,0.9829251466022767,0.9901690238013108,0.9901690238013108,0.9901690238013108,0.9901690238013108,0.9937909624008279,0.9937909624008279
./instances/created-instances/mm-10-40-1767920.cdop,WS./settings/Memetic-LS_MMX_1099666.config,10,40,0.6706246773360868,0.6777232834279814,0.6977284460505937,0.6996644295302014,0.7121837893649974,0.7121837893649974,0.7121837893649974,0.7249612803304079,0.7359318533815178,0.7396747547754259,0.7598089829633454,0.7623902942694889,0.7787816210635002,0.7787816210635002
./instances/created-instances/mm-5-10-1917698.cdop,WS./settings/Memetic_MMX_1099666.config,5,10,0.9575815131370687,0.9768914213358658,0.9775245330800887,0.9775245330800887,0.9775245330800887,0.9854384298828743,0.9898702120924343,0.9898702120924343,0.9898702120924343,0.9930357708135485,0.9930357708135485,1.0,1.0,1.0
./instances/created-instances/mm-15-40-1110588.cdop,WS./settings/Memetic_MPX_1099666.config,15,40,0.6842847075405215,0.7148226450552032,0.7396053558844257,0.7639182522903453,0.7639182522903453,0.7639182522903453,0.7916373032652102,0.8136011275546159,0.8332158797275077,0.8332158797275077,0.8332158797275077,0.8332158797275077,0.8332158797275077,0.8332158797275077
./instances/created-instances/mm-15-10-1917698.cdop,WS./settings/Memetic-LS_MPX_1099666.config,15,10,0.7185293401509618,0.7185293401509618,0.7185293401509618,0.7185293401509618,0.7185293401509618,0.7185293401509618,0.7185293401509618,0.7185293401509618,0.7185293401509618,0.7255904553201851,0.7465303140978816,0.7682006330654979,0.7682006330654979,0.7682006330654979
./instances/created-instances/mm-5-10-1110588.cdop,WS./settings/Memetic_MPX_1099666.config,5,10,0.9735585751009915,0.9735585751009915,0.9735585751009915,0.9735585751009915,0.9746603011384503,0.9915534337128168,0.9915534337128168,1.0,1.0,1.0,1.0,1.0,1.0,1.0
./instances/created-instances/mm-5-10-1917698.cdop,WS./settings/Memetic-LS_MMX_1099666.config,5,10,0.8689458689458689,0.8695789806900918,0.8695789806900918,0.9040835707502374,0.9195948084836973,0.9303577081354859,0.9303577081354859,0.9303577081354859,0.9303577081354859,0.938588160810383,0.9544159544159544,0.9838556505223172,0.9838556505223172,0.9838556505223172
./instances/created-instances/mm-25-10-1917698.cdop,WS./settings/Memetic-LS_MPX_1287823.config,25,10,0.5703777335984096,0.5703777335984096,0.5703777335984096,0.5703777335984096,0.5703777335984096,0.5703777335984096,0.5703777335984096,0.5703777335984096,0.5703777335984096,0.5703777335984096,0.5703777335984096,0.5703777335984096,0.5703777335984096,0.5703777335984096
./instances/created-instances/mm-5-40-1917698.cdop,WS./settings/Memetic_MMX_1881515.config,5,40,0.8363493312352478,0.8768686073957513,0.8768686073957513,0.9162077104642015,0.9370574350904799,0.9353527406241804,0.9417781274586939,0.9544977707841594,0.9754786257539995,0.975609756097561,0.987673747705219,0.987936008392342,0.987149226330973,0.987149226330973
./instances/created-instances/mm-15-25-1917698.cdop,WS./settings/Memetic-LS_MMX_1881515.config,15,25,0.6763087564848295,0.6766231724571609,0.6921867630875649,0.6951737148247131,0.6951737148247131,0.7112089294136142,0.7112089294136142,0.7506681339412042,0.7706335481842478,0.7920138343027826,0.7942147461091024,0.8339883666090238,0.8581983964785411,0.8581983964785411
./instances/created-instances/mm-15-40-1917698.cdop,WS./settings/Memetic-LS_MPX_1881515.config,15,40,0.6075535512965051,0.6075535512965051,0.6075535512965051,0.6075535512965051,0.6085682074408117,0.6085682074408117,0.6085682074408117,0.6085682074408117,0.6085682074408117,0.6085682074408117,0.6085682074408117,0.6085682074408117,0.6085682074408117,0.6085682074408117
./instances/created-instances/mm-15-40-1891798.cdop,WS./settings/Memetic_MPX_1881515.config,15,40,0.6865906409752262,0.7850308035129112,0.7850308035129112,0.8153100013107878,0.8153100013107878,0.8153100013107878,0.8153100013107878,0.8501769563507668,0.8577795254948224,0.8769170271333071,0.8778345785817276,0.8778345785817276,0.8778345785817276,0.8778345785817276
./instances/created-instances/mm-5-40-1762875.cdop,WS./settings/Memetic-LS_MMX_1287823.config,5,40,0.7268829498356438,0.7268829498356438,0.7268829498356438,0.7268829498356438,0.7407460340145777,0.7490353008432186,0.7490353008432186,0.7656138345005002,0.7944833500071459,0.7959125339431184,0.801200514506217,0.8093468629412606,0.8352150921823639,0.8352150921823639
./instances/created-instances/mm-10-40-1917698.cdop,WS./settings/Memetic-LS_MMX_1099666.config,10,40,0.6615907374779764,0.6696451044550717,0.674301535363705,0.6789579662723383,0.6789579662723383,0.6935565064183237,0.6935565064183237,0.6935565064183237,0.7012333249433678,0.7092876919204631,0.7749811225773975,0.7808960483262019,0.7977598791844953,0.7977598791844953
./instances/created-instances/mm-10-25-1767920.cdop,WS./settings/Memetic-LS_MPX_1287823.config,10,25,0.7087166692655543,0.7087166692655543,0.7087166692655543,0.7087166692655543,0.7087166692655543,0.7087166692655543,0.7087166692655543,0.7087166692655543,0.7087166692655543,0.7087166692655543,0.7087166692655543,0.7087166692655543,0.7087166692655543,0.7087166692655543
./instances/created-instances/mm-10-25-1891798.cdop,WS./settings/Memetic_MPX_1881515.config,10,25,0.8115628381511826,0.8684495285206368,0.8684495285206368,0.8684495285206368,0.8931828721595301,0.9149791312413047,0.9149791312413047,0.9281187200494667,0.9390941412892255,0.9390941412892255,0.9390941412892255,0.9426495594373164,0.9511516463131859,0.9511516463131859
./instances/created-instances/mm-25-10-1110588.cdop,WS./settings/Memetic-LS_MMX_1287823.config,25,10,0.6154596915869608,0.6154596915869608,0.6154596915869608,0.6496193636541089,0.666211204372438,0.6763615069295335,0.6802654694514932,0.6982236970525083,0.7122779621315636,0.7290650009759906,0.7741557681046262,0.8192465352332617,0.8247120827640054,0.8247120827640054
./instances/created-instances/mm-10-40-1917698.cdop,WS./settings/Memetic-LS_MMX_1287823.config,10,40,0.6712811477472942,0.6712811477472942,0.6712811477472942,0.6758117291719103,0.6838660961490058,0.6931789579662724,0.6931789579662724,0.6931789579662724,0.6931789579662724,0.7141958217971306,0.7184747042537125,0.7859300276868865,0.791970802919708,0.791970802919708
./instances/created-instances/mm-15-25-1891798.cdop,WS./settings/Memetic_MMX_1287823.config,15,25,0.8986631457336194,0.9161577818121802,0.958739065852451,0.958739065852451,0.960554546954943,0.9678164713649117,0.9734279584089783,0.9773890080871431,0.9813500577653078,0.9836606700775705,0.9836606700775705,0.9836606700775705,0.9836606700775705,0.9836606700775705
./instances/created-instances/mm-15-40-1891798.cdop,WS./settings/Memetic-LS_MMX_1287823.config,15,40,0.5977192292567833,0.6000786472670074,0.6000786472670074,0.6044042469524185,0.6207890942456417,0.6279984270546598,0.6365185476471359,0.6664045091099751,0.6792502293878621,0.7173941538864858,0.7535718967099226,0.7910604273168174,0.8079695897234238,0.8079695897234238
./instances/created-instances/mm-25-25-1891798.cdop,WS./settings/Memetic_MMX_1287823.config,25,25,0.8337727006444053,0.864821323960164,0.8700937316930287,0.8982132396016403,0.9077328646748682,0.9194493263034563,0.9446397188049209,0.961335676625659,0.9749560632688928,0.9893087287639133,0.9917984768599882,0.9917984768599882,0.9937024018746339,0.9937024018746339
./instances/created-instances/mm-15-10-1767920.cdop,WS./settings/Memetic_MPX_1287823.config,15,10,0.8472522717438339,0.8569883167459974,0.8569883167459974,0.8569883167459974,0.8680225010817828,0.8680225010817828,0.9147555170921678,0.9283859800951969,0.9283859800951969,0.9283859800951969,0.9344439636520987,0.9344439636520987,0.9415837299870186,0.9415837299870186
./instances/created-instances/mm-20-25-1767920.cdop,WS./settings/Memetic-LS_MMX_1287823.config,20,25,0.5598418756815703,0.5598418756815703,0.5598418756815703,0.5785169029443838,0.6161395856052344,0.6161395856052344,0.6244547437295529,0.6498091603053435,0.6701199563794984,0.707742639040349,0.7251908396946565,0.7493184296619411,0.7742639040348964,0.7742639040348964
./instances/created-instances/mm-20-25-1110588.cdop,WS./settings/Memetic-LS_MMX_1881515.config,20,25,0.6389614380089107,0.6389614380089107,0.6389614380089107,0.6389614380089107,0.656014748809341,0.656014748809341,0.659087417422031,0.6928867721616224,0.7170072207712398,0.7431249039791058,0.7475802734675066,0.7626363496696881,0.7918267014902443,0.7918267014902443
./instances/created-instances/mm-25-25-1891798.cdop,WS./settings/Memetic-LS_MMX_1099666.config,25,25,0.3355301698886936,0.3495899238429994,0.36101347393087285,0.3630638547158758,0.3832747510251904,0.44229642647920325,0.47290568248388987,0.5344171060339777,0.5760105448154658,0.6688635032220269,0.7047451669595782,0.7582015231400118,0.7680140597539543,0.7680140597539543
./instances/created-instances/mm-25-25-1767920.cdop,WS./settings/Memetic_MMX_1881515.config,25,25,0.8169052863436124,0.8455396475770925,0.875,0.9101046255506607,0.9164372246696035,0.9271751101321586,0.9431442731277533,0.9452092511013216,0.9454845814977973,0.9595264317180616,0.9834801762114538,0.9849944933920705,0.9851321585903083,0.9851321585903083
./instances/created-instances/mm-10-40-1891798.cdop,WS./settings/Memetic_MMX_1099666.config,10,40,0.8192552225249773,0.849227974568574,0.8799792396522642,0.8799792396522642,0.8899701570001297,0.9094329830024653,0.9247437394576359,0.927209030751265,0.9383677176592707,0.951602439340859,0.9617231088620735,0.97041650447645,0.97041650447645,0.97041650447645
./instances/created-instances/mm-20-25-1762875.cdop,WS./settings/Memetic-LS_MPX_1099666.config,20,25,0.32390706206053194,0.32390706206053194,0.32390706206053194,0.32390706206053194,0.32390706206053194,0.32390706206053194,0.32390706206053194,0.32390706206053194,0.32390706206053194,0.3393457658208499,0.3601345154387038,0.3601345154387038,0.38764903699174563,0.38764903699174563
./instances/created-instances/mm-20-25-1767920.cdop,WS./settings/Memetic-LS_MPX_1881515.config,20,25,0.5598418756815703,0.5598418756815703,0.5598418756815703,0.5598418756815703,0.5598418756815703,0.5598418756815703,0.5598418756815703,0.5598418756815703,0.5598418756815703,0.5598418756815703,0.5598418756815703,0.5598418756815703,0.5598418756815703,0.5598418756815703
./instances/created-instances/mm-20-25-1891798.cdop,WS./settings/Memetic-LS_MMX_1287823.config,20,25,0.5387318563789152,0.5515660809778457,0.5789152024446143,0.5928189457601223,0.6216959511077158,0.6216959511077158,0.6551566080977845,0.6776165011459129,0.7109243697478992,0.761344537815126,0.7795263559969442,0.8168067226890756,0.8317799847211612,0.8317799847211612
./instances/created-instances/mm-10-10-1767920.cdop,WS./settings/Memetic_MPX_1881515.config,10,10,0.9445715738621917,0.9445715738621917,0.9445715738621917,0.9445715738621917,0.9445715738621917,0.9445715738621917,0.9445715738621917,0.9445715738621917,0.9445715738621917,0.9445715738621917,0.9491482329010933,0.950419527078566,0.954233409610984,0.954233409610984
./instances/created-instances/mm-25-10-1762875.cdop,WS./settings/Memetic_MPX_1287823.config,25,10,0.7543053960964409,0.7543053960964409,0.7543053960964409,0.7854955989284348,0.789131266743207,0.789131266743207,0.8038652889399158,0.8038652889399158,0.815537696134711,0.815537696134711,0.8239571373899732,0.8239571373899732,0.8352468427095293,0.8352468427095293
./instances/created-instances/mm-15-10-1767920.cdop,WS./settings/Memetic-LS_MMX_1099666.config,15,10,0.7001298139333622,0.7001298139333622,0.7312851579402856,0.7312851579402856,0.7312851579402856,0.7312851579402856,0.7312851579402856,0.7317178710514929,0.7434011250540892,0.8615318044136737,0.8740804846386846,0.8885763738641281,0.8996105581999134,0.8996105581999134
./instances/created-instances/mm-10-40-1767920.cdop,WS./settings/Memetic-LS_MMX_1287823.config,10,40,0.6715281362932369,0.6819824470831182,0.6819824470831182,0.6875322663913268,0.6875322663913268,0.6875322663913268,0.6876613319566339,0.6876613319566339,0.752194114610222,0.7598089829633454,0.7882034073309241,0.7928497676819825,0.7960764068146619,0.7960764068146619
./instances/created-instances/mm-15-10-1891798.cdop,WS./settings/Memetic_MPX_1099666.config,15,10,0.8094405594405595,0.8236451048951049,0.8315122377622378,0.8389423076923077,0.8579545454545454,0.8690996503496503,0.8699737762237763,0.8957604895104895,0.8957604895104895,0.8957604895104895,0.9121503496503497,0.9121503496503497,0.9121503496503497,0.9121503496503497
./instances/created-instances/mm-5-25-1891798.cdop,WS./settings/Memetic-LS_MPX_1099666.config,5,25,0.6991517436380773,0.6991517436380773,0.6991517436380773,0.6991517436380773,0.7230914231856739,0.7517436380772856,0.7517436380772856,0.7675777568331762,0.7986804901036758,0.8065975494816211,0.8418473138548539,0.8459943449575872,0.8946277097078228,0.8946277097078228
./instances/created-instances/mm-25-25-1917698.cdop,WS./settings/Memetic_MMX_1881515.config,25,25,0.8454792863622619,0.8415482310250982,0.8863017840943453,0.9104928938615059,0.9298457816752344,0.9414877532506803,0.9525249470819473,0.9631085576050802,0.9721802237677654,0.9721802237677654,0.9777744179014213,0.9918355004535833,1.0,1.0
./instances/created-instances/mm-5-25-1762875.cdop,WS./settings/Memetic_MMX_1287823.config,5,25,0.8547524581680179,0.9223736415387269,0.9223736415387269,0.9282387441780231,0.9335863377609108,0.9516991547352078,0.9592892875625323,0.9825771951009142,0.9860272554769709,0.9860272554769709,0.9884422977402104,0.9884422977402104,0.9872347766085906,0.9872347766085906
./instances/created-instances/mm-10-10-1762875.cdop,WS./settings/Memetic_MPX_1881515.config,10,10,0.8907676699357457,0.9296584376056815,0.9296584376056815,0.9296584376056815,0.9296584376056815,0.9296584376056815,0.9296584376056815,0.9313493405478526,0.9523165370307745,0.9523165370307745,0.9611092323300643,0.9617855935069327,0.9678728440987487,0.9678728440987487
./instances/created-instances/mm-15-40-1110588.cdop,WS./settings/Memetic-LS_MMX_1881515.config,15,40,0.6707775428705661,0.6707775428705661,0.681348367394879,0.6819356354240075,0.6933286351891003,0.7046041813483674,0.7270378200610759,0.7361992013154803,0.7398402630960771,0.7484143763213531,0.7787174066243834,0.8013859525487432,0.8013859525487432,0.8013859525487432
./instances/created-instances/mm-25-10-1110588.cdop,WS./settings/Memetic_MMX_1287823.config,25,10,0.8461838766347843,0.8904938512590279,0.8904938512590279,0.9152840132734725,0.9334374390005856,0.9539332422408745,0.9648643373023619,0.9705250829592036,0.9746242436072614,0.981456178020691,0.9982432168651181,0.9982432168651181,0.9982432168651181,0.9982432168651181
./instances/created-instances/mm-5-10-1762875.cdop,WS./settings/Memetic_MPX_1287823.config,5,10,0.9563876651982379,0.9563876651982379,0.9563876651982379,0.9634361233480176,0.9709251101321585,0.9770925110132158,0.9845814977973568,0.9876651982378855,0.9907488986784141,0.9964757709251101,0.9964757709251101,0.9964757709251101,0.9964757709251101,0.9964757709251101
./instances/created-instances/mm-15-25-1891798.cdop,WS./settings/Memetic-LS_MMX_1287823.config,15,25,0.7187654728503053,0.7187654728503053,0.7187654728503053,0.7187654728503053,0.7212411288991583,0.744512295758376,0.744512295758376,0.7719095560323486,0.7719095560323486,0.7730648621884799,0.826869120316884,0.8575672553226605,0.8885954778016174,0.8885954778016174
./instances/created-instances/mm-5-40-1917698.cdop,WS./settings/Memetic-LS_MPX_1881515.config,5,40,0.7391817466561762,0.7391817466561762,0.7391817466561762,0.7391817466561762,0.7391817466561762,0.7391817466561762,0.7391817466561762,0.7391817466561762,0.7391817466561762,0.7391817466561762,0.7391817466561762,0.7391817466561762,0.7391817466561762,0.7391817466561762
./instances/created-instances/mm-10-25-1762875.cdop,WS./settings/Memetic_MPX_1099666.config,10,25,0.8621938599517075,0.8621938599517075,0.8621938599517075,0.8675405312176613,0.8675405312176613,0.8675405312176613,0.8675405312176613,0.8675405312176613,0.9099689548120041,0.9370472576750604,0.9370472576750604,0.9370472576750604,0.9370472576750604,0.9370472576750604
./instances/created-instances/mm-25-10-1767920.cdop,WS./settings/Memetic-LS_MPX_1881515.config,25,10,0.5014505690694041,0.5014505690694041,0.5014505690694041,0.5139477795135015,0.5139477795135015,0.5139477795135015,0.5139477795135015,0.5139477795135015,0.5139477795135015,0.5197500557911181,0.5197500557911181,0.5661682660120508,0.5817897790671726,0.5817897790671726
./instances/created-instances/mm-5-25-1110588.cdop,WS./settings/Memetic-LS_MMX_1099666.config,5,25,0.6484665839390179,0.6764758021627371,0.7399397269987591,0.8074809430951959,0.808544584293565,0.8236128346037936,0.8291083141287006,0.8652721148732494,0.8682857649352952,0.8700585002659103,0.8845949299769544,0.8845949299769544,0.91100868640312,0.91100868640312
./instances/created-instances/mm-5-10-1767920.cdop,WS./settings/Memetic_MPX_1287823.config,5,10,0.955130320026394,0.955130320026394,0.9795447047179149,0.9795447047179149,0.9795447047179149,0.9901022764764105,0.9901022764764105,0.9901022764764105,0.9901022764764105,0.9973606070603761,0.9973606070603761,0.9973606070603761,0.9973606070603761,0.9973606070603761
./instances/created-instances/mm-25-10-1917698.cdop,WS./settings/Memetic-LS_MPX_1881515.config,25,10,0.5703777335984096,0.5703777335984096,0.5703777335984096,0.5703777335984096,0.5703777335984096,0.5703777335984096,0.5703777335984096,0.5703777335984096,0.5703777335984096,0.5703777335984096,0.5703777335984096,0.5703777335984096,0.5703777335984096,0.5703777335984096
./instances/created-instances/mm-15-10-1762875.cdop,WS./settings/Memetic_MMX_1099666.config,15,10,0.9362021516137102,0.9362021516137102,0.9467100325243933,0.9659744808606455,0.9659744808606455,0.9659744808606455,0.968476357267951,0.968476357267951,0.9774831123342507,0.9849887415561671,0.9974981235926945,0.9974981235926945,1.0,1.0
./instances/created-instances/mm-25-25-1110588.cdop,WS./settings/Memetic_MPX_1099666.config,25,25,0.6877551020408164,0.7099319727891157,0.7644897959183673,0.7644897959183673,0.7644897959183673,0.7644897959183673,0.7644897959183673,0.7644897959183673,0.8039455782312925,0.8039455782312925,0.811156462585034,0.811156462585034,0.811156462585034,0.811156462585034
./instances/created-instances/mm-10-40-1917698.cdop,WS./settings/Memetic-LS_MPX_1881515.config,10,40,0.6570601560533602,0.6570601560533602,0.6570601560533602,0.6570601560533602,0.6570601560533602,0.6570601560533602,0.6570601560533602,0.6570601560533602,0.6570601560533602,0.6570601560533602,0.6570601560533602,0.6570601560533602,0.6570601560533602,0.6570601560533602
./instances/created-instances/mm-5-25-1762875.cdop,WS./settings/Memetic-LS_MMX_1881515.config,5,25,0.7793686389511817,0.7793686389511817,0.7859237536656891,0.8055890978092116,0.8055890978092116,0.8178368121442126,0.8276694842159737,0.8323270657236501,0.8342245989304813,0.8390546834569605,0.839572192513369,0.8571675004312576,0.8751078143867518,0.8751078143867518
./instances/created-instances/mm-25-10-1917698.cdop,WS./settings/Memetic_MPX_1099666.config,25,10,0.7606361829025845,0.7864811133200795,0.7864811133200795,0.7864811133200795,0.7864811133200795,0.7864811133200795,0.8292246520874752,0.8292246520874752,0.8292246520874752,0.8292246520874752,0.8473161033797216,0.8723658051689861,0.8872763419483102,0.8872763419483102
./instances/created-instances/mm-10-25-1110588.cdop,WS./settings/Memetic-LS_MMX_1881515.config,10,25,0.666941331575478,0.6773236651285431,0.6773236651285431,0.6784772577455505,0.6784772577455505,0.7190177982860909,0.757251153592617,0.7968029004614371,0.7999340804218853,0.8121292023731048,0.8187211601845749,0.8531641397495056,0.8650296638101516,0.8650296638101516
./instances/created-instances/mm-20-10-1762875.cdop,WS./settings/Memetic-LS_MPX_1287823.config,20,10,0.37764889582868616,0.37764889582868616,0.37764889582868616,0.3901405308944903,0.3901405308944903,0.42694624135623466,0.42694624135623466,0.42694624135623466,0.42694624135623466,0.460629043051528,0.4811510149453491,0.5137184920811956,0.5186259201427615,0.5186259201427615
./instances/created-instances/mm-20-10-1917698.cdop,WS./settings/Memetic-LS_MMX_1099666.config,20,10,0.5646274696500834,0.6491311592477982,0.6945965246369912,0.7512497024517972,0.7598190906926923,0.7598190906926923,0.8093311116400856,0.8519400142823137,0.8519400142823137,0.8683646750773625,0.8878838371816234,0.8878838371816234,0.8943108783622947,0.8943108783622947
./instances/created-instances/mm-5-25-1767920.cdop,WS./settings/Memetic-LS_MMX_1881515.config,5,25,0.792,0.7912888888888889,0.8247111111111111,0.8366222222222223,0.8366222222222223,0.8366222222222223,0.8366222222222223,0.8478222222222223,0.8638222222222223,0.8698666666666667,0.9091555555555556,0.9239111111111111,0.9404444444444444,0.9404444444444444
./instances/created-instances/mm-25-25-1917698.cdop,WS./settings/Memetic_MPX_1099666.config,25,25,0.7051708497127306,0.7449349863925008,0.7449349863925008,0.7449349863925008,0.7449349863925008,0.7449349863925008,0.7769882068339885,0.7769882068339885,0.8054127608104021,0.8296038705775628,0.8296038705775628,0.8296038705775628,0.8353492591472634,0.8353492591472634
./instances/created-instances/mm-5-25-1762875.cdop,WS./settings/Memetic_MMX_1881515.config,5,25,0.9154735207866138,0.9154735207866138,0.9420389856822494,0.9423839917198551,0.9577367603933069,0.9629118509573917,0.969639468690702,0.969639468690702,0.969639468690702,0.969639468690702,0.969639468690702,0.9841297222701397,0.9841297222701397,0.9841297222701397
./instances/created-instances/mm-5-25-1110588.cdop,WS./settings/Memetic_MPX_1287823.config,5,25,0.8867222123736926,0.9005495479524906,0.9104768658039355,0.9104768658039355,0.9498315901435915,0.9498315901435915,0.956213437333806,0.9645452933876972,0.9645452933876972,0.9645452933876972,0.9691544052472966,0.9691544052472966,0.9702180464456657,0.9702180464456657
./instances/created-instances/mm-25-10-1767920.cdop,WS./settings/Memetic_MPX_1881515.config,25,10,0.7993751394777951,0.7993751394777951,0.7993751394777951,0.8067395670609239,0.8067395670609239,0.8067395670609239,0.8203525998661013,0.8353046195045749,0.8353046195045749,0.8415532247266235,0.8596295469761214,0.8692256192814104,0.8692256192814104,0.8692256192814104
./instances/created-instances/mm-10-10-1917698.cdop,WS./settings/Memetic_MPX_1287823.config,10,10,0.8619351261436097,0.9007485444968117,0.9007485444968117,0.9007485444968117,0.9007485444968117,0.9007485444968117,0.9026892154144719,0.9204324923759357,0.9204324923759357,0.928472414749099,0.9290268921541447,0.932630995286942,0.9362350984197394,0.9362350984197394
./instances/created-instances/mm-5-10-1767920.cdop,WS./settings/Memetic-LS_MMX_1287823.config,5,10,0.8337182448036952,0.8337182448036952,0.8337182448036952,0.861101946552293,0.9096007918178819,0.9096007918178819,0.9112504124051468,0.9135598812273177,0.9191685912240185,0.9515011547344111,0.9515011547344111,0.9739359947212142,0.9739359947212142,0.9739359947212142
./instances/created-instances/mm-20-10-1762875.cdop,WS./settings/Memetic-LS_MMX_1099666.config,20,10,0.4733437430292215,0.5132723622574169,0.5221949587329913,0.5221949587329913,0.582199420031229,0.6018291322774928,0.642873076065135,0.6607182690162837,0.6832478251171091,0.7443676109747936,0.794780281061789,0.830693731875976,0.876645103725184,0.876645103725184
./instances/created-instances/mm-10-25-1917698.cdop,WS./settings/Memetic_MMX_1881515.config,10,25,0.8706943192064923,0.8766456266907123,0.890892696122633,0.9334535617673579,0.9486023444544635,0.9758340847610459,0.9805229936880072,0.9839495040577096,0.9891794409377818,0.9918845807033363,0.9981965734896303,0.9981965734896303,1.0,1.0
./instances/created-instances/mm-20-25-1891798.cdop,WS./settings/Memetic-LS_MMX_1881515.config,20,25,0.5497326203208556,0.5880825057295646,0.5880825057295646,0.6119174942704354,0.6348357524828113,0.6429335370511841,0.6505729564553094,0.7006875477463713,0.7006875477463713,0.719327731092437,0.8116119174942704,0.8325439266615737,0.8478227654698243,0.8478227654698243
./instances/created-instances/mm-10-10-1917698.cdop,WS./settings/Memetic_MPX_1881515.config,10,10,0.9362350984197394,0.9362350984197394,0.9362350984197394,0.9362350984197394,0.9362350984197394,0.9362350984197394,0.9362350984197394,0.9390074854449681,0.9395619628500138,0.9409481563626282,0.9434433046853341,0.9434433046853341,0.9434433046853341,0.9434433046853341
./instances/created-instances/mm-20-10-1917698.cdop,WS./settings/Memetic_MMX_1287823.config,20,10,0.9012139966674602,0.9133539633420614,0.9592954058557487,0.9654844084741728,0.9704832182813615,0.9752439895263033,0.9814329921447275,0.9814329921447275,0.9814329921447275,0.9823851463937158,0.9900023803856225,0.9900023803856225,0.9900023803856225,0.9900023803856225
./instances/created-instances/mm-15-40-1762875.cdop,WS./settings/Memetic_MPX_1881515.config,15,40,0.7379947229551451,0.7379947229551451,0.7405013192612138,0.8345646437994723,0.8345646437994723,0.8345646437994723,0.8345646437994723,0.8345646437994723,0.8345646437994723,0.8345646437994723,0.8464379947229551,0.867018469656992,0.8823218997361477,0.8823218997361477
./instances/created-instances/mm-15-10-1762875.cdop,WS./settings/Memetic_MMX_1287823.config,15,10,0.9126845133850388,0.9377032774580936,0.940205153865399,0.9689767325494121,0.9689767325494121,0.9869902426820115,0.9889917438078559,0.9889917438078559,0.9889917438078559,0.994996247185389,0.994996247185389,0.9972479359519639,0.9972479359519639,0.9972479359519639
./instances/created-instances/mm-20-10-1767920.cdop,WS./settings/Memetic-LS_MPX_1287823.config,20,10,0.6334185848252344,0.6334185848252344,0.6334185848252344,0.6334185848252344,0.6334185848252344,0.6334185848252344,0.6334185848252344,0.6334185848252344,0.6334185848252344,0.6334185848252344,0.6334185848252344,0.6334185848252344,0.6334185848252344,0.6334185848252344
./instances/created-instances/mm-5-25-1762875.cdop,WS./settings/Memetic-LS_MPX_1099666.config,5,25,0.7793686389511817,0.7793686389511817,0.7793686389511817,0.7793686389511817,0.7793686389511817,0.7793686389511817,0.7793686389511817,0.7793686389511817,0.7793686389511817,0.7793686389511817,0.7793686389511817,0.7793686389511817,0.827496981197171,0.827496981197171
./instances/created-instances/mm-10-40-1891798.cdop,WS./settings/Memetic_MPX_1287823.config,10,40,0.7708576618658363,0.79408330089529,0.8191254703516284,0.8282081224860517,0.8407940833008953,0.8407940833008953,0.9244842351109381,0.9295445698715453,0.9295445698715453,0.9295445698715453,0.9295445698715453,0.9295445698715453,0.9295445698715453,0.9295445698715453
./instances/created-instances/mm-5-10-1891798.cdop,WS./settings/Memetic-LS_MPX_1287823.config,5,10,0.7573483427141964,0.7573483427141964,0.7573483427141964,0.7779862414008756,0.8552220137585991,0.8961851156973109,0.9018136335209506,0.9018136335209506,0.9018136335209506,0.9274546591619762,0.9343339587242027,0.9452782989368356,0.9452782989368356,0.9452782989368356
./instances/created-instances/mm-15-25-1891798.cdop,WS./settings/Memetic_MPX_1881515.config,15,25,0.8126753589701271,0.8126753589701271,0.8126753589701271,0.9022941079386038,0.9022941079386038,0.9022941079386038,0.9022941079386038,0.9022941079386038,0.9022941079386038,0.9022941079386038,0.9022941079386038,0.9022941079386038,0.9022941079386038,0.9022941079386038
./instances/created-instances/mm-15-40-1917698.cdop,WS./settings/Memetic_MMX_1881515.config,15,40,0.7992108229988726,0.8282976324689966,0.8782412626832018,0.8815107102593011,0.9343855693348365,0.9501691093573844,0.9593010146561443,0.9768883878241262,0.9772266065388951,0.9828635851183766,0.9865839909808343,0.9931228861330327,0.9996617812852311,0.9996617812852311
./instances/created-instances/mm-10-10-1762875.cdop,WS./settings/Memetic-LS_MMX_1287823.config,10,10,0.7328373351369631,0.7328373351369631,0.7389245857287792,0.7784917145755834,0.7899898545823469,0.8106188704768347,0.8332769699019277,0.8478187352045993,0.8630368616841393,0.8674332093337842,0.8674332093337842,0.8721677375718634,0.8721677375718634,0.8721677375718634
./instances/created-instances/mm-15-40-1917698.cdop,WS./settings/Memetic-LS_MPX_1287823.config,15,40,0.6075535512965051,0.6075535512965051,0.6075535512965051,0.6075535512965051,0.6075535512965051,0.6075535512965051,0.6110484780157835,0.6110484780157835,0.6110484780157835,0.6110484780157835,0.6110484780157835,0.6213077790304397,0.6213077790304397,0.6213077790304397
./instances/created-instances/mm-15-10-1891798.cdop,WS./settings/Memetic_MPX_1881515.config,15,10,0.8105332167832168,0.8105332167832168,0.8181818181818182,0.8249562937062938,0.8249562937062938,0.8621066433566433,0.8621066433566433,0.8778409090909091,0.8826486013986014,0.8837412587412588,0.9071241258741258,0.9141171328671329,0.9141171328671329,0.9141171328671329
./instances/created-instances/mm-5-40-1891798.cdop,WS./settings/Memetic_MPX_1099666.config,5,40,0.7969915464942815,0.8632521133764296,0.8636250621581303,0.868224763799105,0.8764296369965191,0.9002983590253605,0.9143460964694182,0.9143460964694182,0.9143460964694182,0.9143460964694182,0.9691695673794132,0.9699154649428146,0.9774987568373943,0.9774987568373943
./instances/created-instances/mm-25-10-1891798.cdop,WS./settings/Memetic_MMX_1099666.config,25,10,0.8612975391498882,0.8797539149888143,0.8851603281133482,0.9313944817300522,0.9554436987322893,0.9554436987322893,0.9554436987322893,0.9554436987322893,0.9778150633855331,0.9800521998508576,0.9860178970917226,0.9893736017897091,0.9893736017897091,0.9893736017897091
./instances/created-instances/mm-5-10-1762875.cdop,WS./settings/Memetic_MPX_1881515.config,5,10,0.9718061674008811,0.9722466960352423,0.973568281938326,0.9766519823788546,0.9766519823788546,0.9859030837004406,0.9859030837004406,0.986784140969163,0.9916299559471365,0.9916299559471365,0.9916299559471365,0.9916299559471365,1.0,1.0
./instances/created-instances/mm-15-10-1767920.cdop,WS./settings/Memetic-LS_MPX_1287823.config,15,10,0.6769796624837733,0.6769796624837733,0.6769796624837733,0.6769796624837733,0.6769796624837733,0.6769796624837733,0.6769796624837733,0.6769796624837733,0.6769796624837733,0.685417568152315,0.685417568152315,0.685417568152315,0.685417568152315,0.685417568152315
./instances/created-instances/mm-15-25-1767920.cdop,WS./settings/Memetic_MPX_1099666.config,15,25,0.7821620740257623,0.8049894015979129,0.8049894015979129,0.8219468449372248,0.8219468449372248,0.8219468449372248,0.8526006848198272,0.8640143486059025,0.8640143486059025,0.8746127506929724,0.8746127506929724,0.8896135659546714,0.8896135659546714,0.8896135659546714
./instances/created-instances/mm-20-10-1762875.cdop,WS./settings/Memetic-LS_MMX_1881515.config,20,10,0.44501449921927283,0.5213026990854338,0.5320098148561231,0.55052420254294,0.6413116216819095,0.6776712023198751,0.6845862145884453,0.6910550970332366,0.7363372741467767,0.7497211688601383,0.8141869283961632,0.8402855230872184,0.8681686370733883,0.8681686370733883
./instances/created-instances/mm-20-10-1767920.cdop,WS./settings/Memetic-LS_MMX_1287823.config,20,10,0.6436487638533674,0.6436487638533674,0.6568627450980392,0.7056692242114238,0.7101449275362319,0.7274083546462063,0.7568201193520887,0.7864450127877238,0.8177749360613811,0.8301364023870418,0.8301364023870418,0.8301364023870418,0.8305626598465473,0.8305626598465473
./instances/created-instances/mm-10-25-1110588.cdop,WS./settings/Memetic_MMX_1099666.config,10,25,0.8483849703361899,0.8630520764667106,0.9416611733684904,0.9416611733684904,0.9472643375082399,0.955833882663151,0.9691825972313777,0.9739617666446935,0.9772577455504284,0.978246539222149,0.978246539222149,0.9807185234014503,0.9873104812129202,0.9873104812129202
./instances/created-instances/mm-25-10-1917698.cdop,WS./settings/Memetic_MMX_1881515.config,25,10,0.8292246520874752,0.9011928429423459,0.9037773359840954,0.93220675944334,0.9318091451292246,0.9423459244532804,0.9497017892644135,0.9497017892644135,0.9497017892644135,0.9834990059642147,0.9852882703777336,0.990258449304175,0.990258449304175,0.990258449304175
./instances/created-instances/mm-5-25-1767920.cdop,WS./settings/Memetic-LS_MMX_1287823.config,5,25,0.792,0.792,0.7857777777777778,0.8112,0.8273777777777778,0.8273777777777778,0.8273777777777778,0.8298666666666666,0.8558222222222223,0.8734222222222222,0.8951111111111111,0.8976,0.8981333333333333,0.8981333333333333
./instances/created-instances/mm-10-40-1917698.cdop,WS./settings/Memetic_MPX_1881515.config,10,40,0.7401208155046565,0.7401208155046565,0.7651648628240624,0.8477221243392902,0.8516234583438208,0.8553989428643343,0.8566574377045054,0.8566574377045054,0.8566574377045054,0.8566574377045054,0.8667253964258747,0.8667253964258747,0.8667253964258747,0.8667253964258747
./instances/created-instances/mm-25-10-1110588.cdop,WS./settings/Memetic-LS_MPX_1099666.config,25,10,0.6082373609213352,0.6082373609213352,0.6082373609213352,0.6082373609213352,0.6082373609213352,0.6082373609213352,0.6082373609213352,0.6082373609213352,0.6082373609213352,0.6082373609213352,0.6082373609213352,0.6082373609213352,0.6082373609213352,0.6082373609213352
./instances/created-instances/mm-15-25-1762875.cdop,WS./settings/Memetic-LS_MPX_1287823.config,15,25,0.6643927035444165,0.6643927035444165,0.6643927035444165,0.6643927035444165,0.6643927035444165,0.6643927035444165,0.6643927035444165,0.6643927035444165,0.6643927035444165,0.6643927035444165,0.6817440308468041,0.6817440308468041,0.6817440308468041,0.6817440308468041
./instances/created-instances/mm-15-10-1917698.cdop,WS./settings/Memetic-LS_MMX_1881515.config,15,10,0.745799853907962,0.747991234477721,0.7594351107864621,0.7664962259556855,0.8139761383004627,0.8293158022887752,0.8293158022887752,0.8310202093985878,0.8373508643778914,0.8690041392744096,0.8804480155831507,0.9162405648892136,0.9230581933284636,0.9230581933284636
./instances/created-instances/mm-25-25-1767920.cdop,WS./settings/Memetic_MMX_1287823.config,25,25,0.7857929515418502,0.8127753303964758,0.831635462555066,0.834113436123348,0.8791299559471366,0.8906938325991189,0.8906938325991189,0.8973017621145375,0.9202918502202643,0.9314427312775331,0.948237885462555,0.948237885462555,0.9558094713656388,0.9558094713656388
./instances/created-instances/mm-5-25-1891798.cdop,WS./settings/Memetic_MMX_1881515.config,5,25,0.8963242224316682,0.9181903864278982,0.9323279924599435,0.9428840716305372,0.9511781338360038,0.9579641847313854,0.9594721960414703,0.9747408105560792,0.9747408105560792,0.9828463713477851,0.9858623939679547,0.9909519321394911,1.0,1.0
./instances/created-instances/mm-15-10-1762875.cdop,WS./settings/Memetic_MPX_1287823.config,15,10,0.8871653740305229,0.8871653740305229,0.8871653740305229,0.8871653740305229,0.8871653740305229,0.8901676257192894,0.8901676257192894,0.8984238178633975,0.8984238178633975,0.9104328246184639,0.9116837628221166,0.9407055291468601,0.9407055291468601,0.9407055291468601
./instances/created-instances/mm-25-25-1110588.cdop,WS./settings/Memetic-LS_MMX_1287823.config,25,25,0.4035374149659864,0.4289795918367347,0.4289795918367347,0.4289795918367347,0.4387755102040816,0.4983673469387755,0.5210884353741496,0.5718367346938775,0.5994557823129252,0.6808163265306122,0.7572789115646259,0.7663945578231293,0.7722448979591837,0.7722448979591837
./instances/created-instances/mm-5-25-1891798.cdop,WS./settings/Memetic-LS_MMX_1099666.config,5,25,0.7010367577756833,0.7010367577756833,0.7010367577756833,0.7010367577756833,0.7119698397737984,0.7127238454288407,0.7127238454288407,0.7615457115928369,0.776248821866164,0.8064090480678605,0.8160226201696513,0.8605089538171536,0.8605089538171536,0.8605089538171536
./instances/created-instances/mm-15-40-1762875.cdop,WS./settings/Memetic-LS_MPX_1287823.config,15,40,0.6821899736147757,0.6821899736147757,0.6821899736147757,0.6821899736147757,0.6821899736147757,0.6821899736147757,0.6821899736147757,0.6821899736147757,0.6821899736147757,0.6821899736147757,0.6821899736147757,0.6821899736147757,0.6829815303430079,0.6829815303430079
./instances/created-instances/mm-20-25-1762875.cdop,WS./settings/Memetic-LS_MPX_1881515.config,20,25,0.32390706206053194,0.32390706206053194,0.32390706206053194,0.32390706206053194,0.32390706206053194,0.32390706206053194,0.32390706206053194,0.32390706206053194,0.3327728523387343,0.34561296239682054,0.36380311831244266,0.3667074289208193,0.3891776215224702,0.3891776215224702
./instances/created-instances/mm-5-25-1110588.cdop,WS./settings/Memetic-LS_MMX_1881515.config,5,25,0.6645984754476156,0.6693848608402766,0.700939549725226,0.700939549725226,0.7062577557170714,0.7394079063995745,0.7720262364828931,0.8170537138805176,0.8236128346037936,0.8236128346037936,0.8757312533238788,0.8833540152455238,0.8867222123736926,0.8867222123736926
./instances/created-instances/mm-5-25-1762875.cdop,WS./settings/Memetic_MPX_1881515.config,5,25,0.8977057098499224,0.9242711747455581,0.9272037260652062,0.932378816629291,0.932378816629291,0.932378816629291,0.932378816629291,0.932378816629291,0.9451440400207004,0.9746420562359841,0.9753320683111955,0.9753320683111955,0.9753320683111955,0.9753320683111955
./instances/created-instances/mm-10-40-1762875.cdop,WS./settings/Memetic-LS_MPX_1099666.config,10,40,0.548284219926011,0.548284219926011,0.548284219926011,0.548284219926011,0.548284219926011,0.548284219926011,0.548284219926011,0.548284219926011,0.548284219926011,0.548284219926011,0.5530042097206276,0.5530042097206276,0.5530042097206276,0.5530042097206276
./instances/created-instances/mm-10-25-1762875.cdop,WS./settings/Memetic-LS_MMX_1287823.config,10,25,0.6961021041738531,0.6961021041738531,0.7200758882373233,0.7300793377026561,0.7300793377026561,0.7397378406347016,0.7911348740945153,0.8128665056916178,0.8442566402207657,0.8492583649534322,0.8689203173508107,0.8897895826146948,0.917902725077613,0.917902725077613
./instances/created-instances/mm-10-10-1762875.cdop,WS./settings/Memetic_MMX_1881515.config,10,10,0.9502874535001691,0.9567128846804194,0.9655055799797092,0.9675346635103145,0.9722691917483937,0.9722691917483937,0.9722691917483937,0.9722691917483937,0.9766655393980386,0.9783564423402097,0.9783564423402097,0.9783564423402097,0.9783564423402097,0.9783564423402097
./instances/created-instances/mm-25-25-1762875.cdop,WS./settings/Memetic-LS_MPX_1881515.config,25,25,0.47904747177980517,0.47904747177980517,0.47904747177980517,0.47904747177980517,0.47904747177980517,0.47904747177980517,0.47904747177980517,0.47904747177980517,0.47904747177980517,0.47904747177980517,0.5019328900572135,0.5019328900572135,0.5033245708984073,0.5033245708984073
./instances/created-instances/mm-5-25-1762875.cdop,WS./settings/Memetic_MMX_1099666.config,5,25,0.9240986717267552,0.9396239434190098,0.9396239434190098,0.9468690702087287,0.9468690702087287,0.9573917543557012,0.9736070381231672,0.9744695532171813,0.9744695532171813,0.9782646196308435,0.981887183025703,0.981887183025703,0.9887873037778161,0.9887873037778161
./instances/created-instances/mm-10-40-1110588.cdop,WS./settings/Memetic_MMX_1287823.config,10,40,0.8335933437337494,0.8555642225689027,0.8796151846073843,0.8852054082163286,0.8930057202288092,0.9187467498699948,0.9278471138845554,0.9499479979199168,0.9669786791471658,0.9669786791471658,0.9697087883515341,0.9728289131565263,0.9819292771710868,0.9819292771710868
./instances/created-instances/mm-10-25-1110588.cdop,WS./settings/Memetic_MMX_1881515.config,10,25,0.8614040870138431,0.9187541199736322,0.9273236651285431,0.9344100197758735,0.9442979564930785,0.9591298615688859,0.9642386288727752,0.9678642056690837,0.9754449571522742,0.9754449571522742,0.9850032959789057,0.9906064601186553,0.9909360580092288,0.9909360580092288
./instances/created-instances/mm-10-40-1767920.cdop,WS./settings/Memetic_MPX_1287823.config,10,40,0.7657459989674755,0.8205988642230253,0.8572534847702633,0.8625451729478575,0.8625451729478575,0.9043624161073825,0.9053949406298399,0.9207537429013939,0.935467217346412,0.9395973154362416,0.9395973154362416,0.9395973154362416,0.9395973154362416,0.9395973154362416
./instances/created-instances/mm-10-10-1767920.cdop,WS./settings/Memetic_MMX_1287823.config,10,10,0.9361810322908721,0.965166539537249,0.965166539537249,0.9677091278921942,0.9758454106280193,0.984744469870328,0.984744469870328,0.9941520467836257,0.999491482329011,0.999491482329011,0.999491482329011,0.999491482329011,0.999491482329011,0.999491482329011
./instances/created-instances/mm-5-10-1917698.cdop,WS./settings/Memetic_MPX_1099666.config,5,10,0.9610636277302944,0.9667616334283001,0.9667616334283001,0.9699271921494144,0.9699271921494144,0.9699271921494144,0.9797404241848686,0.9841722063944286,0.9968344412788858,0.9968344412788858,0.9974675530231086,0.9974675530231086,0.9974675530231086,0.9974675530231086
./instances/created-instances/mm-15-40-1891798.cdop,WS./settings/Memetic_MPX_1099666.config,15,40,0.7185738628915979,0.7185738628915979,0.7892253244199764,0.7892253244199764,0.7897496395333595,0.7897496395333595,0.8167518678725915,0.8260584611351423,0.8260584611351423,0.8263206186918338,0.8419189933149823,0.9108664307248656,0.9109975095032115,0.9109975095032115
./instances/created-instances/mm-5-10-1767920.cdop,WS./settings/Memetic-LS_MPX_1881515.config,5,10,0.8168921148135929,0.8168921148135929,0.8168921148135929,0.8168921148135929,0.8449356647970967,0.8449356647970967,0.8452655889145496,0.862091718904652,0.929726162982514,0.9330254041570438,0.9330254041570438,0.9373144176839326,0.9432530517980865,0.9432530517980865
./instances/created-instances/mm-5-10-1917698.cdop,WS./settings/Memetic-LS_MPX_1099666.config,5,10,0.8911047799936689,0.8911047799936689,0.8911047799936689,0.8990186767964545,0.8990186767964545,0.8990186767964545,0.8990186767964545,0.8990186767964545,0.8990186767964545,0.9151630262741374,0.9157961380183602,0.9366888255777145,0.9528331750553973,0.9528331750553973
./instances/created-instances/mm-20-25-1767920.cdop,WS./settings/Memetic-LS_MPX_1287823.config,20,25,0.5598418756815703,0.5598418756815703,0.5598418756815703,0.5598418756815703,0.5598418756815703,0.5598418756815703,0.5598418756815703,0.5598418756815703,0.5598418756815703,0.5598418756815703,0.5598418756815703,0.5598418756815703,0.5598418756815703,0.5598418756815703
./instances/created-instances/mm-20-10-1891798.cdop,WS./settings/Memetic-LS_MPX_1099666.config,20,10,0.6369617224880383,0.6369617224880383,0.6369617224880383,0.6369617224880383,0.6369617224880383,0.6369617224880383,0.6369617224880383,0.6369617224880383,0.6369617224880383,0.6369617224880383,0.6451355661881978,0.6469298245614035,0.6469298245614035,0.6469298245614035
./instances/created-instances/mm-10-40-1891798.cdop,WS./settings/Memetic-LS_MPX_1287823.config,10,40,0.6953418969767744,0.6953418969767744,0.6953418969767744,0.6953418969767744,0.6953418969767744,0.6953418969767744,0.6953418969767744,0.6953418969767744,0.6953418969767744,0.6953418969767744,0.6953418969767744,0.6953418969767744,0.6953418969767744,0.6953418969767744
./instances/created-instances/mm-15-25-1917698.cdop,WS./settings/Memetic_MMX_1287823.config,15,25,0.8184247759786197,0.8360320704291778,0.8789498506524132,0.915893727401352,0.941833045118692,0.9468637006759943,0.9476497406068228,0.9476497406068228,0.950165068385474,0.9706021065870146,0.9787769218676309,0.9918251847193837,0.9918251847193837,0.9918251847193837
./instances/created-instances/mm-20-10-1767920.cdop,WS./settings/Memetic-LS_MMX_1099666.config,20,10,0.6487638533674339,0.6487638533674339,0.6568627450980392,0.6568627450980392,0.7039641943734015,0.7039641943734015,0.7112105711849958,0.7429667519181585,0.7517050298380221,0.777919863597613,0.7983802216538789,0.8182011935208866,0.8514492753623188,0.8514492753623188
./instances/created-instances/mm-25-25-1917698.cdop,WS./settings/Memetic_MMX_1287823.config,25,25,0.8158451768974901,0.839280314484427,0.883429089809495,0.8921983671000907,0.8961294224372544,0.90489869972785,0.9277290595706078,0.9541880858784396,0.9544904747505292,0.9717266404596311,0.9780768067735107,0.9845781675234352,0.9845781675234352,0.9845781675234352
./instances/created-instances/mm-20-10-1767920.cdop,WS./settings/Memetic-LS_MPX_1099666.config,20,10,0.6334185848252344,0.6334185848252344,0.6334185848252344,0.6334185848252344,0.6334185848252344,0.6334185848252344,0.6334185848252344,0.6334185848252344,0.6334185848252344,0.6334185848252344,0.6334185848252344,0.6334185848252344,0.6334185848252344,0.6334185848252344
./instances/created-instances/mm-15-25-1767920.cdop,WS./settings/Memetic-LS_MMX_1881515.config,15,25,0.6375346486222078,0.663786075330181,0.6647643893689874,0.672264796999837,0.672264796999837,0.672264796999837,0.6856350888635252,0.6991684330670145,0.7006359041252243,0.7231371270177727,0.7236262840371759,0.7828142833849666,0.8177074841023969,0.8177074841023969
./instances/created-instances/mm-15-25-1891798.cdop,WS./settings/Memetic-LS_MMX_1099666.config,15,25,0.7187654728503053,0.7187654728503053,0.7187654728503053,0.7187654728503053,0.7369202838752269,0.7369202838752269,0.7369202838752269,0.7369202838752269,0.7392308961874897,0.7392308961874897,0.7644825878857897,0.8052483908235682,0.8610331737910546,0.8610331737910546
./instances/created-instances/mm-5-40-1891798.cdop,WS./settings/Memetic-LS_MMX_1881515.config,5,40,0.7232720039781203,0.7232720039781203,0.7324714072600697,0.7324714072600697,0.7344604674291397,0.7462705121829936,0.7462705121829936,0.7462705121829936,0.7470164097463948,0.7552212829438091,0.7834410740924913,0.7927647936350075,0.8097961213326703,0.8097961213326703
./instances/created-instances/mm-25-10-1762875.cdop,WS./settings/Memetic-LS_MPX_1099666.config,25,10,0.5652506697282816,0.5652506697282816,0.5652506697282816,0.5652506697282816,0.5652506697282816,0.5652506697282816,0.5652506697282816,0.5652506697282816,0.5652506697282816,0.5652506697282816,0.5652506697282816,0.5652506697282816,0.5652506697282816,0.5652506697282816
./instances/created-instances/mm-20-10-1891798.cdop,WS./settings/Memetic-LS_MMX_1287823.config,20,10,0.638755980861244,0.638755980861244,0.6435406698564593,0.6650717703349283,0.6818181818181818,0.6997607655502392,0.7274720893141946,0.7458133971291866,0.7525917065390749,0.7824960127591707,0.8090111642743222,0.82396331738437,0.8662280701754386,0.8662280701754386
./instances/created-instances/mm-10-25-1917698.cdop,WS./settings/Memetic_MMX_1287823.config,10,25,0.8678088367899008,0.9370604147880974,0.9536519386834986,0.9592425608656447,0.963570784490532,0.9727682596934175,0.9727682596934175,0.9761947700631199,0.9781785392245266,0.9781785392245266,0.9915238954012624,0.9915238954012624,0.9949504057709648,0.9949504057709648
./instances/created-instances/mm-15-10-1110588.cdop,WS./settings/Memetic_MMX_1287823.config,15,10,0.8882299270072993,0.8882299270072993,0.9067062043795621,0.9628193430656934,0.9781021897810219,0.9781021897810219,0.9781021897810219,0.9781021897810219,0.9781021897810219,0.9781021897810219,0.9840328467153284,0.9863138686131386,0.9954379562043796,0.9954379562043796
./instances/created-instances/mm-10-10-1917698.cdop,WS./settings/Memetic-LS_MMX_1881515.config,10,10,0.7521485999445523,0.7682284446908788,0.7682284446908788,0.7682284446908788,0.7682284446908788,0.8098142500693096,0.8220127529803161,0.9046298863321319,0.9251455503188245,0.9251455503188245,0.9287496534516219,0.9387302467424452,0.9412253950651511,0.9412253950651511
./instances/created-instances/mm-20-25-1767920.cdop,WS./settings/Memetic_MMX_1881515.config,20,25,0.8268811341330425,0.8432388222464559,0.8790894220283533,0.8919029443838604,0.9011723009814613,0.9276172300981461,0.9413849509269356,0.9483369683751364,0.9521537622682661,0.9728735005452562,0.9753271537622683,0.9758724100327154,0.9807797164667393,0.9807797164667393
./instances/created-instances/mm-15-10-1917698.cdop,WS./settings/Memetic_MMX_1099666.config,15,10,0.9245191137083029,0.9262235208181154,0.9410762113464816,0.9668858047236426,0.9668858047236426,0.9727294862429997,0.9727294862429997,0.9727294862429997,0.9780861943024105,0.997808619430241,0.997808619430241,1.0,1.0,1.0
./instances/created-instances/mm-20-10-1767920.cdop,WS./settings/Memetic_MPX_1287823.config,20,10,0.8045609548167093,0.8045609548167093,0.8045609548167093,0.8045609548167093,0.828005115089514,0.828005115089514,0.828005115089514,0.828005115089514,0.8314151747655584,0.8482523444160273,0.8934356351236147,0.8934356351236147,0.8955669224211423,0.8955669224211423
./instances/created-instances/mm-20-10-1110588.cdop,WS./settings/Memetic_MPX_1287823.config,20,10,0.7835838150289017,0.7835838150289017,0.7835838150289017,0.7835838150289017,0.8002312138728324,0.801849710982659,0.8240462427745665,0.8240462427745665,0.8494797687861272,0.8494797687861272,0.8494797687861272,0.8624277456647399,0.8624277456647399,0.8624277456647399
./instances/created-instances/mm-15-25-1110588.cdop,WS./settings/Memetic_MMX_1881515.config,15,25,0.866904422253923,0.8793152639087018,0.8853067047075607,0.9119828815977176,0.9406562054208274,0.9647646219686162,0.9770328102710414,0.9838801711840228,0.9960057061340941,0.9960057061340941,0.9960057061340941,0.9960057061340941,0.9960057061340941,0.9960057061340941
./instances/created-instances/mm-5-10-1762875.cdop,WS./settings/Memetic_MMX_1287823.config,5,10,0.9718061674008811,0.979295154185022,1.0,1.0,1.0,1.0,1.0,1.0,1.0,1.0,1.0,1.0,1.0,1.0
./instances/created-instances/mm-15-10-1767920.cdop,WS./settings/Memetic-LS_MMX_1287823.config,15,10,0.685417568152315,0.685417568152315,0.685417568152315,0.7172219818260493,0.7172219818260493,0.7286888792730419,0.7676330592816962,0.7741237559498053,0.8208567719601904,0.8704024231934228,0.9022068368671571,0.9208135006490696,0.9208135006490696,0.9208135006490696
./instances/created-instances/mm-5-25-1917698.cdop,WS./settings/Memetic_MMX_1287823.config,5,25,0.8731484998101026,0.9025826053930878,0.9308773262438284,0.943600455753893,0.9510064565134827,0.9521458412457273,0.9521458412457273,0.9713254842385112,0.9849981010254463,0.9849981010254463,0.9849981010254463,0.9878465628560578,0.9946828712495253,0.9946828712495253
./instances/created-instances/mm-20-25-1110588.cdop,WS./settings/Memetic-LS_MPX_1287823.config,20,25,0.633891534797972,0.633891534797972,0.633891534797972,0.633891534797972,0.633891534797972,0.633891534797972,0.633891534797972,0.633891534797972,0.633891534797972,0.633891534797972,0.633891534797972,0.633891534797972,0.633891534797972,0.633891534797972
./instances/created-instances/mm-5-25-1891798.cdop,WS./settings/Memetic_MPX_1287823.config,5,25,0.8776625824693686,0.8776625824693686,0.9114043355325165,0.9114043355325165,0.9140433553251649,0.953440150801131,0.9736098020735156,0.9736098020735156,0.9736098020735156,0.9736098020735156,0.9736098020735156,0.9736098020735156,0.9736098020735156,0.9736098020735156
./instances/created-instances/mm-5-40-1110588.cdop,WS./settings/Memetic-LS_MPX_1287823.config,5,40,0.7201531959852087,0.7342842049656629,0.7342842049656629,0.7342842049656629,0.7342842049656629,0.7342842049656629,0.7342842049656629,0.7472266244057052,0.7472266244057052,0.7501320655044902,0.7646592709984152,0.7646592709984152,0.7649234020073956,0.7649234020073956
./instances/created-instances/mm-25-25-1110588.cdop,WS./settings/Memetic_MMX_1881515.config,25,25,0.8087074829931973,0.828843537414966,0.8348299319727891,0.8731972789115646,0.8936054421768708,0.9130612244897959,0.9337414965986395,0.9526530612244898,0.9642176870748299,0.9642176870748299,0.9700680272108844,0.9725170068027211,0.9778231292517007,0.9778231292517007
./instances/created-instances/mm-5-10-1762875.cdop,WS./settings/Memetic-LS_MMX_1881515.config,5,10,0.8599118942731278,0.8753303964757709,0.8753303964757709,0.8753303964757709,0.8753303964757709,0.8753303964757709,0.9325991189427313,0.9325991189427313,0.9325991189427313,0.9334801762114537,0.9334801762114537,0.9700440528634361,0.9700440528634361,0.9700440528634361
./instances/created-instances/mm-10-40-1767920.cdop,WS./settings/Memetic_MMX_1099666.config,10,40,0.7956892101187403,0.7963345379452762,0.8545431078988126,0.890036138358286,0.9016520392359318,0.9117191533298916,0.928884873515746,0.9367578729994838,0.9657976251935984,0.9775425916365513,0.978704181724316,0.9873515745998968,0.9903200826019618,0.9903200826019618
./instances/created-instances/mm-15-10-1762875.cdop,WS./settings/Memetic-LS_MPX_1287823.config,15,10,0.6930197648236177,0.6930197648236177,0.6930197648236177,0.6930197648236177,0.6930197648236177,0.6930197648236177,0.6930197648236177,0.6930197648236177,0.6930197648236177,0.6930197648236177,0.6930197648236177,0.7082812109081812,0.7443082311733801,0.7443082311733801
./instances/created-instances/mm-5-25-1110588.cdop,WS./settings/Memetic-LS_MPX_1287823.config,5,25,0.6006027300124092,0.6018436447438398,0.6018436447438398,0.6376528984222656,0.6908349583407197,0.7011168232582875,0.7340897004077291,0.7902854103882291,0.8287537670625775,0.847544761567098,0.8790994504520475,0.885126750576139,0.8952313419606452,0.8952313419606452
./instances/created-instances/mm-20-10-1767920.cdop,WS./settings/Memetic_MPX_1099666.config,20,10,0.7719522591645354,0.80306905370844,0.80306905370844,0.80306905370844,0.8186274509803921,0.8731884057971014,0.8731884057971014,0.8731884057971014,0.8731884057971014,0.8731884057971014,0.8731884057971014,0.8731884057971014,0.8731884057971014,0.8731884057971014
./instances/created-instances/mm-20-10-1891798.cdop,WS./settings/Memetic_MPX_1099666.config,20,10,0.7771132376395534,0.8189792663476874,0.8189792663476874,0.8189792663476874,0.8189792663476874,0.8189792663476874,0.82914673046252,0.82914673046252,0.845494417862839,0.8660287081339713,0.8748006379585327,0.875,0.875,0.875
./instances/created-instances/mm-20-25-1767920.cdop,WS./settings/Memetic-LS_MMX_1099666.config,20,25,0.5775627044711014,0.5775627044711014,0.5775627044711014,0.5794711014176663,0.5797437295528899,0.5903762268266085,0.6145038167938931,0.6269083969465649,0.6687568157033806,0.6763904034896401,0.6984732824427481,0.7159214830970556,0.7724918211559433,0.7724918211559433
./instances/created-instances/mm-5-40-1110588.cdop,WS./settings/Memetic-LS_MMX_1099666.config,5,40,0.7201531959852087,0.7201531959852087,0.7201531959852087,0.7201531959852087,0.7201531959852087,0.7201531959852087,0.7201531959852087,0.7498679344955098,0.7674326465927099,0.7777337559429477,0.7938457474907554,0.8361067089276281,0.8503697834125726,0.8503697834125726
./instances/created-instances/mm-10-10-1762875.cdop,WS./settings/Memetic_MMX_1287823.config,10,10,0.9414947582008792,0.9425092999661819,0.9425092999661819,0.9482583699695637,0.9671964829218803,0.9885018599932364,0.9898545823469733,0.9898545823469733,0.9898545823469733,0.9898545823469733,0.9898545823469733,0.9969563747040919,0.9986472776462632,0.9986472776462632
./instances/created-instances/mm-15-40-1891798.cdop,WS./settings/Memetic-LS_MPX_1881515.config,15,40,0.5977192292567833,0.5977192292567833,0.5977192292567833,0.5977192292567833,0.5977192292567833,0.5977192292567833,0.5977192292567833,0.5977192292567833,0.5977192292567833,0.5977192292567833,0.5977192292567833,0.5977192292567833,0.5977192292567833,0.5977192292567833
./instances/created-instances/mm-25-25-1762875.cdop,WS./settings/Memetic_MPX_1287823.config,25,25,0.693057058914489,0.7774856966135766,0.7774856966135766,0.7774856966135766,0.7774856966135766,0.7774856966135766,0.7774856966135766,0.7774856966135766,0.7974331220040204,0.7974331220040204,0.8031544765733725,0.8312973558064017,0.8312973558064017,0.8312973558064017
./instances/created-instances/mm-20-25-1767920.cdop,WS./settings/Memetic_MPX_1099666.config,20,25,0.7285986913849509,0.7452290076335878,0.7452290076335878,0.7453653217011995,0.787350054525627,0.787350054525627,0.7902126499454744,0.8257906215921483,0.8336968375136314,0.8336968375136314,0.8336968375136314,0.8432388222464559,0.8557797164667393,0.8557797164667393
./instances/created-instances/mm-10-25-1891798.cdop,WS./settings/Memetic-LS_MMX_1287823.config,10,25,0.8115628381511826,0.8115628381511826,0.8115628381511826,0.8115628381511826,0.8200649250270521,0.8200649250270521,0.8200649250270521,0.8200649250270521,0.8200649250270521,0.8200649250270521,0.8257845107435462,0.8441799350749729,0.8562374400989333,0.8562374400989333
./instances/created-instances/mm-25-25-1891798.cdop,WS./settings/Memetic_MMX_1881515.config,25,25,0.8090216754540129,0.8473930872876392,0.8967486818980668,0.898506151142355,0.9131517281780902,0.9458113649677797,0.968804920913884,0.9701230228471002,0.9753954305799648,0.9840363210310487,0.9840363210310487,0.9932630345635618,0.9932630345635618,0.9932630345635618
./instances/created-instances/mm-5-40-1891798.cdop,WS./settings/Memetic_MMX_1287823.config,5,40,0.8030830432620587,0.8543013426156141,0.8766782695176529,0.906141223272004,0.9255345599204375,0.9329935355544505,0.9434361014420686,0.9513923421183491,0.9573595226255595,0.9629537543510691,0.9748881153654898,0.9950273495773247,0.9950273495773247,0.9950273495773247
./instances/created-instances/mm-20-10-1891798.cdop,WS./settings/Memetic-LS_MMX_1099666.config,20,10,0.6375598086124402,0.6375598086124402,0.6592902711323764,0.6680622009569378,0.6680622009569378,0.6696570972886763,0.7410287081339713,0.7543859649122807,0.7677432216905901,0.7888755980861244,0.8191786283891547,0.8417065390749602,0.8534688995215312,0.8534688995215312
./instances/created-instances/mm-15-10-1891798.cdop,WS./settings/Memetic_MMX_1099666.config,15,10,0.941215034965035,0.9554195804195804,0.9842657342657343,0.9881993006993007,0.9881993006993007,0.9881993006993007,0.9943181818181818,0.9943181818181818,0.9943181818181818,0.9943181818181818,0.9943181818181818,0.9943181818181818,0.9943181818181818,0.9943181818181818
./instances/created-instances/mm-15-40-1767920.cdop,WS./settings/Memetic_MPX_1881515.config,15,40,0.7064516129032258,0.7082437275985664,0.760931899641577,0.8125448028673835,0.8125448028673835,0.8487455197132616,0.9037037037037037,0.9037037037037037,0.9037037037037037,0.9037037037037037,0.9037037037037037,0.9037037037037037,0.9037037037037037,0.9037037037037037
./instances/created-instances/mm-15-25-1917698.cdop,WS./settings/Memetic_MMX_1099666.config,15,25,0.8497091652255935,0.8849237541267096,0.8963999371168055,0.9020594246187706,0.9240685426819683,0.9603835874862443,0.96054079547241,0.96054079547241,0.9624272913063984,0.9759471781166483,0.9768904260336425,0.9768904260336425,0.9822354975632762,0.9822354975632762
./instances/created-instances/mm-10-25-1917698.cdop,WS./settings/Memetic-LS_MMX_1881515.config,10,25,0.6890892696122634,0.6999098286744815,0.7116321009918846,0.7116321009918846,0.7116321009918846,0.7116321009918846,0.7747520288548242,0.7913435527502254,0.7913435527502254,0.8050495942290352,0.8584310189359784,0.8591523895401263,0.8706943192064923,0.8706943192064923
./instances/created-instances/mm-15-25-1762875.cdop,WS./settings/Memetic_MMX_1881515.config,15,25,0.9013792080676257,0.9194720450837905,0.9297048791339166,0.942013940382619,0.9642592317959365,0.9758267833308616,0.9799792377280142,0.9902120717781403,0.9954026397745811,0.9954026397745811,0.9954026397745811,0.9991101883434673,1.0,1.0
./instances/created-instances/mm-5-40-1891798.cdop,WS./settings/Memetic_MPX_1287823.config,5,40,0.8141471904525112,0.8802834410740925,0.8802834410740925,0.9032819492789657,0.9032819492789657,0.9032819492789657,0.9170810542018896,0.9315017404276479,0.936723023371457,0.936723023371457,0.9629537543510691,0.9695425161611139,0.9727747389358528,0.9727747389358528
./instances/created-instances/mm-15-10-1110588.cdop,WS./settings/Memetic_MMX_1099666.config,15,10,0.9032846715328468,0.927007299270073,0.9397810218978102,0.9452554744525548,0.9564324817518248,0.9564324817518248,0.9564324817518248,0.9564324817518248,0.9564324817518248,0.9712591240875912,0.9712591240875912,0.9819799270072993,0.9819799270072993,0.9819799270072993
./instances/created-instances/mm-15-10-1891798.cdop,WS./settings/Memetic-LS_MPX_1099666.config,15,10,0.6429195804195804,0.6429195804195804,0.6429195804195804,0.6429195804195804,0.6538461538461539,0.6538461538461539,0.6538461538461539,0.6538461538461539,0.676791958041958,0.6875,0.7093531468531469,0.7646416083916084,0.7768793706293706,0.7768793706293706
./instances/created-instances/mm-20-10-1762875.cdop,WS./settings/Memetic_MMX_1287823.config,20,10,0.8817755966986393,0.9145661387463752,0.9341958509926389,0.9509257193843409,0.9674325228641535,0.9705554316306045,0.9819317421369619,0.988846754405532,0.9904082087887576,0.9919696631719831,0.9919696631719831,0.9937541824670979,1.0,1.0
./instances/created-instances/mm-5-40-1110588.cdop,WS./settings/Memetic_MMX_1099666.config,5,40,0.819202324352879,0.8394083465398838,0.8400686740623349,0.8806127839408346,0.8917062863180137,0.9153460116217644,0.9344955097728473,0.9346275752773375,0.9362123613312203,0.9721341785525621,0.9829635499207607,0.9863972530375066,0.9922081352350766,0.9922081352350766
./instances/created-instances/mm-25-10-1110588.cdop,WS./settings/Memetic_MPX_1099666.config,25,10,0.7474136248292016,0.7474136248292016,0.7474136248292016,0.7737653718524302,0.7737653718524302,0.8120242045676361,0.852820612922116,0.869802849892641,0.869802849892641,0.869802849892641,0.869802849892641,0.869802849892641,0.869802849892641,0.869802849892641
./instances/created-instances/mm-5-10-1762875.cdop,WS./settings/Memetic-LS_MMX_1099666.config,5,10,0.8753303964757709,0.8753303964757709,0.9066079295154185,0.9066079295154185,0.926431718061674,0.9616740088105726,0.9616740088105726,0.9616740088105726,0.9616740088105726,0.9616740088105726,0.9616740088105726,0.9757709251101322,0.9828193832599119,0.9828193832599119
./instances/created-instances/mm-15-10-1767920.cdop,WS./settings/Memetic_MMX_1099666.config,15,10,0.9128083080917352,0.9552141929900476,0.9575941151016876,0.9575941151016876,0.9580268282128949,0.970359151882302,0.9723063608827347,0.9723063608827347,0.9723063608827347,0.9885331025530073,0.9948074426655128,0.9948074426655128,1.0,1.0
./instances/created-instances/mm-15-40-1891798.cdop,WS./settings/Memetic-LS_MPX_1287823.config,15,40,0.5977192292567833,0.5977192292567833,0.5977192292567833,0.5977192292567833,0.5977192292567833,0.5977192292567833,0.5977192292567833,0.5977192292567833,0.5977192292567833,0.5977192292567833,0.5977192292567833,0.5981124655918206,0.5981124655918206,0.5981124655918206
./instances/created-instances/mm-15-40-1767920.cdop,WS./settings/Memetic-LS_MMX_1287823.config,15,40,0.6352449223416965,0.6352449223416965,0.6577060931899642,0.6608124253285543,0.6626045400238949,0.6787335722819594,0.7192353643966547,0.7327359617682199,0.7364396654719235,0.7387096774193549,0.7402628434886499,0.7497013142174432,0.7811230585424134,0.7811230585424134
./instances/created-instances/mm-15-10-1110588.cdop,WS./settings/Memetic_MPX_1099666.config,15,10,0.8093065693430657,0.8248175182481752,0.8248175182481752,0.8248175182481752,0.8248175182481752,0.8640510948905109,0.8640510948905109,0.8640510948905109,0.8640510948905109,0.9000912408759124,0.9000912408759124,0.9000912408759124,0.9037408759124088,0.9037408759124088
./instances/created-instances/mm-20-25-1917698.cdop,WS./settings/Memetic-LS_MPX_1287823.config,20,25,0.623780487804878,0.623780487804878,0.623780487804878,0.623780487804878,0.623780487804878,0.623780487804878,0.623780487804878,0.623780487804878,0.623780487804878,0.623780487804878,0.623780487804878,0.623780487804878,0.623780487804878,0.623780487804878
./instances/created-instances/mm-5-40-1917698.cdop,WS./settings/Memetic_MPX_1287823.config,5,40,0.7686860739575138,0.8297928140571729,0.8865722528193024,0.9118804091266719,0.9118804091266719,0.9118804091266719,0.9118804091266719,0.9189614476789929,0.9202727511146079,0.958562811434566,0.9592184631523735,0.9592184631523735,0.95541568318909,0.95541568318909
./instances/created-instances/mm-10-40-1917698.cdop,WS./settings/Memetic_MMX_1881515.config,10,40,0.7647873143720111,0.8335011326453562,0.8390385099421093,0.8809463881198087,0.891140196325195,0.933551472438963,0.9453813239365718,0.9584696702743519,0.9658947898313617,0.9663981877674301,0.9663981877674301,0.9714321671281148,0.9726906619682859,0.9726906619682859
./instances/created-instances/mm-25-25-1891798.cdop,WS./settings/Memetic-LS_MMX_1881515.config,25,25,0.3216168717047452,0.3245459871118922,0.3339191564147627,0.3835676625659051,0.3945518453427065,0.4986818980667838,0.5295840656121851,0.5571177504393673,0.5919742237844171,0.6479203280609256,0.6805799648506151,0.7397480960749854,0.7397480960749854,0.7397480960749854
./instances/created-instances/mm-5-40-1891798.cdop,WS./settings/Memetic-LS_MPX_1287823.config,5,40,0.7232720039781203,0.7232720039781203,0.7232720039781203,0.7232720039781203,0.7232720039781203,0.7232720039781203,0.7232720039781203,0.7232720039781203,0.7232720039781203,0.7232720039781203,0.7232720039781203,0.772128294380905,0.8254599701640974,0.8254599701640974
./instances/created-instances/mm-15-10-1891798.cdop,WS./settings/Memetic-LS_MPX_1881515.config,15,10,0.6429195804195804,0.6429195804195804,0.6429195804195804,0.6429195804195804,0.6429195804195804,0.6429195804195804,0.6663024475524476,0.6846590909090909,0.7288024475524476,0.7353583916083916,0.746284965034965,0.7670454545454546,0.7703234265734266,0.7703234265734266
./instances/created-instances/mm-5-10-1110588.cdop,WS./settings/Memetic-LS_MMX_1287823.config,5,10,0.7840616966580977,0.9048843187660668,0.9474843922144693,0.9676827029012119,0.9676827029012119,0.9809034153507161,0.9809034153507161,0.9834741094381197,0.9926551597502754,0.9926551597502754,0.9926551597502754,0.9926551597502754,0.9926551597502754,0.9926551597502754
./instances/created-instances/mm-15-40-1762875.cdop,WS./settings/Memetic-LS_MMX_1881515.config,15,40,0.6821899736147757,0.6821899736147757,0.6821899736147757,0.6821899736147757,0.6821899736147757,0.6821899736147757,0.6821899736147757,0.6965699208443272,0.6965699208443272,0.7073878627968337,0.7486807387862797,0.7870712401055409,0.7980211081794195,0.7980211081794195
./instances/created-instances/mm-10-25-1767920.cdop,WS./settings/Memetic_MPX_1099666.config,10,25,0.8457820053017309,0.8457820053017309,0.9161079058163106,0.9161079058163106,0.916887572119133,0.916887572119133,0.916887572119133,0.9235927023234056,0.9413690940277561,0.9507250896616248,0.9508810229221893,0.9508810229221893,0.9708404802744426,0.9708404802744426
./instances/created-instances/mm-15-40-1891798.cdop,WS./settings/Memetic_MMX_1099666.config,15,40,0.7614366234106699,0.7804430462708087,0.7994494691309477,0.8441473325468607,0.8910735351946519,0.9424564163062,0.9615939179446847,0.9656573600734041,0.9760125835627212,0.9782409227945995,0.9878096736138419,0.9878096736138419,0.9794206317997116,0.9794206317997116
./instances/created-instances/mm-5-25-1917698.cdop,WS./settings/Memetic-LS_MPX_1099666.config,5,25,0.7368021268515001,0.7368021268515001,0.7368021268515001,0.7368021268515001,0.7368021268515001,0.7368021268515001,0.7527535131029244,0.7546524876566654,0.7647170527914926,0.8129510064565135,0.8173186479301178,0.8279529054310673,0.8478921382453475,0.8478921382453475
./instances/created-instances/mm-25-25-1110588.cdop,WS./settings/Memetic-LS_MPX_1881515.config,25,25,0.36857142857142855,0.36857142857142855,0.36857142857142855,0.36857142857142855,0.36857142857142855,0.36857142857142855,0.36857142857142855,0.36857142857142855,0.36857142857142855,0.3820408163265306,0.3820408163265306,0.3820408163265306,0.3820408163265306,0.3820408163265306
./instances/created-instances/mm-5-25-1110588.cdop,WS./settings/Memetic_MMX_1099666.config,5,25,0.8707675943981563,0.9087041304733203,0.9253678425811026,0.9253678425811026,0.9266087573125332,0.9402588193582698,0.9459315724162383,0.9477043077468534,0.9551497961354369,0.9583407197305442,0.9755362524375111,0.986881758553448,0.9921999645452934,0.9921999645452934
./instances/created-instances/mm-10-25-1917698.cdop,WS./settings/Memetic_MPX_1099666.config,10,25,0.7962128043282236,0.7962128043282236,0.7962128043282236,0.8111812443642922,0.8111812443642922,0.8600541027953111,0.8748422001803426,0.8748422001803426,0.8748422001803426,0.878990081154193,0.890351668169522,0.8934174932371506,0.8963029756537421,0.8963029756537421
./instances/created-instances/mm-20-10-1767920.cdop,WS./settings/Memetic_MMX_1099666.config,20,10,0.835464620630861,0.9326513213981245,0.9335038363171355,0.9335038363171355,0.9452259164535379,0.9599317988064792,0.9733589087809037,0.9765558397271952,0.9784739982949702,0.9833759590792839,0.9861466325660699,0.9931798806479113,1.0,1.0
./instances/created-instances/mm-15-25-1110588.cdop,WS./settings/Memetic-LS_MPX_1287823.config,15,25,0.5664764621968617,0.5664764621968617,0.5664764621968617,0.5664764621968617,0.5664764621968617,0.5664764621968617,0.5670470756062768,0.5670470756062768,0.5670470756062768,0.5670470756062768,0.5830242510699002,0.6192582025677603,0.6342368045649073,0.6342368045649073
./instances/created-instances/mm-25-10-1762875.cdop,WS./settings/Memetic_MMX_1099666.config,25,10,0.8614619211634137,0.8614619211634137,0.8966704936854191,0.8966704936854191,0.9144661308840414,0.9192499043245312,0.939150401836969,0.9446995790279372,0.9525449674703406,0.9624952162265595,0.9624952162265595,0.9624952162265595,0.9896670493685419,0.9896670493685419
./instances/created-instances/mm-20-10-1917698.cdop,WS./settings/Memetic_MMX_1099666.config,20,10,0.8574149012139967,0.8983575339204951,0.9145441561532969,0.9221613901452035,0.9531064032373244,0.9690549869078791,0.9752439895263033,0.9807188764579862,0.9807188764579862,0.9809569150202333,0.9866698405141633,0.9900023803856225,1.0,1.0
./instances/created-instances/mm-10-40-1110588.cdop,WS./settings/Memetic-LS_MMX_1881515.config,10,40,0.65730629225169,0.6731669266770671,0.6755070202808112,0.6792771710868435,0.6950078003120125,0.7226989079563183,0.7226989079563183,0.7281591263650546,0.7618304732189287,0.7869214768590743,0.8047321892875715,0.8130525221008841,0.8142225689027561,0.8142225689027561
./instances/created-instances/mm-5-10-1110588.cdop,WS./settings/Memetic_MPX_1287823.config,5,10,0.964744766801322,0.9794344473007712,0.9915534337128168,0.9915534337128168,0.9915534337128168,0.9915534337128168,0.9915534337128168,0.9926551597502754,0.9926551597502754,0.9926551597502754,0.9955930958501653,0.9955930958501653,0.9955930958501653,0.9955930958501653
./instances/created-instances/mm-15-40-1767920.cdop,WS./settings/Memetic_MMX_1287823.config,15,40,0.7974910394265233,0.81194743130227,0.8133811230585424,0.8407407407407408,0.8962962962962963,0.9180406212664277,0.945400238948626,0.9488649940262843,0.982078853046595,0.9835125448028674,0.9881720430107527,0.9925925925925926,1.0,1.0
./instances/created-instances/mm-20-10-1110588.cdop,WS./settings/Memetic_MMX_1287823.config,20,10,0.8254335260115607,0.8615028901734104,0.8853179190751445,0.9195375722543353,0.9509826589595376,0.9673988439306358,0.9673988439306358,0.9673988439306358,0.9771098265895953,0.9771098265895953,0.9771098265895953,0.9771098265895953,0.9771098265895953,0.9771098265895953
./instances/created-instances/mm-20-25-1917698.cdop,WS./settings/Memetic-LS_MMX_1287823.config,20,25,0.6259146341463414,0.6259146341463414,0.6321646341463415,0.6855182926829269,0.6922256097560976,0.6951219512195121,0.7047256097560975,0.7092987804878049,0.7096036585365854,0.7923780487804878,0.7967987804878048,0.8358231707317073,0.8611280487804878,0.8611280487804878
./instances/created-instances/mm-5-25-1917698.cdop,WS./settings/Memetic-LS_MMX_1287823.config,5,25,0.7368021268515001,0.7368021268515001,0.7368021268515001,0.7368021268515001,0.7584504367641474,0.8173186479301178,0.821686289403722,0.823585263957463,0.8522597797189517,0.895366502088872,0.895366502088872,0.9168249145461451,0.9080896315989365,0.9080896315989365
./instances/created-instances/mm-25-25-1767920.cdop,WS./settings/Memetic-LS_MPX_1099666.config,25,25,0.6262389867841409,0.6262389867841409,0.6262389867841409,0.6262389867841409,0.6262389867841409,0.6262389867841409,0.6262389867841409,0.6262389867841409,0.6262389867841409,0.6262389867841409,0.6262389867841409,0.6262389867841409,0.6262389867841409,0.6262389867841409
./instances/created-instances/mm-10-10-1891798.cdop,WS./settings/Memetic-LS_MMX_1881515.config,10,10,0.7784156142365097,0.7784156142365097,0.7784156142365097,0.7944890929965557,0.8381171067738232,0.8708381171067738,0.8708381171067738,0.881171067738232,0.9006888633754305,0.9104477611940298,0.914179104477612,0.9336969001148105,0.9463260619977037,0.9463260619977037
./instances/created-instances/mm-15-40-1917698.cdop,WS./settings/Memetic_MPX_1099666.config,15,40,0.6804960541149944,0.6804960541149944,0.711837655016911,0.7140924464487035,0.7177001127395716,0.7553551296505073,0.7553551296505073,0.7735062006764374,0.7852311161217588,0.7907553551296506,0.8288613303269448,0.8288613303269448,0.8288613303269448,0.8288613303269448
./instances/created-instances/mm-20-25-1767920.cdop,WS./settings/Memetic_MPX_1881515.config,20,25,0.7085605234460196,0.784896401308615,0.8142039258451472,0.8142039258451472,0.8230643402399127,0.8702290076335878,0.8785441657579062,0.8785441657579062,0.8785441657579062,0.8785441657579062,0.8785441657579062,0.8785441657579062,0.8863140676117776,0.8863140676117776
./instances/created-instances/mm-15-10-1891798.cdop,WS./settings/Memetic_MMX_1287823.config,15,10,0.902972027972028,0.9176136363636364,0.9626311188811189,0.965034965034965,0.9726835664335665,0.979458041958042,0.982298951048951,0.982298951048951,0.982298951048951,0.9825174825174825,0.993006993006993,0.9943181818181818,1.0,1.0
./instances/created-instances/mm-10-10-1917698.cdop,WS./settings/Memetic-LS_MPX_1099666.config,10,10,0.746049348489049,0.746049348489049,0.746049348489049,0.746049348489049,0.746049348489049,0.746049348489049,0.746049348489049,0.746049348489049,0.746049348489049,0.746049348489049,0.746049348489049,0.746049348489049,0.746049348489049,0.746049348489049
./instances/created-instances/mm-25-25-1110588.cdop,WS./settings/Memetic_MMX_1287823.config,25,25,0.7840816326530612,0.8186394557823129,0.8300680272108844,0.8568707482993198,0.8840816326530613,0.9031292517006803,0.919047619047619,0.9447619047619048,0.9572789115646259,0.9670748299319728,0.9670748299319728,0.9685714285714285,0.979047619047619,0.979047619047619
./instances/created-instances/mm-25-10-1891798.cdop,WS./settings/Memetic-LS_MMX_1881515.config,25,10,0.5445563012677107,0.5538777032065623,0.5596569724086503,0.5777404921700223,0.622296793437733,0.6500745712155108,0.6758016405667412,0.68027591349739,0.732289336316182,0.7865398956002982,0.8253169276659209,0.8715510812826249,0.8782624906785981,0.8782624906785981
./instances/created-instances/mm-20-25-1891798.cdop,WS./settings/Memetic_MMX_1099666.config,20,25,0.8455309396485867,0.8826585179526356,0.9313980137509549,0.9361344537815126,0.9683728036669214,0.971886936592819,0.971886936592819,0.974025974025974,0.9754010695187165,0.9856378915202445,0.9856378915202445,0.9943468296409473,0.9943468296409473,0.9943468296409473
./instances/created-instances/mm-20-25-1762875.cdop,WS./settings/Memetic-LS_MMX_1099666.config,20,25,0.3570773463772547,0.3590645062671966,0.35982879853255884,0.3793946805258331,0.41638642616936716,0.47814124121063895,0.5239987771323754,0.5885050443289513,0.6233567716294711,0.69489452766738,0.7167532864567411,0.7424335065729135,0.7636808315499847,0.7636808315499847
./instances/created-instances/mm-25-25-1917698.cdop,WS./settings/Memetic-LS_MPX_1099666.config,25,25,0.35787723011793166,0.35787723011793166,0.35787723011793166,0.3627154520713638,0.3627154520713638,0.3627154520713638,0.36876322951315393,0.36876322951315393,0.36876322951315393,0.36876322951315393,0.36876322951315393,0.37934684003628666,0.37934684003628666,0.37934684003628666
./instances/created-instances/mm-10-40-1110588.cdop,WS./settings/Memetic_MPX_1287823.config,10,40,0.7565002600104004,0.7869214768590743,0.8005720228809152,0.8133125325013001,0.8731149245969839,0.8767550702028081,0.8794851794071763,0.9123764950598023,0.9201768070722829,0.9201768070722829,0.9201768070722829,0.9206968278731149,0.9206968278731149,0.9206968278731149
./instances/created-instances/mm-5-40-1110588.cdop,WS./settings/Memetic-LS_MMX_1881515.config,5,40,0.7201531959852087,0.7201531959852087,0.7201531959852087,0.7201531959852087,0.7201531959852087,0.7201531959852087,0.7201531959852087,0.7420760697305864,0.7420760697305864,0.7567353407290016,0.8001848917062864,0.8552562070787111,0.8559165346011621,0.8559165346011621
./instances/created-instances/mm-5-25-1767920.cdop,WS./settings/Memetic-LS_MPX_1287823.config,5,25,0.792,0.792,0.792,0.7994666666666667,0.7994666666666667,0.8065777777777777,0.8266666666666667,0.8332444444444445,0.8734222222222222,0.8734222222222222,0.8944,0.9121777777777778,0.9121777777777778,0.9121777777777778
./instances/created-instances/mm-15-10-1762875.cdop,WS./settings/Memetic_MMX_1881515.config,15,10,0.9584688516387291,0.9584688516387291,0.9584688516387291,0.9584688516387291,0.9604703527645734,0.9604703527645734,0.9604703527645734,0.9604703527645734,0.9604703527645734,0.9667250437828371,0.9914936202151614,0.9914936202151614,0.9914936202151614,0.9914936202151614
./instances/created-instances/mm-25-25-1767920.cdop,WS./settings/Memetic_MPX_1881515.config,25,25,0.7164096916299559,0.7197136563876652,0.7197136563876652,0.7197136563876652,0.7696861233480177,0.7696861233480177,0.7696861233480177,0.7696861233480177,0.8237885462555066,0.8237885462555066,0.8237885462555066,0.8237885462555066,0.8237885462555066,0.8237885462555066
./instances/created-instances/mm-5-40-1891798.cdop,WS./settings/Memetic-LS_MPX_1099666.config,5,40,0.7232720039781203,0.7232720039781203,0.7232720039781203,0.7232720039781203,0.7232720039781203,0.7232720039781203,0.7232720039781203,0.7232720039781203,0.7232720039781203,0.7232720039781203,0.7232720039781203,0.7232720039781203,0.7232720039781203,0.7232720039781203
./instances/created-instances/mm-20-25-1917698.cdop,WS./settings/Memetic_MMX_1099666.config,20,25,0.8304878048780487,0.8364329268292683,0.8452743902439024,0.8867378048780488,0.9292682926829269,0.9358231707317073,0.9445121951219512,0.9539634146341464,0.9539634146341464,0.9625,0.9625,0.9641768292682927,0.9641768292682927,0.9641768292682927
./instances/created-instances/mm-15-25-1891798.cdop,WS./settings/Memetic-LS_MPX_1099666.config,15,25,0.7187654728503053,0.7187654728503053,0.7187654728503053,0.7187654728503053,0.7187654728503053,0.7187654728503053,0.7187654728503053,0.7187654728503053,0.7187654728503053,0.7187654728503053,0.7187654728503053,0.7187654728503053,0.7237167849480112,0.7237167849480112
./instances/created-instances/mm-15-25-1110588.cdop,WS./settings/Memetic-LS_MMX_1099666.config,15,25,0.5664764621968617,0.5664764621968617,0.6154065620542083,0.6154065620542083,0.6262482168330956,0.6426533523537803,0.6629101283880171,0.7174037089871612,0.7855920114122682,0.7855920114122682,0.8332382310984308,0.8657631954350927,0.8768901569186875,0.8768901569186875
./instances/created-instances/mm-10-40-1767920.cdop,WS./settings/Memetic_MMX_1881515.config,10,40,0.7838151781104801,0.840216830149716,0.9088797108931337,0.9124935467217347,0.9383066597831698,0.9405007743933919,0.9425658234383066,0.9525038719669592,0.9629581827568404,0.9629581827568404,0.9806401652039236,0.9898038203407331,0.9898038203407331,0.9898038203407331
./instances/created-instances/mm-25-25-1762875.cdop,WS./settings/Memetic_MMX_1099666.config,25,25,0.7949590227307871,0.8215555899180454,0.8608319158806247,0.9144889438688727,0.9245399721663832,0.9468068656254832,0.9468068656254832,0.9608783052419978,0.9608783052419978,0.9775784753363229,0.9791247873820937,0.9806710994278646,0.9806710994278646,0.9806710994278646
./instances/created-instances/mm-25-10-1767920.cdop,WS./settings/Memetic-LS_MMX_1099666.config,25,10,0.5351484043740237,0.5351484043740237,0.5492077661236331,0.6038830618165588,0.6806516402588708,0.6864539165364874,0.7299709886186119,0.7509484490069182,0.8029457710332515,0.8149966525329168,0.8152198170051328,0.8502566391430484,0.8578442311983933,0.8578442311983933
./instances/created-instances/mm-25-10-1767920.cdop,WS./settings/Memetic-LS_MMX_1881515.config,25,10,0.5476456148181209,0.5476456148181209,0.5654987725954028,0.5690694041508592,0.5909395224280295,0.6496317786208435,0.6496317786208435,0.6516402588707878,0.7585360410622629,0.7871010935059138,0.7871010935059138,0.8384289221155992,0.8658781521981701,0.8658781521981701
./instances/created-instances/mm-10-25-1110588.cdop,WS./settings/Memetic-LS_MPX_1881515.config,10,25,0.666941331575478,0.666941331575478,0.666941331575478,0.666941331575478,0.6882003955174687,0.6957811470006592,0.6957811470006592,0.719676994067238,0.722313777191826,0.7310481212920237,0.7508239947264338,0.7949901120632828,0.8076796308503625,0.8076796308503625
./instances/created-instances/mm-5-40-1110588.cdop,WS./settings/Memetic_MPX_1099666.config,5,40,0.7980718436344427,0.8857633386159535,0.9027997886951928,0.9027997886951928,0.9027997886951928,0.9027997886951928,0.9045166402535658,0.9059693608029583,0.9132329635499208,0.938985736925515,0.938985736925515,0.938985736925515,0.9358161648177497,0.9358161648177497
./instances/created-instances/mm-10-25-1762875.cdop,WS./settings/Memetic_MPX_1881515.config,10,25,0.8073473611590204,0.8073473611590204,0.8413245946878234,0.8647809589513625,0.8768540876164195,0.8966885132804415,0.8966885132804415,0.8966885132804415,0.9023801310796826,0.9023801310796826,0.9023801310796826,0.9023801310796826,0.9023801310796826,0.9023801310796826
./instances/created-instances/mm-10-10-1767920.cdop,WS./settings/Memetic-LS_MPX_1287823.config,10,10,0.7643020594965675,0.7643020594965675,0.7643020594965675,0.7643020594965675,0.7643020594965675,0.7643020594965675,0.7643020594965675,0.7643020594965675,0.8192219679633868,0.8654970760233918,0.8901601830663616,0.9148232901093313,0.9148232901093313,0.9148232901093313
./instances/created-instances/mm-5-10-1767920.cdop,WS./settings/Memetic_MMX_1099666.config,5,10,0.9429231276806335,0.9495216100296932,0.9811943253051798,0.9811943253051798,0.9811943253051798,0.9811943253051798,0.9811943253051798,0.9877928076542395,0.9947212141207522,1.0,1.0,1.0,1.0,1.0
./instances/created-instances/mm-5-40-1762875.cdop,WS./settings/Memetic-LS_MPX_1287823.config,5,40,0.7268829498356438,0.7268829498356438,0.7268829498356438,0.7268829498356438,0.7268829498356438,0.7268829498356438,0.7268829498356438,0.7268829498356438,0.7268829498356438,0.7268829498356438,0.7268829498356438,0.8082035157924825,0.8233528655137916,0.8233528655137916
./instances/created-instances/mm-5-10-1110588.cdop,WS./settings/Memetic-LS_MPX_1287823.config,5,10,0.8009548292324642,0.8204186558942343,0.8204186558942343,0.847227322805729,0.9034153507161219,0.9034153507161219,0.9034153507161219,0.9034153507161219,0.9327947117150202,0.9515240543518179,0.9515240543518179,0.9577671685640837,0.9764965112008814,0.9764965112008814
./instances/created-instances/mm-20-25-1891798.cdop,WS./settings/Memetic-LS_MPX_1881515.config,20,25,0.5356760886172651,0.5356760886172651,0.5356760886172651,0.5356760886172651,0.5356760886172651,0.5356760886172651,0.5356760886172651,0.5356760886172651,0.5356760886172651,0.5356760886172651,0.546524064171123,0.5515660809778457,0.5521772345301758,0.5521772345301758
./instances/created-instances/mm-15-40-1110588.cdop,WS./settings/Memetic-LS_MMX_1287823.config,15,40,0.6707775428705661,0.69579516091144,0.7175240779891943,0.7175240779891943,0.7175240779891943,0.7184637068357999,0.7508809020436927,0.7730796335447498,0.7829457364341085,0.7957481794691097,0.7965703547098896,0.8195912614517266,0.8252290345313601,0.8252290345313601
./instances/created-instances/mm-5-25-1891798.cdop,WS./settings/Memetic_MPX_1099666.config,5,25,0.9036757775683317,0.9036757775683317,0.9036757775683317,0.9036757775683317,0.9536286522148916,0.9560791705937794,0.9560791705937794,0.9572101790763431,0.9572101790763431,0.9572101790763431,0.9572101790763431,0.9577756833176249,0.966258246936852,0.966258246936852
./instances/created-instances/mm-15-40-1110588.cdop,WS./settings/Memetic-LS_MPX_1099666.config,15,40,0.6707775428705661,0.6707775428705661,0.6707775428705661,0.6707775428705661,0.6707775428705661,0.6707775428705661,0.6707775428705661,0.6707775428705661,0.6707775428705661,0.6707775428705661,0.6707775428705661,0.6707775428705661,0.6738313366220343,0.6738313366220343
./instances/created-instances/mm-20-25-1762875.cdop,WS./settings/Memetic-LS_MMX_1287823.config,20,25,0.3451543870376032,0.39009477224090494,0.3995719963313971,0.47233261999388565,0.4787526750229288,0.4922042188933048,0.5571690614490982,0.5877407520635891,0.6192295933965148,0.6624885356160196,0.7404463466829716,0.767808009782941,0.799755426475084,0.799755426475084
./instances/created-instances/mm-25-25-1110588.cdop,WS./settings/Memetic-LS_MMX_1099666.config,25,25,0.3952380952380952,0.40095238095238095,0.4013605442176871,0.41401360544217686,0.41401360544217686,0.43714285714285717,0.4797278911564626,0.5756462585034013,0.6406802721088435,0.6658503401360544,0.6787755102040817,0.7410884353741497,0.7853061224489796,0.7853061224489796
./instances/created-instances/mm-5-40-1762875.cdop,WS./settings/Memetic-LS_MMX_1099666.config,5,40,0.7268829498356438,0.7268829498356438,0.7268829498356438,0.7268829498356438,0.7268829498356438,0.7424610547377447,0.7424610547377447,0.761612119479777,0.7628983850221523,0.7628983850221523,0.7849078176361298,0.8214949263970273,0.8493640131484922,0.8493640131484922
./instances/created-instances/mm-20-10-1110588.cdop,WS./settings/Memetic-LS_MPX_1287823.config,20,10,0.5771098265895954,0.5771098265895954,0.5771098265895954,0.5771098265895954,0.5771098265895954,0.5771098265895954,0.5771098265895954,0.5771098265895954,0.5771098265895954,0.5771098265895954,0.5886705202312139,0.5886705202312139,0.5895953757225434,0.5895953757225434
./instances/created-instances/mm-15-25-1110588.cdop,WS./settings/Memetic_MPX_1287823.config,15,25,0.7960057061340942,0.7960057061340942,0.7960057061340942,0.8182596291012839,0.8550641940085592,0.859058487874465,0.859058487874465,0.859058487874465,0.859058487874465,0.8620542082738945,0.8838801711840228,0.9044222539229672,0.9044222539229672,0.9044222539229672
./instances/created-instances/mm-10-10-1891798.cdop,WS./settings/Memetic_MPX_1099666.config,10,10,0.9302525832376579,0.9302525832376579,0.9302525832376579,0.9302525832376579,0.9302525832376579,0.9302525832376579,0.9302525832376579,0.9448909299655568,0.945752009184845,0.972158438576349,0.972158438576349,0.9724454649827784,0.9724454649827784,0.9724454649827784
./instances/created-instances/mm-25-10-1110588.cdop,WS./settings/Memetic_MMX_1099666.config,25,10,0.8539918016787039,0.9111848526254148,0.9303142689830177,0.944563732188171,0.9537380441147765,0.9636931485457739,0.9672067148155378,0.9703298848331056,0.9754050361116533,0.9847745461643568,0.999609603747804,0.999609603747804,1.0,1.0
./instances/created-instances/mm-10-25-1762875.cdop,WS./settings/Memetic_MMX_1287823.config,10,25,0.8837530182821662,0.901172818213177,0.9344601586754053,0.9599862021386685,0.9746464298033805,0.9746464298033805,0.9746464298033805,0.9746464298033805,0.9813728872024836,0.9813728872024836,0.9917212832011039,0.9993101069334254,0.9993101069334254,0.9993101069334254
./instances/created-instances/mm-15-25-1110588.cdop,WS./settings/Memetic-LS_MPX_1881515.config,15,25,0.5664764621968617,0.5664764621968617,0.5664764621968617,0.5664764621968617,0.5664764621968617,0.5664764621968617,0.5670470756062768,0.5670470756062768,0.5670470756062768,0.5670470756062768,0.5887303851640514,0.5887303851640514,0.5940085592011413,0.5940085592011413
./instances/created-instances/mm-25-25-1917698.cdop,WS./settings/Memetic_MPX_1881515.config,25,25,0.6598125188993045,0.7354097369216813,0.7354097369216813,0.7444814030843665,0.7444814030843665,0.7444814030843665,0.8249168430601754,0.8249168430601754,0.8249168430601754,0.8249168430601754,0.8249168430601754,0.8249168430601754,0.8618082854550952,0.8618082854550952
./instances/created-instances/mm-5-25-1917698.cdop,WS./settings/Memetic_MMX_1881515.config,5,25,0.906950246866692,0.9099886061526775,0.9179642992783896,0.9179642992783896,0.9466388150398785,0.9466388150398785,0.9428408659323965,0.9460691226737562,0.9460691226737562,0.9682871249525257,0.9747436384352449,0.97683251044436,0.97683251044436,0.97683251044436
./instances/created-instances/mm-10-10-1891798.cdop,WS./settings/Memetic_MPX_1287823.config,10,10,0.9078645235361653,0.9222158438576349,0.9222158438576349,0.9397244546498278,0.9520665901262916,0.9520665901262916,0.9520665901262916,0.9520665901262916,0.9609644087256027,0.9609644087256027,0.9609644087256027,0.9784730195177956,0.9842135476463835,0.9842135476463835
./instances/created-instances/mm-25-25-1767920.cdop,WS./settings/Memetic-LS_MMX_1881515.config,25,25,0.6262389867841409,0.6262389867841409,0.6262389867841409,0.6262389867841409,0.6262389867841409,0.6262389867841409,0.637114537444934,0.6463381057268722,0.6523953744493393,0.7034691629955947,0.7475220264317181,0.7879955947136564,0.7974944933920705,0.7974944933920705
./instances/created-instances/mm-10-10-1110588.cdop,WS./settings/Memetic-LS_MMX_1881515.config,10,10,0.8654607122668174,0.8654607122668174,0.8654607122668174,0.8654607122668174,0.8654607122668174,0.8875070661390616,0.8875070661390616,0.8976823063877897,0.9047484454494065,0.9171848501978519,0.9177501413227812,0.9335782928208027,0.9482758620689655,0.9482758620689655
./instances/created-instances/mm-10-40-1767920.cdop,WS./settings/Memetic-LS_MPX_1881515.config,10,40,0.6706246773360868,0.6706246773360868,0.6706246773360868,0.6706246773360868,0.6706246773360868,0.6706246773360868,0.6879194630872483,0.6879194630872483,0.6879194630872483,0.6885647909137842,0.6885647909137842,0.6886938564790914,0.6886938564790914,0.6886938564790914
./instances/created-instances/mm-10-25-1762875.cdop,WS./settings/Memetic_MMX_1099666.config,10,25,0.8608140738185581,0.8813383925491549,0.8847878578820283,0.9047947568126941,0.9548120041393584,0.9573991031390134,0.9573991031390134,0.9789582614694722,0.9908589168678855,0.9908589168678855,0.9908589168678855,0.9908589168678855,1.0,1.0
./instances/created-instances/mm-25-10-1891798.cdop,WS./settings/Memetic_MPX_1287823.config,25,10,0.7492542878448919,0.7492542878448919,0.7516778523489933,0.784862043251305,0.784862043251305,0.784862043251305,0.7995898583146905,0.802199850857569,0.8031319910514542,0.8271812080536913,0.8551454138702461,0.8551454138702461,0.8551454138702461,0.8551454138702461
./instances/created-instances/mm-5-10-1762875.cdop,WS./settings/Memetic-LS_MPX_1099666.config,5,10,0.8400881057268722,0.8400881057268722,0.8599118942731278,0.8599118942731278,0.905726872246696,0.905726872246696,0.905726872246696,0.9259911894273127,0.9286343612334802,0.9286343612334802,0.9286343612334802,0.9286343612334802,0.9286343612334802,0.9286343612334802
./instances/created-instances/mm-5-10-1110588.cdop,WS./settings/Memetic-LS_MPX_1881515.config,5,10,0.7873668747704737,0.8027910392948954,0.8810135879544619,0.9144326110907087,0.922879177377892,0.922879177377892,0.9489533602644142,0.9489533602644142,0.9489533602644142,0.9562982005141388,0.9713551230260742,0.9713551230260742,0.9713551230260742,0.9713551230260742
./instances/created-instances/mm-10-40-1891798.cdop,WS./settings/Memetic-LS_MMX_1881515.config,10,40,0.6953418969767744,0.6953418969767744,0.6953418969767744,0.6953418969767744,0.6953418969767744,0.6953418969767744,0.6953418969767744,0.6953418969767744,0.6953418969767744,0.7166212534059946,0.7393278837420527,0.761775009731413,0.7682626183988582,0.7682626183988582
./instances/created-instances/mm-5-25-1110588.cdop,WS./settings/Memetic-LS_MPX_1099666.config,5,25,0.5885481297642262,0.5943981563552562,0.6011345506115937,0.6254210246410211,0.6791349051586598,0.7232760148909768,0.7906399574543521,0.7995036341074278,0.7995036341074278,0.815458252082964,0.8845949299769544,0.9026768303492289,0.9026768303492289,0.9026768303492289
./instances/created-instances/mm-15-40-1767920.cdop,WS./settings/Memetic-LS_MMX_1099666.config,15,40,0.6254480286738351,0.6254480286738351,0.6254480286738351,0.6434886499402629,0.666547192353644,0.689247311827957,0.689247311827957,0.6986857825567503,0.7377538829151732,0.7377538829151732,0.7377538829151732,0.747431302270012,0.7566308243727599,0.7566308243727599
./instances/created-instances/mm-5-10-1891798.cdop,WS./settings/Memetic-LS_MPX_1099666.config,5,10,0.7407754846779238,0.8126954346466542,0.8176985616010006,0.8611632270168855,0.8611632270168855,0.8611632270168855,0.8611632270168855,0.9365228267667292,0.9377736085053158,0.9377736085053158,0.9452782989368356,0.9452782989368356,0.9606003752345216,0.9606003752345216
./instances/created-instances/mm-20-10-1110588.cdop,WS./settings/Memetic_MPX_1881515.config,20,10,0.7882080924855491,0.7882080924855491,0.8004624277456648,0.8004624277456648,0.867514450867052,0.867514450867052,0.867514450867052,0.867514450867052,0.867514450867052,0.867514450867052,0.867514450867052,0.867514450867052,0.8779190751445086,0.8779190751445086
./instances/created-instances/mm-15-10-1917698.cdop,WS./settings/Memetic_MMX_1287823.config,15,10,0.929145361577794,0.9525200876552228,0.9556854151448746,0.9659118578037497,0.9766252739225713,0.990990990990991,0.990990990990991,0.990990990990991,0.990990990990991,0.990990990990991,0.9946432919405892,0.998782566350134,0.998782566350134,0.998782566350134
./instances/created-instances/mm-5-10-1891798.cdop,WS./settings/Memetic_MPX_1881515.config,5,10,0.944027517198249,0.9555972482801751,0.9555972482801751,0.9555972482801751,0.981863664790494,0.981863664790494,0.981863664790494,0.981863664790494,0.981863664790494,0.9946841776110069,1.0,1.0,1.0,1.0
./instances/created-instances/mm-20-25-1762875.cdop,WS./settings/Memetic-LS_MMX_1881515.config,20,25,0.35616019565881996,0.39192907367777435,0.39712626108223786,0.40660348517273004,0.4420666462855396,0.5013757260776521,0.5261387954753898,0.5657291348211556,0.6342097217976154,0.6403240599205136,0.7150718434729441,0.7826352797309691,0.7915010700091715,0.7915010700091715
./instances/created-instances/mm-10-10-1762875.cdop,WS./settings/Memetic_MPX_1287823.config,10,10,0.8731822793371661,0.9110585052417991,0.9110585052417991,0.9110585052417991,0.9110585052417991,0.9306729793709841,0.9306729793709841,0.9306729793709841,0.9367602299628002,0.9496110923233007,0.9496110923233007,0.9496110923233007,0.9604328711531958,0.9604328711531958
./instances/created-instances/mm-5-25-1110588.cdop,WS./settings/Memetic_MPX_1881515.config,5,25,0.9443361106186846,0.9443361106186846,0.9443361106186846,0.9443361106186846,0.9443361106186846,0.9443361106186846,0.9443361106186846,0.9443361106186846,0.9528452402056373,0.9622407374578975,0.9622407374578975,0.9622407374578975,0.9656089345860663,0.9656089345860663
./instances/created-instances/mm-15-40-1891798.cdop,WS./settings/Memetic-LS_MMX_1099666.config,15,40,0.5977192292567833,0.5977192292567833,0.6013894350504654,0.6038799318390352,0.6038799318390352,0.6325861842967624,0.6657491152182462,0.6784637567177874,0.6784637567177874,0.6939310525625901,0.720933280901822,0.7679905623279591,0.7966968147856862,0.7966968147856862
./instances/created-instances/mm-10-25-1891798.cdop,WS./settings/Memetic_MMX_1287823.config,10,25,0.8576286906786211,0.883598701499459,0.9032307930128304,0.9321378883907868,0.9448137270057196,0.9576441490183955,0.9639820683258618,0.9701654042355851,0.971711238213016,0.9833049930437471,0.9862420776008657,0.9862420776008657,0.9873241613850673,0.9873241613850673
./instances/created-instances/mm-10-40-1917698.cdop,WS./settings/Memetic-LS_MPX_1287823.config,10,40,0.6570601560533602,0.6570601560533602,0.6570601560533602,0.6570601560533602,0.6570601560533602,0.6570601560533602,0.6570601560533602,0.6570601560533602,0.6570601560533602,0.6570601560533602,0.6570601560533602,0.6570601560533602,0.6570601560533602,0.6570601560533602
./instances/created-instances/mm-5-25-1891798.cdop,WS./settings/Memetic-LS_MPX_1881515.config,5,25,0.6991517436380773,0.6991517436380773,0.6991517436380773,0.6991517436380773,0.6991517436380773,0.6991517436380773,0.719698397737983,0.7864278982092365,0.8241281809613572,0.8505183788878417,0.8569274269557021,0.8586239396795476,0.8825636192271442,0.8825636192271442
./instances/created-instances/mm-10-25-1917698.cdop,WS./settings/Memetic_MMX_1099666.config,10,25,0.8429215509467989,0.8701532912533815,0.9109107303877367,0.9240757439134355,0.9253381424706943,0.9406672678088368,0.957799819657349,0.957799819657349,0.957799819657349,0.957799819657349,0.9765554553651938,0.9788999098286745,0.9788999098286745,0.9788999098286745
./instances/created-instances/mm-10-25-1767920.cdop,WS./settings/Memetic_MMX_1099666.config,10,25,0.8345548105410884,0.8535786683299548,0.8602837985342273,0.9268673007952596,0.9306096990488071,0.9306096990488071,0.9437080929362233,0.9549352876968658,0.9694370809293622,0.9834710743801653,0.9923592702323406,0.997037268049275,0.997037268049275,0.997037268049275
./instances/created-instances/mm-10-40-1110588.cdop,WS./settings/Memetic-LS_MPX_1881515.config,10,40,0.6396255850234009,0.6396255850234009,0.6396255850234009,0.6396255850234009,0.6396255850234009,0.6396255850234009,0.6396255850234009,0.6396255850234009,0.6730369214768591,0.6747269890795632,0.6747269890795632,0.6820072802912116,0.6820072802912116,0.6820072802912116
./instances/created-instances/mm-20-10-1767920.cdop,WS./settings/Memetic_MMX_1881515.config,20,10,0.8725490196078431,0.9230605285592498,0.9388320545609549,0.947996589940324,0.9528985507246377,0.959079283887468,0.9652600170502984,0.9899829497016198,0.9899829497016198,0.9899829497016198,0.9899829497016198,0.9899829497016198,0.994458653026428,0.994458653026428
./instances/created-instances/mm-10-25-1891798.cdop,WS./settings/Memetic-LS_MMX_1881515.config,10,25,0.8115628381511826,0.8115628381511826,0.8117174215489257,0.8117174215489257,0.8202195084247952,0.8202195084247952,0.8202195084247952,0.8264028443345185,0.8264028443345185,0.827330344720977,0.8403153501313959,0.8554645231102179,0.8554645231102179,0.8554645231102179
./instances/created-instances/mm-5-40-1767920.cdop,WS./settings/Memetic_MPX_1881515.config,5,40,0.7776919113858836,0.8308861411643482,0.8643740340030912,0.8643740340030912,0.8968315301391035,0.8976043276661515,0.8976043276661515,0.9223338485316847,0.9254250386398764,0.9291602266872746,0.9291602266872746,0.9549201442555384,0.9639361154044307,0.9639361154044307
./instances/created-instances/mm-10-10-1110588.cdop,WS./settings/Memetic-LS_MPX_1099666.config,10,10,0.8654607122668174,0.8654607122668174,0.8654607122668174,0.8654607122668174,0.8654607122668174,0.8654607122668174,0.8654607122668174,0.8654607122668174,0.8654607122668174,0.8654607122668174,0.8821368004522329,0.8892029395138497,0.9058790276992651,0.9058790276992651
./instances/created-instances/mm-25-10-1110588.cdop,WS./settings/Memetic_MPX_1881515.config,25,10,0.7905524106968573,0.7905524106968573,0.7905524106968573,0.8245168846379075,0.8245168846379075,0.8553581885613898,0.8553581885613898,0.8553581885613898,0.8553581885613898,0.8637517079836033,0.8637517079836033,0.8637517079836033,0.8637517079836033,0.8637517079836033
./instances/created-instances/mm-15-10-1110588.cdop,WS./settings/Memetic-LS_MMX_1881515.config,15,10,0.5777828467153284,0.6382299270072993,0.6557937956204379,0.6587591240875912,0.708713503649635,0.7680200729927007,0.7860401459854015,0.7976733576642335,0.7976733576642335,0.833713503649635,0.8834397810218978,0.8834397810218978,0.9181113138686131,0.9181113138686131
./instances/created-instances/mm-10-40-1762875.cdop,WS./settings/Memetic_MMX_1881515.config,10,40,0.7773950759025385,0.8145171578007399,0.8433473657354255,0.8614619211634137,0.8821278224263299,0.8909299655568312,0.9189947697410384,0.9189947697410384,0.9419568822553898,0.958795764765914,0.958795764765914,0.9670876387294298,0.9670876387294298,0.9670876387294298
./instances/created-instances/mm-5-10-1767920.cdop,WS./settings/Memetic_MPX_1881515.config,5,10,0.9482019135598813,0.9482019135598813,0.9716265258990432,0.978225008248103,0.9874628835367866,0.9874628835367866,0.9874628835367866,0.9874628835367866,0.9874628835367866,0.9874628835367866,0.9874628835367866,0.9973606070603761,0.9973606070603761,0.9973606070603761
./instances/created-instances/mm-15-40-1891798.cdop,WS./settings/Memetic_MPX_1287823.config,15,40,0.7375802857517368,0.7774282343688557,0.8049547778214707,0.8049547778214707,0.8049547778214707,0.8049547778214707,0.805348014156508,0.805348014156508,0.8521431380259537,0.8725914274478962,0.8912046139729978,0.8912046139729978,0.9297417748066588,0.9297417748066588
./instances/created-instances/mm-5-40-1762875.cdop,WS./settings/Memetic-LS_MPX_1099666.config,5,40,0.7268829498356438,0.7268829498356438,0.7268829498356438,0.7268829498356438,0.7268829498356438,0.7268829498356438,0.7268829498356438,0.7268829498356438,0.7268829498356438,0.7268829498356438,0.7353151350578819,0.8153494354723453,0.8546519937115907,0.8546519937115907
./instances/created-instances/mm-10-10-1891798.cdop,WS./settings/Memetic-LS_MMX_1099666.config,10,10,0.7784156142365097,0.7784156142365097,0.7784156142365097,0.8194603903559128,0.8194603903559128,0.8389781859931114,0.8524684270952928,0.8524684270952928,0.8869115958668198,0.9242250287026407,0.9380022962112514,0.9380022962112514,0.9572330654420207,0.9572330654420207
./instances/created-instances/mm-25-25-1767920.cdop,WS./settings/Memetic-LS_MPX_1881515.config,25,25,0.6262389867841409,0.6262389867841409,0.6262389867841409,0.6262389867841409,0.6262389867841409,0.6262389867841409,0.6262389867841409,0.6262389867841409,0.6262389867841409,0.6262389867841409,0.6262389867841409,0.6262389867841409,0.6262389867841409,0.6262389867841409
./instances/created-instances/mm-10-10-1110588.cdop,WS./settings/Memetic_MPX_1881515.config,10,10,0.8654607122668174,0.899095534200113,0.899095534200113,0.899095534200113,0.9055963821368005,0.9064443188241944,0.9259468626342566,0.9429055963821368,0.9429055963821368,0.9429055963821368,0.9567552289429055,0.9592990390050876,0.9592990390050876,0.9592990390050876
./instances/created-instances/mm-25-25-1917698.cdop,WS./settings/Memetic_MPX_1287823.config,25,25,0.692016933776837,0.7137889325672815,0.7137889325672815,0.7771394012700332,0.7771394012700332,0.7771394012700332,0.7771394012700332,0.7771394012700332,0.8252192319322649,0.8252192319322649,0.8252192319322649,0.8318717871182341,0.8318717871182341,0.8318717871182341
./instances/created-instances/mm-15-40-1767920.cdop,WS./settings/Memetic-LS_MPX_1287823.config,15,40,0.6254480286738351,0.6254480286738351,0.6254480286738351,0.6254480286738351,0.6254480286738351,0.6254480286738351,0.6254480286738351,0.6254480286738351,0.6270011947431302,0.6270011947431302,0.6270011947431302,0.6270011947431302,0.6270011947431302,0.6270011947431302
./instances/created-instances/mm-10-10-1767920.cdop,WS./settings/Memetic-LS_MPX_1099666.config,10,10,0.7643020594965675,0.7643020594965675,0.8070175438596491,0.8070175438596491,0.8110856852275616,0.8110856852275616,0.8110856852275616,0.8110856852275616,0.8426137808288838,0.8426137808288838,0.8426137808288838,0.8545639460971268,0.8863463005339436,0.8863463005339436
./instances/created-instances/mm-5-25-1110588.cdop,WS./settings/Memetic-LS_MMX_1287823.config,5,25,0.6603439106541393,0.662293919517816,0.6922531466052119,0.6922531466052119,0.7296578620811913,0.7319624180109909,0.7858535720616912,0.8140400638184719,0.8319446906576848,0.8558766176209892,0.8803403651834781,0.8829994681794008,0.9237723807835491,0.9237723807835491
./instances/created-instances/mm-10-25-1110588.cdop,WS./settings/Memetic_MPX_1099666.config,10,25,0.793506921555702,0.8243243243243243,0.8373434410019776,0.8373434410019776,0.8554713249835201,0.8554713249835201,0.8696440342781806,0.8696440342781806,0.8696440342781806,0.8696440342781806,0.8696440342781806,0.8803559657218194,0.8826631509558339,0.8826631509558339
./instances/created-instances/mm-15-25-1891798.cdop,WS./settings/Memetic_MMX_1881515.config,15,25,0.9443802607691039,0.9544479287011058,0.9544479287011058,0.9572536722231392,0.9603895032183528,0.9747483083016999,0.9750783957748803,0.9747483083016999,0.9763987456676019,0.9788744017164549,0.9922429443802607,1.0,1.0,1.0
./instances/created-instances/mm-25-25-1767920.cdop,WS./settings/Memetic_MPX_1099666.config,25,25,0.7433920704845814,0.7433920704845814,0.7433920704845814,0.7433920704845814,0.7433920704845814,0.7751927312775331,0.8014867841409692,0.8014867841409692,0.8014867841409692,0.8014867841409692,0.8014867841409692,0.8014867841409692,0.8014867841409692,0.8014867841409692
./instances/created-instances/mm-10-10-1110588.cdop,WS./settings/Memetic_MMX_1287823.config,10,10,0.9347088750706614,0.9369700395703787,0.9420576596947428,0.9550593555681176,0.9689089881288864,0.9711701526286037,0.9711701526286037,0.9711701526286037,0.9711701526286037,0.9920859242509893,0.9920859242509893,0.9937817976257772,0.994912379875636,0.994912379875636
./instances/created-instances/mm-10-25-1762875.cdop,WS./settings/Memetic-LS_MPX_1099666.config,10,25,0.6961021041738531,0.6961021041738531,0.6961021041738531,0.6961021041738531,0.6961021041738531,0.6961021041738531,0.6961021041738531,0.6961021041738531,0.6961021041738531,0.6961021041738531,0.6961021041738531,0.6961021041738531,0.6961021041738531,0.6961021041738531
./instances/created-instances/mm-5-25-1767920.cdop,WS./settings/Memetic-LS_MMX_1099666.config,5,25,0.792,0.792,0.8387555555555556,0.8448,0.8567111111111111,0.8568888888888889,0.8750222222222223,0.8764444444444445,0.8812444444444445,0.8981333333333333,0.9260444444444444,0.9310222222222222,0.9310222222222222,0.9310222222222222
./instances/created-instances/mm-20-10-1917698.cdop,WS./settings/Memetic_MPX_1881515.config,20,10,0.8683646750773625,0.8683646750773625,0.8683646750773625,0.8683646750773625,0.8683646750773625,0.8683646750773625,0.8683646750773625,0.8683646750773625,0.8683646750773625,0.8683646750773625,0.906450845036896,0.906450845036896,0.906450845036896,0.906450845036896
./instances/created-instances/mm-5-25-1762875.cdop,WS./settings/Memetic_MPX_1099666.config,5,25,0.8671726755218216,0.89511816456788,0.89511816456788,0.9090909090909091,0.9090909090909091,0.9346213558737277,0.9346213558737277,0.9360013800241505,0.9410039675694325,0.9410039675694325,0.9410039675694325,0.9410039675694325,0.9410039675694325,0.9410039675694325
./instances/created-instances/mm-15-40-1767920.cdop,WS./settings/Memetic_MMX_1881515.config,15,40,0.8316606929510155,0.8504181600955795,0.880047789725209,0.8941457586618877,0.9019115890083632,0.9118279569892473,0.953405017921147,0.9627240143369176,0.9777777777777777,0.9783751493428913,0.9790919952210275,0.9795698924731183,0.994026284348865,0.994026284348865
./instances/created-instances/mm-5-40-1767920.cdop,WS./settings/Memetic_MMX_1099666.config,5,40,0.8393869139618754,0.8496908809891809,0.8619268418341062,0.8806027820710973,0.9222050489438434,0.9280010303967027,0.9541473467284904,0.9645801133436372,0.9667697063369397,0.9699896960329727,0.9699896960329727,0.9706336939721792,0.9702472952086554,0.9702472952086554
./instances/created-instances/mm-25-10-1917698.cdop,WS./settings/Memetic-LS_MMX_1287823.config,25,10,0.6063618290258449,0.6266401590457257,0.6266401590457257,0.6339960238568588,0.6727634194831014,0.6884691848906561,0.7314115308151093,0.7320079522862823,0.7320079522862823,0.7894632206759443,0.8097415506958251,0.8166998011928429,0.8749502982107356,0.8749502982107356
./instances/created-instances/mm-10-10-1891798.cdop,WS./settings/Memetic_MMX_1287823.config,10,10,0.9483352468427095,0.9483352468427095,0.9483352468427095,0.9483352468427095,0.9698622273249139,0.972158438576349,0.972158438576349,0.9724454649827784,0.986796785304248,0.986796785304248,0.9971297359357061,0.9971297359357061,0.9971297359357061,0.9971297359357061
./instances/created-instances/mm-5-40-1917698.cdop,WS./settings/Memetic_MPX_1099666.config,5,40,0.8208759506949909,0.8806713873590348,0.8806713873590348,0.8806713873590348,0.8806713873590348,0.8806713873590348,0.9061106740099659,0.9101757146603724,0.9101757146603724,0.9101757146603724,0.9273537896669289,0.9387621295567794,0.9474167322318384,0.9474167322318384
./instances/created-instances/mm-10-40-1917698.cdop,./settings/Memetic_MMX_1099666.config,10,40,0.7728416813491065,0.8405487037503147,0.9087591240875912,0.9112761137679336,0.9178202869368236,0.920463126101183,0.9207148250692172,0.9377045054115278,0.9445003775484521,0.9633778001510194,0.9633778001510194,0.9633778001510194,0.9740750062924742,0.9740750062924742
./instances/created-instances/mm-10-10-1762875.cdop,./settings/Memetic-LS_MMX_1881515.config,10,10,0.6729793709841055,0.6743320933378424,0.7439972945552925,0.7896516739939128,0.7943862022319919,0.861007778153534,0.877578626986811,0.8792695299289821,0.9117348664186675,0.9198512005410889,0.9198512005410889,0.9198512005410889,0.9573892458572878,0.9573892458572878
./instances/created-instances/mm-10-10-1917698.cdop,./settings/Memetic_MMX_1881515.config,10,10,0.9365123371222622,0.9456612143055171,0.9670085943997782,0.9670085943997782,0.9736623232603271,0.9736623232603271,0.9908511228167453,0.9922373163293596,0.9922373163293596,0.9922373163293596,0.9922373163293596,0.9922373163293596,0.9933462711394511,0.9933462711394511
./instances/created-instances/mm-10-25-1917698.cdop,./settings/Memetic-LS_MMX_1099666.config,10,25,0.5029756537421101,0.5363390441839495,0.6216411181244365,0.6328223624887286,0.6378719567177638,0.6715960324616772,0.6853020739404869,0.7235347159603246,0.7549143372407574,0.7915238954012624,0.8205590622182146,0.8308385933273219,0.8308385933273219,0.8308385933273219
./instances/created-instances/mm-5-40-1917698.cdop,./settings/Memetic-LS_MMX_1881515.config,5,40,0.493705743509048,0.5221610280618936,0.530684500393391,0.5730396013637555,0.6801730920535012,0.6904012588512982,0.6904012588512982,0.7332808811959087,0.7617361657487542,0.8035667453448728,0.8141883031733543,0.8208759506949909,0.8722790453710989,0.8722790453710989
./instances/created-instances/mm-25-10-1917698.cdop,./settings/Memetic-LS_MPX_1099666.config,25,10,0.3276341948310139,0.3333996023856859,0.3333996023856859,0.3333996023856859,0.3333996023856859,0.3333996023856859,0.34592445328031807,0.34592445328031807,0.3743538767395626,0.41391650099403576,0.4180914512922465,0.46500994035785287,0.48250497017892646,0.48250497017892646
./instances/created-instances/mm-15-40-1767920.cdop,./settings/Memetic_MPX_1099666.config,15,40,0.6866188769414576,0.7419354838709677,0.8034647550776584,0.8635603345280765,0.8833930704898447,0.8833930704898447,0.8833930704898447,0.8833930704898447,0.8833930704898447,0.8833930704898447,0.8833930704898447,0.8850657108721625,0.8850657108721625,0.8850657108721625
./instances/created-instances/mm-5-10-1891798.cdop,./settings/Memetic-LS_MMX_1881515.config,5,10,0.7714196372732958,0.7729831144465291,0.775797373358349,0.8023764853033146,0.8605378361475923,0.8605378361475923,0.9071294559099438,0.9230769230769231,0.9230769230769231,0.9230769230769231,0.9915572232645403,0.9915572232645403,0.9915572232645403,0.9915572232645403
./instances/created-instances/mm-25-25-1762875.cdop,./settings/Memetic-LS_MPX_1287823.config,25,25,0.20256687799597958,0.20411319004175044,0.2620998917581568,0.29735580640173187,0.29735580640173187,0.31080872119993813,0.31080872119993813,0.31080872119993813,0.31080872119993813,0.33539508272769447,0.34142569970620074,0.34142569970620074,0.34142569970620074,0.34142569970620074
./instances/created-instances/mm-10-25-1110588.cdop,./settings/Memetic-LS_MMX_1287823.config,10,25,0.4446275543836519,0.5372445616348055,0.5403757415952538,0.573170731707317,0.6128872775214239,0.6664469347396177,0.7020435069215557,0.7392880685563612,0.7898813447593935,0.8643704680290046,0.8683256427158866,0.8759063941990771,0.9029334212261042,0.9029334212261042
./instances/created-instances/mm-25-25-1110588.cdop,./settings/Memetic_MPX_1287823.config,25,25,0.6983673469387756,0.6983673469387756,0.6983673469387756,0.7227210884353742,0.758095238095238,0.758095238095238,0.787891156462585,0.7891156462585034,0.7891156462585034,0.7891156462585034,0.7891156462585034,0.8044897959183673,0.8061224489795918,0.8061224489795918
./instances/created-instances/mm-20-25-1917698.cdop,./settings/Memetic_MMX_1287823.config,20,25,0.8214939024390244,0.8214939024390244,0.863719512195122,0.9155487804878049,0.9135670731707317,0.9460365853658537,0.9739329268292682,0.9740853658536586,0.9757621951219512,0.9925304878048781,0.9925304878048781,0.9940548780487805,1.0,1.0
./instances/created-instances/mm-20-10-1110588.cdop,./settings/Memetic-LS_MMX_1287823.config,20,10,0.44947976878612717,0.4836994219653179,0.5440462427745665,0.6363005780346821,0.650635838150289,0.6760693641618497,0.7058959537572255,0.7058959537572255,0.7796531791907515,0.783121387283237,0.8087861271676301,0.8087861271676301,0.8252023121387283,0.8252023121387283
./instances/created-instances/mm-5-25-1762875.cdop,./settings/Memetic-LS_MMX_1099666.config,5,25,0.5873727790236329,0.6137657409004658,0.6191133344833535,0.658961531826807,0.6784543729515267,0.8288770053475936,0.8735552872175263,0.8757978264619631,0.8875280317405555,0.8958081766430912,0.9171985509746421,0.9358288770053476,0.9416939796446437,0.9416939796446437
./instances/created-instances/mm-5-40-1891798.cdop,./settings/Memetic-LS_MMX_1287823.config,5,40,0.46680755842864247,0.5271009448035803,0.5548234709099951,0.5640228741919443,0.6157384385877673,0.6454500248632521,0.6778965688712083,0.7045002486325211,0.7633018398806564,0.78269517652909,0.8018398806563899,0.8074341123818995,0.8359025360517156,0.8359025360517156
./instances/created-instances/mm-10-25-1767920.cdop,./settings/Memetic-LS_MMX_1287823.config,10,25,0.42663340090441293,0.4593793856229534,0.48931857165133325,0.5276781537501949,0.5626072041166381,0.5817869951660689,0.6073600498986433,0.6405738343988773,0.7547169811320755,0.7771713706533604,0.8301886792452831,0.8746296585061594,0.9023857788866365,0.9023857788866365
./instances/created-instances/mm-10-25-1891798.cdop,./settings/Memetic-LS_MPX_1099666.config,10,25,0.38213015922089966,0.42433142680476116,0.43314268047611687,0.5051785438243933,0.5447518936466224,0.5963827484928119,0.6167877569948987,0.6238985932910805,0.6503323543051476,0.7268511361879734,0.754212397588499,0.774926572886072,0.7832740763641984,0.7832740763641984
./instances/created-instances/mm-20-25-1891798.cdop,./settings/Memetic_MMX_1881515.config,20,25,0.8355996944232238,0.8716577540106952,0.891520244461421,0.9084797555385791,0.9236058059587471,0.9275783040488923,0.9301757066462949,0.9379679144385027,0.9561497326203209,0.9596638655462185,0.9720397249809014,0.9720397249809014,0.9758594346829641,0.9758594346829641
./instances/created-instances/mm-20-25-1917698.cdop,./settings/Memetic_MPX_1099666.config,20,25,0.7213414634146341,0.7213414634146341,0.7507621951219512,0.7507621951219512,0.7507621951219512,0.7507621951219512,0.7641768292682927,0.8719512195121951,0.8719512195121951,0.8719512195121951,0.8719512195121951,0.8719512195121951,0.8759146341463414,0.8759146341463414
./instances/created-instances/mm-25-10-1917698.cdop,./settings/Memetic_MPX_1881515.config,25,10,0.7673956262425448,0.7813121272365805,0.7813121272365805,0.8337972166998012,0.8337972166998012,0.8337972166998012,0.8337972166998012,0.8337972166998012,0.8337972166998012,0.8379721669980119,0.8379721669980119,0.8570576540755467,0.8757455268389662,0.8757455268389662
./instances/created-instances/mm-5-25-1917698.cdop,./settings/Memetic_MPX_1287823.config,5,25,0.9154956323585264,0.9154956323585264,0.9154956323585264,0.9265096847702241,0.9339156855298139,0.9356247626281807,0.9428408659323965,0.9637295860235473,0.9684770224078997,0.9774022028104823,0.9893657424990505,0.9893657424990505,0.9753133308013673,0.9753133308013673
./instances/created-instances/mm-15-10-1917698.cdop,./settings/Memetic-LS_MMX_1099666.config,15,10,0.4835646457268079,0.5079133187241295,0.5378621865108352,0.6462137813489165,0.6927197467738009,0.7073289505721938,0.7983929875821768,0.8655953250547845,0.879717555393231,0.8892135378621865,0.9157535914292672,0.9194058923788654,0.9194058923788654,0.9194058923788654
./instances/created-instances/mm-20-25-1762875.cdop,./settings/Memetic_MPX_1287823.config,20,25,0.7827881381840416,0.7827881381840416,0.7827881381840416,0.7936410883521858,0.8103026597370835,0.8284928156527056,0.8284928156527056,0.8284928156527056,0.8284928156527056,0.8284928156527056,0.8708346071537756,0.8708346071537756,0.8725160501375726,0.8725160501375726
./instances/created-instances/mm-25-25-1891798.cdop,./settings/Memetic-LS_MMX_1287823.config,25,25,0.14660222612770943,0.22070884592852957,0.3197129466900996,0.3290861159929701,0.4758347978910369,0.5610720562390158,0.6074985354422964,0.6139425893380199,0.6304920913884007,0.68804920913884,0.7032806092560047,0.7185120093731693,0.7564440538957234,0.7564440538957234
./instances/created-instances/mm-10-25-1110588.cdop,./settings/Memetic-LS_MMX_1099666.config,10,25,0.4195781147000659,0.4752801582069875,0.5586684245220831,0.6400791034937376,0.6822676334871457,0.7218193803559657,0.7320369149637442,0.7938365194462755,0.7977916941331575,0.8052076466710613,0.8177323665128543,0.8304218852999341,0.8864535266974292,0.8864535266974292
./instances/created-instances/mm-5-40-1891798.cdop,./settings/Memetic-LS_MMX_1099666.config,5,40,0.364992541024366,0.44878170064644457,0.44965191447041275,0.5267279960218797,0.5267279960218797,0.5655146693187469,0.6314022874191945,0.6851069119840875,0.6926902038786673,0.7665340626553954,0.7933863749378419,0.8387618100447538,0.8400049726504226,0.8400049726504226
./instances/created-instances/mm-5-40-1767920.cdop,./settings/Memetic_MPX_1099666.config,5,40,0.8040958268933539,0.860638845955693,0.8921947449768161,0.9307058217413704,0.9316074188562596,0.9316074188562596,0.9321226172076249,0.9416537867078826,0.961617722823287,0.967284904688305,0.967284904688305,0.967284904688305,0.96973209685729,0.96973209685729
./instances/created-instances/mm-10-40-1762875.cdop,./settings/Memetic_MPX_1287823.config,10,40,0.7170557469064932,0.717948717948718,0.826125781349662,0.8378619721903304,0.8503635667814772,0.8735808138793213,0.90406939660671,0.9090445209848195,0.9115958668197475,0.916953693073096,0.916953693073096,0.916953693073096,0.9348131139175915,0.9348131139175915
./instances/created-instances/mm-10-25-1891798.cdop,./settings/Memetic-LS_MMX_1099666.config,10,25,0.44643685268202193,0.4609676920698717,0.47534394805997837,0.48879270366362654,0.5844798268665945,0.6146235894264956,0.6379656824857011,0.6962436234348431,0.7059823774926572,0.7283969701654043,0.7874478281032617,0.7947132477971866,0.8072345030143763,0.8072345030143763
./instances/created-instances/mm-25-25-1767920.cdop,./settings/Memetic-LS_MMX_1287823.config,25,25,0.2714757709251101,0.27381607929515417,0.31387665198237885,0.32530286343612336,0.3748623348017621,0.46131607929515417,0.4829295154185022,0.5019273127753304,0.6325715859030837,0.6625825991189427,0.6854350220264317,0.7087004405286343,0.7296255506607929,0.7296255506607929
./instances/created-instances/mm-20-25-1767920.cdop,./settings/Memetic-LS_MMX_1881515.config,20,25,0.2197382769901854,0.2532715376226827,0.3320610687022901,0.378680479825518,0.42325517993456924,0.523854961832061,0.6147764449291166,0.6526717557251909,0.6526717557251909,0.6667121046892039,0.691793893129771,0.7081515812431843,0.7273718647764449,0.7273718647764449
./instances/created-instances/mm-5-40-1917698.cdop,./settings/Memetic-LS_MPX_1287823.config,5,40,0.44492525570416996,0.47036454235510095,0.49239444007343297,0.49475478625754,0.5140309467610805,0.5837922895357985,0.6161814843954891,0.6392604248623132,0.6864673485444532,0.7164961972200368,0.7440335693679517,0.7599003409388932,0.7880933648046158,0.7880933648046158
./instances/created-instances/mm-25-10-1891798.cdop,./settings/Memetic-LS_MMX_1099666.config,25,10,0.2757270693512304,0.30853840417598805,0.3394854586129754,0.4520879940343028,0.49962714392244595,0.616144668158091,0.6178225205070843,0.6213646532438478,0.6323639075316928,0.6976137211036539,0.7164429530201343,0.7343400447427293,0.7544742729306487,0.7544742729306487
./instances/created-instances/mm-10-25-1767920.cdop,./settings/Memetic_MMX_1881515.config,10,25,0.8755652580695462,0.9056603773584906,0.9288944331825979,0.9371588959925152,0.9427724933728364,0.9427724933728364,0.9672540152814595,0.9717760798378294,0.9842507406829877,0.9842507406829877,0.9864338063308904,0.9864338063308904,0.9917355371900827,0.9917355371900827
./instances/created-instances/mm-20-10-1762875.cdop,./settings/Memetic_MPX_1287823.config,20,10,0.7579745706000446,0.8010260985946911,0.8373856792326567,0.8373856792326567,0.8373856792326567,0.8373856792326567,0.8373856792326567,0.8373856792326567,0.8750836493419585,0.896497880883337,0.896497880883337,0.896497880883337,0.896497880883337,0.896497880883337
./instances/created-instances/mm-5-10-1767920.cdop,./settings/Memetic_MMX_1881515.config,5,10,0.9660178159023425,0.9887825800065985,0.9973606070603761,0.9973606070603761,0.9973606070603761,0.9973606070603761,0.9973606070603761,0.9973606070603761,1.0,1.0,1.0,1.0,1.0,1.0
./instances/created-instances/mm-25-10-1767920.cdop,./settings/Memetic_MMX_1881515.config,25,10,0.8870787770586922,0.9254630662798482,0.9305958491408168,0.932827493862977,0.9504574871680429,0.9504574871680429,0.9578219147511716,0.9828163356393662,0.9859406382503906,0.9888417763891988,0.9982146842222718,0.9982146842222718,0.9995536710555679,0.9995536710555679
./instances/created-instances/mm-25-25-1762875.cdop,./settings/Memetic-LS_MMX_1881515.config,25,25,0.24756455852791093,0.273542600896861,0.34962115354878615,0.40745322406061546,0.4997680531931344,0.5633214782743158,0.5644038967063554,0.6332147827431576,0.6537807329519097,0.6927477965053348,0.7133137467140869,0.7286222359672182,0.7535178599041287,0.7535178599041287
./instances/created-instances/mm-20-25-1762875.cdop,./settings/Memetic_MMX_1287823.config,20,25,0.8333842861510241,0.8757260776520942,0.8757260776520942,0.908590645062672,0.9182207276062366,0.9255579333537145,0.9558239070620606,0.9587282176704371,0.9784469581167838,0.9790583919290736
./instances/created-instances/mm-15-40-1762875.cdop,./settings/Memetic-LS_MMX_1287823.config,15,40,0.341820580474934,0.3427440633245383,0.3981530343007916,0.44023746701846966,0.46015831134564644,0.5069920844327177,0.5329815303430079,0.5984168865435356,0.6283641160949868,0.6713720316622691,0.6898416886543536,0.7130606860158312,0.7587071240105541,0.7587071240105541
./instances/created-instances/mm-15-40-1110588.cdop,./settings/Memetic_MMX_1287823.config,15,40,0.7990368804322293,0.8427296217993893,0.8686868686868687,0.8722104768616397,0.896288466055908,0.936809960065774,0.9565421658444915,0.9649988254639418,0.9753347427766033,0.9980032887009631,1.0052854122621564,1.0052854122621564,1.0,1.0
./instances/created-instances/mm-25-10-1917698.cdop,./settings/Memetic_MPX_1287823.config,25,10,0.7359840954274354,0.7510934393638171,0.7662027833001988,0.8337972166998012,0.8337972166998012,0.8337972166998012,0.8337972166998012,0.8337972166998012,0.8558648111332008,0.8558648111332008,0.8558648111332008,0.8558648111332008,0.8590457256461232,0.8590457256461232
./instances/created-instances/mm-5-40-1767920.cdop,./settings/Memetic_MMX_1287823.config,5,40,0.8156877897990726,0.8807315816589387,0.8907779495105616,0.9213034518289541,0.9272282328696548,0.9299330242143226,0.9402369912416281,0.9509273570324575,0.9509273570324575,0.9509273570324575,0.9726944873776404,0.982612055641422,0.9893096342091705,0.9893096342091705
./instances/created-instances/mm-20-10-1891798.cdop,./settings/Memetic-LS_MMX_1881515.config,20,10,0.4184609250398724,0.4356060606060606,0.4990031897926635,0.4990031897926635,0.6246012759170654,0.6246012759170654,0.6299840510366826,0.6838118022328549,0.7129186602870813,0.72707336523126,0.7464114832535885,0.7657496012759171,0.8036283891547049,0.8036283891547049
./instances/created-instances/mm-10-40-1767920.cdop,./settings/Memetic-LS_MPX_1287823.config,10,40,0.33544140423335056,0.33544140423335056,0.36499741868869384,0.37454827052142486,0.4109447599380485,0.44153329891584925,0.48890036138358284,0.5291688177594218,0.5702116675271037,0.5961538461538461,0.6535880227155395,0.7138616417139907,0.7622612287041817,0.7622612287041817
./instances/created-instances/mm-10-40-1110588.cdop,./settings/Memetic-LS_MPX_1287823.config,10,40,0.29329173166926675,0.31773270930837233,0.3837753510140406,0.4245969838793552,0.4290171606864275,0.45670826833073325,0.50065002600104,0.5447217888715549,0.5795631825273011,0.6107644305772231,0.6666666666666666,0.718408736349454,0.8142225689027561,0.8142225689027561
./instances/created-instances/mm-25-25-1762875.cdop,./settings/Memetic_MMX_1881515.config,25,25,0.7822792639554662,0.8172259161898872,0.8513994124014226,0.8882016390907685,0.9014999226843977,0.9209834544611103,0.9579403123550333,0.9627338796969228,0.9627338796969228,0.9627338796969228,0.9627338796969228,0.9936601206123395,1.0,1.0
./instances/created-instances/mm-5-25-1891798.cdop,./settings/Memetic_MMX_1287823.config,5,25,0.9204524033930255,0.9198868991517436,0.9198868991517436,0.9347785108388313,0.9391140433553251,0.9391140433553251,0.9391140433553251,0.9558906691800189,0.9728557964184731,0.9824693685202639,0.9824693685202639,0.986239396795476
./instances/created-instances/mm-15-10-1891798.cdop,./settings/Memetic-LS_MMX_1287823.config,15,10,0.5688374125874126,0.6354895104895105,0.6378933566433567,0.6507867132867133,0.7121940559440559,0.739291958041958,0.7593968531468531,0.8328234265734266,0.840034965034965,0.878715034965035,0.8841783216783217,0.9180506993006993,0.9464597902097902,0.9464597902097902
./instances/created-instances/mm-10-40-1110588.cdop,./settings/Memetic_MPX_1099666.config,10,40,0.8104524180967239,0.8338533541341654,0.8507540301612064,0.8801352054082163,0.8980759230369215,0.8980759230369215,0.8983359334373375,0.9002860114404576,0.9002860114404576,0.9002860114404576,0.9002860114404576,0.9277171086843474,0.9281071242849714,0.9281071242849714
./instances/created-instances/mm-5-25-1891798.cdop,./settings/Memetic_MMX_1099666.config,5,25,0.8921771913289349,0.9227144203581527,0.9330819981149858,0.9383600377002828,0.9606032045240339,0.9645617342130066,0.9728557964184731,0.9747408105560792,0.9866163996229972,0.9885014137606032,0.9926484448633365,0.9926484448633365
./instances/created-instances/mm-25-10-1762875.cdop,./settings/Memetic-LS_MPX_1881515.config,25,10,0.29123612705702256,0.29123612705702256,0.3044393417527746,0.33390738614619214,0.3467278989667049,0.3467278989667049,0.36452353616532723,0.37791810179869884,0.3987753539992346,0.3987753539992346,0.4003061615001913,0.41408342900880213,0.4280520474550325,0.4280520474550325
./instances/created-instances/mm-5-25-1762875.cdop,./settings/Memetic_MPX_1287823.config,5,25,0.8661376574090046,0.9020182853199931,0.9033983094704158,0.9033983094704158,0.9033983094704158,0.9456615490771089,0.9506641366223909,0.9610143177505607,0.9610143177505607,0.9739520441607729,0.9739520441607729,0.9739520441607729,0.9761945834052096,0.9761945834052096
./instances/created-instances/mm-15-10-1767920.cdop,./settings/Memetic-LS_MPX_1881515.config,15,10,0.43487667676330594,0.4355257464301168,0.450237992211164,0.5025962786672437,0.5123323236694072,0.5123323236694072,0.5270445694504543,0.5367806144526179,0.5774556469061013,0.639766334919948,0.645175248810039,0.7397230636088273,0.7656858502812636,0.7656858502812636
./instances/created-instances/mm-10-10-1891798.cdop,./settings/Memetic-LS_MPX_1099666.config,10,10,0.6498277841561424,0.6974741676234214,0.7456946039035591,0.7695177956371986,0.7818599311136625,0.8142939150401837,0.8142939150401837,0.8142939150401837,0.8366819747416763,0.8722732491389208,0.8722732491389208,0.8837543053960965,0.8837543053960965,0.8837543053960965
./instances/created-instances/mm-20-10-1891798.cdop,./settings/Memetic_MMX_1881515.config,20,10,0.8686204146730463,0.8686204146730463,0.9094896331738437,0.9094896331738437,0.9108851674641149,0.9722886762360446,0.9734848484848485,0.9750797448165869,0.9750797448165869,0.9874401913875598,0.9920255183413078,0.9932216905901117,0.9932216905901117,0.9932216905901117
./instances/created-instances/mm-15-40-1917698.cdop,./settings/Memetic_MPX_1881515.config,15,40,0.7388951521984216,0.7388951521984216,0.8049605411499436,0.826381059751973,0.826381059751973,0.826381059751973,0.826381059751973,0.826381059751973,0.826381059751973,0.826381059751973,0.8598647125140925,0.8598647125140925,0.8598647125140925,0.8598647125140925
./instances/created-instances/mm-10-25-1767920.cdop,./settings/Memetic-LS_MPX_1099666.config,10,25,0.37361609231249027,0.38375175424918134,0.46249805083424295,0.5103695618275378,0.5682208014969593,0.5972243879619523,0.6330890378917823,0.6553874941525027,0.7350693903009512,0.762045844378606,0.7676594417589272,0.7993138936535163,0.8270700140339935,0.8270700140339935
./instances/created-instances/mm-25-25-1762875.cdop,./settings/Memetic-LS_MMX_1287823.config,25,25,0.16993969383021493,0.17071284985310037,0.1816916653780733,0.18803154476573372,0.24710066491417967,0.4097726921292717,0.5345600742229782,0.6189887119220658,0.620998917581568,0.6390907685170868,0.6706355342508118,0.7007886191433431,0.7295500231946807,0.7295500231946807
./instances/created-instances/mm-15-10-1767920.cdop,./settings/Memetic-LS_MMX_1881515.config,15,10,0.5116832540025963,0.6027693639117265,0.6347901341410644,0.715058416270013,0.7533535266118564,0.7611423626135871,0.7646040675032454,0.7892687148420597,0.8022501081782778,0.8100389441800087,0.8429251406317612,0.8634790134141065,0.8634790134141065,0.8634790134141065
./instances/created-instances/mm-10-10-1891798.cdop,./settings/Memetic-LS_MPX_1881515.config,10,10,0.6432261768082663,0.686280137772675,0.6989092996555684,0.7123995407577497,0.7310562571756601,0.7692307692307693,0.7738231917336394,0.7890355912743973,0.8421354764638347,0.8731343283582089,0.883467278989667,0.894374282433984,0.894374282433984,0.894374282433984
./instances/created-instances/mm-25-25-1762875.cdop,./settings/Memetic-LS_MMX_1099666.config,25,25,0.2899335085820319,0.3081799907221277,0.32967372815834234,0.4368331529302613,0.45044069893304467,0.46992423070975725,0.526673882789547,0.5916189887119221,0.6128034637389825,0.6534714705427556,0.6978506262563785,0.7314055976496057,0.7453224060615432,0.7453224060615432
./instances/created-instances/mm-5-10-1110588.cdop,./settings/Memetic_MMX_1881515.config,5,10,0.9750275431509364,0.9750275431509364,1.0,1.0,1.0,1.0,1.0,1.0,1.0,1.0,1.0,1.0,1.0,1.0
./instances/created-instances/mm-10-40-1762875.cdop,./settings/Memetic-LS_MMX_1287823.config,10,40,0.2761831866309478,0.3543819364714887,0.3852532210741166,0.40770506442148235,0.4730195177956372,0.4903686694731471,0.5601479780584259,0.5667814772292384,0.5898711570353361,0.6488072458221712,0.7059573925245567,0.7252200535782626,0.7610664625589999,0.7610664625589999
./instances/created-instances/mm-10-10-1917698.cdop,./settings/Memetic_MMX_1099666.config,10,10,0.9248683116163017,0.9534238979761575,0.9736623232603271,0.9742168006653729,0.9758802328805101,0.9758802328805101,0.9880787357915165,0.9880787357915165,0.9880787357915165,0.9880787357915165,0.9880787357915165,0.9880787357915165,0.9936235098419739,0.9936235098419739
./instances/created-instances/mm-5-25-1917698.cdop,./settings/Memetic-LS_MPX_1881515.config,5,25,0.5243068742878846,0.5453854918344094,0.5900113938473225,0.6312191416635017,0.6452715533611849,0.7039498670717812,0.7206608431447019,0.7884542347132548,0.8021268515001899,0.8657424990505127,0.8959361944549943,0.9154956323585264,0.9154956323585264,0.9154956323585264
./instances/created-instances/mm-20-10-1110588.cdop,./settings/Memetic_MMX_1881515.config,20,10,0.8233526011560693,0.8418497109826589,0.8716763005780347,0.9188439306358381,0.9211560693641618,0.9239306358381503,0.9239306358381503,0.9458959537572255,0.9447398843930636,0.9447398843930636,0.9447398843930636,0.9757225433526011,0.9757225433526011,0.9757225433526011
./instances/created-instances/mm-5-10-1110588.cdop,./settings/Memetic_MMX_1287823.config,5,10,0.9665809768637532,0.9955930958501653,0.9955930958501653,0.9955930958501653,1.0,1.0,1.0,1.0,1.0,1.0,1.0,1.0,1.0,1.0
./instances/created-instances/mm-25-10-1917698.cdop,./settings/Memetic-LS_MMX_1881515.config,25,10,0.4147117296222664,0.43618290258449305,0.46898608349900595,0.5015904572564612,0.5035785288270378,0.6017892644135189,0.6453280318091451,0.7188866799204772,0.7190854870775348,0.7831013916500994,0.8007952286282306,0.8204771371769384,0.8278330019880715,0.8278330019880715
./instances/created-instances/mm-15-25-1110588.cdop,./settings/Memetic_MPX_1099666.config,15,25,0.7736091298145507,0.7736091298145507,0.7736091298145507,0.8255349500713267,0.8255349500713267,0.8255349500713267,0.8587731811697575,0.8587731811697575,0.8587731811697575,0.896718972895863,0.9077032810271042,0.9077032810271042,0.9366619115549215,0.9366619115549215
./instances/created-instances/mm-15-25-1110588.cdop,./settings/Memetic-LS_MMX_1287823.config,15,25,0.356490727532097,0.38873038516405134,0.43067047075606274,0.46904422253922967,0.6370898716119828,0.6430813124108417,0.6796005706134094,0.7004279600570613,0.7235378031383738,0.7764621968616262,0.8041369472182597,0.8047075606276748,0.8841654778887303,0.8841654778887303
./instances/created-instances/mm-25-10-1110588.cdop,./settings/Memetic-LS_MPX_1287823.config,25,10,0.3355455787624439,0.3794651571344915,0.3794651571344915,0.38629709154792113,0.3903962521959789,0.3903962521959789,0.4333398399375366,0.44329494436853406,0.44329494436853406,0.47140347452664455,0.47140347452664455,0.480968182705446,0.4833105602186219,0.4833105602186219
./instances/created-instances/mm-20-25-1762875.cdop,./settings/Memetic_MPX_1099666.config,20,25,0.7789666768572302,0.7789666768572302,0.7789666768572302,0.7789666768572302,0.7951696728829104,0.7951696728829104,0.8023540201773158,0.8029654539896056,0.8124426780800978,0.844084377866096,0.8685417303576888,0.8685417303576888,0.8685417303576888,0.8685417303576888
./instances/created-instances/mm-20-25-1110588.cdop,./settings/Memetic_MMX_1881515.config,20,25,0.8124135811952681,0.8843140267322169,0.8990628360731295,0.9182670149024428,0.9221078506683055,0.9333230911046244,0.9473037332923644,0.948993701029344,0.9662006452604087,0.9662006452604087,0.9685051467199263,0.9789522200030727,1.0,1.0
./instances/created-instances/mm-5-40-1110588.cdop,./settings/Memetic-LS_MPX_1099666.config,5,40,0.4306656101426308,0.47385103011093505,0.49154780771262546,0.5180929741151611,0.5541468568409932,0.5740887480190174,0.6233491811938722,0.6370839936608558,0.7187004754358162,0.7263602746962493,0.8135235076597993,0.8633122028526149,0.8899894347596408,0.8899894347596408
./instances/created-instances/mm-5-40-1762875.cdop,./settings/Memetic_MPX_1099666.config,5,40,0.8409318279262541,0.864370444476204,0.897813348577962,0.9013863084178934,0.9232528226382736,0.9232528226382736,0.9232528226382736,0.9286837215949693,0.9456910104330427,0.9498356438473632,0.9629841360583107,0.9629841360583107,0.9629841360583107,0.9629841360583107
./instances/created-instances/mm-15-10-1767920.cdop,./settings/Memetic_MPX_1099666.config,15,10,0.8357853742968412,0.8738641280830809,0.8738641280830809,0.8738641280830809,0.8738641280830809,0.8853310255300736,0.8898745131977499,0.8980960623106881,0.8980960623106881,0.8980960623106881,0.9283859800951969,0.9283859800951969,0.9283859800951969,0.9283859800951969
./instances/created-instances/mm-5-40-1762875.cdop,./settings/Memetic-LS_MPX_1881515.config,5,40,0.47163069887094466,0.4934972130913248,0.5480920394454767,0.5656710018579392,0.6069744176075461,0.6136915821066171,0.6502786908675147,0.6861512076604259,0.7344576246962984,0.766042589681292,0.779476918679434,0.803487208803773,0.803487208803773,0.803487208803773
./instances/created-instances/mm-10-40-1110588.cdop,./settings/Memetic_MMX_1881515.config,10,40,0.7960218408736349,0.8376235049401977,0.8537441497659907,0.87532501300052,0.890665626625065,0.9245969838793552,0.9245969838793552,0.9313572542901716,0.9660686427457098,0.9795891835673427,0.9806292251690067,0.9824492979719188,0.984659386375455,0.984659386375455
./instances/created-instances/mm-5-40-1917698.cdop,./settings/Memetic-LS_MMX_1099666.config,5,40,0.48950957251508,0.504720692368214,0.5184893784421715,0.5807762916338841,0.6387359034880672,0.6505376344086021,0.6939417781274587,0.7120377655389457,0.7473118279569892,0.8267768161552583,0.8388408077629164,0.8456595856281144,0.8615263571990559,0.8615263571990559
./instances/created-instances/mm-20-25-1917698.cdop,./settings/Memetic_MPX_1287823.config,20,25,0.7033536585365854,0.7033536585365854,0.7262195121951219,0.7378048780487805,0.7740853658536585,0.7740853658536585,0.7740853658536585,0.8022865853658536,0.8022865853658536,0.8205792682926829,0.8205792682926829,0.8208841463414634,0.8208841463414634,0.8208841463414634
./instances/created-instances/mm-15-10-1917698.cdop,./settings/Memetic_MPX_1881515.config,15,10,0.8205502800097395,0.8385682980277575,0.8965181397613831,0.8965181397613831,0.9035792549306063,0.9271974677380083,0.9271974677380083,0.9271974677380083,0.9271974677380083,0.9271974677380083,0.9286583881178476,0.9337716094472851,0.9337716094472851,0.9337716094472851
./instances/created-instances/mm-20-10-1891798.cdop,./settings/Memetic-LS_MPX_1881515.config,20,10,0.2986443381180223,0.33373205741626794,0.3805821371610845,0.38516746411483255,0.38516746411483255,0.38516746411483255,0.38516746411483255,0.39055023923444976,0.39055023923444976,0.4439792663476874,0.46451355661881977,0.4746810207336523,0.4746810207336523,0.4746810207336523
./instances/created-instances/mm-5-40-1762875.cdop,./settings/Memetic-LS_MMX_1881515.config,5,40,0.46848649421180505,0.4956409889952837,0.5400886094040303,0.5786765756752894,0.5856795769615549,0.612548234957839,0.6289838502215235,0.6730027154494783,0.7313134200371588,0.7823352865513792,0.8355009289695584,0.8453622981277691,0.8573674431899385,0.8573674431899385
./instances/created-instances/mm-10-10-1917698.cdop,./settings/Memetic-LS_MPX_1881515.config,10,10,0.5677848627668423,0.5816467978929859,0.6473523703909065,0.6578874410867757,0.6792348211810368,0.7363459939007485,0.7596340449126698,0.7812586637094538,0.8314388688660937,0.8358746881064597,0.8594399778209038,0.8832825062378709,0.8971444413640144,0.8971444413640144
./instances/created-instances/mm-20-25-1891798.cdop,./settings/Memetic_MMX_1287823.config,20,25,0.7917494270435447,0.853170359052712,0.8684491978609625,0.9222307104660046,0.9292589763177999,0.9355233002291826,0.9483575248281131,0.9706646294881589,0.970970206264324,0.9868601986249045,0.9868601986249045,0.9868601986249045
./instances/created-instances/mm-15-40-1891798.cdop,./settings/Memetic_MMX_1881515.config,15,40,0.8191112858828156,0.8509634290208415,0.8577795254948224,0.8741643727880456,0.9003801284572028,0.9161095818586971,0.9188622362039586,0.9656573600734041,0.9777166076812164,0.9812557346965526,0.9813868134748984,0.9838773102634684
./instances/created-instances/mm-5-40-1917698.cdop,./settings/Memetic-LS_MMX_1287823.config,5,40,0.43338578547075796,0.5250458956202465,0.5632048255966431,0.6396538158929976,0.6585365853658537,0.6820089168633622,0.6906635195384212,0.7324940991345398,0.7654078153684762,0.7980592709152898,0.8144505638604773,0.8339889850511408,0.8442171518489379,0.8442171518489379
./instances/created-instances/mm-5-40-1767920.cdop,./settings/Memetic-LS_MPX_1099666.config,5,40,0.3924523441524987,0.39889232354456466,0.4506697578567749,0.5087583719732097,0.5501030396702731,0.5757341576506955,0.6481195260175168,0.6780010303967027,0.6808346213292118,0.7109737248840804,0.7744719216898506,0.794822256568779,0.8102782071097373,0.8102782071097373
./instances/created-instances/mm-15-25-1917698.cdop,./settings/Memetic_MPX_1881515.config,15,25,0.8009746895142273,0.8009746895142273,0.8009746895142273,0.8374469423046691,0.8449929256406226,0.8830372582927213,0.8830372582927213,0.8830372582927213,0.8863386260022009,0.8863386260022009,0.8949850652413143,0.9424618770633548,0.9454488288005031,0.9454488288005031
./instances/created-instances/mm-5-25-1891798.cdop,./settings/Memetic-LS_MMX_1881515.config,5,25,0.6184731385485391,0.6409048067860509,0.6699340245051838,0.7038642789820924,0.7528746465598491,0.7681432610744581,0.7781338360037701,0.7892554194156456,0.8081055607917059,0.8173421300659754,0.8173421300659754,0.8235626767200754,0.8652214891611687,0.8652214891611687
./instances/created-instances/mm-15-10-1767920.cdop,./settings/Memetic-LS_MPX_1099666.config,15,10,0.34617048896581565,0.3502812635222847,0.4818260493292947,0.4898312418866292,0.511250540891389,0.5259627866724361,0.5276936391172653,0.5346170488965816,0.5469493725659887,0.5495456512332324,0.5943314582431848,0.6006057983556902,0.6395499783643445,0.6395499783643445
./instances/created-instances/mm-5-25-1762875.cdop,./settings/Memetic-LS_MPX_1287823.config,5,25,0.5594272899775746,0.6049680869415215,0.6049680869415215,0.6487838537174401,0.6555114714507504,0.7376229084008971,0.7883387959289287,0.8105916853544937,0.8250819389339313,0.8354321200621011,0.8642401242021736,0.8732102811799206,0.9194410902190788,0.9194410902190788
./instances/created-instances/mm-15-25-1762875.cdop,./settings/Memetic-LS_MMX_1287823.config,15,25,0.32403974492065846,0.3339759750852736,0.38291561619457215,0.4413465816402195,0.44327450689604037,0.4627020613970043,0.5580602105887588,0.5774877650897227,0.6311730683671956,0.6508972267536705,0.722230461219042,0.7987542636808542,0.8235206881210144,0.8235206881210144
./instances/created-instances/mm-25-10-1891798.cdop,./settings/Memetic_MPX_1881515.config,25,10,0.7490678598061148,0.7490678598061148,0.7580164056674124,0.785048471290082,0.8366890380313199,0.8366890380313199,0.8366890380313199,0.8366890380313199,0.8366890380313199,0.8366890380313199,0.843400447427293,0.843400447427293,0.843400447427293,0.843400447427293
./instances/created-instances/mm-10-10-1762875.cdop,./settings/Memetic-LS_MMX_1099666.config,10,10,0.6408522150828543,0.6712884680419344,0.7172810280689889,0.71897193101116,0.7534663510314508,0.8028407169428475,0.8028407169428475,0.8028407169428475,0.8183970240108218,0.8674332093337842,0.9164693946567467,0.9293202570172472,0.9370984105512343,0.9370984105512343
./instances/created-instances/mm-15-10-1917698.cdop,./settings/Memetic_MPX_1287823.config,15,10,0.8373508643778914,0.8373508643778914,0.843681519357195,0.843681519357195,0.8743608473338204,0.8743608473338204,0.8887265644022401,0.8967616264913563,0.9247626004382761,0.9247626004382761,0.9264670075480886,0.9264670075480886,0.9335281227173119,0.9335281227173119
./instances/created-instances/mm-25-25-1767920.cdop,./settings/Memetic_MPX_1287823.config,25,25,0.7109030837004405,0.7109030837004405,0.7241189427312775,0.7395374449339207,0.7395374449339207,0.7395374449339207,0.7688601321585903,0.7688601321585903,0.7827643171806168,0.8153909691629956,0.8182819383259912,0.8182819383259912,0.8182819383259912,0.8182819383259912
./instances/created-instances/mm-25-10-1767920.cdop,./settings/Memetic_MPX_1287823.config,25,10,0.7728185672840884,0.8203525998661013,0.8203525998661013,0.8203525998661013,0.8203525998661013,0.8203525998661013,0.8203525998661013,0.8203525998661013,0.846462843115376,0.8489176523097522,0.8513724615041286,0.8788216915866994,0.8817228297255078,0.8817228297255078
./instances/created-instances/mm-15-25-1917698.cdop,./settings/Memetic-LS_MPX_1099666.config,15,25,0.29114919037887127,0.29114919037887127,0.29114919037887127,0.318817795944034,0.3736833831158623,0.3736833831158623,0.39443483728973433,0.4066970602106587,0.4255620185505424,0.45008646439239114,0.46533563905046377,0.5329350731017136,0.574280773463292,0.574280773463292
./instances/created-instances/mm-20-10-1762875.cdop,./settings/Memetic_MMX_1099666.config,20,10,0.8835601159937542,0.8922596475574393,0.9089895159491412,0.9163506580414901,0.929957617666741,0.9531563685032345,0.9638634842739238,0.9647557439214811,0.9792549631942895,0.9792549631942895,0.994423377202766,0.994423377202766,0.9984385456167745,0.9984385456167745
./instances/created-instances/mm-15-10-1762875.cdop,./settings/Memetic_MPX_1881515.config,15,10,0.8761571178383788,0.8761571178383788,0.8761571178383788,0.8761571178383788,0.9004253189892419,0.9004253189892419,0.9004253189892419,0.9004253189892419,0.9079309482111584,0.9079309482111584,0.9091818864148111,0.911433575181386,0.911433575181386,0.911433575181386
./instances/created-instances/mm-25-25-1767920.cdop,./settings/Memetic_MMX_1099666.config,25,25,0.8166299559471366,0.8348017621145375,0.8590308370044053,0.8884911894273128,0.8900055066079295,0.8997797356828194,0.9295154185022027,0.9384636563876652,0.9384636563876652,0.9465859030837004,0.9646200440528634,0.9960077092511013,1.0,1.0
./instances/created-instances/mm-25-25-1762875.cdop,./settings/Memetic_MPX_1881515.config,25,25,0.6924385340961806,0.7012525127570743,0.7143961651461265,0.7360445337869183,0.7436214628111953,0.7869182000927787,0.7869182000927787,0.7869182000927787,0.7869182000927787,0.8082573063244163,0.8082573063244163,0.8156796041441163,0.8156796041441163,0.8156796041441163
./instances/created-instances/mm-25-10-1917698.cdop,./settings/Memetic-LS_MMX_1099666.config,25,10,0.3862823061630219,0.4805168986083499,0.5504970178926442,0.5697813121272366,0.6214711729622266,0.6489065606361829,0.6787276341948311,0.6787276341948311,0.7105367793240557,0.7538767395626242,0.768389662027833,0.768389662027833,0.768389662027833,0.768389662027833
./instances/created-instances/mm-5-25-1767920.cdop,./settings/Memetic_MMX_1287823.config,5,25,0.8801777777777777,0.9020444444444444,0.9020444444444444,0.9397333333333333,0.9632,0.9692444444444445,0.9784888888888889,0.9829333333333333,0.9880888888888889
./instances/created-instances/mm-10-25-1110588.cdop,./settings/Memetic_MPX_1881515.config,10,25,0.8589321028345419,0.8966710613052077,0.8966710613052077,0.8983190507580752,0.8983190507580752,0.9093605800922874,0.9093605800922874,0.9108437705998682,0.9108437705998682,0.9108437705998682,0.9210613052076466,0.9210613052076466,0.9230388925510876,0.9230388925510876
./instances/created-instances/mm-20-10-1917698.cdop,./settings/Memetic_MPX_1287823.config,20,10,0.7745774815520114,0.7745774815520114,0.7907641037848131,0.8269459652463699,0.8269459652463699,0.8269459652463699,0.8398000476077124,0.8398000476077124,0.8559866698405142,0.8578909783384908,0.8728874077600571,0.8728874077600571,0.8728874077600571,0.8728874077600571
./instances/created-instances/mm-15-40-1917698.cdop,./settings/Memetic_MMX_1287823.config,15,40,0.7735062006764374,0.7919954904171365,0.8525366403607666,0.8525366403607666,0.855129650507328,0.9161217587373168,0.9344983089064262,0.9488162344983089,0.9708004509582864,0.9830890642615558,0.9830890642615558,0.9922209695603157,0.9641488162344983,0.9641488162344983
./instances/created-instances/mm-5-25-1917698.cdop,./settings/Memetic_MMX_1099666.config,5,25,0.8932776300797569,0.9168249145461451,0.9175845043676415,0.9175845043676415,0.930307633877706,0.9510064565134827,0.9510064565134827,0.9510064565134827,0.9510064565134827,0.9525256361564755,0.9525256361564755,0.9861374857576909
./instances/created-instances/mm-10-10-1891798.cdop,./settings/Memetic_MPX_1881515.config,10,10,0.9374282433983927,0.9374282433983927,0.9374282433983927,0.9374282433983927,0.9451779563719862,0.9612514351320322,0.9612514351320322,0.9612514351320322,0.9626865671641791,0.972158438576349,0.972158438576349,0.972158438576349,0.972158438576349,0.972158438576349
./instances/created-instances/mm-10-10-1110588.cdop,./settings/Memetic_MMX_1099666.config,10,10,0.929903900508762,0.9412097230073487,0.9465799886941775,0.9739966082532504,0.9739966082532504,0.9739966082532504,0.9739966082532504,0.9745618993781797,0.9745618993781797
./instances/created-instances/mm-10-10-1110588.cdop,./settings/Memetic_MPX_1099666.config,10,10,0.8566986998304127,0.8566986998304127,0.8880723572639909,0.8917467495760316,0.8917467495760316,0.9024872809496891,0.9132278123233465,0.924816280384398,0.924816280384398,0.9533634821933296,0.9533634821933296,0.9533634821933296,0.9533634821933296,0.9533634821933296
./instances/created-instances/mm-25-25-1762875.cdop,./settings/Memetic_MMX_1287823.config,25,25,0.7788773774547704,0.8081026751198391,0.8715014689964434,0.8888201639090768,0.9055203340034019,0.9270140714396166,0.9607236740374208,0.9809803618370188,0.9829905674965208,0.9846915107468687,0.9865470852017937,0.9924230709757229,0.9924230709757229,0.9924230709757229
./instances/created-instances/mm-20-10-1110588.cdop,./settings/Memetic_MPX_1099666.config,20,10,0.7590751445086705,0.7865895953757226,0.7865895953757226,0.7865895953757226,0.8129479768786128,0.8254335260115607,0.8547976878612716,0.8561849710982659,0.8652023121387283,0.8652023121387283,0.8836994219653179,0.8996531791907515,0.8996531791907515,0.8996531791907515
./instances/created-instances/mm-25-10-1762875.cdop,./settings/Memetic-LS_MPX_1287823.config,25,10,0.24110218140068887,0.3136241867585151,0.3136241867585151,0.32472254114045157,0.32472254114045157,0.32472254114045157,0.34232682740145426,0.34232682740145426,0.34232682740145426,0.39590508993494067,0.40891695369307307,0.40891695369307307,0.418867202449292,0.418867202449292
./instances/created-instances/mm-15-40-1110588.cdop,./settings/Memetic-LS_MPX_1287823.config,15,40,0.15550857411322527,0.15550857411322527,0.18534178999295278,0.20530890298332158,0.20530890298332158,0.2502936340145642,0.3589382194033357,0.3682170542635659,0.3789053323937045,0.4065069297627437,0.4139065069297627,0.4154334038054968,0.44268264035705895,0.44268264035705895
./instances/created-instances/mm-10-25-1917698.cdop,./settings/Memetic_MPX_1881515.config,10,25,0.7745716862037872,0.8443642921550947,0.8443642921550947,0.8690712353471596,0.8690712353471596,0.8932371505861136,0.8932371505861136,0.9128944995491434,0.9128944995491434,0.9188458070333634,0.9431920649233544,0.9484220018034265,0.9484220018034265,0.9484220018034265
./instances/created-instances/mm-20-10-1762875.cdop,./settings/Memetic_MPX_1099666.config,20,10,0.77002007584207,0.7954494757974571,0.7954494757974571,0.811510149453491,0.8286861476689716,0.8364934195850993,0.8434084318536694,0.8434084318536694,0.8565692616551417,0.8565692616551417,0.8706223511041713,0.8842293107294222,0.8842293107294222,0.8842293107294222
./instances/created-instances/mm-15-25-1110588.cdop,./settings/Memetic_MPX_1881515.config,15,25,0.7255349500713266,0.7513552068473609,0.7513552068473609,0.7981455064194009,0.7981455064194009,0.7981455064194009,0.803281027104137,0.8108416547788873,0.8108416547788873,0.8299572039942938,0.852639087018545,0.8653352353780314,0.8895863052781741,0.8895863052781741
./instances/created-instances/mm-10-40-1891798.cdop,./settings/Memetic-LS_MMX_1099666.config,10,40,0.3242506811989101,0.349941611521993,0.3787465940054496,0.4192292720903075,0.47878551965745425,0.5204359673024523,0.5443103671986506,0.5593616193071234,0.6226806799013883,0.6462955754508888,0.6818476709484884,0.7363435837550278,0.779291553133515,0.779291553133515
./instances/created-instances/mm-10-40-1110588.cdop,./settings/Memetic_MPX_1881515.config,10,40,0.7724908996359854,0.8051222048881955,0.8051222048881955,0.859334373374935,0.8683047321892876,0.8683047321892876,0.8723348933957358,0.8723348933957358,0.922126885075403,0.9225169006760271,0.9323972958918356,0.9323972958918356,0.9323972958918356,0.9323972958918356
./instances/created-instances/mm-5-40-1110588.cdop,./settings/Memetic-LS_MMX_1287823.config,5,40,0.4689646064447966,0.5113576333861596,0.5589012150026413,0.5830692023243529,0.6277073428420497,0.6277073428420497,0.6625726360274696,0.6961172741679873,0.6971737982039091,0.72094558901215,0.7886951928156366,0.8120707871104068,0.8276545166402536,0.8276545166402536
./instances/created-instances/mm-5-10-1110588.cdop,./settings/Memetic-LS_MMX_1099666.config,5,10,0.8461255967682703,0.8461255967682703,0.8527359529930224,0.8527359529930224,0.8545721630554536,0.868160117517444,0.9085567388909291,0.9239809034153507,0.9239809034153507,0.9338964377524789,0.9401395519647447,0.9607051046639735,0.9607051046639735,0.9607051046639735
./instances/created-instances/mm-10-10-1917698.cdop,./settings/Memetic_MMX_1287823.config,10,10,0.9259772664263931,0.9337399500970336,0.9337399500970336,0.9769891876906016,0.9769891876906016,0.9769891876906016,0.9850291100637649,0.9850291100637649,0.9933462711394511,0.9933462711394511,0.9933462711394511,0.9933462711394511,0.9933462711394511,0.9933462711394511
./instances/created-instances/mm-5-10-1891798.cdop,./settings/Memetic-LS_MMX_1287823.config,5,10,0.717948717948718,0.7235772357723578,0.7951844903064416,0.8248905565978737,0.8983739837398373,0.8989993746091307,0.8989993746091307,0.909631019387117,0.9368355222013759,0.9383989993746091,0.9474671669793621,0.9474671669793621,0.9474671669793621,0.9474671669793621
./instances/created-instances/mm-20-25-1762875.cdop,./settings/Memetic_MPX_1881515.config,20,25,0.7314276979516967,0.7314276979516967,0.7705594619382452,0.7855395903393457,0.8029654539896056,0.8297156832772853,0.8297156832772853,0.8297156832772853,0.8297156832772853,0.8361357383063284,0.8361357383063284,0.8361357383063284,0.8583002140018343,0.8583002140018343
./instances/created-instances/mm-10-10-1110588.cdop,./settings/Memetic_MMX_1881515.config,10,10,0.9202939513849633,0.9361221028829847,0.9443188241944601,0.961560203504805,0.961560203504805,0.9728660260033918,0.9728660260033918,0.9864330130016958,0.9909553420011306,0.9909553420011306,0.9909553420011306,0.9909553420011306,0.9909553420011306,0.9909553420011306
./instances/created-instances/mm-15-10-1762875.cdop,./settings/Memetic-LS_MPX_1881515.config,15,10,0.3947960970728046,0.4018013510132599,0.46234676007005254,0.4706029522141606,0.48961721290968224,0.49011758819114337,0.5921941456092069,0.5979484613460095,0.6582436827620716,0.6962722041531149,0.6962722041531149,0.6962722041531149,0.6962722041531149,0.6962722041531149
./instances/created-instances/mm-10-40-1762875.cdop,./settings/Memetic_MMX_1099666.config,10,40,0.7661691542288557,0.770123740272994,0.8298252328103074,0.8645235361653272,0.9108304630692691,0.9109580303610154,0.9382574307947442,0.9441255262150785,0.9554790151805077,0.9656843985202194,0.9711697920653145,0.974231407067228
./instances/created-instances/mm-20-10-1110588.cdop,./settings/Memetic-LS_MMX_1881515.config,20,10,0.606242774566474,0.618728323699422,0.6388439306358381,0.655028901734104,0.6552601156069364,0.6610404624277456,0.7116763005780347,0.7350289017341041,0.7472832369942196,0.7613872832369942,0.780578034682081,0.8473988439306358,0.8566473988439306,0.8566473988439306
./instances/created-instances/mm-5-10-1762875.cdop,./settings/Memetic-LS_MPX_1287823.config,5,10,0.8365638766519824,0.8568281938325991,0.8599118942731278,0.8616740088105727,0.8616740088105727,0.9048458149779736,0.905726872246696,0.905726872246696,0.905726872246696,0.9480176211453745,0.9480176211453745,0.9480176211453745,0.9480176211453745,0.9480176211453745
./instances/created-instances/mm-25-25-1110588.cdop,./settings/Memetic-LS_MPX_1099666.config,25,25,0.18639455782312925,0.18639455782312925,0.205578231292517,0.205578231292517,0.22639455782312926,0.22639455782312926,0.22639455782312926,0.22639455782312926,0.22639455782312926,0.24299319727891155,0.2757823129251701,0.3161904761904762,0.32979591836734695,0.32979591836734695
./instances/created-instances/mm-15-40-1891798.cdop,./settings/Memetic_MMX_1287823.config,15,40,0.7915847424302006,0.8337921090575435,0.8808493904836807,0.9124393760650151,0.9136190850701271,0.9345916896054529,0.9520251671254424,0.9581858697076944,0.9602831301612269,0.9710315899855814,0.9887272250622624,0.992004194520907,0.9946257700878228,0.9946257700878228
./instances/created-instances/mm-5-10-1110588.cdop,./settings/Memetic_MPX_1881515.config,5,10,0.9706206390011017,0.9706206390011017,0.9731913330885054,0.9731913330885054,0.9731913330885054,0.9882482556004407,1.0,1.0,1.0,1.0,1.0,1.0,1.0,1.0
./instances/created-instances/mm-25-10-1762875.cdop,./settings/Memetic_MPX_1881515.config,25,10,0.7305778798316112,0.7305778798316112,0.7914274779946422,0.7914274779946422,0.7914274779946422,0.8015690776884806,0.8052047455032529,0.8052047455032529,0.8119020283199387,0.8153463451970915,0.8228090317642557,0.8302717183314198,0.8302717183314198,0.8302717183314198
./instances/created-instances/mm-10-25-1767920.cdop,./settings/Memetic-LS_MMX_1099666.config,10,25,0.4448775923904569,0.4490877904256978,0.4503352565102136,0.5083424294401996,0.5490410104475285,0.6304381724621861,0.6553874941525027,0.7031030718852331,0.7369405894277249,0.7369405894277249,0.7957274286605333,0.8005613597380321,0.8219242164353656,0.8219242164353656
./instances/created-instances/mm-15-40-1767920.cdop,./settings/Memetic_MPX_1287823.config,15,40,0.6894862604540024,0.7544802867383512,0.7544802867383512,0.7874551971326165,0.7874551971326165,0.7962962962962963,0.7962962962962963,0.8244922341696536,0.853405017921147,0.853405017921147,0.853405017921147,0.853405017921147,0.8666666666666667,0.8666666666666667
./instances/created-instances/mm-5-40-1767920.cdop,./settings/Memetic-LS_MPX_1287823.config,5,40,0.48261205564142196,0.4957496136012365,0.5374806800618238,0.5485574446161773,0.5747037609479649,0.6111540443070582,0.6535291087068521,0.7114889232354457,0.7699639361154045,0.7891550747037609,0.7891550747037609,0.7891550747037609,0.7891550747037609,0.7891550747037609
./instances/created-instances/mm-20-10-1917698.cdop,./settings/Memetic-LS_MMX_1287823.config,20,10,0.4558438467031659,0.47893358724113305,0.5472506546060462,0.6198524160914068,0.6384194239466794,0.7184003808616996,0.7222089978576529,0.7650559390621281,0.7650559390621281,0.7900499880980719,0.838609854796477,0.9031183051654368,0.9062128064746489,0.9062128064746489
./instances/created-instances/mm-10-10-1767920.cdop,./settings/Memetic-LS_MMX_1881515.config,10,10,0.6709890668700738,0.7096364098652428,0.7215865751334859,0.7569285532672261,0.7780320366132724,0.7854055428426138,0.7866768370200864,0.7866768370200864,0.8159166031019578,0.859394863971523,0.8621917111619629,0.8771929824561403,0.8990592423086702,0.8990592423086702
./instances/created-instances/mm-15-25-1762875.cdop,./settings/Memetic_MMX_1287823.config,15,25,0.8321222008008304,0.8367195610262494,0.8668248554056058,0.895892036185674,0.924514311137476,0.9531365860892778,0.9581788521429631,0.9581788521429631,0.9601067773987839,0.9690048939641109,0.9916950912056948,0.9916950912056948,0.9916950912056948,0.9916950912056948
./instances/created-instances/mm-20-10-1110588.cdop,./settings/Memetic_MMX_1099666.config,20,10,0.8478612716763005,0.8892485549132948,0.8968786127167631,0.9329479768786128,0.9329479768786128,0.9440462427745665,0.9440462427745665,0.9505202312138729,0.9505202312138729,0.9505202312138729,0.9775722543352601,0.9819653179190752,0.9819653179190752,0.9819653179190752
./instances/created-instances/mm-10-10-1110588.cdop,./settings/Memetic-LS_MMX_1099666.config,10,10,0.7498586772187676,0.78631995477671,0.78631995477671,0.78631995477671,0.7931034482758621,0.8295647258338044,0.8595251554550594,0.8637648388920294,0.8646127755794234,0.8646127755794234,0.8648954211418881,0.9089881288863765,0.9095534200113058,0.9095534200113058
./instances/created-instances/mm-10-25-1767920.cdop,./settings/Memetic_MPX_1287823.config,10,25,0.8400124746608452,0.8585685326680181,0.8702635272103539,0.8799313893653516,0.8799313893653516,0.9011383128021206,0.9011383128021206,0.9017620458443786,0.9017620458443786,0.9017620458443786,0.920162170590987,0.920162170590987,0.920162170590987,0.920162170590987
./instances/created-instances/mm-15-10-1891798.cdop,./settings/Memetic-LS_MMX_1099666.config,15,10,0.4943181818181818,0.6330856643356644,0.6964597902097902,0.7218094405594405,0.7548076923076923,0.7567744755244755,0.7567744755244755,0.7757867132867133,0.7972027972027972,0.8503059440559441,0.8730332167832168,0.9495192307692307,0.9506118881118881,0.9506118881118881
./instances/created-instances/mm-10-40-1767920.cdop,./settings/Memetic_MPX_1099666.config,10,40,0.7750387196695921,0.7851058337635519,0.8351832731027362,0.8351832731027362,0.8351832731027362,0.8351832731027362,0.8709344346928239,0.8709344346928239,0.8709344346928239,0.8813887454827052,0.8813887454827052,0.8813887454827052,0.9170108415074858,0.9170108415074858
./instances/created-instances/mm-10-10-1767920.cdop,./settings/Memetic-LS_MPX_1881515.config,10,10,0.5341978133740147,0.5458937198067633,0.6264937706585304,0.6857360793287567,0.6857360793287567,0.7119247393846936,0.7579455886092041,0.7701500127129418,0.8042206966692093,0.8085430968726163,0.8085430968726163,0.8459191456903128,0.851258581235698,0.851258581235698
./instances/created-instances/mm-20-25-1891798.cdop,./settings/Memetic_MPX_1881515.config,20,25,0.7518716577540107,0.7518716577540107,0.7518716577540107,0.7518716577540107,0.8134453781512605,0.8134453781512605,0.8134453781512605,0.8134453781512605,0.8134453781512605,0.8334606569900688,0.8334606569900688,0.8334606569900688,0.8598930481283422,0.8598930481283422
./instances/created-instances/mm-10-40-1891798.cdop,./settings/Memetic-LS_MPX_1099666.config,10,40,0.31218372907746206,0.3156870377578824,0.3286622550927728,0.34046970286752304,0.388997015700013,0.41403918515635135,0.4578954197482808,0.4955235500194628,0.5836252757233684,0.6300765537822759,0.6722460101206695,0.6722460101206695,0.6937848708965875,0.6937848708965875
./instances/created-instances/mm-10-40-1762875.cdop,./settings/Memetic-LS_MPX_1881515.config,10,40,0.3647148871029468,0.3728791937747162,0.3849980864906238,0.3849980864906238,0.41114938129863504,0.43360122464600076,0.48692435259599437,0.5272356167878556,0.5671641791044776,0.6332440362291109,0.6579920908279118,0.6660288302079347,0.7293022069141473,0.7293022069141473
./instances/created-instances/mm-10-40-1110588.cdop,./settings/Memetic-LS_MMX_1287823.config,10,40,0.4403276131045242,0.4619084763390536,0.484529381175247,0.50065002600104,0.5130005200208009,0.5218408736349454,0.5665626625065002,0.5923036921476859,0.6388455538221529,0.6847373894955798,0.6943577743109725,0.7567602704108164,0.7731409256370255,0.7731409256370255
./instances/created-instances/mm-5-40-1891798.cdop,./settings/Memetic-LS_MPX_1881515.config,5,40,0.40514669318746893,0.44194430631526604,0.44467926404773744,0.4981352560914968,0.5288413724515166,0.6056688214818499,0.6338886126305321,0.6694430631526603,0.719418199900547,0.719418199900547,0.7388115365489806,0.7698906016907011,0.7891596220785678,0.7891596220785678
./instances/created-instances/mm-5-10-1110588.cdop,./settings/Memetic_MMX_1099666.config,5,10,0.9827396254131473,1.0,1.0,1.0,1.0,1.0,1.0,1.0,1.0,1.0,1.0,1.0,1.0,1.0
./instances/created-instances/mm-20-10-1762875.cdop,./settings/Memetic-LS_MPX_1881515.config,20,10,0.31563685032344413,0.33749721168860136,0.39928619228195406,0.39928619228195406,0.39928619228195406,0.39928619228195406,0.4062012045505242,0.4256078518848985,0.4256078518848985,0.4256078518848985,0.4483604728976132,0.5233102832924381,0.5300022306491189,0.5300022306491189
./instances/created-instances/mm-25-10-1891798.cdop,./settings/Memetic_MMX_1881515.config,25,10,0.8558911260253542,0.8980238627889635,0.9077181208053692,0.9353094705443699,0.9528337061894109,0.970917225950783,0.9798657718120806,0.9798657718120806,0.9804250559284117,1.0
./instances/created-instances/mm-5-25-1110588.cdop,./settings/Memetic_MPX_1099666.config,5,25,0.8782130827867399,0.8849494770430775,0.9485906754121609,0.9485906754121609,0.9576316255982982,0.9618861903917745,0.9618861903917745,0.9618861903917745,0.9618861903917745,0.9618861903917745,0.9641907463215742,0.9641907463215742,0.9716362347101578,0.9716362347101578
./instances/created-instances/mm-20-25-1110588.cdop,./settings/Memetic_MMX_1287823.config,20,25,0.8704870179751114,0.871562451989553,0.874635120602243,0.9165770471654632,0.9233369181133815,0.9491473344599785,0.9663542786910432,0.9663542786910432,0.9663542786910432,0.9749577508065755,0.9817176217544937,0.9861729912428945,0.9874020586879705,0.9874020586879705
./instances/created-instances/mm-5-25-1767920.cdop,./settings/Memetic_MMX_1881515.config,5,25,0.9079111111111111,0.9237333333333333,0.9507555555555556,0.9576888888888889,0.9692444444444445,0.9806222222222222,0.9889777777777777,0.9889777777777777,0.9889777777777777
./instances/created-instances/mm-15-25-1110588.cdop,./settings/Memetic_MMX_1099666.config,15,25,0.863623395149786,0.9025677603423681,0.9161198288159772,0.9412268188302425,0.9512125534950071,0.9614835948644793,0.9654778887303852,0.9657631954350927,0.9793152639087018,0.9838801711840228,0.9838801711840228,0.9838801711840228,0.9838801711840228,0.9838801711840228
./instances/created-instances/mm-10-40-1891798.cdop,./settings/Memetic-LS_MPX_1881515.config,10,40,0.33372258985338005,0.35110938108213313,0.35591021149604257,0.3962631374075516,0.4110548851693266,0.4292201894381731,0.5144673673284027,0.5225120020760348,0.6116517451667316,0.6357856494096276,0.6717270014272739,0.7523031010769431,0.7611262488646685,0.7611262488646685
./instances/created-instances/mm-5-10-1762875.cdop,./settings/Memetic_MMX_1881515.config,5,10,0.9819383259911895,0.9920704845814978,0.9920704845814978,0.9920704845814978,0.9920704845814978,0.9920704845814978,0.9920704845814978,0.9920704845814978,0.9920704845814978,0.9920704845814978,0.9920704845814978
./instances/created-instances/mm-20-25-1767920.cdop,./settings/Memetic_MMX_1287823.config,20,25,0.8444656488549618,0.8444656488549618,0.8564612868047983,0.8972191930207197,0.92407306434024,0.92407306434024,0.9300708833151581,0.939340239912759,0.9596510359869138,0.9795528898582334,0.9795528898582334,0.9795528898582334,0.9795528898582334,0.9795528898582334
./instances/created-instances/mm-10-10-1767920.cdop,./settings/Memetic_MPX_1287823.config,10,10,0.8794813119755912,0.8977879481311976,0.9176201372997712,0.9176201372997712,0.9206712433257056,0.9293160437325197,0.931858632087465,0.931858632087465,0.931858632087465,0.9392321383168065,0.9392321383168065,0.9392321383168065,0.9496567505720824,0.9496567505720824
./instances/created-instances/mm-10-10-1110588.cdop,./settings/Memetic-LS_MPX_1287823.config,10,10,0.6331260599208592,0.6331260599208592,0.646975692481628,0.6509327303561334,0.6695873374788016,0.7795364612775579,0.8013001695873375,0.8013001695873375,0.8111927642736009,0.8801582815149802,0.9146410401356698,0.9146410401356698,0.9146410401356698,0.9146410401356698
./instances/created-instances/mm-5-40-1762875.cdop,./settings/Memetic_MPX_1287823.config,5,40,0.8390738888094897,0.8733743032728312,0.9123910247248821,0.9248249249678434,0.9355438044876375,0.9374017436044019,0.9374017436044019,0.9506931542089467,0.9506931542089467,0.9566957267400314,0.9578390738888095,0.9578390738888095,0.9578390738888095,0.9578390738888095
./instances/created-instances/mm-25-25-1110588.cdop,./settings/Memetic_MMX_1099666.config,25,25,0.8178231292517006,0.8240816326530612,0.8670748299319728,0.8602721088435374,0.8689795918367347,0.9047619047619048,0.9410884353741497,0.9473469387755102,0.9567346938775511,0.9816326530612245,0.9850340136054422,0.9906122448979592,0.9917006802721089,0.9917006802721089
./instances/created-instances/mm-10-25-1917698.cdop,./settings/Memetic-LS_MPX_1099666.config,10,25,0.37980162308385934,0.37980162308385934,0.39603246167718664,0.4497745716862038,0.5141568981064022,0.5430117222723174,0.6045085662759243,0.624346257889991,0.624346257889991,0.624346257889991,0.6764652840396754,0.7022542831379621,0.7430117222723174,0.7430117222723174
./instances/created-instances/mm-10-10-1767920.cdop,./settings/Memetic-LS_MMX_1099666.config,10,10,0.6264937706585304,0.7342995169082126,0.7358250699211798,0.7358250699211798,0.7376048817696415,0.7734553775743707,0.7983727434528349,0.8624459699974574,0.9415204678362573,0.9458428680396643,0.9458428680396643,0.9532163742690059,0.9687261632341724,0.9687261632341724
./instances/created-instances/mm-15-25-1917698.cdop,./settings/Memetic_MPX_1287823.config,15,25,0.7912277943719541,0.8160666561861343,0.8160666561861343,0.8160666561861343,0.8297437509825499,0.8459361735576167,0.8684169155793114,0.8684169155793114,0.8684169155793114,0.8684169155793114,0.8874390819053608,0.8882251218361893,0.89514227322748,0.89514227322748
./instances/created-instances/mm-25-25-1917698.cdop,./settings/Memetic-LS_MPX_1881515.config,25,25,0.17523435137586937,0.17523435137586937,0.2083459328696704,0.24342304203205323,0.30420320532204415,0.30420320532204415,0.30752948291502874,0.33277895373450256,0.3362564257635319,0.3362564257635319,0.3362564257635319,0.35530692470517083,0.3560628968853946,0.3560628968853946
./instances/created-instances/mm-10-10-1110588.cdop,./settings/Memetic_MPX_1287823.config,10,10,0.8753533069530809,0.8753533069530809,0.8753533069530809,0.8753533069530809,0.9191633691351045,0.9191633691351045,0.9191633691351045,0.9310344827586207,0.9477105709440362,0.9578858111927643,0.9598643301300169,0.9598643301300169,0.9604296212549462,0.9604296212549462
./instances/created-instances/mm-5-10-1767920.cdop,./settings/Memetic_MPX_1099666.config,5,10,0.953480699439129,0.9590894094358298,0.9590894094358298,0.9630484988452656,0.976245463543385,0.976575387660838,0.9891125041240515,0.9891125041240515,0.9891125041240515,0.9891125041240515,0.9891125041240515,0.9937314417683932,1.0,1.0
./instances/created-instances/mm-10-10-1917698.cdop,./settings/Memetic-LS_MMX_1287823.config,10,10,0.6598281120044358,0.6917105627945661,0.7626836706404214,0.8081508178541724,0.8505683393401718,0.8566675907956751,0.863321319656224,0.8868866093706681,0.8952037704463544,0.9237593568062101,0.9356806210146936,0.9356806210146936,0.9356806210146936,0.9356806210146936
./instances/created-instances/mm-10-25-1762875.cdop,./settings/Memetic-LS_MPX_1881515.config,10,25,0.484822352535357,0.4946533287340462,0.5227664711969645,0.5450155225939979,0.5777854432562953,0.6081407381855812,0.6495343221800621,0.664711969644705,0.6857537081752328,0.707657813038979,0.775612280096585,0.8163159710244912,0.8513280441531562,0.8513280441531562
./instances/created-instances/mm-10-40-1762875.cdop,./settings/Memetic-LS_MMX_1099666.config,10,40,0.30884041331802525,0.3457073606327338,0.4527363184079602,0.4672789896670494,0.4753157290470723,0.4753157290470723,0.542160989922184,0.5841306289067483,0.620104605179232,0.6371986222732492,0.6875877025130757,0.7035336139813751,0.7586426840158184,0.7586426840158184
./instances/created-instances/mm-5-40-1762875.cdop,./settings/Memetic_MPX_1881515.config,5,40,0.9189652708303558,0.9211090467343147,0.9211090467343147,0.9211090467343147,0.9219665570958983,0.929112476775761,0.9293983135629555,0.9339717021580678,0.9339717021580678,0.9339717021580678,0.9559811347720452,0.9644133199942833,0.9745605259396884,0.9745605259396884
./instances/created-instances/mm-10-40-1917698.cdop,./settings/Memetic_MMX_1287823.config,10,40,0.8123584193304807,0.8580417820286936,0.8864837654165618,0.8946639818776743,0.904228542662975,0.904228542662975,0.922602567329474,0.9587213692423862,0.9701736722879436,0.9719355650641832,0.9764661464887994,0.9850239114019632,0.9891769443745281,0.9891769443745281
./instances/created-instances/mm-20-10-1891798.cdop,./settings/Memetic_MMX_1287823.config,20,10,0.9118819776714514,0.9222488038277512,0.9348086124401914,0.9533492822966507,0.9615231259968102,0.9615231259968102,0.9615231259968102,0.9643141945773525,0.9683014354066986,0.9696969696969697,0.988835725677831,0.988835725677831
./instances/created-instances/mm-20-10-1917698.cdop,./settings/Memetic-LS_MPX_1099666.config,20,10,0.33158771721018804,0.3401571054510831,0.4001428231373482,0.40895024994049034,0.40895024994049034,0.40895024994049034,0.40895024994049034,0.4129969054986908,0.4129969054986908,0.4246607950487979,0.5053558676505594,0.5562961199714354,0.5572482742204237,0.5572482742204237
./instances/created-instances/mm-5-40-1110588.cdop,./settings/Memetic_MPX_1881515.config,5,40,0.8074484944532488,0.8642366613840465,0.8853671421024828,0.8924986793449551,0.9313259376650819,0.9313259376650819,0.9313259376650819,0.9313259376650819,0.9313259376650819,0.9313259376650819,0.9313259376650819,0.9313259376650819,0.9329107237189646,0.9329107237189646
./instances/created-instances/mm-15-40-1917698.cdop,./settings/Memetic_MPX_1287823.config,15,40,0.7351747463359639,0.7375422773393461,0.7606538895152198,0.7789177001127395,0.7790304396843292,0.7790304396843292,0.8137542277339346,0.8137542277339346,0.8137542277339346,0.8459977452085682,0.854227733934611,0.854227733934611,0.854227733934611,0.854227733934611
./instances/created-instances/mm-10-40-1110588.cdop,./settings/Memetic-LS_MPX_1099666.config,10,40,0.2592303692147686,0.31357254290171604,0.35270410816432657,0.3733749349973999,0.4331773270930837,0.4357774310972439,0.5080603224128966,0.5332813312532502,0.5673426937077483,0.5833333333333334,0.6333853354134166,0.6644565782631305,0.7146385855434217,0.7146385855434217
./instances/created-instances/mm-25-10-1110588.cdop,./settings/Memetic_MMX_1881515.config,25,10,0.870583642397033,0.9150888151473746,0.9447589303142689,0.9447589303142689,0.9472965059535429,0.9513956666016006,0.9513956666016006,0.9595939878977162,0.9705250829592036,0.9765762248682412,0.9914112824516884,0.9955104430997462,0.9955104430997462,0.9955104430997462
./instances/created-instances/mm-5-10-1891798.cdop,./settings/Memetic_MMX_1287823.config,5,10,0.9662288930581614,0.9777986241400876,0.9853033145716072,0.9853033145716072,0.9853033145716072,0.9984365228267668,0.9984365228267668,1.0
./instances/created-instances/mm-20-25-1917698.cdop,./settings/Memetic-LS_MMX_1881515.config,20,25,0.26478658536585364,0.3278963414634146,0.33628048780487807,0.4060975609756098,0.4846036585365854,0.6239329268292683,0.6809451219512195,0.71875,0.756859756097561,0.7849085365853659,0.8010670731707317,0.8010670731707317,0.8289634146341464,0.8289634146341464
./instances/created-instances/mm-20-10-1891798.cdop,./settings/Memetic_MPX_1287823.config,20,10,0.7733253588516746,0.7940590111642744,0.7940590111642744,0.7940590111642744,0.8381180223285486,0.8395135566188198,0.8576555023923444,0.8576555023923444,0.8664274322169059,0.8664274322169059,0.9017145135566188,0.9017145135566188,0.9017145135566188,0.9017145135566188
./instances/created-instances/mm-10-10-1891798.cdop,./settings/Memetic-LS_MMX_1287823.config,10,10,0.6667623421354765,0.6667623421354765,0.6894374282433984,0.7172789896670494,0.748564867967853,0.7525832376578645,0.779276693455798,0.78300803673938,0.8978185993111366,0.9072904707233066,0.9302525832376579,0.9434557979334098,0.9448909299655568,0.9448909299655568
./instances/created-instances/mm-5-25-1917698.cdop,./settings/Memetic-LS_MMX_1881515.config,5,25,0.5854538549183441,0.6059627800987467,0.6447018609950627,0.6447018609950627,0.6447018609950627,0.6661602734523357,0.7783896695784277,0.825484238511204,0.8513102924420812,0.9268894796809722,0.9356247626281807,0.9356247626281807,0.9403721990125332,0.9403721990125332
./instances/created-instances/mm-5-10-1891798.cdop,./settings/Memetic_MMX_1099666.config,5,10,0.944027517198249,0.9821763602251408,0.9821763602251408,0.9984365228267668,0.9984365228267668,0.9984365228267668,0.9984365228267668,0.9984365228267668,0.9984365228267668,1.0,1.0,1.0,1.0,1.0
./instances/created-instances/mm-15-40-1110588.cdop,./settings/Memetic_MPX_1881515.config,15,40,0.696969696969697,0.756636128729152,0.756636128729152,0.7628611698379141,0.7899929527836504,0.7899929527836504,0.834272962179939,0.834272962179939,0.834272962179939,0.8792576932111816,0.8792576932111816,0.8792576932111816,0.8792576932111816,0.8792576932111816
./instances/created-instances/mm-20-25-1110588.cdop,./settings/Memetic-LS_MPX_1099666.config,20,25,0.2504224919342449,0.253802427408204,0.253802427408204,0.253802427408204,0.29989245659855585,0.30941772929789524,0.3515132892917499,0.3515132892917499,0.35550775848824706,0.3587340605315717,0.4337071746812106,0.4337071746812106,0.45152865263481334,0.45152865263481334
./instances/created-instances/mm-10-10-1917698.cdop,./settings/Memetic_MPX_1099666.config,10,10,0.9032436928195176,0.9032436928195176,0.9032436928195176,0.9032436928195176,0.9032436928195176,0.9071250346548378,0.9071250346548378,0.9071250346548378,0.9071250346548378,0.954532852786249,0.9578597172165234,0.9578597172165234,0.9578597172165234,0.9578597172165234
./instances/created-instances/mm-5-40-1767920.cdop,./settings/Memetic_MMX_1881515.config,5,40,0.8351365275631119,0.8771251931993818,0.9117722823286966,0.9422977846470891,0.9527305512622359,0.9621329211746522,0.9622617207624936,0.9622617207624936,0.9689592993302422,0.9693456980937661,0.9753992787223081,0.9835136527563112,0.9753992787223081,0.9753992787223081
./instances/created-instances/mm-25-25-1891798.cdop,./settings/Memetic_MPX_1881515.config,25,25,0.6695957820738138,0.736233157586409,0.736233157586409,0.736233157586409,0.7590802577621558,0.7590802577621558,0.794083186877563,0.794083186877563,0.794083186877563,0.8059461042765085,0.8088752196836555,0.843585237258348,0.843585237258348,0.843585237258348
./instances/created-instances/mm-5-40-1767920.cdop,./settings/Memetic-LS_MMX_1881515.config,5,40,0.5412158681092221,0.5727717671303452,0.5727717671303452,0.5823029366306027,0.6339515713549717,0.6969345698093766,0.7074961360123647,0.7206336939721792,0.7268160741885626,0.755280783101494,0.7864502833590933,0.8044822256568779,0.8705564142194745,0.8705564142194745
./instances/created-instances/mm-25-10-1110588.cdop,./settings/Memetic-LS_MPX_1881515.config,25,10,0.28108530158110484,0.3093890298653133,0.314268983017763,0.314268983017763,0.35116142885028306,0.35662697638102675,0.35662697638102675,0.36248292016396644,0.36248292016396644,0.4009369510052703,0.4208471598672653,0.4208471598672653,0.4339254343158306,0.4339254343158306
./instances/created-instances/mm-5-10-1891798.cdop,./settings/Memetic-LS_MPX_1881515.config,5,10,0.7614133833646028,0.7867417135709819,0.8452157598499062,0.8524077548467792,0.8574108818011257,0.883364602876798,0.892432770481551,0.892432770481551,0.892432770481551,0.9024390243902439,0.9612257661038149,0.9640400250156348,0.9752970606629143,0.9752970606629143
./instances/created-instances/mm-15-25-1917698.cdop,./settings/Memetic_MPX_1099666.config,15,25,0.7505109259550385,0.8086778808363465,0.8086778808363465,0.82864329507939,0.82864329507939,0.879578682597076,0.879578682597076,0.8844521301682126,0.8844521301682126,0.8844521301682126,0.8844521301682126,0.8844521301682126,0.8844521301682126,0.8844521301682126
./instances/created-instances/mm-5-25-1110588.cdop,./settings/Memetic_MMX_1881515.config,5,25,0.8725403297287715,0.8725403297287715,0.8751994327246942,0.9537316078709449,0.9657862081191279,0.9657862081191279,0.9673816699166814,0.9673816699166814,0.9693316787803581,0.9812090054954795,0.9812090054954795,0.9929090586775394,0.9921999645452934,0.9921999645452934
./instances/created-instances/mm-10-40-1917698.cdop,./settings/Memetic-LS_MMX_1881515.config,10,40,0.2827837905864586,0.3022904606091115,0.42511955700981624,0.46476214447520764,0.4910646866347848,0.4910646866347848,0.5259249937075258,0.5273093380317141,0.5880946388119809,0.624213440724893,0.6704002013591744,0.7564812484268815,0.7733450792851749,0.7733450792851749
./instances/created-instances/mm-25-10-1767920.cdop,./settings/Memetic_MPX_1099666.config,25,10,0.7344342780629324,0.7388975675072529,0.7882169158669939,0.7882169158669939,0.7882169158669939,0.7882169158669939,0.8038384289221155,0.8390984155322473,0.8390984155322473,0.8498103101986164,0.8498103101986164,0.8524882838652087,0.875474224503459,0.875474224503459
./instances/created-instances/mm-20-25-1110588.cdop,./settings/Memetic-LS_MMX_1099666.config,20,25,0.29466891995698263,0.3697956675372561,0.3926870487017975,0.46704562912889847,0.4862498079582117,0.5177446612382854,0.5616838223997542,0.5684436933476724,0.6449531418036565,0.7024120448609618,0.7517283760946382,0.796896604701183,0.8122599477646336,0.8122599477646336
./instances/created-instances/mm-20-10-1762875.cdop,./settings/Memetic_MPX_1881515.config,20,10,0.7660049074280616,0.7706892705777382,0.7706892705777382,0.8037028775373634,0.8474236002676779,0.8474236002676779,0.8485389248271247,0.8485389248271247,0.8485389248271247,0.8485389248271247,0.859915235333482,0.8637073388356011,0.9143430738344859,0.9143430738344859
./instances/created-instances/mm-15-10-1110588.cdop,./settings/Memetic-LS_MPX_1287823.config,15,10,0.4176551094890511,0.4340784671532847,0.4340784671532847,0.45894160583941607,0.49133211678832117,0.4988594890510949,0.5333029197080292,0.5588503649635036,0.5857664233576643,0.5857664233576643,0.5987682481751825,0.6129105839416058,0.6416514598540146,0.6416514598540146
./instances/created-instances/mm-5-40-1891798.cdop,./settings/Memetic_MPX_1881515.config,5,40,0.7644206862257583,0.8081800099453008,0.8529338637493784,0.8590253605171556,0.8866235703630034,0.8866235703630034,0.8950770760815515,0.9020387866732968,0.9387120835405272,0.9446792640477375,0.9901790154152164,0.9903033316757832,0.9922923918448533,0.9922923918448533
./instances/created-instances/mm-15-10-1110588.cdop,./settings/Memetic-LS_MPX_1099666.config,15,10,0.41491788321167883,0.42632299270072993,0.45072992700729925,0.45072992700729925,0.45072992700729925,0.45072992700729925,0.45552007299270075,0.5273722627737226,0.5380930656934306,0.5474452554744526,0.5670620437956204,0.5682025547445255,0.6234032846715328,0.6234032846715328
./instances/created-instances/mm-15-25-1767920.cdop,./settings/Memetic_MPX_1881515.config,15,25,0.7560736996575901,0.7560736996575901,0.7567259090167944,0.7973259416272623,0.7973259416272623,0.7973259416272623,0.8428175444317626,0.8428175444317626,0.8428175444317626,0.8428175444317626,0.8834175770422306,0.8901027229740747,0.8901027229740747,0.8901027229740747
./instances/created-instances/mm-15-25-1767920.cdop,./settings/Memetic-LS_MMX_1099666.config,15,25,0.42263166476438935,0.4298059677156367,0.4415457361813142,0.45622044676341106,0.5002445785097016,0.5587803684982879,0.6210663623022991,0.7272134355127996,0.7369965759008642,0.7462905592695255,0.8040110875591064,0.807272134355128,0.8170552747431926,0.8170552747431926
./instances/created-instances/mm-5-10-1917698.cdop,./settings/Memetic-LS_MPX_1287823.config,5,10,0.7176321620766065,0.7739791073124407,0.8211459322570434,0.8315922760367205,0.8448876226654004,0.8471035137701804,0.8651471984805318,0.917062361506806,0.9183285849952516,0.9183285849952516,0.9183285849952516,0.9218106995884774,0.9218106995884774,0.9218106995884774
./instances/created-instances/mm-25-25-1891798.cdop,./settings/Memetic-LS_MPX_1881515.config,25,25,0.18775629759812537,0.18775629759812537,0.2075278265963679,0.23052138254247218,0.23579379027533684,0.24619214997070885,0.24619214997070885,0.24619214997070885,0.24619214997070885,0.27797305213825424,0.28998242530755713,0.30155243116578795,0.30155243116578795,0.30155243116578795
./instances/created-instances/mm-10-25-1110588.cdop,./settings/Memetic_MPX_1287823.config,10,25,0.8675016479894528,0.8940342781806196,0.8940342781806196,0.8991430454845089,0.9093605800922874,0.9093605800922874,0.9124917600527357,0.9306196440342782,0.9475939353988134,0.9475939353988134,0.9475939353988134,0.9475939353988134,0.9475939353988134,0.9475939353988134
./instances/created-instances/mm-20-25-1110588.cdop,./settings/Memetic_MMX_1099666.config,20,25,0.8468274696573974,0.8601935781225994,0.8953756337379014,0.8953756337379014,0.9068981410354893,0.9088953756337379,0.9257950530035336,0.9517591027807651,0.9640497772315256,0.9772622522660931,0.9772622522660931,0.9818712551851283,0.9840221232140114,0.9840221232140114
./instances/created-instances/mm-5-40-1891798.cdop,./settings/Memetic_MMX_1099666.config,5,40,0.8409995027349577,0.8409995027349577,0.8807807061163601,0.9021631029338637,0.920934858279463,0.9286424664346097,0.9517652909000497,0.962083540527101,0.9653157633018399,0.9687966185977126,0.9687966185977126,0.9886872202884137,0.9921680755842864,0.9921680755842864
./instances/created-instances/mm-10-25-1891798.cdop,./settings/Memetic_MMX_1881515.config,10,25,0.8308857628690679,0.906167877569949,0.9429587262328026,0.9560983150409647,0.9672283196784666,0.9707837378265575,0.9785129077137116,0.9857783274076364,0.9857783274076364,0.9899520791466997,0.9998454166022569,0.9998454166022569,0.9998454166022569,0.9998454166022569
./instances/created-instances/mm-15-40-1891798.cdop,./settings/Memetic-LS_MPX_1099666.config,15,40,0.19989513697732336,0.2292567833267794,0.23122296500196618,0.27067767728404774,0.27972211298990696,0.32573076418927777,0.34853847162144447,0.3891728929086381,0.3891728929086381,0.40306724341329137,0.47922401363219297,0.48171451042076285,0.5278542403984795,0.5278542403984795
./instances/created-instances/mm-5-10-1917698.cdop,./settings/Memetic-LS_MMX_1287823.config,5,10,0.8252611585944919,0.8265273820829376,0.8458372902817347,0.8458372902817347,0.8524849635960747,0.8635644191199747,0.921494143716366,0.921494143716366,0.9503007280785059,0.9550490661601773,0.9832225387780943,0.9832225387780943,0.9832225387780943,0.9832225387780943
./instances/created-instances/mm-5-10-1767920.cdop,./settings/Memetic-LS_MMX_1881515.config,5,10,0.7954470471791488,0.8749587594853184,0.9188386671065655,0.9188386671065655,0.9231276806334543,0.9231276806334543,0.9231276806334543,0.9613988782580006,0.9613988782580006,0.9613988782580006,0.9613988782580006,0.9643681953150776,0.9643681953150776,0.9643681953150776
./instances/created-instances/mm-20-25-1917698.cdop,./settings/Memetic-LS_MPX_1881515.config,20,25,0.2236280487804878,0.22728658536585367,0.2385670731707317,0.25640243902439025,0.26875,0.3440548780487805,0.3440548780487805,0.3440548780487805,0.3652439024390244,0.3652439024390244,0.41234756097560976,0.41341463414634144,0.43658536585365854,0.43658536585365854
./instances/created-instances/mm-5-10-1110588.cdop,./settings/Memetic-LS_MPX_1099666.config,5,10,0.7840616966580977,0.799118619170033,0.8758721997796548,0.8784428938670584,0.8909291222915902,0.9063532868160118,0.9151670951156813,0.9434447300771208,0.9434447300771208,0.9551964744766801,0.9551964744766801,0.9551964744766801,0.9596033786265149,0.9596033786265149
./instances/created-instances/mm-5-10-1110588.cdop,./settings/Memetic-LS_MMX_1881515.config,5,10,0.7021667278736687,0.7399926551597503,0.7741461623209696,0.7994858611825193,0.8575100991553434,0.8799118619170033,0.8920308483290489,0.9012118986412045,0.950055086301873,0.9585016525890562,0.9585016525890562,0.9720896070510466,0.9720896070510466,0.9720896070510466
./instances/created-instances/mm-15-40-1917698.cdop,./settings/Memetic-LS_MMX_1099666.config,15,40,0.25591882750845546,0.31927846674182636,0.35422773393461104,0.41792559188275086,0.4813979706877114,0.5567080045095829,0.5643742953776776,0.5703494926719278,0.6002254791431793,0.6381059751972943,0.7138669673055242,0.7930101465614431,0.8546786922209696,0.8546786922209696
./instances/created-instances/mm-5-25-1917698.cdop,./settings/Memetic-LS_MPX_1287823.config,5,25,0.5049373338397265,0.6359665780478542,0.6576148879605014,0.6587542726927459,0.6587542726927459,0.6690087352829472,0.7252183820736802,0.7764906950246867,0.7852259779718952,0.8089631598936574,0.8302316748955564,0.8454234713254842,0.8666919863273832,0.8666919863273832
./instances/created-instances/mm-5-10-1891798.cdop,./settings/Memetic_MPX_1287823.config,5,10,0.9659161976235147,0.9659161976235147,0.9693558474046279,0.9752970606629143,0.9896810506566605,0.9896810506566605,0.9896810506566605,0.9896810506566605,0.9896810506566605,0.9896810506566605,0.9987492182614134,0.9987492182614134,0.9987492182614134,0.9987492182614134
./instances/created-instances/mm-5-10-1767920.cdop,./settings/Memetic-LS_MMX_1099666.config,5,10,0.8406466512702079,0.8406466512702079,0.8406466512702079,0.8663807324315408,0.8805674694820191,0.8874958759485319,0.8874958759485319,0.9109204882876938,0.9109204882876938,0.9122401847575058,0.9227977565160013,0.9227977565160013,0.9227977565160013,0.9227977565160013
./instances/created-instances/mm-10-10-1762875.cdop,./settings/Memetic-LS_MPX_1881515.config,10,10,0.67974298275279,0.7003719986472776,0.7081501521812648,0.7247210010145417,0.7565099763273588,0.7565099763273588,0.7612445045654379,0.7659790328035171,0.8254988163679405,0.8437605681433886,0.8437605681433886,0.8562732499154548,0.8562732499154548,0.8562732499154548
./instances/created-instances/mm-10-25-1767920.cdop,./settings/Memetic-LS_MPX_1881515.config,10,25,0.43988772805239357,0.46125058474972713,0.4821456416653672,0.5061593637922969,0.5496647434897863,0.5496647434897863,0.5969125214408233,0.6535162950257289,0.670824886948386,0.670824886948386,0.670824886948386,0.7313269920474037,0.8267581475128645,0.8267581475128645
./instances/created-instances/mm-20-25-1110588.cdop,./settings/Memetic-LS_MPX_1881515.config,20,25,0.25764326317406666,0.25764326317406666,0.25764326317406666,0.25764326317406666,0.2645567675526195,0.26732216930404057,0.26732216930404057,0.3063450606852051,0.3063450606852051,0.36595483177139343,0.37640190505453985,0.4060531571669995,0.4490705177446612,0.4490705177446612
./instances/created-instances/mm-25-10-1767920.cdop,./settings/Memetic_MMX_1287823.config,25,10,0.883954474447668,0.9245704083909841,0.9337201517518411,0.9482258424458826,0.9747824146395894,0.981254184333854,0.9817005132782861,0.9843784869448784,0.9848248158893104,0.9946440526668154,0.9964293684445437,0.999776835527784,0.999776835527784,0.999776835527784
./instances/created-instances/mm-10-10-1891798.cdop,./settings/Memetic-LS_MPX_1287823.config,10,10,0.6727898966704937,0.6727898966704937,0.6920206659012629,0.6994833524684271,0.7069460390355913,0.7629161882893226,0.7942020665901263,0.845292766934558,0.8866245694603904,0.9067164179104478,0.912743972445465,0.912743972445465,0.912743972445465,0.912743972445465
./instances/created-instances/mm-25-10-1917698.cdop,./settings/Memetic_MMX_1287823.config,25,10,0.8815109343936381,0.890258449304175,0.9035785288270378,0.9075546719681908,0.9170974155069582,0.9170974155069582,0.9403578528827038,0.9500994035785288,0.9536779324055666,0.9536779324055666,0.9536779324055666,0.9536779324055666,0.9769383697813121,0.9769383697813121
./instances/created-instances/mm-15-25-1110588.cdop,./settings/Memetic_MMX_1287823.config,15,25,0.8114122681883025,0.8195435092724679,0.9005706134094151,0.927246790299572,0.927246790299572,0.9582025677603424,0.9582025677603424,0.9582025677603424,0.9620542082738944,0.9773181169757489,0.9841654778887304,0.9904422253922968,0.9978601997146933,0.9978601997146933
./instances/created-instances/mm-10-25-1762875.cdop,./settings/Memetic-LS_MMX_1881515.config,10,25,0.5196619523973784,0.563297688858227,0.6062435322525008,0.6548809934460159,0.6710934805105209,0.7450845119006554,0.7776819592963091,0.8442566402207657,0.8651259054846498,0.8761641945498447,0.8809934460158675,0.9001379786133149,0.9246291824767161,0.9246291824767161
./instances/created-instances/mm-5-40-1110588.cdop,./settings/Memetic_MPX_1287823.config,5,40,0.8403328050713154,0.8613312202852615,0.8740095087163233,0.8753301637612255,0.9149498151082938,0.9342313787638669,0.9414949815108293,0.9414949815108293,0.9430797675647121,0.9471737982039091,0.9471737982039091,0.9543053354463814,0.9561542525092446,0.9561542525092446
./instances/created-instances/mm-25-10-1891798.cdop,./settings/Memetic-LS_MPX_1099666.config,25,10,0.30723340790454884,0.3434004474272931,0.3434004474272931,0.3434004474272931,0.3434004474272931,0.3434004474272931,0.37994034302759133,0.4065995525727069,0.4065995525727069,0.4065995525727069,0.4065995525727069,0.4065995525727069,0.4092095451155854,0.4092095451155854
./instances/created-instances/mm-5-10-1891798.cdop,./settings/Memetic_MMX_1881515.config,5,10,0.9521575984990619,0.9555972482801751,0.9893683552220137,0.9928080050031269,0.9984365228267668,1.0,1.0,1.0,1.0,1.0,1.0,1.0,1.0,1.0
./instances/created-instances/mm-10-10-1110588.cdop,./settings/Memetic-LS_MPX_1881515.config,10,10,0.644431882419446,0.6690220463538722,0.7173544375353307,0.719615602035048,0.7696438665912945,0.8343697003957038,0.8394573205200678,0.8403052572074619,0.8544375353306953,0.85895986433013,0.8810062182023742,0.8810062182023742,0.9033352176370831,0.9033352176370831
./instances/created-instances/mm-15-10-1767920.cdop,./settings/Memetic_MMX_1881515.config,15,10,0.9190826482042406,0.9418000865426223,0.9418000865426223,0.9465599307659022,0.957377758546084,0.957377758546084,0.9599740372133275,0.9779316313284292,0.9779316313284292,0.9800951968844656,0.9883167459974037,0.9883167459974037,0.9883167459974037,0.9883167459974037
./instances/created-instances/mm-15-40-1891798.cdop,./settings/Memetic-LS_MMX_1881515.config,15,40,0.22047450517761175,0.2272906016515926,0.3516843623017433,0.43006947175252325,0.4507799187311574,0.4631013238956613,0.47031065670467953,0.5392580941145628,0.5392580941145628,0.5915585266745313,0.6470048499147988,0.6721719753571896,0.6936688950058986,0.6936688950058986
./instances/created-instances/mm-10-25-1762875.cdop,./settings/Memetic-LS_MMX_1099666.config,10,25,0.42669886167644017,0.4530872714729217,0.5826146947223181,0.645912383580545,0.6460848568471886,0.6619523973784064,0.6779924111762676,0.6967919972404277,0.8082097274922387,0.8154536046912728,0.8289065194894791,0.8515005174197999,0.88909968954812,0.88909968954812
./instances/created-instances/mm-25-10-1891798.cdop,./settings/Memetic_MMX_1287823.config,25,10,0.8592468307233407,0.8689410887397464,0.8991424310216256,0.9397837434750187,0.9517151379567487,0.9517151379567487,0.9517151379567487,0.9722222222222222,0.9871364653243848,0.993847874720358,0.9972035794183445,0.9972035794183445,0.9972035794183445,0.9972035794183445
./instances/created-instances/mm-15-25-1767920.cdop,./settings/Memetic_MMX_1099666.config,15,25,0.845915538887983,0.8584705690526659,0.8638512962661015,0.8979292352845263,0.9232023479536932,0.9494537746616664,0.9494537746616664,0.9494537746616664,0.9708136311756074,0.9726072069134192,0.9848361323984999,1.0,1.0,1.0
./instances/created-instances/mm-10-10-1767920.cdop,./settings/Memetic_MMX_1099666.config,10,10,0.9488939740655988,0.9562674802949402,0.9659293160437326,0.9740655987795576,0.9809305873379099,0.9809305873379099,0.9809305873379099,0.9862700228832952,0.9862700228832952,0.9862700228832952,0.9862700228832952,0.9941520467836257,1.0,1.0
./instances/created-instances/mm-15-25-1891798.cdop,./settings/Memetic_MMX_1099666.config,15,25,0.895857402211586,0.9027892391483743,0.9027892391483743,0.9478461792374979,0.9673213401551412,0.9673213401551412,0.9683116025746823,0.9732629146723882,0.9818451889750784,0.9853111074434725,0.9922429443802607,0.9950486879022941,0.9950486879022941,0.9950486879022941
./instances/created-instances/mm-20-25-1891798.cdop,./settings/Memetic-LS_MMX_1099666.config,20,25,0.2962566844919786,0.31932773109243695,0.36546982429335373,0.3783040488922842,0.42750190985485104,0.453475935828877,0.5262032085561498,0.5889992360580596,0.6230710466004583,0.6504201680672269,0.7558441558441559,0.7711229946524064,0.8087089381207029,0.8087089381207029
./instances/created-instances/mm-15-25-1891798.cdop,./settings/Memetic-LS_MPX_1287823.config,15,25,0.3220003300874732,0.3220003300874732,0.3220003300874732,0.37349397590361444,0.39676514276283215,0.3987456676019145,0.4271331902954283,0.4271331902954283,0.5274797821422677,0.5817791714804423,0.5817791714804423,0.5817791714804423,0.6337679485063542,0.6337679485063542
./instances/created-instances/mm-10-25-1762875.cdop,./settings/Memetic_MPX_1287823.config,10,25,0.8261469472231804,0.8261469472231804,0.8261469472231804,0.854605036219386,0.854605036219386,0.854605036219386,0.854605036219386,0.854605036219386,0.854605036219386,0.8835805450155226,0.905829596412556,0.905829596412556,0.9313556398758193,0.9313556398758193
./instances/created-instances/mm-15-40-1110588.cdop,./settings/Memetic-LS_MPX_1881515.config,15,40,0.16995536762978625,0.1856941508104299,0.19356354240075171,0.21200375851538641,0.2467700258397933,0.2555790462767207,0.2647404275311252,0.2739018087855297,0.3071411792342025,0.3454310547333803,0.3560018792576932,0.3560018792576932,0.3560018792576932,0.3560018792576932
./instances/created-instances/mm-5-10-1891798.cdop,./settings/Memetic_MPX_1099666.config,5,10,0.9534083802376485,0.9543464665415885,0.9543464665415885,0.9787367104440275,0.9787367104440275,0.9862414008755472,0.9953095684803002,0.9953095684803002,0.9984365228267668,1.0,1.0,1.0,1.0,1.0
./instances/created-instances/mm-5-25-1767920.cdop,./settings/Memetic-LS_MPX_1099666.config,5,25,0.5251555555555556,0.5788444444444445,0.6277333333333334,0.6535111111111112,0.6766222222222222,0.7331555555555556,0.7331555555555556,0.7331555555555556,0.7331555555555556,0.7425777777777778,0.7425777777777778,0.8581333333333333,0.9308444444444445,0.9308444444444445
./instances/created-instances/mm-5-25-1917698.cdop,./settings/Memetic_MPX_1881515.config,5,25,0.9358146600835549,0.9358146600835549,0.9388530193695405,0.9388530193695405,0.9388530193695405,0.9399924041017851,0.9399924041017851,0.9424610710216483,0.9424610710216483,0.9424610710216483,0.9430307633877706,0.9747436384352449,0.9796809722749715,0.9796809722749715
./instances/created-instances/mm-15-40-1110588.cdop,./settings/Memetic-LS_MMX_1099666.config,15,40,0.23831336622034296,0.3333333333333333,0.3608174770965469,0.4309372797744891,0.48543575287761337,0.5310077519379846,0.5771670190274841,0.591261451726568,0.6221517500587268,0.626732440685929,0.6912144702842378,0.7318534178999295,0.7345548508339206,0.7345548508339206
./instances/created-instances/mm-10-40-1762875.cdop,./settings/Memetic_MPX_1099666.config,10,40,0.7692307692307693,0.7740783263171322,0.7740783263171322,0.8595484117872177,0.8595484117872177,0.8595484117872177,0.8595484117872177,0.8737083811710677,0.8737083811710677,0.8737083811710677,0.880214313050134,0.880214313050134,0.9457839010077816,0.9457839010077816
./instances/created-instances/mm-20-10-1110588.cdop,./settings/Memetic-LS_MPX_1099666.config,20,10,0.33271676300578035,0.34104046242774566,0.3523699421965318,0.36786127167630056,0.3798843930635838,0.42265895953757227,0.42265895953757227,0.4238150289017341,0.45341040462427745,0.45479768786127167,0.47121387283236993,0.4776878612716763,0.5285549132947976,0.5285549132947976
./instances/created-instances/mm-10-40-1767920.cdop,./settings/Memetic-LS_MMX_1881515.config,10,40,0.312338668043366,0.32318017552916883,0.33415074858027877,0.3588022715539494,0.364352090862158,0.4872225090345896,0.5540784718637067,0.6431337119256583,0.6874032008260196,0.7120547237996903,0.7342540010325245,0.7533557046979866,0.7796850800206505,0.7796850800206505
./instances/created-instances/mm-5-25-1767920.cdop,./settings/Memetic_MPX_1287823.config,5,25,0.9086222222222222,0.9201777777777778,0.9201777777777778,0.9201777777777778,0.9201777777777778,0.9201777777777778,0.9361777777777778,0.9552,0.9674666666666667,0.9786666666666667,0.9786666666666667,0.9786666666666667,0.9825777777777778,0.9825777777777778
./instances/created-instances/mm-15-10-1110588.cdop,./settings/Memetic-LS_MMX_1099666.config,15,10,0.625684306569343,0.6571624087591241,0.7005018248175182,0.7005018248175182,0.7251368613138686,0.769844890510949,0.7951642335766423,0.812728102189781,0.8321167883211679,0.8403284671532847,0.8403284671532847,0.8820711678832117,0.8898266423357665,0.8898266423357665
./instances/created-instances/mm-10-10-1917698.cdop,./settings/Memetic-LS_MPX_1287823.config,10,10,0.5633490435264763,0.5669531466592737,0.5672303853617965,0.6431937898530635,0.678957582478514,0.715830329914056,0.7344053229830885,0.7344053229830885,0.7707235930135847,0.7707235930135847,0.7868034377599112,0.7868034377599112,0.7868034377599112,0.7868034377599112
./instances/created-instances/mm-25-10-1110588.cdop,./settings/Memetic-LS_MMX_1881515.config,25,10,0.4130392348233457,0.4721842670310365,0.49658403279328517,0.51747023228577,0.5262541479601796,0.574468085106383,0.6505953542845989,0.6931485457739606,0.7046652352137419,0.7341401522545383,0.7575639273862971,0.8112434120632442,0.8198321296115557,0.8198321296115557
./instances/created-instances/mm-10-25-1891798.cdop,./settings/Memetic_MPX_1099666.config,10,25,0.8737053640439016,0.8737053640439016,0.8737053640439016,0.8737053640439016,0.941876642448601,0.941876642448601,0.941876642448601,0.941876642448601,0.941876642448601,0.941876642448601,0.9438862266192611,0.9458958107899211,0.9613541505642293,0.9613541505642293
./instances/created-instances/mm-5-10-1762875.cdop,./settings/Memetic-LS_MPX_1881515.config,5,10,0.8290748898678414,0.8290748898678414,0.8383259911894273,0.8383259911894273,0.866079295154185,0.8810572687224669,0.8841409691629956,0.9123348017621146,0.9123348017621146,0.9136563876651982,0.9343612334801762,0.9568281938325991,0.9568281938325991,0.9568281938325991
./instances/created-instances/mm-15-40-1762875.cdop,./settings/Memetic-LS_MMX_1099666.config,15,40,0.2436675461741425,0.29155672823219,0.32928759894459103,0.3445910290237467,0.4275725593667546,0.4883905013192612,0.533509234828496,0.5634564643799472,0.6050131926121372,0.6306068601583114,0.6339050131926122,0.6932717678100264,0.7538258575197889,0.7538258575197889
./instances/created-instances/mm-10-40-1110588.cdop,./settings/Memetic_MMX_1099666.config,10,40,0.8403536141445658,0.8715548621944877,0.8849453978159126,0.8889755590223609,0.9156266250650026,0.9264170566822673,0.9292771710868435,0.9448777951118045,0.952678107124285,0.9616484659386375,0.9616484659386375
./instances/created-instances/mm-15-25-1767920.cdop,./settings/Memetic_MMX_1287823.config,15,25,0.8871677808576554,0.9126039458666232,0.9261372900701125,0.9403228436328062,0.9461927278656449,0.9491276699820642,0.9530409261372901,0.9605413337681395,0.9605413337681395,0.9605413337681395,0.972118049894016,0.9809228762432741,0.9841839230392956,0.9841839230392956
./instances/created-instances/mm-15-25-1891798.cdop,./settings/Memetic_MPX_1287823.config,15,25,0.7884139296913683,0.7884139296913683,0.7884139296913683,0.7884139296913683,0.825218682950982,0.8481597623370193,0.8636738735764977,0.8643340485228586,0.9013038455190625,0.9013038455190625,0.9067502888265391,0.9067502888265391,0.9067502888265391,0.9067502888265391
./instances/created-instances/mm-5-40-1762875.cdop,./settings/Memetic_MMX_1881515.config,5,40,0.819636987280263,0.8678004859225382,0.8752322423895955,0.90781763612977,0.9351150493068457,0.9435472345290838,0.9555523795912534,0.9697013005573817,0.9711304844933543,0.9744176075460912,0.9744176075460912,0.9881377733314277
./instances/created-instances/mm-5-25-1767920.cdop,./settings/Memetic-LS_MPX_1881515.config,5,25,0.5957333333333333,0.6097777777777778,0.6097777777777778,0.6375111111111111,0.6920888888888889,0.7770666666666667,0.7879111111111111,0.7968,0.8122666666666667,0.8215111111111111,0.8641777777777778,0.8684444444444445,0.8684444444444445,0.8684444444444445
./instances/created-instances/mm-25-25-1917698.cdop,./settings/Memetic-LS_MMX_1881515.config,25,25,0.18702751738736015,0.18702751738736015,0.18763229513153917,0.3383731478681585,0.42727547626247353,0.4762624735409737,0.4892651950408225,0.5139098881161174,0.5544299969761113,0.6357726035681887,0.7145449047475053,0.7224070154218325,0.7671605684910795,0.7671605684910795
./instances/created-instances/mm-10-10-1762875.cdop,./settings/Memetic-LS_MPX_1099666.config,10,10,0.6790666215759216,0.701048359824146,0.7220155563070679,0.7287791680757525,0.7561717957389246,0.75820087926953,0.7784917145755834,0.793033479878255,0.8400405816706121,0.861007778153534,0.8708150152181264,0.8708150152181264,0.877578626986811,0.877578626986811
./instances/created-instances/mm-10-10-1762875.cdop,./settings/Memetic_MPX_1099666.config,10,10,0.9198512005410889,0.9198512005410889,0.9198512005410889,0.9212039228948259,0.9225566452485627,0.9225566452485627,0.9225566452485627,0.9232330064254312,0.9276293540750761,0.9692255664524856,0.9692255664524856,0.9692255664524856,0.9692255664524856,0.9692255664524856
./instances/created-instances/mm-10-25-1917698.cdop,./settings/Memetic-LS_MMX_1287823.config,10,25,0.4328223624887286,0.4447249774571686,0.5190261496844003,0.5682596934174933,0.6025247971145176,0.630477908025248,0.6539224526600541,0.7078449053201082,0.7540126239855726,0.7772768259693418,0.7924256086564473,0.8212804328223625,0.8634806131650136,0.8634806131650136
./instances/created-instances/mm-10-40-1762875.cdop,./settings/Memetic-LS_MMX_1881515.config,10,40,0.2533486414083429,0.28243398392652125,0.40375047837734407,0.4846281413445593,0.5156269932389336,0.5648679678530425,0.6056895012118892,0.629417017476719,0.6777650210486031,0.6929455287664242,0.7416762342135477,0.7480545988008674,0.773312922566654,0.773312922566654
./instances/created-instances/mm-25-10-1762875.cdop,./settings/Memetic-LS_MMX_1099666.config,25,10,0.34022196708763874,0.44833524684270953,0.4802908534251818,0.4802908534251818,0.5516647531572905,0.6033295063145809,0.6128970531955606,0.6194029850746269,0.6555683122847302,0.7016838882510524,0.7388059701492538,0.7650210486031381,0.778798316111749,0.778798316111749
./instances/created-instances/mm-15-10-1767920.cdop,./settings/Memetic_MMX_1287823.config,15,10,0.8866291648636954,0.9115101687581134,0.9201644309822588,0.9201644309822588,0.9249242752055388,0.9344439636520987,0.9344439636520987,0.9368238857637387,0.9738208567719602,0.981609692773691,0.981609692773691,0.981609692773691,0.9915620943314583,0.9915620943314583
./instances/created-instances/mm-15-40-1110588.cdop,./settings/Memetic_MMX_1881515.config,15,40,0.8148931172186986,0.8220577871740662,0.8639887244538408,0.8639887244538408,0.9083861874559549,0.9275311252055438,0.9631195677707306,0.9874324641766502,0.9910735259572468,0.9910735259572468,0.9910735259572468,0.9944796805261922,0.9970636598543575,0.9970636598543575
./instances/created-instances/mm-5-25-1767920.cdop,./settings/Memetic_MPX_1099666.config,5,25,0.9304888888888889,0.9409777777777778,0.9409777777777778,0.9470222222222222,0.9470222222222222,0.9500444444444445,0.9500444444444445,0.9560888888888889,0.9560888888888889,0.9596444444444444,0.9596444444444444,0.9651555555555555,0.976,0.976
./instances/created-instances/mm-10-25-1110588.cdop,./settings/Memetic-LS_MPX_1099666.config,10,25,0.3650296638101516,0.39156229400131837,0.3941990771259064,0.4416611733684904,0.4594594594594595,0.4983520105471325,0.5222478576137113,0.5886618325642716,0.6554054054054054,0.6615029663810151,0.6916611733684904,0.7491760052735662,0.79614370468029,0.79614370468029
./instances/created-instances/mm-25-25-1762875.cdop,./settings/Memetic_MPX_1099666.config,25,25,0.6624400804082263,0.6670790165455389,0.7102211226225452,0.7606308953146745,0.7606308953146745,0.767125405906912,0.7743930725220349,0.7802690582959642,0.8096489871656101,0.8096489871656101,0.8127416112571517,0.8127416112571517,0.8288232565331684,0.8288232565331684
./instances/created-instances/mm-20-10-1891798.cdop,./settings/Memetic_MMX_1099666.config,20,10,0.8341307814992025,0.8464912280701754,0.8686204146730463,0.9027113237639554,0.9449760765550239,0.9609250398724083,0.9611244019138756,0.9848484848484849,0.986244019138756,0.986244019138756,0.9938197767145136,1.0,1.0,1.0
./instances/created-instances/mm-5-10-1767920.cdop,./settings/Memetic-LS_MPX_1287823.config,5,10,0.7634444077862091,0.7634444077862091,0.836027713625866,0.8917848894754207,0.8917848894754207,0.8980534477070273,0.8980534477070273,0.8980534477070273,0.9267568459254372,0.9340151765094028,0.9745958429561201,0.9745958429561201,0.9745958429561201,0.9745958429561201
./instances/created-instances/mm-25-10-1891798.cdop,./settings/Memetic_MPX_1099666.config,25,10,0.7514914243102162,0.7514914243102162,0.7953020134228188,0.7984712900820283,0.7984712900820283,0.7984712900820283,0.7984712900820283,0.843214019388516,0.843214019388516,0.8566368381804623,0.8566368381804623,0.8566368381804623,0.8810589112602536,0.8810589112602536
./instances/created-instances/mm-20-10-1767920.cdop,./settings/Memetic-LS_MMX_1881515.config,20,10,0.3301364023870418,0.363384484228474,0.427536231884058,0.5524296675191815,0.5897271952259164,0.6308610400682012,0.6555839727195226,0.6736999147485081,0.7293265132139812,0.8092497868712702,0.8486786018755328,0.8742540494458653,0.8974850809889173,0.8974850809889173
./instances/created-instances/mm-5-25-1110588.cdop,./settings/Memetic_MMX_1287823.config,5,25,0.8528629675589434,0.8838858358447084,0.9391951781599007,0.9391951781599007,0.9531997872717604,0.9567452579329906,0.961708916858713,0.9709271405779117,0.9709271405779117,0.9785499024995569,0.9785499024995569,0.9785499024995569
./instances/created-instances/mm-15-25-1767920.cdop,./settings/Memetic_MPX_1287823.config,15,25,0.7441708788521115,0.7648785260068482,0.7648785260068482,0.8271645198108593,0.8335235610631012,0.8465677482471874,0.8530898418392304,0.8530898418392304,0.8530898418392304,0.8530898418392304,0.8728191749551606,0.9217348768954835,0.9217348768954835,0.9217348768954835
./instances/created-instances/mm-20-10-1762875.cdop,./settings/Memetic-LS_MPX_1099666.config,20,10,0.33482043274592904,0.37987954494757975,0.38344858353780953,0.38344858353780953,0.39080972563015837,0.39080972563015837,0.39080972563015837,0.3983939326343966,0.4434530448360473,0.4635288869060897,0.5166183359357573,0.5257639973232211,0.5257639973232211,0.5257639973232211
./instances/created-instances/mm-10-25-1767920.cdop,./settings/Memetic_MPX_1881515.config,10,25,0.8091376890690785,0.8091376890690785,0.8648058630905973,0.8738499922033369,0.8738499922033369,0.8796195228442226,0.9051925775767972,0.920162170590987,0.920162170590987,0.920162170590987,0.920162170590987,0.920162170590987,0.9705286137533136,0.9705286137533136
./instances/created-instances/mm-20-25-1917698.cdop,./settings/Memetic-LS_MPX_1099666.config,20,25,0.2,0.2,0.21814024390243902,0.21814024390243902,0.2684451219512195,0.28277439024390244,0.29801829268292684,0.30564024390243905,0.3259146341463415,0.3259146341463415,0.3259146341463415,0.39695121951219514,0.4013719512195122,0.4013719512195122
./instances/created-instances/mm-20-25-1767920.cdop,./settings/Memetic_MPX_1287823.config,20,25,0.7356870229007634,0.753680479825518,0.7562704471101418,0.764721919302072,0.7790348964013086,0.8034351145038168,0.8034351145038168,0.8034351145038168,0.8034351145038168,0.8193838604143948,0.8649127589967285,0.8649127589967285,0.8890403489640131,0.8890403489640131
./instances/created-instances/mm-10-25-1891798.cdop,./settings/Memetic_MMX_1099666.config,10,25,0.8820528675220282,0.8862266192610914,0.8876178698407791,0.9285824702426959,0.9288916370381821,0.9511516463131859,0.9511516463131859,0.9593445663935694,0.962436234348431,0.994434997681249,0.9950533312722214
./instances/created-instances/mm-10-40-1767920.cdop,./settings/Memetic_MMX_1287823.config,10,40,0.8109189468249871,0.860738255033557,0.860738255033557,0.892230252968508,0.9426948890036139,0.945792462570986,0.9474703149199794,0.9586990191017036,0.9661848218895199,0.97805885389778,0.9979349509550852,1.0,1.0,1.0
./instances/created-instances/mm-10-40-1767920.cdop,./settings/Memetic_MPX_1881515.config,10,40,0.7561951471347444,0.7600671140939598,0.8238255033557047,0.8238255033557047,0.8575116159008777,0.8575116159008777,0.8575116159008777,0.8575116159008777,0.8575116159008777,0.8575116159008777,0.9164945792462571,0.9164945792462571,0.9463087248322147,0.9463087248322147
./instances/created-instances/mm-10-40-1891798.cdop,./settings/Memetic_MMX_1881515.config,10,40,0.7973271052290126,0.8540288049824835,0.8676527831841183,0.8952899961074348,0.8959387569741794,0.9231867133774491,0.9625016219021668,0.9687297262229142,0.9687297262229142,0.9785908913974309,0.9785908913974309,0.9785908913974309,0.9793694044375243,0.9793694044375243
./instances/created-instances/mm-15-40-1762875.cdop,./settings/Memetic_MMX_1881515.config,15,40,0.7860158311345646,0.8522427440633246,0.8766490765171504,0.9129287598944591,0.9370712401055409,0.9370712401055409,0.9472295514511874,0.9551451187335093,0.9551451187335093
./instances/created-instances/mm-15-25-1762875.cdop,./settings/Memetic_MPX_1881515.config,15,25,0.7735429334124277,0.7735429334124277,0.805279549162094,0.8294527658312324,0.8552573038706807,0.8600029660388551,0.8718671214592911,0.8718671214592911,0.8861041079638143,0.9113154382322408,0.9113154382322408,0.9113154382322408,0.9113154382322408,0.9113154382322408
./instances/created-instances/mm-25-10-1767920.cdop,./settings/Memetic-LS_MPX_1099666.config,25,10,0.3575094844900692,0.3769247935728632,0.4010265565721937,0.42178085248828384,0.44298147734880605,0.44298147734880605,0.44298147734880605,0.44298147734880605,0.46373577326489623,0.4655210890426244,0.4655210890426244,0.4655210890426244,0.4655210890426244,0.4655210890426244
./instances/created-instances/mm-25-10-1762875.cdop,./settings/Memetic-LS_MMX_1881515.config,25,10,0.4125526215078454,0.4125526215078454,0.439150401836969,0.4766551856104095,0.4869881362418676,0.5047837734404899,0.566972828166858,0.6833141982395714,0.7242632988901646,0.7564102564102564,0.7661691542288557,0.7661691542288557,0.8228090317642557,0.8228090317642557
./instances/created-instances/mm-15-40-1767920.cdop,./settings/Memetic_MMX_1099666.config,15,40,0.7861409796893668,0.822700119474313,0.822700119474313,0.855794504181601,0.9084826762246118,0.9284348864994026,0.959378733572282,0.9620071684587813,0.9720430107526882,0.9756272401433692,0.9787335722819593,0.9801672640382317,0.9831541218637992,0.9831541218637992
./instances/created-instances/mm-20-10-1891798.cdop,./settings/Memetic_MPX_1881515.config,20,10,0.7968500797448166,0.7968500797448166,0.8167862838915471,0.8167862838915471,0.8281499202551834,0.8281499202551834,0.8281499202551834,0.8281499202551834,0.8696172248803827,0.8696172248803827,0.8696172248803827,0.8696172248803827,0.8811802232854864,0.8811802232854864
./instances/created-instances/mm-20-25-1110588.cdop,./settings/Memetic_MPX_1287823.config,20,25,0.7557228452911353,0.7557228452911353,0.823936088492856,0.823936088492856,0.823936088492856,0.823936088492856,0.823936088492856,0.823936088492856,0.823936088492856,0.823936088492856,0.847288369949301,0.847288369949301,0.847288369949301,0.847288369949301
./instances/created-instances/mm-20-25-1891798.cdop,./settings/Memetic_MPX_1287823.config,20,25,0.7508021390374332,0.7508021390374332,0.7508021390374332,0.7508021390374332,0.7834988540870894,0.7834988540870894,0.7834988540870894,0.7834988540870894,0.8261268143621084,0.8261268143621084,0.8354469060351414,0.8866310160427807,0.8866310160427807,0.8866310160427807
./instances/created-instances/mm-25-10-1767920.cdop,./settings/Memetic_MMX_1099666.config,25,10,0.8966748493639812,0.9091720598080786,0.9180986386967195,0.9357286320017854,0.942646730640482,0.942646730640482,0.9678643160008926,0.9750055791118054,0.9750055791118054,0.9843784869448784,0.9861638027226065,0.990403927694711,0.990403927694711,0.990403927694711
./instances/created-instances/mm-5-10-1762875.cdop,./settings/Memetic-LS_MMX_1287823.config,5,10,0.8251101321585903,0.8251101321585903,0.8524229074889867,0.8621145374449339,0.8621145374449339,0.9361233480176211,0.9361233480176211,0.9409691629955947,0.9462555066079296,0.9616740088105726,0.9814977973568282,0.9814977973568282,0.9814977973568282,0.9814977973568282
./instances/created-instances/mm-10-40-1891798.cdop,./settings/Memetic_MMX_1287823.config,10,40,0.8293758920461918,0.86272220059686,0.8820552744258466,0.8836123005060335,0.8900999091734787,0.9202024133904243,0.9414817698196445,0.9512131828208122,0.9776826261839886,0.9826132087712469,1.0,1.0
./instances/created-instances/mm-20-10-1110588.cdop,./settings/Memetic-LS_MPX_1881515.config,20,10,0.3109826589595376,0.33572254335260115,0.40809248554913297,0.4263583815028902,0.4608092485549133,0.4608092485549133,0.4647398843930636,0.4647398843930636,0.4647398843930636,0.48947976878612715,0.5010404624277457,0.5015028901734104,0.5028901734104047,0.5028901734104047
./instances/created-instances/mm-15-25-1891798.cdop,./settings/Memetic-LS_MMX_1881515.config,15,25,0.35599933982505366,0.36491170160092423,0.4036969796996204,0.42449249050998517,0.48588876052153823,0.5058590526489519,0.5058590526489519,0.5822743026902129,0.6286515926720581,0.7375804588215877,0.8133355339164878,0.8674698795180723,0.8824888595477801,0.8824888595477801
./instances/created-instances/mm-5-40-1762875.cdop,./settings/Memetic_MMX_1099666.config,5,40,0.8393597255966843,0.8630841789338288,0.9361154780620266,0.9392596827211662,0.9392596827211662,0.9632699728455052,0.9667000142918394,0.9791339145348006,1.0,1.0,1.0,1.0,1.0,1.0
./instances/created-instances/mm-25-25-1917698.cdop,./settings/Memetic-LS_MMX_1287823.config,25,25,0.1767462957363169,0.1767462957363169,0.30374962201390987,0.33943150892047175,0.3837314786815845,0.40504989416389475,0.5027214998488055,0.5828545509525249,0.6211067432718476,0.6492289083761718,0.7881765951013002,0.7931660114907771,0.8072270940429392,0.8072270940429392
./instances/created-instances/mm-5-25-1762875.cdop,./settings/Memetic-LS_MPX_1881515.config,5,25,0.5668449197860963,0.5859927548732102,0.6472313265482146,0.6772468518199068,0.6963946869070209,0.705364843884768,0.705364843884768,0.7633258582025185,0.817319303087804,0.8228393996894946,0.8328445747800587,0.8371571502501294,0.8654476453337934,0.8654476453337934
./instances/created-instances/mm-15-25-1917698.cdop,./settings/Memetic-LS_MMX_1099666.config,15,25,0.3073416129539381,0.3523030969973275,0.4678509668291149,0.5146989467064927,0.5525860713724258,0.603364250903946,0.6410941675837133,0.6786668762773149,0.7182832887910706,0.7182832887910706,0.7624587329036315,0.7912277943719541,0.8165382801446314,0.8165382801446314
./instances/created-instances/mm-20-25-1762875.cdop,./settings/Memetic_MMX_1881515.config,20,25,0.7936410883521858,0.8080097829409967,0.8436258025068787,0.9062977682665851,0.9306022623051055,0.9455823907062061,0.9494038520330175,0.9607153775603791,0.9734026291653929,0.9865484561296239,0.988229899113421,0.988229899113421,1.0,1.0
./instances/created-instances/mm-15-40-1762875.cdop,./settings/Memetic_MPX_1099666.config,15,40,0.7579155672823219,0.7579155672823219,0.7579155672823219,0.7579155672823219,0.7579155672823219,0.7899736147757256,0.820712401055409,0.8350923482849604,0.8408970976253298,0.8408970976253298,0.8408970976253298,0.8408970976253298,0.8911609498680739,0.8911609498680739
./instances/created-instances/mm-15-10-1762875.cdop,./settings/Memetic-LS_MMX_1099666.config,15,10,0.6149612209156867,0.6229672254190644,0.6632474355766825,0.6920190142606956,0.7192894671003253,0.7475606705028771,0.7740805604203153,0.8023517638228671,0.8193645233925444,0.8621466099574681,0.8994245684263198,0.9021766324743558,0.9129347010257693,0.9129347010257693
./instances/created-instances/mm-15-10-1917698.cdop,./settings/Memetic-LS_MPX_1287823.config,15,10,0.4156318480642805,0.4156318480642805,0.4156318480642805,0.42926710494278064,0.46919892865838814,0.4996347699050402,0.5030435841246652,0.5208181154127101,0.5741417092768444,0.664718772826881,0.6863890917944973,0.738982225468712,0.7686876065254443,0.7686876065254443
./instances/created-instances/mm-15-25-1762875.cdop,./settings/Memetic-LS_MMX_1099666.config,15,25,0.21310989173958178,0.35681447426961294,0.4572148895150526,0.5138662316476346,0.5346285036333976,0.5792673884027881,0.5929111671362894,0.6403677888180335,0.6750704434228089,0.760788966335459,0.7647931187898561,0.8275248405754115,0.8877354293341243,0.8877354293341243
./instances/created-instances/mm-20-25-1762875.cdop,./settings/Memetic-LS_MPX_1287823.config,20,25,0.18755732191990218,0.2257719351880159,0.2257719351880159,0.2257719351880159,0.2508407214918985,0.2508407214918985,0.2508407214918985,0.28569244879241823,0.3047997554264751,0.3631916845001529,0.3902476306939774,0.4176092937939468,0.4176092937939468,0.4176092937939468
./instances/created-instances/mm-15-10-1917698.cdop,./settings/Memetic-LS_MPX_1881515.config,15,10,0.4351107864621378,0.5166788410031653,0.5166788410031653,0.5217920623326029,0.5217920623326029,0.5349403457511566,0.5349403457511566,0.559045532018505,0.6204041879717556,0.6430484538592647,0.6513270026783541,0.6983199415631848,0.7662527392257122,0.7662527392257122
./instances/created-instances/mm-5-40-1917698.cdop,./settings/Memetic_MMX_1099666.config,5,40,0.8358248098610018,0.8627065302911093,0.8654602675059009,0.9120115394702334,0.9133228429058484,0.9343036978756885,0.961185418305796,0.963808025177026,0.968004196170994,0.975085234723315,0.995803829006032,0.9996066089693155,0.9996066089693155,0.9996066089693155
./instances/created-instances/mm-10-10-1891798.cdop,./settings/Memetic_MMX_1881515.config,10,10,0.9230769230769231,0.9250861079219288,0.9443168771526981,0.9494833524684271,0.9583811710677382,0.9715843857634903,0.9793340987370838,0.9793340987370838,0.996268656716418,0.996268656716418,1.0
./instances/created-instances/mm-15-40-1767920.cdop,./settings/Memetic-LS_MPX_1881515.config,15,40,0.1967741935483871,0.1967741935483871,0.258183990442055,0.26069295101553164,0.2861409796893668,0.3052568697729988,0.3146953405017921,0.3199522102747909,0.36571087216248505,0.42962962962962964,0.42962962962962964,0.5293906810035842,0.5542413381123058,0.5542413381123058
./instances/created-instances/mm-5-10-1917698.cdop,./settings/Memetic_MPX_1287823.config,5,10,0.9597974042418487,0.9689775245330801,0.9689775245330801,0.9689775245330801,0.9689775245330801,0.9689775245330801,0.9746755302310858,0.9908198797087686,0.9908198797087686,0.9908198797087686,0.9927192149414371,0.99556821779044,1.0,1.0
./instances/created-instances/mm-20-10-1767920.cdop,./settings/Memetic-LS_MPX_1881515.config,20,10,0.3150042625745951,0.31734867860187554,0.33034953111679455,0.39279624893435633,0.39279624893435633,0.39279624893435633,0.3955669224211424,0.3955669224211424,0.4729326513213981,0.47357203751065646,0.47357203751065646,0.47357203751065646,0.47357203751065646,0.47357203751065646
./instances/created-instances/mm-15-25-1767920.cdop,./settings/Memetic-LS_MPX_1881515.config,15,25,0.30295124735039947,0.31729985325289417,0.31729985325289417,0.31729985325289417,0.33507255829121146,0.38040110875591066,0.4100766345997065,0.47953693135496495,0.5057883580629382,0.5573128974400783,0.5716615033425729,0.5798141203326268,0.6010109245067666,0.6010109245067666
./instances/created-instances/mm-15-10-1891798.cdop,./settings/Memetic_MMX_1881515.config,15,10,0.8996940559440559,0.9128059440559441,0.951048951048951,0.9582604895104895,0.9652534965034965,0.9652534965034965,0.978583916083916,0.9812062937062938,0.9853583916083916,0.9853583916083916,0.9853583916083916,0.9853583916083916,0.9853583916083916,0.9853583916083916
./instances/created-instances/mm-5-25-1917698.cdop,./settings/Memetic_MPX_1099666.config,5,25,0.8739080896315989,0.9189137865552601,0.9189137865552601,0.9318268135206988,0.9318268135206988,0.9618306114698063,0.9631598936574249,0.9679073300417774,0.9696164071401443,0.973034561336878,0.9756931257121154,0.9905051272312951,0.9905051272312951,0.9905051272312951
./instances/created-instances/mm-20-25-1110588.cdop,./settings/Memetic-LS_MMX_1287823.config,20,25,0.19342448916884314,0.3244738055000768,0.3871562451989553,0.4378552773083423,0.4983868489783377,0.5232754647411276,0.5432478107236135,0.5712090950990936,0.5851897372868337,0.6354278691043171,0.7041020125979414,0.7332923644184974,0.7945921032416654,0.7945921032416654
./instances/created-instances/mm-20-10-1917698.cdop,./settings/Memetic-LS_MPX_1881515.config,20,10,0.33301594858367056,0.3558676505593906,0.3677695786717448,0.3677695786717448,0.3677695786717448,0.3677695786717448,0.3930016662699357,0.4487026898357534,0.45917638657462506,0.47012616043799094,0.47964770292787434,0.5534396572244704,0.5596286598428946,0.5596286598428946
./instances/created-instances/mm-15-10-1917698.cdop,./settings/Memetic_MMX_1881515.config,15,10,0.9659118578037497,0.9659118578037497,0.9722425127830533,0.9722425127830533,0.9734599464329194,0.9788166544923301,0.9919649379108838,0.9919649379108838,0.9919649379108838,0.9919649379108838,0.998782566350134,1.0,1.0,1.0
./instances/created-instances/mm-15-40-1762875.cdop,./settings/Memetic_MMX_1099666.config,15,40,0.8084432717678101,0.8084432717678101,0.8362796833773087,0.8478891820580475,0.9035620052770449,0.9097625329815303,0.937467018469657,0.9534300791556728,0.9565963060686016,0.9588390501319262,0.9703166226912929,0.9967018469656992,1.0,1.0
./instances/created-instances/mm-25-10-1891798.cdop,./settings/Memetic-LS_MPX_1881515.config,25,10,0.2746085011185682,0.2746085011185682,0.32419835943325875,0.32419835943325875,0.3296047725577927,0.3296047725577927,0.33109619686800895,0.33109619686800895,0.37658463832960476,0.46140939597315433,0.46607009694258017,0.46607009694258017,0.46830723340790453,0.46830723340790453
./instances/created-instances/mm-15-10-1110588.cdop,./settings/Memetic_MPX_1881515.config,15,10,0.7826186131386861,0.7826186131386861,0.8314324817518248,0.8314324817518248,0.8314324817518248,0.8314324817518248,0.853786496350365,0.8610857664233577,0.8768248175182481,0.8768248175182481,0.917655109489051,0.9206204379562044,0.9333941605839416,0.9333941605839416
./instances/created-instances/mm-20-10-1917698.cdop,./settings/Memetic_MMX_1881515.config,20,10,0.9076410378481314,0.9512020947393478,0.9512020947393478,0.9523922875505832,0.9621518686027136,0.9723875267793383,0.9795286836467507,0.9969054986907879,0.9969054986907879,0.9969054986907879,0.9969054986907879,0.9969054986907879,0.9969054986907879,0.9969054986907879
./instances/created-instances/mm-5-10-1917698.cdop,./settings/Memetic_MPX_1881515.config,5,10,0.9721430832541944,0.9721430832541944,0.9721430832541944,0.9721430832541944,0.9898702120924343,0.9924026590693258,0.9924026590693258,0.9924026590693258,0.9927192149414371,0.9927192149414371,0.9968344412788858,0.9968344412788858,0.9968344412788858,0.9968344412788858
./instances/created-instances/mm-25-25-1917698.cdop,./settings/Memetic-LS_MMX_1099666.config,25,25,0.17296643483519805,0.2050196552766858,0.31478681584517687,0.35848200786211065,0.39749017236165707,0.5117931660114908,0.5352283035984275,0.563199274266707,0.5757484124584216,0.6070456607196855,0.7019957665557908,0.7747202902933172,0.8020864832174176,0.8020864832174176
./instances/created-instances/mm-25-10-1762875.cdop,./settings/Memetic_MMX_1881515.config,25,10,0.8895905089934941,0.8895905089934941,0.902793723689246,0.9129353233830846,0.925947187141217,0.9295828549559892,0.951396861844623,0.9580941446613088,0.9580941446613088,0.9734022196708764,0.9734022196708764,0.9734022196708764,0.9734022196708764,0.9734022196708764
./instances/created-instances/mm-10-25-1110588.cdop,./settings/Memetic_MMX_1287823.config,10,25,0.8518457481872116,0.9009558338826632,0.9144693473961767,0.9324324324324325,0.9489123269611075,0.9489123269611075,0.9508899143045485,0.9612722478576137,0.972972972972973,0.972972972972973,0.972972972972973,0.9784113381674358,0.9784113381674358,0.9784113381674358
./instances/created-instances/mm-5-25-1891798.cdop,./settings/Memetic-LS_MMX_1287823.config,5,25,0.65315739868049,0.6742695570216777,0.6742695570216777,0.7174363807728558,0.7445805843543827,0.7905749293119698,0.7977379830348728,0.8305372290292177,0.8823751178133836,0.8823751178133836,0.8874646559849199,0.9066918001885014,0.9174363807728558,0.9174363807728558
./instances/created-instances/mm-10-25-1917698.cdop,./settings/Memetic-LS_MPX_1881515.config,10,25,0.3684400360685302,0.41172227231740305,0.45175834084761046,0.49413886384129846,0.503155996393147,0.5359783588818756,0.5498647430117223,0.594409377817854,0.6311992786293958,0.6705139765554554,0.6934174932371506,0.6934174932371506,0.7204688908926962,0.7204688908926962
./instances/created-instances/mm-5-10-1767920.cdop,./settings/Memetic-LS_MPX_1099666.config,5,10,0.7502474430880898,0.7538766083800725,0.7944572748267898,0.8795776971296602,0.9208182118112834,0.9208182118112834,0.9208182118112834,0.9383041900362916,0.9462223688551633,0.9462223688551633,0.9462223688551633,0.9462223688551633,0.9462223688551633,0.9462223688551633
./instances/created-instances/mm-15-25-1917698.cdop,./settings/Memetic-LS_MMX_1287823.config,15,25,0.257035057380915,0.257035057380915,0.34397107373054553,0.41612953938060054,0.44458418487659174,0.5252318817795945,0.5788398050620972,0.5978619713881466,0.6421946234868732,0.6758371325263324,0.6890426033642509,0.6970602106587015,0.7371482471309543,0.7371482471309543
./instances/created-instances/mm-5-25-1891798.cdop,./settings/Memetic_MPX_1881515.config,5,25,0.8923656927426956,0.8923656927426956,0.8923656927426956,0.8923656927426956,0.9210179076343072,0.9295004712535344,0.9295004712535344,0.9583411875589067,0.9604147031102733,0.9604147031102733,0.9611687087653158,0.9856738925541941,0.9856738925541941,0.9856738925541941
./instances/created-instances/mm-20-25-1110588.cdop,./settings/Memetic_MPX_1099666.config,20,25,0.7796896604701183,0.7896758334613612,0.7896758334613612,0.7896758334613612,0.7896758334613612,0.7896758334613612,0.8028883084959287,0.8028883084959287,0.8154862498079583,0.8154862498079583,0.8204025195882624,0.8412966661545552,0.8412966661545552,0.8412966661545552
./instances/created-instances/mm-15-40-1762875.cdop,./settings/Memetic_MPX_1287823.config,15,40,0.7244063324538259,0.7770448548812665,0.829287598944591,0.8563324538258575,0.8563324538258575,0.8563324538258575,0.8563324538258575,0.8563324538258575,0.8563324538258575,0.8563324538258575,0.8563324538258575,0.8563324538258575,0.8860158311345646,0.8860158311345646
./instances/created-instances/mm-15-10-1891798.cdop,./settings/Memetic_MPX_1287823.config,15,10,0.7659527972027972,0.7760052447552448,0.8422202797202797,0.8422202797202797,0.8811188811188811,0.8811188811188811,0.8811188811188811,0.8951048951048951,0.9005681818181818,0.9005681818181818,0.9005681818181818,0.9005681818181818,0.9005681818181818,0.9005681818181818
./instances/created-instances/mm-25-10-1891798.cdop,./settings/Memetic-LS_MPX_1287823.config,25,10,0.2947427293064877,0.2947427293064877,0.30257270693512306,0.33557046979865773,0.33557046979865773,0.3786353467561521,0.3786353467561521,0.3786353467561521,0.3786353467561521,0.3786353467561521,0.3926174496644295,0.4470544369873229,0.4703579418344519,0.4703579418344519
./instances/created-instances/mm-25-25-1891798.cdop,./settings/Memetic_MPX_1099666.config,25,25,0.7211482132396017,0.7211482132396017,0.7211482132396017,0.7211482132396017,0.7309607498535442,0.8025776215582894,0.8353837141183362,0.8353837141183362,0.8353837141183362,0.8353837141183362,0.8353837141183362,0.8353837141183362,0.8353837141183362,0.8353837141183362
./instances/created-instances/mm-15-25-1110588.cdop,./settings/Memetic-LS_MMX_1881515.config,15,25,0.41283880171184023,0.4222539229671897,0.4419400855920114,0.44550641940085595,0.48502139800285304,0.5399429386590585,0.5710413694721826,0.5867332382310985,0.6651925820256777,0.698716119828816,0.7540656205420827,0.8256776034236805,0.8300998573466476,0.8300998573466476
./instances/created-instances/mm-10-10-1767920.cdop,./settings/Memetic-LS_MMX_1287823.config,10,10,0.6633613018052378,0.7226036104754641,0.7345537757437071,0.7513348588863463,0.7818459191456903,0.7943046020849225,0.7943046020849225,0.8222730739893211,0.8451563691838292,0.8939740655987796,0.9405034324942791,0.9537248919399949,0.9654207983727434,0.9654207983727434
./instances/created-instances/mm-10-10-1767920.cdop,./settings/Memetic_MPX_1099666.config,10,10,0.8705822527332825,0.901347571828121,0.927536231884058,0.9293160437325197,0.9293160437325197,0.9293160437325197,0.9293160437325197,0.9293160437325197,0.9293160437325197,0.9293160437325197,0.968980422069667,0.968980422069667,0.968980422069667,0.968980422069667
./instances/created-instances/mm-5-10-1762875.cdop,./settings/Memetic_MMX_1099666.config,5,10,0.9726872246696036,0.9784140969162995,0.9841409691629956,0.9841409691629956,0.9841409691629956,0.9916299559471365,0.9916299559471365,0.9916299559471365,0.9960352422907489,1.0,1.0
./instances/created-instances/mm-5-40-1917698.cdop,./settings/Memetic-LS_MPX_1099666.config,5,40,0.4723314975085235,0.494492525570417,0.500524521374246,0.5866771570941516,0.6186729609231576,0.6186729609231576,0.6262785208497246,0.6556517178075006,0.7060057697351168,0.7313139260424862,0.7787831104117493,0.8463152373459218,0.8722790453710989,0.8722790453710989
./instances/created-instances/mm-10-40-1891798.cdop,./settings/Memetic_MPX_1881515.config,10,40,0.7789022966134683,0.8363825094070325,0.8363825094070325,0.8363825094070325,0.8363825094070325,0.8755676657584015,0.8755676657584015,0.8991825613079019,0.8991825613079019,0.8991825613079019,0.8991825613079019,0.8991825613079019,0.8991825613079019,0.8991825613079019
./instances/created-instances/mm-15-10-1762875.cdop,./settings/Memetic-LS_MPX_1099666.config,15,10,0.4120590442832124,0.4120590442832124,0.43832874655991994,0.4691018263697773,0.504128096072054,0.5221416062046534,0.5221416062046534,0.5288966725043783,0.5288966725043783,0.5394045534150613,0.5749311983987991,0.5964473355016262,0.6965223917938453,0.6965223917938453
./instances/created-instances/mm-20-10-1762875.cdop,./settings/Memetic_MMX_1881515.config,20,10,0.8699531563685032,0.9047512826232433,0.9210350211911666,0.9210350211911666,0.9337497211688601,0.9560562123577961,0.9580637965648003,0.9580637965648003,0.9752397947802811,0.9805933526656258,0.9879544947579746,0.9935311175552086,0.9966540263216596,0.9966540263216596
./instances/created-instances/mm-5-25-1891798.cdop,./settings/Memetic-LS_MPX_1287823.config,5,25,0.5690857681432611,0.6431668237511782,0.6431668237511782,0.6708765315739869,0.7132893496701225,0.7519321394910462,0.7739868049010368,0.7949104618284637,0.8429783223374175,0.8501413760603205,0.85937794533459,0.85937794533459,0.8657869934024505,0.8657869934024505
./instances/created-instances/mm-10-40-1917698.cdop,./settings/Memetic-LS_MPX_1099666.config,10,40,0.2795117040020136,0.2942360936320161,0.30342310596526556,0.30342310596526556,0.3702491819783539,0.42121822300528566,0.4636294991190536,0.5027686886483765,0.5607853007802668,0.5682104203372766,0.6255977850490813,0.6393153788069469,0.6510193808205387,0.6510193808205387
./instances/created-instances/mm-25-10-1917698.cdop,./settings/Memetic_MMX_1099666.config,25,10,0.8546719681908549,0.8745526838966203,0.9131212723658052,0.9178926441351889,0.9226640159045726,0.9272365805168986,0.9439363817097416,0.9660039761431412,0.9669980119284294,0.9669980119284294,0.967196819085487,0.9781312127236581,0.9801192842942346,0.9801192842942346
./instances/created-instances/mm-25-10-1767920.cdop,./settings/Memetic-LS_MPX_1287823.config,25,10,0.28989064940861414,0.2901138138808302,0.34010265565721937,0.37380049096183887,0.37380049096183887,0.37380049096183887,0.37380049096183887,0.37380049096183887,0.38406605668377597,0.3990180763222495,0.4249051550993082,0.4249051550993082,0.49475563490292346,0.49475563490292346
./instances/created-instances/mm-10-25-1917698.cdop,./settings/Memetic_MPX_1287823.config,10,25,0.782326420198377,0.8319206492335437,0.8319206492335437,0.8319206492335437,0.8438232642019837,0.8703336339044184,0.9011722272317403,0.9038773669972948,0.9038773669972948,0.9042380522993688,0.9069431920649234,0.9118124436429216,0.9118124436429216,0.9118124436429216
./instances/created-instances/mm-15-10-1891798.cdop,./settings/Memetic-LS_MMX_1881515.config,15,10,0.39073426573426573,0.580201048951049,0.6309003496503497,0.6846590909090909,0.6846590909090909,0.7395104895104895,0.7460664335664335,0.7886800699300699,0.8378496503496503,0.861451048951049,0.8874562937062938,0.9302884615384616,0.9302884615384616,0.9302884615384616
./instances/created-instances/mm-25-25-1891798.cdop,./settings/Memetic_MMX_1099666.config,25,25,0.7800234329232572,0.8536906854130053,0.8882542472173404,0.9191564147627417,0.9424428822495606,0.9702694786174575,0.9702694786174575,0.9702694786174575,0.9787639132981839,0.9825717633274751,0.9939953134153485,1.0,1.0,1.0
./instances/created-instances/mm-5-25-1762875.cdop,./settings/Memetic-LS_MMX_1287823.config,5,25,0.5554597205451095,0.5916853544937036,0.6965671899258237,0.7612558219768846,0.8100741762980852,0.8180093151630153,0.8180093151630153,0.8307745385544247,0.8357771260997068,0.8711402449542867,0.8813179230636536,0.892013110229429,0.8927031223046403,0.8927031223046403
./instances/created-instances/mm-15-40-1767920.cdop,./settings/Memetic-LS_MPX_1099666.config,15,40,0.22771804062126644,0.25531660692951014,0.2682198327359618,0.27646356033452807,0.2908004778972521,0.3148148148148148,0.3284348864994026,0.34468339307048984,0.4087216248506571,0.43775388291517325,0.4919952210274791,0.5054958183990442,0.5326164874551972,0.5326164874551972
./instances/created-instances/mm-15-40-1917698.cdop,./settings/Memetic-LS_MPX_1099666.config,15,40,0.22671927846674184,0.22671927846674184,0.22671927846674184,0.2310033821871477,0.24464487034949267,0.24464487034949267,0.24464487034949267,0.32356257046223225,0.3782412626832018,0.39616685456595263,0.4190529875986471,0.43404735062006766,0.4364148816234498,0.4364148816234498
./instances/created-instances/mm-15-25-1891798.cdop,./settings/Memetic_MPX_1099666.config,15,25,0.7826373989107114,0.7826373989107114,0.8196071959069153,0.8196071959069153,0.8196071959069153,0.8245585080046213,0.8245585080046213,0.8441987126588546,0.9077405512460802,0.9107113385047038,0.9107113385047038,0.9107113385047038,0.9130219508169665,0.9130219508169665
./instances/created-instances/mm-5-25-1110588.cdop,./settings/Memetic-LS_MPX_1881515.config,5,25,0.49902499556816166,0.5681616734621521,0.6183300833185605,0.643680198546357,0.6745257932990605,0.6798439992909059,0.7207941854281156,0.7697216805530934,0.777167168941677,0.802340010636412,0.8312355965254388,0.8363765289842227,0.8819358269810317,0.8819358269810317
./instances/created-instances/mm-5-40-1767920.cdop,./settings/Memetic-LS_MMX_1287823.config,5,40,0.4024987120041216,0.47192168985059246,0.5014167954662545,0.5014167954662545,0.5188047398248326,0.5597630087583719,0.5762493560020608,0.6246780010303967,0.7174137042761464,0.7223080886141164,0.7671303451828955,0.8026790314270994,0.8053838227717671,0.8053838227717671
./instances/created-instances/mm-25-25-1917698.cdop,./settings/Memetic-LS_MPX_1287823.config,25,25,0.2591472633807076,0.2591472633807076,0.2591472633807076,0.27169640157242214,0.27169640157242214,0.27169640157242214,0.27532506803749623,0.29014212276988205,0.29014212276988205,0.29014212276988205,0.30420320532204415,0.3359540368914424,0.3359540368914424,0.3359540368914424
./instances/created-instances/mm-10-10-1110588.cdop,./settings/Memetic-LS_MMX_1287823.config,10,10,0.6842849067269644,0.751271905031091,0.8332391181458451,0.8366308648954212,0.8490672696438666,0.8764838892029395,0.8945732052006784,0.9005087620124365,0.9293386093838327,0.9293386093838327,0.9293386093838327,0.9293386093838327,0.9293386093838327,0.9293386093838327
./instances/created-instances/mm-10-40-1762875.cdop,./settings/Memetic-LS_MPX_1287823.config,10,40,0.28536803163668834,0.31955606582472257,0.37058298252328103,0.37058298252328103,0.4084704681719607,0.4088531700471999,0.44112769485903813,0.4693200663349917,0.5197091465748183,0.5407577497129736,0.6355402474805459,0.6775098864651103,0.6775098864651103,0.6775098864651103
./instances/created-instances/mm-10-40-1891798.cdop,./settings/Memetic_MPX_1099666.config,10,40,0.816919683404697,0.816919683404697,0.8239263007655379,0.8679122875308162,0.8926949526404567,0.8926949526404567,0.8995718178279486,0.8995718178279486,0.8995718178279486,0.8995718178279486,0.8995718178279486,0.8995718178279486,0.8995718178279486,0.8995718178279486
./instances/created-instances/mm-15-40-1767920.cdop,./settings/Memetic-LS_MMX_1881515.config,15,40,0.23620071684587812,0.27909199522102746,0.27909199522102746,0.2853046594982079,0.35280764635603346,0.3695340501792115,0.4348864994026284,0.46212664277180404,0.5646356033452807,0.6913978494623656,0.7241338112305854,0.7384707287933094,0.7775388291517323,0.7775388291517323
./instances/created-instances/mm-25-10-1762875.cdop,./settings/Memetic_MPX_1099666.config,25,10,0.7189054726368159,0.7189054726368159,0.765595101415997,0.7809031764255645,0.7809031764255645,0.7921928817451206,0.8119020283199387,0.8233830845771144,0.838691159586682,0.8882510524301569,0.8999234596249521,0.8999234596249521,0.8999234596249521,0.8999234596249521
./instances/created-instances/mm-15-10-1917698.cdop,./settings/Memetic-LS_MMX_1287823.config,15,10,0.5074263452641831,0.5074263452641831,0.5595325054784515,0.5595325054784515,0.6279522766009252,0.6642317993669345,0.7455563671779888,0.7832968103238374,0.8787436084733382,0.8787436084733382,0.8965181397613831,0.9016313610908205,0.9026053080107134,0.9026053080107134
./instances/created-instances/mm-15-25-1762875.cdop,./settings/Memetic-LS_MPX_1099666.config,15,25,0.23787631617974195,0.2703544416431855,0.2740619902120718,0.28207029512086607,0.3286371051460774,0.3747590093430224,0.39003410944683375,0.4064956250926887,0.4529141331751446,0.45454545454545453,0.46581640219486875,0.5218745365564289,0.5694794601809283,0.5694794601809283
./instances/created-instances/mm-15-40-1762875.cdop,./settings/Memetic-LS_MPX_1881515.config,15,40,0.2577836411609499,0.27229551451187334,0.2762532981530343,0.30395778364116094,0.3063324538258575,0.3183377308707124,0.33060686015831137,0.375065963060686,0.3970976253298153,0.43654353562005277,0.4674142480211082,0.5094986807387862,0.533641160949868,0.533641160949868
./instances/created-instances/mm-20-10-1767920.cdop,./settings/Memetic_MMX_1287823.config,20,10,0.8834185848252344,0.9034526854219949,0.9190110826939472,0.9290281329923273,0.9494884910485933,0.9494884910485933,0.9494884910485933,0.9669650468883205,0.9810315430520035,0.9876385336743393,0.9876385336743393,0.9876385336743393,0.9901960784313726,0.9901960784313726
./instances/created-instances/mm-10-40-1891798.cdop,./settings/Memetic-LS_MMX_1287823.config,10,40,0.3112754638640197,0.3138705073309978,0.34072920721422084,0.3616193071233943,0.36252757233683663,0.44232515894641233,0.5191384455689633,0.627092253795251,0.6610873232126638,0.6857402361489555,0.6945633839366809,0.744258466329311,0.7872064357077981,0.7872064357077981
./instances/created-instances/mm-15-40-1917698.cdop,./settings/Memetic-LS_MMX_1287823.config,15,40,0.20901916572717025,0.262119503945885,0.33720405862457725,0.38218714768883877,0.3998872604284104,0.4124013528748591,0.48500563697857946,0.513641488162345,0.6235625704622323,0.6765501691093574,0.6956031567080045,0.7062006764374296,0.7406989853438557,0.7406989853438557
./instances/created-instances/mm-5-40-1891798.cdop,./settings/Memetic_MMX_1881515.config,5,40,0.8347836897066137,0.8478368970661363,0.8633764296369966,0.896568871208354,0.9416956737941323,0.9416956737941323,0.9416956737941323,0.9658130283441074,0.9721531576330183,0.9858279462953754,0.9939085032322228,0.9961461959224267,1.0,1.0
./instances/created-instances/mm-15-25-1110588.cdop,./settings/Memetic-LS_MPX_1099666.config,15,25,0.26333808844507844,0.26333808844507844,0.31540656205420825,0.3166904422253923,0.3166904422253923,0.3185449358059914,0.3185449358059914,0.3320970042796006,0.4121255349500713,0.46990014265335234,0.46990014265335234,0.49029957203994295,0.5530670470756063,0.5530670470756063
./instances/created-instances/mm-15-40-1917698.cdop,./settings/Memetic_MMX_1099666.config,15,40,0.7924464487034949,0.8013528748590756,0.8441939120631342,0.8611048478015784,0.8970687711386697,0.9264937993235626,0.9499436302142051,0.9585118376550169,0.9739571589627959,0.9847801578354002,0.9869222096956032,0.9869222096956032,0.9947012401352875,0.9947012401352875
./instances/created-instances/mm-20-25-1917698.cdop,./settings/Memetic_MPX_1881515.config,20,25,0.738719512195122,0.8007621951219512,0.8007621951219512,0.8007621951219512,0.8007621951219512,0.8007621951219512,0.8007621951219512,0.8007621951219512,0.8007621951219512,0.8467987804878049,0.8467987804878049,0.8692073170731708,0.8692073170731708,0.8692073170731708
./instances/created-instances/mm-15-10-1762875.cdop,./settings/Memetic_MPX_1099666.config,15,10,0.8679009256942707,0.8679009256942707,0.8679009256942707,0.8679009256942707,0.8679009256942707,0.8679009256942707,0.8711533650237678,0.8861646234676007,0.8861646234676007,0.8861646234676007,0.8861646234676007,0.8861646234676007,0.9046785088816612,0.9046785088816612
./instances/created-instances/mm-10-40-1762875.cdop,./settings/Memetic_MPX_1881515.config,10,40,0.7539226942212017,0.8030361015435642,0.824850108432198,0.8521495088659268,0.8682229876259727,0.9007526470213038,0.9007526470213038,0.9091720882765659,0.9091720882765659,0.9392779691287154,0.9405536420461793,0.9405536420461793,0.9405536420461793,0.9405536420461793
./instances/created-instances/mm-20-25-1767920.cdop,./settings/Memetic-LS_MPX_1099666.config,20,25,0.2269629225736096,0.25136314067611776,0.2744002181025082,0.30234460196292257,0.30302617230098144,0.3181570338058888,0.3319247546346783,0.3319247546346783,0.3349236641221374,0.37636314067611776,0.37636314067611776,0.4022628135223555,0.4022628135223555,0.4022628135223555
./instances/created-instances/mm-5-25-1917698.cdop,./settings/Memetic-LS_MMX_1099666.config,5,25,0.6418533991644512,0.6538169388530194,0.687998480820357,0.687998480820357,0.7650968477022408,0.7907330041777441,0.8471325484238511,0.8484618306114698,0.8541587542726927,0.8809342954804406,0.8809342954804406,0.8942271173566274,0.9210026585643752,0.9210026585643752
./instances/created-instances/mm-5-10-1917698.cdop,./settings/Memetic_MMX_1287823.config,5,10,0.9730927508705286,0.9784742006964229,0.9886039886039886,0.9886039886039886,0.9886039886039886,0.9898702120924343,0.9898702120924343,0.9949351060462172,0.9949351060462172,0.9949351060462172
./instances/created-instances/mm-15-10-1110588.cdop,./settings/Memetic_MMX_1881515.config,15,10,0.8674726277372263,0.8674726277372263,0.9185675182481752,0.9258667883211679,0.9452554744525548,0.9518704379562044,0.9518704379562044,0.9518704379562044,0.978786496350365,0.9824361313868614,0.989507299270073,0.989507299270073
./instances/created-instances/mm-25-10-1110588.cdop,./settings/Memetic-LS_MMX_1099666.config,25,10,0.4663283232480968,0.4909232871364435,0.5473355455787624,0.5649033769275815,0.5738824907280891,0.6330275229357798,0.6646496193636541,0.7062268202225258,0.7237946515713449,0.7278938122194027,0.7792309193831739,0.8096818270544602,0.8387663478430607,0.8387663478430607
./instances/created-instances/mm-15-25-1762875.cdop,./settings/Memetic-LS_MPX_1881515.config,15,25,0.251075189084977,0.27287557467002815,0.27287557467002815,0.28132878540708883,0.32270502743585944,0.35681447426961294,0.3637846655791191,0.3747590093430224,0.4466854515794157,0.4646299866528252,0.4692273468782441,0.49043452469227344,0.5014088684561768,0.5014088684561768
./instances/created-instances/mm-5-10-1917698.cdop,./settings/Memetic-LS_MPX_1881515.config,5,10,0.6970560303893637,0.7559354226020892,0.7837923393478949,0.8144982589427033,0.8334916112693891,0.862298195631529,0.862298195631529,0.862298195631529,0.9382716049382716,0.9382716049382716,0.9382716049382716,0.9531497309275087,0.9604305159860715,0.9604305159860715
./instances/created-instances/mm-20-25-1110588.cdop,./settings/Memetic_MPX_1881515.config,20,25,0.7202335228145644,0.7614072822246121,0.7614072822246121,0.7869104317099401,0.7869104317099401,0.7869104317099401,0.7995083730219695,0.8011983407589491,0.8064218774005224,0.8340758949147334,0.8571209095099094,0.8571209095099094,0.8744814871716086,0.8744814871716086
./instances/created-instances/mm-15-25-1767920.cdop,./settings/Memetic_MMX_1881515.config,15,25,0.8343388227621067,0.8640143486059025,0.9129300505462253,0.9139083645850318,0.9139083645850318,0.9458666231860428,0.9730963639328224,0.976357410728844,0.9822272949616827,0.9822272949616827,0.9822272949616827,0.9822272949616827,0.9822272949616827,0.9822272949616827
./instances/created-instances/mm-25-25-1110588.cdop,./settings/Memetic-LS_MPX_1287823.config,25,25,0.156734693877551,0.18027210884353742,0.1817687074829932,0.21891156462585035,0.21959183673469387,0.22421768707482992,0.22421768707482992,0.22421768707482992,0.23564625850340137,0.23564625850340137,0.34448979591836737,0.34448979591836737,0.34993197278911564,0.34993197278911564
./instances/created-instances/mm-20-10-1767920.cdop,./settings/Memetic_MPX_1881515.config,20,10,0.768542199488491,0.8211849957374254,0.8454816709292413,0.8454816709292413,0.8454816709292413,0.8454816709292413,0.8505967604433078,0.8505967604433078,0.8523017902813299,0.8523017902813299,0.888533674339301,0.888533674339301,0.888533674339301,0.888533674339301
./instances/created-instances/mm-15-10-1110588.cdop,./settings/Memetic-LS_MMX_1287823.config,15,10,0.5465328467153284,0.5567974452554745,0.5752737226277372,0.6633211678832117,0.6920620437956204,0.7210310218978102,0.7365419708029197,0.7655109489051095,0.7851277372262774,0.7851277372262774,0.8494525547445255,0.8911952554744526,0.8911952554744526,0.8911952554744526
./instances/created-instances/mm-10-25-1762875.cdop,./settings/Memetic-LS_MPX_1287823.config,10,25,0.47257675060365645,0.4867195584684374,0.4967230079337703,0.5075888237323215,0.5312176612625044,0.5677819937909624,0.5677819937909624,0.6127975163849604,0.6336667816488444,0.6852362883753018,0.7650914108313212,0.7716453949637806,0.7849258364953432,0.7849258364953432
./instances/created-instances/mm-25-10-1767920.cdop,./settings/Memetic-LS_MMX_1287823.config,25,10,0.4842669047087704,0.5052443650970766,0.5543405489846016,0.5820129435393885,0.5909395224280295,0.6594510153983486,0.6650301272037492,0.6989511269805847,0.7096630216469538,0.7650078107565276,0.7862084356170498,0.8100870341441643,0.8393215800044633,0.8393215800044633
./instances/created-instances/mm-20-25-1762875.cdop,./settings/Memetic_MMX_1099666.config,20,25,0.8232956282482421,0.8613573830632834,0.8991134209721797,0.9062977682665851,0.9166921430755121,0.927086517884439,0.9286151024151635,0.935799449709569,0.9599510852950168
./instances/created-instances/mm-5-40-1917698.cdop,./settings/Memetic_MMX_1287823.config,5,40,0.7993705743509048,0.8459218463152374,0.8649357461316549,0.9407290847102019,0.9407290847102019,0.949908208759507,0.9573826383425125,0.9584316810910044,0.9665617623918175,0.990296354576449,0.998164175190139,1.0,1.0,1.0
./instances/created-instances/mm-20-25-1891798.cdop,./settings/Memetic_MPX_1099666.config,20,25,0.7431627196333078,0.8047364400305577,0.8348357524828113,0.8348357524828113,0.8348357524828113,0.8348357524828113,0.8348357524828113,0.8348357524828113,0.8348357524828113,0.8348357524828113,0.8348357524828113,0.8348357524828113,0.8348357524828113,0.8348357524828113
./instances/created-instances/mm-25-25-1767920.cdop,./settings/Memetic-LS_MMX_1099666.config,25,25,0.23430616740088106,0.26720814977973567,0.3010737885462555,0.33080947136563876,0.38876651982378857,0.4083149779735683,0.44479625550660795,0.47232929515418504,0.6181167400881057,0.6745594713656388,0.7059471365638766,0.7285242290748899,0.7606002202643172,0.7606002202643172
./instances/created-instances/mm-5-40-1917698.cdop,./settings/Memetic_MPX_1881515.config,5,40,0.8467086283766063,0.8574613165486493,0.8600839234198794,0.8943089430894309,0.9173878835562549,0.9316810910044584,0.9362706530291109,0.962234461054288,0.9655127196433254,0.965643849986887,0.969840020980855,0.969840020980855,0.969840020980855,0.969840020980855
./instances/created-instances/mm-15-25-1762875.cdop,./settings/Memetic-LS_MMX_1881515.config,15,25,0.2745068960403381,0.31454842058430965,0.45128281180483465,0.47797716150081565,0.5243956695832716,0.5768945573187009,0.5995847545602847,0.6230164615156458,0.6474862820702951,0.6910870532403974,0.7409165060062287,0.7971229423105443,0.8149191754411983,0.8149191754411983
./instances/created-instances/mm-20-10-1917698.cdop,./settings/Memetic-LS_MMX_1881515.config,20,10,0.3813377767198286,0.44656034277552964,0.5279695310640323,0.5746250892644609,0.6596048559866698,0.7017376815044037,0.7236372292311355,0.7395858129016901,0.7510116638895501,0.7917162580338015,0.8376577005474887,0.8797905260652226,0.8797905260652226,0.8797905260652226
./instances/created-instances/mm-20-25-1891798.cdop,./settings/Memetic-LS_MPX_1287823.config,20,25,0.21894576012223071,0.25928189457601225,0.26814362108479756,0.3006875477463713,0.31932773109243695,0.3749427043544691,0.3749427043544691,0.4213903743315508,0.4213903743315508,0.4322383498854087,0.4322383498854087,0.4346829640947288,0.45317035905271197,0.45317035905271197
./instances/created-instances/mm-10-25-1891798.cdop,./settings/Memetic_MPX_1287823.config,10,25,0.8618024424176843,0.8618024424176843,0.8673674447364353,0.9157520482300201,0.9177616324006802,0.9189982995826248,0.9423403926418302,0.9423403926418302,0.949451228938012,0.949451228938012,0.949451228938012,0.9539341474725614,0.9758849899520792,0.9758849899520792
./instances/created-instances/mm-15-25-1917698.cdop,./settings/Memetic-LS_MPX_1287823.config,15,25,0.34192736991039147,0.34192736991039147,0.3469580254676938,0.3579625844992926,0.38830372582927214,0.4140858355604465,0.4357805376513127,0.4422260650841063,0.4477283445999057,0.46722213488445213,0.5074673793428707,0.5291620814337369,0.5291620814337369,0.5291620814337369
./instances/created-instances/mm-10-10-1762875.cdop,./settings/Memetic_MMX_1099666.config,10,10,0.9448765640852215,0.9482583699695637,0.9658437605681434,0.9658437605681434,0.9658437605681434,0.966858302333446,0.966858302333446,0.9715928305715252,0.974298275278999,0.9780182617517754,0.9898545823469733,0.9898545823469733,0.9898545823469733,0.9898545823469733
./instances/created-instances/mm-5-25-1767920.cdop,./settings/Memetic_MPX_1881515.config,5,25,0.9406222222222222,0.9418666666666666,0.9639111111111112,0.9665777777777778,0.9728,0.9811555555555556,0.9811555555555556,0.9966222222222222,0.9966222222222222,0.9992888888888889,0.9996444444444444,1.0,1.0,1.0
./instances/created-instances/mm-15-10-1891798.cdop,./settings/Memetic-LS_MPX_1287823.config,15,10,0.4868881118881119,0.49344405594405594,0.5074300699300699,0.5262237762237763,0.5354020979020979,0.5354020979020979,0.576486013986014,0.5902534965034965,0.6013986013986014,0.6013986013986014,0.6510052447552448,0.6516608391608392,0.6656468531468531,0.6656468531468531
./instances/created-instances/mm-5-10-1767920.cdop,./settings/Memetic_MMX_1287823.config,5,10,0.9686572088419664,0.9752556911910261,0.9742659188386671,0.9742659188386671,0.9742659188386671,0.9851534147146156,0.9868030353018805,0.9868030353018805,0.9868030353018805,0.9953810623556582,0.9973606070603761,0.9973606070603761
./instances/created-instances/mm-10-40-1762875.cdop,./settings/Memetic_MMX_1287823.config,10,40,0.7980609771654548,0.8495981630309989,0.8495981630309989,0.8890164561806353,0.9068758770251307,0.9184845005740528,0.9303482587064676,0.9349406812093379,0.971042224773568,0.9815027426967725,0.9848194922821788,0.9882638091593315,0.9946421737466513,0.9946421737466513
./instances/created-instances/mm-25-25-1110588.cdop,./settings/Memetic_MPX_1881515.config,25,25,0.6817687074829932,0.6817687074829932,0.7220408163265306,0.7259863945578231,0.7448979591836735,0.7448979591836735,0.785578231292517,0.785578231292517,0.7994557823129251,0.7994557823129251,0.7994557823129251,0.7994557823129251,0.8318367346938775,0.8318367346938775
./instances/created-instances/mm-10-25-1767920.cdop,./settings/Memetic_MMX_1287823.config,10,25,0.8529549352876968,0.8598159987525339,0.8673007952596289,0.8758771245906752,0.9265554342741307,0.9323249649150164,0.9558708872602526,0.9741150787462965,0.9904880711055668,0.9904880711055668,0.9906440043661313,0.9898643380633089,0.9898643380633089,0.9898643380633089
./instances/created-instances/mm-25-25-1110588.cdop,./settings/Memetic-LS_MMX_1881515.config,25,25,0.22095238095238096,0.29619047619047617,0.37578231292517006,0.39442176870748297,0.403265306122449,0.49455782312925173,0.577687074829932,0.617687074829932,0.6702040816326531,0.6877551020408164,0.705578231292517,0.7779591836734694,0.7873469387755102,0.7873469387755102
./instances/created-instances/mm-25-25-1767920.cdop,./settings/Memetic-LS_MPX_1287823.config,25,25,0.18213105726872247,0.18213105726872247,0.18213105726872247,0.23127753303964757,0.23127753303964757,0.23127753303964757,0.23127753303964757,0.2395374449339207,0.2395374449339207,0.2395374449339207,0.24587004405286345,0.28097466960352424,0.34416299559471364,0.34416299559471364
./instances/created-instances/mm-25-10-1762875.cdop,./settings/Memetic-LS_MMX_1287823.config,25,10,0.3455797933409874,0.3601224646000765,0.4506314580941447,0.5185610409491006,0.5941446613088404,0.6266743207041715,0.6609261385380788,0.6990049751243781,0.7051282051282052,0.7445464982778416,0.7445464982778416,0.7548794489092997,0.7594718714121699,0.7594718714121699
./instances/created-instances/mm-15-25-1917698.cdop,./settings/Memetic_MMX_1881515.config,15,25,0.8500235811979249,0.8622858041188493,0.8825656343342242,0.8940418173243201,0.8960855211444742,0.9180946392076718,0.9396321333123723,0.9646282031127181,0.9795629617984594,0.9795629617984594,0.9795629617984594,0.9795629617984594,1.0,1.0
./instances/created-instances/mm-10-25-1917698.cdop,./settings/Memetic-LS_MPX_1287823.config,10,25,0.39296663660955816,0.399819657348963,0.4151487826871055,0.43967538322813343,0.47971145175834085,0.5238954012623985,0.5440937781785392,0.5592425608656447,0.62380522993688,0.6795311091073039,0.6982867448151487,0.7615870153291253,0.8081154192966636,0.8081154192966636
./instances/created-instances/mm-25-10-1110588.cdop,./settings/Memetic_MPX_1287823.config,25,10,0.778059730626586,0.778059730626586,0.7858676556705055,0.8044114776498146,0.8044114776498146,0.8044114776498146,0.8044114776498146,0.8282256490337693,0.8430607066172164,0.8680460667577591,0.8680460667577591,0.8742924067928948,0.8742924067928948,0.8742924067928948
./instances/created-instances/mm-5-10-1762875.cdop,./settings/Memetic_MPX_1099666.config,5,10,0.9801762114537445,0.9801762114537445,0.9801762114537445,0.9889867841409692,0.9889867841409692,0.9889867841409692,0.994273127753304,0.994273127753304,0.994273127753304,0.994273127753304,0.994273127753304,1.0,1.0,1.0
./instances/created-instances/mm-10-40-1110588.cdop,./settings/Memetic-LS_MMX_1099666.config,10,40,0.38988559542381696,0.42264690587623505,0.452938117524701,0.4828393135725429,0.49284971398855953,0.5263910556422257,0.5413416536661466,0.6030941237649506,0.6836973478939158,0.7056682267290691,0.733619344773791,0.7870514820592823,0.7914716588663546,0.7914716588663546
./instances/created-instances/mm-10-10-1917698.cdop,./settings/Memetic-LS_MMX_1099666.config,10,10,0.616024397005822,0.6964236207374549,0.7521485999445523,0.761297477127807,0.761297477127807,0.8084280565566954,0.8186858885500415,0.8430828943720543,0.8466869975048517,0.8599944552259495,0.8599944552259495,0.8599944552259495,0.9409481563626282,0.9409481563626282
./instances/created-instances/mm-5-40-1767920.cdop,./settings/Memetic_MPX_1287823.config,5,40,0.8690108191653787,0.9152498712004121,0.9152498712004121,0.9152498712004121,0.9299330242143226,0.9299330242143226,0.9299330242143226,0.9299330242143226,0.9299330242143226,0.9299330242143226,0.9379185986604843,0.9379185986604843,0.9482225656877898,0.9482225656877898
./instances/created-instances/mm-5-40-1110588.cdop,./settings/Memetic_MMX_1287823.config,5,40,0.8189381933438986,0.862783940834654,0.9212889593238246,0.9354199683042789,0.9354199683042789,0.9393819334389857,0.9576069730586371,0.9640781827786582,0.9705493924986793,0.9745113576333861,0.9837559429477021,0.9845483359746434
./instances/created-instances/mm-10-25-1767920.cdop,./settings/Memetic-LS_MMX_1881515.config,10,25,0.4450335256510214,0.4450335256510214,0.4866677062217371,0.513332293778263,0.5292374863558397,0.6023701855605801,0.681896148448464,0.6942148760330579,0.7342897239981288,0.7554966474348979,0.7714018400124747,0.7855917667238422,0.8067986901606112,0.8067986901606112
./instances/created-instances/mm-25-25-1891798.cdop,./settings/Memetic_MPX_1287823.config,25,25,0.6981546572934973,0.6981546572934973,0.700937316930287,0.7863210310486233,0.7967193907439953,0.7967193907439953,0.8040421792618629,0.8090216754540129,0.8090216754540129,0.8090216754540129,0.8090216754540129,0.8339191564147628,0.8339191564147628,0.8339191564147628
./instances/created-instances/mm-15-10-1110588.cdop,./settings/Memetic-LS_MPX_1881515.config,15,10,0.48813868613138683,0.48813868613138683,0.48813868613138683,0.4904197080291971,0.5244069343065694,0.5244069343065694,0.531934306569343,0.531934306569343,0.5367244525547445,0.5581660583941606,0.5597627737226277,0.6133667883211679,0.6852189781021898,0.6852189781021898
./instances/created-instances/mm-10-10-1762875.cdop,./settings/Memetic-LS_MPX_1287823.config,10,10,0.6682448427460264,0.6824484274602638,0.7142374027730808,0.723706459249239,0.7473791004396347,0.7920189381129523,0.8143388569496111,0.8190733851876902,0.8349678728440988,0.8552587081501521,0.9184984781873521,0.9184984781873521,0.9347311464321948,0.9347311464321948
./instances/created-instances/mm-5-40-1110588.cdop,./settings/Memetic-LS_MPX_1881515.config,5,40,0.45153195985208666,0.4849445324881141,0.49154780771262546,0.5208663497094559,0.5636555731642895,0.5763338615953513,0.606973058637084,0.6842313787638669,0.7123613312202852,0.7283412572636028,0.7592445853143159,0.7847332276809298,0.8013734812466984,0.8013734812466984
./instances/created-instances/mm-10-40-1767920.cdop,./settings/Memetic-LS_MPX_1099666.config,10,40,0.30149716055756326,0.32305110996386166,0.33221476510067116,0.35635002581311304,0.3913267940113578,0.4536654620547238,0.5019359834796077,0.5570469798657718,0.5820856995353639,0.5991223541559112,0.6102219927723284,0.6102219927723284,0.6973412493546721,0.6973412493546721
./instances/created-instances/mm-25-10-1891798.cdop,./settings/Memetic-LS_MMX_1287823.config,25,10,0.40566741237882176,0.46812080536912754,0.46812080536912754,0.4929157345264728,0.5374720357941835,0.5816554809843401,0.6017897091722595,0.6085011185682326,0.7019015659955258,0.7205443698732289,0.7708799403430275,0.7947427293064877,0.8049962714392245,0.8049962714392245
./instances/created-instances/mm-20-25-1767920.cdop,./settings/Memetic_MMX_1099666.config,20,25,0.8103871319520175,0.8345147219193021,0.9191657579062159,0.9269356597600873,0.9400218102508179,0.9661941112322792,0.9765539803707742,0.9785986913849509,0.979143947655398,0.979143947655398,0.98159760087241,0.9859596510359869,0.9882769901853872,0.9882769901853872
./instances/created-instances/mm-5-40-1767920.cdop,./settings/Memetic-LS_MMX_1099666.config,5,40,0.36901081916537865,0.4739824832560536,0.5189335394126738,0.5589902112313241,0.5641421947449768,0.6125708397733127,0.628413189077795,0.6548171045852653,0.6678258629572386,0.6974497681607419,0.7703503348789283,0.7926326635754766,0.8203245749613601,0.8203245749613601
./instances/created-instances/mm-15-25-1762875.cdop,./settings/Memetic_MMX_1099666.config,15,25,0.8654901379208068,0.8846210885362599,0.9213999703396114,0.9213999703396114,0.9213999703396114,0.936081862672401,0.9513569627762124,0.9644075337386919,0.9695981017351327,0.9722675367047309,0.9761233872163725,0.9887290523505858,0.994067922289782,0.994067922289782
./instances/created-instances/mm-15-40-1110588.cdop,./settings/Memetic_MMX_1099666.config,15,40,0.7865867982147052,0.8157152924594785,0.873267559314071,0.8774958891237961,0.897815362931642,0.9251820530890298,0.9342259807376087,0.9424477331454075,0.9435048155978388,0.9490251350716467
./instances/created-instances/mm-20-10-1917698.cdop,./settings/Memetic-LS_MPX_1287823.config,20,10,0.3234944060937872,0.35681980480837894,0.3846703165912878,0.4037134015710545,0.4037134015710545,0.4037134015710545,0.4037134015710545,0.4237086407998096,0.43037372054272793,0.43037372054272793,0.43037372054272793,0.46084265651035466,0.48964532254225185,0.48964532254225185
./instances/created-instances/mm-15-25-1891798.cdop,./settings/Memetic-LS_MPX_1881515.config,15,25,0.2931176761841888,0.3023601254332398,0.30879683116025747,0.38834791219673215,0.41062881663640866,0.4348902459151675,0.45849150024756563,0.536062056444958,0.536062056444958,0.5931671893051659,0.6601749463607856,0.6623205149364582,0.6954943059910876,0.6954943059910876
./instances/created-instances/mm-10-10-1767920.cdop,./settings/Memetic_MMX_1881515.config,10,10,0.9506737859140605,0.9506737859140605,0.9588100686498856,0.9628782100177982,0.9628782100177982,0.9862700228832952,0.9862700228832952,0.9964403763030766,0.9964403763030766,1.0,1.0,1.0,1.0,1.0
./instances/created-instances/mm-10-25-1110588.cdop,./settings/Memetic-LS_MPX_1287823.config,10,25,0.39996704021094265,0.46407382992748847,0.46407382992748847,0.48022412656559,0.5182926829268293,0.5662491760052736,0.6135464733025708,0.6331575477916941,0.662986156888596,0.6783124588002637,0.7279169413315755,0.7417600527356625,0.7445616348055373,0.7445616348055373
./instances/created-instances/mm-5-40-1110588.cdop,./settings/Memetic_MMX_1881515.config,5,40,0.8268621236133122,0.8765187533016376,0.8940834653988379,0.9129688325409403,0.9152139461172741,0.9152139461172741,0.9379292128895932,0.9673798203909139,0.9673798203909139,0.9829635499207607,0.9829635499207607,0.9829635499207607,0.9829635499207607,0.9829635499207607
./instances/created-instances/mm-10-40-1917698.cdop,./settings/Memetic_MPX_1287823.config,10,40,0.7196073496098666,0.7980115781525295,0.8400453058142462,0.8400453058142462,0.8441983387868109,0.8552730933803171,0.8608104706770702,0.8694940850742512,0.8839667757362195,0.8839667757362195,0.88786810974075,0.9010823055625472,0.9058645859551976,0.9058645859551976
./instances/created-instances/mm-5-40-1762875.cdop,./settings/Memetic_MMX_1287823.config,5,40,0.8387880520222952,0.8636558525082179,0.8636558525082179,0.8653708732313848,0.9213948835215092,0.9476918679434043,0.9708446477061597,0.9708446477061597,0.9708446477061597,0.9774188938116336
./instances/created-instances/mm-20-25-1917698.cdop,./settings/Memetic_MMX_1881515.config,20,25,0.8464939024390243,0.8792682926829268,0.911890243902439,0.9178353658536585,0.9178353658536585,0.9208841463414634,0.9467987804878049,0.9467987804878049,0.9467987804878049,0.9780487804878049,0.9792682926829268,0.9830792682926829,0.9830792682926829,0.9830792682926829
./instances/created-instances/mm-20-25-1891798.cdop,./settings/Memetic-LS_MPX_1099666.config,20,25,0.2453781512605042,0.2453781512605042,0.2453781512605042,0.2453781512605042,0.30863254392666156,0.3155080213903743,0.3155080213903743,0.3463712757830405,0.3533995416348358,0.3778456837280367,0.3778456837280367,0.3967914438502674,0.4293353705118411,0.4293353705118411
./instances/created-instances/mm-25-25-1891798.cdop,./settings/Memetic-LS_MPX_1287823.config,25,25,0.19815465729349738,0.19815465729349738,0.19815465729349738,0.19815465729349738,0.2353544229642648,0.2353544229642648,0.2353544229642648,0.2353544229642648,0.2353544229642648,0.2353544229642648,0.2426772114821324,0.30975395430579966,0.3186877562975981,0.3186877562975981
./instances/created-instances/mm-15-10-1767920.cdop,./settings/Memetic_MPX_1881515.config,15,10,0.8576373864128083,0.8848983124188663,0.9294677628732151,0.9337948939852877,0.9337948939852877,0.9337948939852877,0.9337948939852877,0.9337948939852877,0.9337948939852877,0.9337948939852877,0.9402855906533968,0.9402855906533968,0.9402855906533968,0.9402855906533968
./instances/created-instances/mm-5-10-1917698.cdop,./settings/Memetic_MMX_1881515.config,5,10,0.9781576448243114,0.9854384298828743,0.9854384298828743,0.9854384298828743,0.9854384298828743,0.9924026590693258,0.9924026590693258,0.9924026590693258,0.9974675530231086,1.0,1.0,1.0,1.0,1.0
./instances/created-instances/mm-5-10-1917698.cdop,./settings/Memetic-LS_MMX_1881515.config,5,10,0.7429566318455207,0.7771446660335549,0.8319088319088319,0.8594491927825261,0.8657803102247547,0.8797087685976575,0.9034504590060146,0.9113643558088003,0.9582146248812915,0.9582146248812915,0.9582146248812915,0.9594808483697372,0.9791073124406457,0.9791073124406457
./instances/created-instances/mm-25-25-1891798.cdop,./settings/Memetic-LS_MPX_1099666.config,25,25,0.20254833040421794,0.20254833040421794,0.2097246631517282,0.21192149970708846,0.21192149970708846,0.21192149970708846,0.21192149970708846,0.21470415934387815,0.2640597539543058,0.26786760398359694,0.28280609256004685,0.28339191564147626,0.28383128295254834,0.28383128295254834
./instances/created-instances/mm-20-10-1917698.cdop,./settings/Memetic_MPX_1099666.config,20,10,0.7798143299214473,0.7798143299214473,0.7798143299214473,0.8102832658890741,0.8124256129492978,0.8124256129492978,0.8376577005474887,0.8376577005474887,0.8431325874791716,0.8433706260414187,0.8509878600333254,0.8719352535110688,0.8719352535110688,0.8719352535110688
./instances/created-instances/mm-15-10-1762875.cdop,./settings/Memetic-LS_MMX_1287823.config,15,10,0.6047035276457343,0.6267200400300225,0.6592444333249937,0.704528396297223,0.7217913435076307,0.7768326244683512,0.8238679009256943,0.8248686514886164,0.8518889166875157,0.8548911683762822,0.8636477358018514,0.8699024268201151,0.8699024268201151,0.8699024268201151
./instances/created-instances/mm-25-10-1762875.cdop,./settings/Memetic_MMX_1287823.config,25,10,0.8725602755453502,0.8855721393034826,0.8750478377344049,0.9029850746268657,0.9221201683888252,0.936280137772675,0.939150401836969,0.94814389590509,0.9626865671641791,0.9626865671641791,0.969766551856104,0.9812476081132797,0.9879448909299655,0.9879448909299655
./instances/created-instances/mm-15-40-1917698.cdop,./settings/Memetic-LS_MMX_1881515.config,15,40,0.3375422773393461,0.3375422773393461,0.34317925591882753,0.4003382187147689,0.44047350620067643,0.4487034949267193,0.4997745208568207,0.5006764374295377,0.5444193912063134,0.599098083427283,0.6502818489289741,0.6762119503945885,0.7702367531003382,0.7702367531003382
./instances/created-instances/mm-15-40-1762875.cdop,./settings/Memetic_MMX_1287823.config,15,40,0.8060686015831134,0.8060686015831134,0.858311345646438,0.8877308707124011,0.9283641160949868,0.9346965699208444,0.941688654353562,0.9555408970976254,0.970448548812665,0.9728232189973615,0.9730870712401055,0.9806068601583113
./instances/created-instances/mm-15-40-1110588.cdop,./settings/Memetic_MPX_1287823.config,15,40,0.7369039229504346,0.8063190039934226,0.8063190039934226,0.8063190039934226,0.8063190039934226,0.8063190039934226,0.8136011275546159,0.8136011275546159,0.8194738078459008,0.8194738078459008,0.8355649518440216,0.8355649518440216,0.8587033121916843,0.8587033121916843
./instances/created-instances/mm-20-10-1110588.cdop,./settings/Memetic-LS_MMX_1099666.config,20,10,0.4682080924855491,0.5375722543352601,0.5789595375722544,0.5921387283236994,0.6691329479768786,0.6806936416184971,0.707514450867052,0.72,0.72,0.72,0.72,0.72,0.7236994219653179,0.7236994219653179
./instances/created-instances/mm-15-25-1767920.cdop,./settings/Memetic-LS_MMX_1287823.config,15,25,0.3264307842817544,0.3376813957280287,0.3459970650578836,0.40975052992010436,0.42197945540518506,0.48067829773357246,0.573781183759987,0.6494374694276863,0.7167780857655307,0.7733572476765042,0.8022175118212946,0.8059677156367194,0.8486874286646013,0.8486874286646013
./instances/created-instances/mm-15-10-1917698.cdop,./settings/Memetic_MPX_1099666.config,15,10,0.8614560506452398,0.8614560506452398,0.8614560506452398,0.8614560506452398,0.8816654492330168,0.8816654492330168,0.8816654492330168,0.905527148770392,0.905527148770392,0.905527148770392,0.905527148770392,0.905527148770392,0.914536157779401,0.914536157779401
./instances/created-instances/mm-20-25-1917698.cdop,./settings/Memetic-LS_MMX_1099666.config,20,25,0.3114329268292683,0.3399390243902439,0.38704268292682925,0.4301829268292683,0.5358231707317073,0.6019817073170731,0.6059451219512195,0.6800304878048781,0.7469512195121951,0.7864329268292682,0.7969512195121952,0.8057926829268293,0.8208841463414634,0.8208841463414634
./instances/created-instances/mm-5-10-1891798.cdop,./settings/Memetic-LS_MMX_1099666.config,5,10,0.7457786116322702,0.7751719824890556,0.8036272670419012,0.857098186366479,0.857098186366479,0.857098186366479,0.857098186366479,0.8714821763602252,0.9218261413383365,0.9724828017510945,0.9724828017510945,0.9724828017510945,0.9724828017510945,0.9724828017510945
./instances/created-instances/mm-25-25-1917698.cdop,./settings/Memetic_MMX_1099666.config,25,25,0.8373147868158451,0.871787118234049,0.8772301179316602,0.9286362261868764,0.9410341699425461,0.9410341699425461,0.9439068642273964,0.9566071968551557,0.957665557907469,0.957665557907469,0.957665557907469,0.9745993347444813,0.9745993347444813,0.9745993347444813
./instances/created-instances/mm-15-25-1917698.cdop,./settings/Memetic-LS_MPX_1881515.config,15,25,0.26866844835717657,0.3167740921238799,0.3167740921238799,0.3293507310171357,0.3783996227008332,0.4060682282659959,0.4118849237541267,0.44379814494576325,0.4574752397421789,0.47696903002672536,0.47696903002672536,0.47696903002672536,0.551957239427763,0.551957239427763
./instances/created-instances/mm-15-25-1762875.cdop,./settings/Memetic_MPX_1099666.config,15,25,0.7966780364822779,0.8786890108260418,0.8786890108260418,0.8786890108260418,0.8786890108260418,0.8786890108260418,0.8786890108260418,0.8786890108260418,0.8786890108260418,0.8786890108260418,0.8786890108260418,0.8786890108260418,0.8967818478422067,0.8967818478422067
./instances/created-instances/mm-10-40-1917698.cdop,./settings/Memetic_MPX_1099666.config,10,40,0.7208658444500378,0.7806443493581676,0.8160080543669771,0.8321167883211679,0.8358922728416813,0.8499874150515982,0.8970551220739995,0.905235338535112,0.9069972313113516,0.9088849735716084,0.919330480745029,0.9236093632016109,0.9236093632016109,0.9236093632016109
./instances/created-instances/mm-15-25-1762875.cdop,./settings/Memetic_MPX_1287823.config,15,25,0.7389885807504079,0.784517277176331,0.8432448465074892,0.8432448465074892,0.8432448465074892,0.8432448465074892,0.8432448465074892,0.8595580602105888,0.8595580602105888,0.8917395817885214,0.8917395817885214,0.8917395817885214,0.8917395817885214,0.8917395817885214
./instances/created-instances/mm-20-10-1891798.cdop,./settings/Memetic-LS_MPX_1287823.config,20,10,0.3277511961722488,0.3570574162679426,0.3570574162679426,0.3734051036682616,0.43261562998405106,0.43261562998405106,0.4613237639553429,0.4774720893141946,0.4774720893141946,0.4774720893141946,0.4774720893141946,0.4774720893141946,0.4830542264752791,0.4830542264752791
./instances/created-instances/mm-10-10-1891798.cdop,./settings/Memetic_MMX_1099666.config,10,10,0.9580941446613088,0.9658438576349024,0.9675660160734788,0.9879448909299655,0.9879448909299655,0.9879448909299655,0.9879448909299655,0.994833524684271,0.994833524684271,0.994833524684271,0.994833524684271
./instances/created-instances/mm-10-25-1891798.cdop,./settings/Memetic-LS_MPX_1881515.config,10,25,0.41304683876951614,0.41304683876951614,0.47766269902612457,0.49482145617560674,0.49497603957334985,0.5221827175761323,0.5901994125830886,0.6175606739836141,0.6443036017931674,0.6721286133869222,0.712938630391096,0.7551398979749575,0.8206832586180244,0.8206832586180244
./instances/created-instances/mm-15-25-1767920.cdop,./settings/Memetic-LS_MPX_1099666.config,15,25,0.28746127506929725,0.28746127506929725,0.33230066851459317,0.3686613402902332,0.38496657427034076,0.40975052992010436,0.40975052992010436,0.4271971302788195,0.5237241154410566,0.5397032447415621,0.6024783955649764,0.6310125550301647,0.6319908690689712,0.6319908690689712
./instances/created-instances/mm-5-40-1767920.cdop,./settings/Memetic-LS_MPX_1881515.config,5,40,0.43572900566718187,0.4774600721277692,0.5215095311695003,0.5403142709943328,0.5880989180834622,0.5915765069551777,0.6205564142194745,0.6242916022668727,0.6908809891808346,0.7187017001545595,0.7300360638845955,0.7516743946419372,0.7854198866563628,0.7854198866563628
./instances/created-instances/mm-25-25-1762875.cdop,./settings/Memetic-LS_MPX_1099666.config,25,25,0.20194835317767126,0.22050409772692128,0.22050409772692128,0.24014226070821093,0.2525127570743776,0.273542600896861,0.273542600896861,0.28699551569506726,0.2998299056749652,0.2998299056749652,0.2998299056749652,0.2998299056749652,0.3151383949280965,0.3151383949280965
./instances/created-instances/mm-10-25-1891798.cdop,./settings/Memetic-LS_MPX_1287823.config,10,25,0.36404390168495904,0.3952697480290617,0.4541660225691761,0.49914979131241305,0.5105889627454011,0.5558818982841243,0.6447673519863967,0.6781573658989024,0.6832586180244242,0.720358633482764,0.7378265574277323,0.7514298964291235,0.7656515690214871,0.7656515690214871
./instances/created-instances/mm-5-25-1767920.cdop,./settings/Memetic_MMX_1099666.config,5,25,0.8830222222222223,0.9194666666666667,0.9194666666666667,0.9212444444444444,0.9212444444444444,0.9580444444444445,0.9722666666666666,0.9829333333333333,0.9875555555555555,0.9875555555555555,0.9916444444444444
./instances/created-instances/mm-15-25-1767920.cdop,./settings/Memetic-LS_MPX_1287823.config,15,25,0.3047448230882113,0.3111038643404533,0.3187673243111039,0.3187673243111039,0.35887819990216857,0.35887819990216857,0.428338496657427,0.4963313223544758,0.5186694929072232,0.5271482145768792,0.552421327246046,0.6505788358062938,0.6572639817381379,0.6572639817381379
./instances/created-instances/mm-15-10-1110588.cdop,./settings/Memetic_MPX_1287823.config,15,10,0.8040602189781022,0.8040602189781022,0.8134124087591241,0.8134124087591241,0.8134124087591241,0.8414689781021898,0.896213503649635,0.896213503649635,0.896213503649635,0.896213503649635,0.896213503649635,0.896213503649635,0.896213503649635,0.896213503649635
./instances/created-instances/mm-15-40-1762875.cdop,./settings/Memetic-LS_MPX_1099666.config,15,40,0.17440633245382586,0.1945910290237467,0.21385224274406334,0.21767810026385223,0.2191292875989446,0.2653034300791557,0.2974934036939314,0.3075197889182058,0.3928759894459103,0.41846965699208444,0.43430079155672824,0.5015831134564643,0.562269129287599,0.562269129287599
./instances/created-instances/mm-15-10-1762875.cdop,./settings/Memetic-LS_MMX_1881515.config,15,10,0.6182136602451839,0.6652489367025269,0.6737553164873655,0.7220415311483612,0.7550662997247936,0.7550662997247936,0.7700775581686264,0.8358769076807606,0.8593945459094321,0.8924193144858644,0.9056792594445834,0.9056792594445834,0.9079309482111584,0.9079309482111584
./instances/created-instances/mm-20-10-1762875.cdop,./settings/Memetic-LS_MMX_1287823.config,20,10,0.5112647780504127,0.5157260762881999,0.516395271023868,0.5228641534686593,0.5784073165291099,0.6004907428061566,0.6839170198527772,0.7256301583760875,0.7256301583760875,0.7256301583760875,0.8219942003122909,0.8556770020075842,0.9020745036805711,0.9020745036805711
./instances/created-instances/mm-10-25-1762875.cdop,./settings/Memetic_MMX_1881515.config,10,25,0.8278716798896171,0.8949637806140048,0.9108313211452225,0.9108313211452225,0.918937564677475,0.9263539151431528,0.9541221110727838,0.9808554674025526,0.9879268713349431,0.9922387030010349,0.9929285960676095,0.995343221800621,0.995343221800621,0.995343221800621
./instances/created-instances/mm-10-40-1767920.cdop,./settings/Memetic-LS_MMX_1099666.config,10,40,0.3500258131130614,0.4132679401135777,0.41455859576664944,0.4148167268972638,0.5010325245224574,0.5323954568921012,0.5414300464636035,0.5684047496128033,0.6080278781621063,0.6471347444501807,0.6889519876097058,0.730252968508002,0.7590345895715023,0.7590345895715023
./instances/created-instances/mm-5-10-1917698.cdop,./settings/Memetic_MMX_1099666.config,5,10,0.9635960747071858,0.9841722063944286,0.9841722063944286,0.9917695473251029,0.9917695473251029,0.9917695473251029,0.9924026590693258,0.9924026590693258,0.9924026590693258,0.9968344412788858,1.0,1.0,1.0,1.0
./instances/created-instances/mm-15-40-1110588.cdop,./settings/Memetic_MPX_1099666.config,15,40,0.7699083861874559,0.7724923655156213,0.7724923655156213,0.7724923655156213,0.7885835095137421,0.7885835095137421,0.8049095607235142,0.8049095607235142,0.8133662203429646,0.8511862814188396,0.8511862814188396,0.8511862814188396,0.8511862814188396,0.8511862814188396
./instances/created-instances/mm-15-10-1917698.cdop,./settings/Memetic-LS_MPX_1099666.config,15,10,0.37789140491843193,0.4175797419040662,0.4597029461894327,0.5091307523739956,0.5101046992938885,0.5101046992938885,0.5488190893596299,0.5704894083272462,0.6566837107377648,0.671536401266131,0.700754808862917,0.7236425614803993,0.7531044558071585,0.7531044558071585
./instances/created-instances/mm-5-10-1110588.cdop,./settings/Memetic_MPX_1099666.config,5,10,0.962908556738891,0.962908556738891,0.9746603011384503,0.9746603011384503,0.9772309952258539,0.9772309952258539,0.9772309952258539,0.9827396254131473,0.9926551597502754,0.9926551597502754,0.9926551597502754,1.0,1.0,1.0
./instances/created-instances/mm-5-10-1917698.cdop,./settings/Memetic-LS_MMX_1099666.config,5,10,0.7774612219056664,0.8626147515036404,0.8705286483064261,0.8705286483064261,0.8705286483064261,0.9370053814498259,0.9648622981956315,0.9648622981956315,0.9648622981956315,0.9648622981956315,0.98005698005698,0.98005698005698,0.98005698005698,0.98005698005698
./instances/created-instances/mm-25-10-1917698.cdop,./settings/Memetic-LS_MPX_1287823.config,25,10,0.3314115308151093,0.3314115308151093,0.3314115308151093,0.3314115308151093,0.3314115308151093,0.3314115308151093,0.3455268389662028,0.37852882703777335,0.39443339960238566,0.39443339960238566,0.39443339960238566,0.39443339960238566,0.4186878727634195,0.4186878727634195
./instances/created-instances/mm-5-40-1917698.cdop,./settings/Memetic_MMX_1881515.config,5,40,0.8238919485969053,0.8330710726462104,0.8713611329661684,0.8777865198006819,0.9057172829792814,0.924993443482822,0.9381064778389719,0.9421715184893784,0.9683975872016785,0.9838709677419355,0.99213217938631,0.992394440073433,0.9969840020980855,0.9969840020980855
./instances/created-instances/mm-15-25-1917698.cdop,./settings/Memetic-LS_MMX_1881515.config,15,25,0.3167740921238799,0.324005659487502,0.4637635591888068,0.5151705706649898,0.5832416286747367,0.6079232825027512,0.6079232825027512,0.6098097783367395,0.6673479012733847,0.7214274485143846,0.7574280773463292,0.7679610124194309,0.7877692186763088,0.7877692186763088
./instances/created-instances/mm-15-40-1917698.cdop,./settings/Memetic-LS_MPX_1881515.config,15,40,0.1923337091319053,0.1927846674182638,0.19673055242390078,0.2072153325817362,0.21826381059751973,0.23562570462232243,0.2802705749718151,0.29052987598647123,0.2962795941375423,0.31104847801578356,0.37914317925591884,0.40676437429537765,0.45659526493799324,0.45659526493799324
./instances/created-instances/mm-15-40-1891798.cdop,./settings/Memetic_MPX_1881515.config,15,40,0.7012714641499541,0.7432166732206056,0.8322191637173941,0.8322191637173941,0.8322191637173941,0.8322191637173941,0.8322191637173941,0.8374623148512256,0.8374623148512256,0.8682658277624853,0.894088347096605,0.894088347096605,0.894088347096605,0.894088347096605
./instances/created-instances/mm-5-40-1762875.cdop,./settings/Memetic-LS_MMX_1287823.config,5,40,0.5389452622552523,0.5612405316564242,0.6106902958410747,0.6135486637130199,0.7075889667000143,0.7374589109618408,0.7584679148206375,0.8114906388452193,0.8423610118622267,0.8779476918679434,0.9031013291410604,0.9281120480205802,0.9289695583821638,0.9289695583821638
./instances/created-instances/mm-10-40-1917698.cdop,./settings/Memetic-LS_MMX_1099666.config,10,40,0.29234835137175935,0.3372766171658696,0.45268059400956456,0.45268059400956456,0.4781021897810219,0.5596526554241128,0.5879687893279637,0.6147747294236093,0.626352881953184,0.6951925497105462,0.7148250692172162,0.8165114523030456,0.8591744273848477,0.8591744273848477
./instances/created-instances/mm-10-25-1767920.cdop,./settings/Memetic-LS_MPX_1287823.config,10,25,0.3963823483549041,0.42663340090441293,0.4392639950101357,0.46951504755964446,0.4960237018556058,0.5150475596444721,0.5608919382504288,0.5942616560112272,0.6455636987369406,0.7286761266178076,0.7584593793856229,0.7869951660689225,0.8183377514423826,0.8183377514423826
./instances/created-instances/mm-10-25-1891798.cdop,./settings/Memetic_MPX_1881515.config,10,25,0.8152728396970166,0.8699953624980677,0.8978203740918226,0.8978203740918226,0.8978203740918226,0.9168341320142217,0.9179162157984232,0.9179162157984232,0.9281187200494667,0.9281187200494667,0.9346112227546761,0.9842324934302056,0.9842324934302056,0.9842324934302056
./instances/created-instances/mm-25-10-1110588.cdop,./settings/Memetic-LS_MMX_1287823.config,25,10,0.43021666991996876,0.4663283232480968,0.4842865508491119,0.4872145227405817,0.5241069685731017,0.6554753074370486,0.6738239312902596,0.7747413624829201,0.797189146984189,0.8157329689634979,0.8397423384735506,0.8526254147960179,0.8575053679484677,0.8575053679484677
./instances/created-instances/mm-10-40-1917698.cdop,./settings/Memetic-LS_MMX_1287823.config,10,40,0.3776743015353637,0.4142965013843443,0.5188774226025673,0.5188774226025673,0.5334759627485527,0.5430405235338535,0.5937578655927511,0.6243392902089101,0.6972061414548201,0.721243392902089,0.7368487289202115,0.7421344072489303,0.7454064938333753,0.7454064938333753
./instances/created-instances/mm-15-25-1891798.cdop,./settings/Memetic_MMX_1287823.config,15,25,0.9082356824558508,0.9427298234032019,0.9493315728668097,0.9523023601254332,0.9523023601254332,0.9717775210430765,0.9759036144578314,0.9759036144578314,0.980689882818947,0.9825053639214392,0.9825053639214392,0.9825053639214392,0.9841558012873411,0.9841558012873411
./instances/created-instances/mm-15-40-1891798.cdop,./settings/Memetic-LS_MMX_1287823.config,15,40,0.2591427447896186,0.3100013107877835,0.34853847162144447,0.3974308559444226,0.4401625376851488,0.478568619740464,0.5468606632586185,0.5777952549482239,0.6070258225193341,0.6509372132651724,0.7041551972735615,0.7284047712675318,0.7531786603748853,0.7531786603748853
./instances/created-instances/mm-25-25-1891798.cdop,./settings/Memetic_MMX_1287823.config,25,25,0.8290861159929701,0.8362624487404804,0.8462214411247804,0.8878148799062683,0.9024604569420035,0.9291154071470415,0.9291154071470415,0.9428822495606327,0.9572349150556532,0.9698301113063855,0.9698301113063855,0.9698301113063855,0.9723198594024605,0.9723198594024605
./instances/created-instances/mm-15-10-1767920.cdop,./settings/Memetic_MPX_1287823.config,15,10,0.8617481609692774,0.8617481609692774,0.8617481609692774,0.8617481609692774,0.8617481609692774,0.8617481609692774,0.8896581566421462,0.9134573777585461,0.9203807875378623,0.9335785374296841,0.9335785374296841,0.9335785374296841,0.9335785374296841,0.9335785374296841
./instances/created-instances/mm-20-25-1767920.cdop,./settings/Memetic-LS_MMX_1287823.config,20,25,0.23623227917121048,0.2674482006543075,0.3520992366412214,0.37227371864776443,0.4108505997818975,0.5145856052344602,0.520174482006543,0.6000545256270448,0.6124591057797165,0.6551254089422028,0.6773446019629226,0.7786259541984732,0.8038440567066522,0.8038440567066522
./instances/created-instances/mm-20-25-1110588.cdop,./settings/Memetic-LS_MMX_1881515.config,20,25,0.33553541250576124,0.35765862651713015,0.378860039944692,0.4126593946842833,0.4533722538024274,0.5145183591949608,0.5984022123214011,0.6464894761100015,0.6772161622369027,0.708557382086342,0.7715470886464895,0.7767706252880627,0.7950530035335689,0.7950530035335689
./instances/created-instances/mm-25-25-1891798.cdop,./settings/Memetic-LS_MMX_1099666.config,25,25,0.3200058582308143,0.35925600468658464,0.37272993555946105,0.4291154071470416,0.47700644405389575,0.510398359695372,0.5681019332161688,0.5953427065026362,0.6370826010544816,0.687609841827768,0.7365260691271236,0.8085823081429409,0.8408025776215583,0.8408025776215583
./instances/created-instances/mm-25-25-1767920.cdop,./settings/Memetic_MMX_1881515.config,25,25,0.7921255506607929,0.8112610132158591,0.8115363436123348,0.8575165198237885,0.9167125550660793,0.9285517621145375,0.9351596916299559,0.9489262114537445,0.9489262114537445,0.9706773127753304,0.9854074889867841,0.9933920704845814,0.9933920704845814,0.9933920704845814
./instances/created-instances/mm-10-40-1891798.cdop,./settings/Memetic_MMX_1099666.config,10,40,0.8173089399247437,0.8341767224601012,0.8558453354093681,0.9155313351498637,0.9296743220448942,0.9336966394187103,0.9351239133255482,0.9695082392630077,0.9753470870637083,0.9753470870637083,0.9880628000519008,0.9883223043985987,0.9883223043985987,0.9883223043985987
./instances/created-instances/mm-20-25-1762875.cdop,./settings/Memetic-LS_MPX_1099666.config,20,25,0.21232039131763986,0.21889330479975544,0.21889330479975544,0.2349434423723632,0.23815346988688474,0.27606236624885355,0.27850810149801286,0.28110669520024456,0.28110669520024456,0.28110669520024456,0.2953225313359829,0.34148578416386427,0.38933047997554265,0.38933047997554265
./instances/created-instances/mm-20-25-1767920.cdop,./settings/Memetic-LS_MPX_1881515.config,20,25,0.22778080697928027,0.22778080697928027,0.2281897491821156,0.2281897491821156,0.23077971646673937,0.23514176663031625,0.24972737186477645,0.31093238822246455,0.32579062159214833,0.33328789531079606,0.3462377317339149,0.39067611777535444,0.4351145038167939,0.4351145038167939
./instances/created-instances/mm-20-25-1891798.cdop,./settings/Memetic-LS_MMX_1287823.config,20,25,0.36730328495034376,0.3975553857906799,0.42307104660045836,0.4371275783040489,0.4649350649350649,0.5129106187929717,0.6012223071046601,0.6348357524828113,0.6991596638655462,0.7650114591291062,0.7984721161191749,0.8169595110771581,0.8232238349885409,0.8232238349885409
./instances/created-instances/mm-10-10-1767920.cdop,./settings/Memetic_MPX_1881515.config,10,10,0.852275616577676,0.8657513348588863,0.8982964658021866,0.9049071955250445,0.9049071955250445,0.9338927027714213,0.9338927027714213,0.9338927027714213,0.9371980676328503,0.9443173150266971,0.9649122807017544,0.9649122807017544,0.9649122807017544,0.9649122807017544
./instances/created-instances/mm-25-10-1762875.cdop,./settings/Memetic_MPX_1287823.config,25,10,0.7189054726368159,0.7189054726368159,0.7190968235744355,0.7573670110983544,0.7581324148488328,0.7942977420589361,0.7958285495598928,0.8197474167623421,0.8289322617680827,0.8388825105243015,0.8436662839647914,0.8478760045924225,0.8478760045924225,0.8478760045924225
./instances/created-instances/mm-15-10-1767920.cdop,./settings/Memetic-LS_MMX_1099666.config,15,10,0.5028126352228472,0.5028126352228472,0.6146689744699264,0.6549112938122025,0.6860666378191259,0.7713111207269581,0.8052790999567286,0.8128515794028559,0.8197749891821722,0.8197749891821722,0.8729987018606664,0.9180008654262224,0.9487234963219385,0.9487234963219385
./instances/created-instances/mm-10-40-1767920.cdop,./settings/Memetic-LS_MMX_1287823.config,10,40,0.30627258647392874,0.3216313887454827,0.3216313887454827,0.3613835828600929,0.4128807434176562,0.5228446050593701,0.5618224057821374,0.5957666494579247,0.6335828600929272,0.6644295302013423,0.7013422818791947,0.7146360351058337,0.7672947857511616,0.7672947857511616
./instances/created-instances/mm-15-10-1891798.cdop,./settings/Memetic_MPX_1099666.config,15,10,0.871722027972028,0.871722027972028,0.871722027972028,0.871722027972028,0.871722027972028,0.871722027972028,0.871722027972028,0.871722027972028,0.871722027972028,0.871722027972028,0.8730332167832168,0.8756555944055944,0.8756555944055944,0.8756555944055944
./instances/created-instances/mm-5-25-1891798.cdop,./settings/Memetic-LS_MPX_1099666.config,5,25,0.6165881244109331,0.6405278039585297,0.6405278039585297,0.6405278039585297,0.6405278039585297,0.6405278039585297,0.6405278039585297,0.7353440150801132,0.8226201696512724,0.8657869934024505,0.8838831291234684,0.8838831291234684,0.8955702167766258,0.8955702167766258
./instances/created-instances/mm-25-25-1917698.cdop,./settings/Memetic_MMX_1881515.config,25,25,0.9044451164197157,0.9044451164197157,0.9044451164197157,0.9136679770184457,0.9532809192621712,0.976716056849108,0.976716056849108,0.976716056849108,0.9847293619594799,0.9847293619594799,0.9847293619594799,0.9847293619594799,0.9916843060175385,0.9916843060175385
./instances/created-instances/mm-5-25-1762875.cdop,./settings/Memetic_MMX_1287823.config,5,25,0.8714852509918923,0.9075383819216837,0.9287562532344316,0.9541141969984475,0.9672244264274625,0.9760220803864068,0.9760220803864068,0.9817146800069001,0.9903398309470416,0.9903398309470416,0.9946524064171123,0.9946524064171123,0.9946524064171123,0.9946524064171123
./instances/created-instances/mm-10-10-1762875.cdop,./settings/Memetic_MPX_1881515.config,10,10,0.894149475820088,0.894149475820088,0.8948258369969564,0.9249239093676023,0.9296584376056815,0.939465674670274,0.9624619546838011,0.9644910382144065,0.9644910382144065,0.9644910382144065,0.9644910382144065,0.9688873858640514,0.9688873858640514,0.9688873858640514
./instances/created-instances/mm-15-40-1110588.cdop,./settings/Memetic-LS_MMX_1881515.config,15,40,0.3434343434343434,0.37115339440920836,0.37714352830631903,0.4187221047686164,0.48120742306788816,0.5354709889593611,0.5395818651632606,0.6116983791402396,0.6685459243598778,0.7137655626027719,0.7201080573173596,0.7730796335447498,0.7836504580690627,0.7836504580690627
./instances/created-instances/mm-25-10-1110588.cdop,./settings/Memetic_MMX_1287823.config,25,10,0.8081202420456763,0.888737068124146,0.9098184657427288,0.9125512395081007,0.9195783720476284,0.9195783720476284,0.96408354479797,0.9675971110677337,0.9675971110677337,0.9675971110677337,0.9705250829592036,0.9892641030646105
./instances/created-instances/mm-5-10-1762875.cdop,./settings/Memetic_MPX_1287823.config,5,10,0.9506607929515418,0.9506607929515418,0.9718061674008811,0.9823788546255506,0.9863436123348017,0.9920704845814978,0.9920704845814978,0.9920704845814978,0.9920704845814978,0.994273127753304,0.994273127753304,0.994273127753304,1.0,1.0
./instances/created-instances/mm-15-25-1891798.cdop,./settings/Memetic-LS_MMX_1287823.config,15,25,0.3340485228585575,0.4598118501402872,0.5121307146393794,0.5149364581614128,0.5837596963195246,0.597458326456511,0.6405347417065522,0.7077075424987622,0.7238818286846014,0.7516091764317544,0.7938603729988447,0.8001320349892722,0.8035979534576663,0.8035979534576663
./instances/created-instances/mm-5-40-1917698.cdop,./settings/Memetic-LS_MPX_1881515.config,5,40,0.4146341463414634,0.44492525570416996,0.44636768948334643,0.49147652766850247,0.5645161290322581,0.6526357199055861,0.6674534487280357,0.7071859428271702,0.7654078153684762,0.7723577235772358,0.7921584054550223,0.8153684762654078,0.8212693417256753,0.8212693417256753
./instances/created-instances/mm-10-25-1762875.cdop,./settings/Memetic_MPX_1099666.config,10,25,0.8176957571576405,0.8176957571576405,0.8276992066229735,0.9101414280786478,0.9101414280786478,0.9101414280786478,0.9101414280786478,0.9101414280786478,0.9101414280786478,0.9101414280786478,0.9101414280786478,0.9101414280786478,0.9317005864091066,0.9317005864091066
./instances/created-instances/mm-25-10-1767920.cdop,./settings/Memetic-LS_MPX_1881515.config,25,10,0.3229189912965856,0.3512608792680205,0.38518187904485607,0.38518187904485607,0.38518187904485607,0.38518187904485607,0.40348136576656995,0.40348136576656995,0.40348136576656995,0.40348136576656995,0.4336085695157331,0.4336085695157331,0.4336085695157331,0.4336085695157331
./instances/created-instances/mm-5-25-1110588.cdop,./settings/Memetic-LS_MMX_1099666.config,5,25,0.6621166459847545,0.6833894699521361,0.7103350469774863,0.7106895940436093,0.74472611239142,0.8126218755539798,0.8126218755539798,0.8303492288601312,0.8307037759262542,0.8463038468356674,0.8503811380960823,0.8911540507002305,0.8943449742953377,0.8943449742953377
./instances/created-instances/mm-5-10-1767920.cdop,./settings/Memetic_MPX_1287823.config,5,10,0.9482019135598813,0.9613988782580006,0.9613988782580006,0.9686572088419664,0.9732761464863081,0.9844935664797096,0.9864731111844276,0.9947212141207522,0.9947212141207522,0.9947212141207522,0.9947212141207522,0.9947212141207522,1.0,1.0
./instances/created-instances/mm-25-10-1917698.cdop,./settings/Memetic-LS_MPX_1881515.config,25,10,0.29363817097415507,0.29363817097415507,0.3506958250497018,0.35129224652087476,0.3669980119284294,0.3669980119284294,0.3669980119284294,0.3669980119284294,0.3669980119284294,0.3779324055666004,0.3779324055666004,0.41192842942345925,0.44532803180914515,0.44532803180914515
./instances/created-instances/mm-15-10-1762875.cdop,./settings/Memetic_MMX_1099666.config,15,10,0.9061796347260446,0.9299474605954466,0.9424568426319739,0.9469602201651238,0.9469602201651238,0.9469602201651238,0.9469602201651238,0.9469602201651238,0.9649737302977233,0.9719789842381786
./instances/created-instances/mm-25-25-1110588.cdop,./settings/Memetic_MPX_1099666.config,25,25,0.6907482993197279,0.7227210884353742,0.7462585034013606,0.7462585034013606,0.7462585034013606,0.7462585034013606,0.7462585034013606,0.7829931972789116,0.7831292517006803,0.7831292517006803,0.7831292517006803,0.7948299319727891,0.8311564625850341,0.8311564625850341
./instances/created-instances/mm-10-40-1917698.cdop,./settings/Memetic-LS_MPX_1881515.config,10,40,0.2812735967782532,0.2812735967782532,0.2869368235590234,0.31953183991945633,0.326831109992449,0.40460609111502643,0.44047319405990437,0.46828593002768687,0.48565315882204885,0.5587717090359929,0.580543669770954,0.580543669770954,0.6126352881953184,0.6126352881953184
./instances/created-instances/mm-5-25-1762875.cdop,./settings/Memetic-LS_MMX_1881515.config,5,25,0.604450577885113,0.6299810246679317,0.6299810246679317,0.6800069001207522,0.6953596687942039,0.7445230291530102,0.7919613593237882,0.8030015525271692,0.8030015525271692,0.8264619630843539,0.8371571502501294,0.8578575125064689,0.8901155770225979,0.8901155770225979
./instances/created-instances/mm-25-10-1917698.cdop,./settings/Memetic_MPX_1099666.config,25,10,0.7600397614314115,0.7862823061630219,0.7862823061630219,0.7940357852882703,0.7940357852882703,0.7940357852882703,0.8166998011928429,0.8166998011928429,0.8166998011928429,0.8423459244532803,0.8423459244532803,0.8592445328031809,0.8592445328031809,0.8592445328031809
./instances/created-instances/mm-10-25-1110588.cdop,./settings/Memetic-LS_MMX_1881515.config,10,25,0.4812129202373105,0.4812129202373105,0.5278510217534608,0.5950889914304548,0.6326631509558339,0.6618325642715887,0.6987475280158207,0.7661502966381015,0.7979564930784443,0.8477257745550428,0.8597560975609756,0.8666776532630192,0.8745880026367832,0.8745880026367832
./instances/created-instances/mm-20-10-1762875.cdop,./settings/Memetic-LS_MPX_1287823.config,20,10,0.3310283292438099,0.3477581976355119,0.3477581976355119,0.3477581976355119,0.38701762212803925,0.4385456167744814,0.48583537809502564,0.48583537809502564,0.48583537809502564,0.48583537809502564,0.48583537809502564,0.494088779834932,0.494088779834932,0.494088779834932
./instances/created-instances/mm-20-10-1917698.cdop,./settings/Memetic-LS_MMX_1099666.config,20,10,0.31873363484884554,0.3858605094025232,0.44822661271125924,0.5415377291121162,0.5741490121399667,0.5989050226136634,0.6412758866936443,0.7100690311830516,0.7405379671506784,0.8300404665555821,0.8390859319209713,0.8517019757200667,0.8517019757200667,0.8517019757200667
./instances/created-instances/mm-5-25-1767920.cdop,./settings/Memetic-LS_MMX_1881515.config,5,25,0.6289777777777777,0.6775111111111111,0.7111111111111111,0.7210666666666666,0.7960888888888888,0.8074666666666667,0.8254222222222222,0.8387555555555556,0.8426666666666667,0.8837333333333334,0.9009777777777778,0.9184,0.9184,0.9184
./instances/created-instances/mm-25-25-1917698.cdop,./settings/Memetic_MPX_1099666.config,25,25,0.7143937103114605,0.7143937103114605,0.7281524039915331,0.7912004838221953,0.7912004838221953,0.7912004838221953,0.7912004838221953,0.7912004838221953,0.7912004838221953,0.8014817054732386,0.8014817054732386,0.8054127608104021,0.8445721197459933,0.8445721197459933
./instances/created-instances/mm-5-25-1762875.cdop,./settings/Memetic_MMX_1881515.config,5,25,0.8685526996722442,0.9159910298430223,0.9159910298430223,0.918233569087459,0.918233569087459,0.9385889253061929,0.9385889253061929,0.9447990339830947,0.948594100396757,0.9925823701914783,1.0,1.0,1.0,1.0
./instances/created-instances/mm-5-25-1110588.cdop,./settings/Memetic_MPX_1287823.config,5,25,0.9095904981386279,0.9095904981386279,0.9250132955149796,0.9294451338415175,0.9455770253501152,0.9455770253501152,0.9462861194823613,0.9462861194823613,0.9519588725403297,0.9696862258464811,0.9696862258464811,0.9696862258464811,0.9794362701648643,0.9794362701648643
./instances/created-instances/mm-25-10-1767920.cdop,./settings/Memetic_MPX_1881515.config,25,10,0.7661236331176077,0.7748270475340325,0.7781745146172729,0.798259317116715,0.798259317116715,0.8214684222271814,0.8214684222271814,0.8424458826154876,0.8424458826154876,0.8424458826154876,0.8743584021423789,0.8743584021423789,0.8743584021423789,0.8743584021423789
./instances/created-instances/mm-10-10-1917698.cdop,./settings/Memetic_MPX_1287823.config,10,10,0.8943720543387857,0.8943720543387857,0.8943720543387857,0.8943720543387857,0.9226504019961187,0.9226504019961187,0.9226504019961187,0.9287496534516219,0.9309675630718048,0.9459384530080399,0.9459384530080399,0.9476018852231771,0.9553645688938176,0.9553645688938176
./instances/created-instances/mm-5-10-1767920.cdop,./settings/Memetic-LS_MMX_1287823.config,5,10,0.8310788518640713,0.8426261959749257,0.8630814912570108,0.8917848894754207,0.907291322995711,0.9181788188716595,0.9237875288683602,0.9237875288683602,0.9350049488617618,0.9350049488617618,0.9554602441438469,0.9554602441438469,0.9554602441438469,0.9554602441438469
./instances/created-instances/mm-20-10-1762875.cdop,./settings/Memetic-LS_MMX_1099666.config,20,10,0.4615213026990854,0.46553647111309393,0.46553647111309393,0.500334597367834,0.5076957394601829,0.5893374972116886,0.6352888690608968,0.7109078741913897,0.7343296899397724,0.7539594021860362,0.7695739460182913,0.7709123354896275,0.7965648003569039,0.7965648003569039
./instances/created-instances/mm-10-25-1917698.cdop,./settings/Memetic_MMX_1881515.config,10,25,0.8243462578899909,0.8690712353471596,0.9229936880072137,0.9229936880072137,0.939224526600541,0.9646528403967538,0.9722272317403066,0.9862939585211903,0.9862939585211903,0.9862939585211903,0.9862939585211903,0.9862939585211903,0.9862939585211903,0.9862939585211903
./instances/created-instances/mm-20-25-1891798.cdop,./settings/Memetic-LS_MMX_1881515.config,20,25,0.25760122230710464,0.33735676088617267,0.3663865546218487,0.3831932773109244,0.4553093964858671,0.5106187929717342,0.5543162719633308,0.6635599694423224,0.6745607333842628,0.6988540870893812,0.7644003055767762,0.8001527883880825,0.8068754774637128,0.8068754774637128
./instances/created-instances/mm-10-10-1917698.cdop,./settings/Memetic_MPX_1881515.config,10,10,0.8586082617133352,0.8586082617133352,0.900194067091766,0.900194067091766,0.900194067091766,0.926254505128916,0.9290268921541447,0.9317992791793734,0.9317992791793734,0.9317992791793734,0.9459384530080399,0.9598003881341836,0.9598003881341836,0.9598003881341836
./instances/created-instances/mm-20-10-1917698.cdop,./settings/Memetic_MMX_1287823.config,20,10,0.9174006189002618,0.9307307783860985,0.9316829326350868,0.9316829326350868,0.9316829326350868,0.9316829326350868,0.9316829326350868,0.9581052130445132,0.9850035705784337,0.9900023803856225,0.9900023803856225,0.991430611759105,0.991430611759105,0.991430611759105
./instances/created-instances/mm-15-40-1762875.cdop,./settings/Memetic_MPX_1881515.config,15,40,0.7505277044854881,0.7870712401055409,0.8003957783641161,0.8003957783641161,0.8003957783641161,0.8102902374670184,0.825065963060686,0.825065963060686,0.8358839050131927,0.8358839050131927,0.8671503957783642,0.8671503957783642,0.8671503957783642,0.8671503957783642
./instances/created-instances/mm-15-10-1762875.cdop,./settings/Memetic_MMX_1287823.config,15,10,0.9459594696022017,0.9459594696022017,0.9554665999499625,0.9554665999499625,0.9599699774831123,0.966224668501376,0.9687265449086815,0.9714786089567176,0.9714786089567176,0.9742306730047535,0.9742306730047535,0.9742306730047535,0.9742306730047535,0.9742306730047535
./instances/created-instances/mm-20-10-1767920.cdop,./settings/Memetic-LS_MPX_1287823.config,20,10,0.32544757033248084,0.33034953111679455,0.33951406649616367,0.3546462063086104,0.3640238704177323,0.3640238704177323,0.36828644501278773,0.38107416879795397,0.41091219096334186,0.42838874680306904,0.42838874680306904,0.4825234441602728,0.5036231884057971,0.5036231884057971
./instances/created-instances/mm-5-25-1762875.cdop,./settings/Memetic-LS_MPX_1099666.config,5,25,0.4519579092634121,0.5054338450922892,0.5658099016732793,0.612558219768846,0.7086424012420217,0.7358978782128687,0.7824736932896326,0.7905813351733655,0.7905813351733655,0.7905813351733655,0.7905813351733655,0.7905813351733655,0.7917888563049853,0.7917888563049853
./instances/created-instances/mm-10-40-1891798.cdop,./settings/Memetic_MPX_1287823.config,10,40,0.7430906967691708,0.814324639937719,0.814324639937719,0.814324639937719,0.8862073439730116,0.8862073439730116,0.8862073439730116,0.8862073439730116,0.928766056831452,0.928766056831452,0.9426495393797846,0.9426495393797846,0.9426495393797846,0.9426495393797846
./instances/created-instances/mm-5-10-1891798.cdop,./settings/Memetic-LS_MPX_1287823.config,5,10,0.7464040025015635,0.7892432770481551,0.7942464040025016,0.8198874296435272,0.8280175109443402,0.8721075672295184,0.8877423389618512,0.8877423389618512,0.8946216385240775,0.8946216385240775,0.9165103189493433,0.9171357098186367,0.9171357098186367,0.9171357098186367
./instances/created-instances/mm-15-25-1891798.cdop,./settings/Memetic_MPX_1881515.config,15,25,0.743687077075425,0.8202673708532762,0.8202673708532762,0.8715959729328272,0.8785278098696154,0.8785278098696154,0.8785278098696154,0.8818286846014194,0.8818286846014194,0.8818286846014194,0.899983495626341,0.899983495626341,0.899983495626341,0.899983495626341
./instances/created-instances/mm-15-40-1917698.cdop,./settings/Memetic_MMX_1881515.config,15,40,0.7997745208568208,0.8223224351747463,0.8476888387824126,0.8750845546786922,0.9104847801578354,0.9293122886133033,0.9543404735062007,0.9751972942502819,0.9745208568207441,0.9857948139797069,0.9857948139797069,0.9857948139797069,0.9916572717023675,0.9916572717023675
./instances/created-instances/mm-10-10-1762875.cdop,./settings/Memetic-LS_MMX_1287823.config,10,10,0.6489685492052756,0.6729793709841055,0.7000338180588435,0.7206628339533311,0.7210010145417654,0.7987825498816368,0.8326006087250591,0.8498478187352047,0.880622252282719,0.8894149475820088,0.8894149475820088,0.9513019952654718,0.9513019952654718,0.9513019952654718
./instances/created-instances/mm-15-40-1917698.cdop,./settings/Memetic-LS_MPX_1287823.config,15,40,0.1762119503945885,0.18816234498308906,0.18816234498308906,0.18816234498308906,0.2081172491544532,0.24498308906426156,0.24791431792559188,0.2835400225479143,0.2934611048478016,0.328184892897407,0.36708004509582864,0.4084554678692221,0.4177001127395716,0.4177001127395716
./instances/created-instances/mm-15-10-1891798.cdop,./settings/Memetic_MPX_1881515.config,15,10,0.8203671328671329,0.8203671328671329,0.8203671328671329,0.8520541958041958,0.8520541958041958,0.8586101398601399,0.861451048951049,0.861451048951049,0.8874562937062938,0.8874562937062938,0.9272290209790209,0.9272290209790209,0.9272290209790209,0.9272290209790209
./instances/created-instances/mm-5-40-1891798.cdop,./settings/Memetic_MPX_1099666.config,5,40,0.8247140726006962,0.865987071108901,0.8831427150671308,0.9017901541521631,0.9147190452511188,0.9147190452511188,0.9147190452511188,0.9147190452511188,0.9206862257583291,0.938836399801094,0.9711586275484834,0.9711586275484834,0.9711586275484834,0.9711586275484834
./instances/created-instances/mm-25-10-1891798.cdop,./settings/Memetic_MMX_1099666.config,25,10,0.8212155108128263,0.8765846383296048,0.918158090976883,0.9196495152870992,0.959358687546607,0.9658836689038032,0.9666293810589113,0.9737136465324385,0.9759507829977628,0.977255779269202,0.977255779269202,0.977255779269202,0.977255779269202,0.977255779269202
./instances/created-instances/mm-5-10-1762875.cdop,./settings/Memetic_MPX_1881515.config,5,10,0.9568281938325991,0.9731277533039647,0.9744493392070485,0.9744493392070485,0.9744493392070485,0.9744493392070485,0.9894273127753304,0.994273127753304,0.994273127753304,0.994273127753304,0.994273127753304,0.994273127753304,1.0,1.0
./instances/created-instances/mm-15-10-1767920.cdop,./settings/Memetic-LS_MPX_1287823.config,15,10,0.39571614019904805,0.4128083080917352,0.47490263954997836,0.5283427087840762,0.5434876676763306,0.5434876676763306,0.5607961921246214,0.577022933794894,0.5895716140199048,0.6767633059281696,0.6938554738208568,0.7652531371700563,0.8147987884032886,0.8147987884032886
./instances/created-instances/mm-15-25-1767920.cdop,./settings/Memetic_MPX_1099666.config,15,25,0.7572150660361976,0.7572150660361976,0.7572150660361976,0.7700962008804826,0.8080873960541334,0.8410239686939508,0.8410239686939508,0.8410239686939508,0.8410239686939508,0.8410239686939508,0.8519484754606229,0.8610794064894831,0.8610794064894831,0.8610794064894831
./instances/created-instances/mm-20-10-1762875.cdop,./settings/Memetic-LS_MMX_1881515.config,20,10,0.4057550747267455,0.4057550747267455,0.42939995538701764,0.5779611867053313,0.5857684586214589,0.6451037251840286,0.6879321882667856,0.6899397724737899,0.7465982600936872,0.8014722284184698,0.8501003792103502,0.8674994423377203,0.8674994423377203,0.8674994423377203
./instances/created-instances/mm-20-10-1767920.cdop,./settings/Memetic-LS_MMX_1287823.config,20,10,0.44181585677749363,0.4465046888320546,0.5225916453537937,0.5615942028985508,0.6110400682011935,0.6184995737425405,0.6800937766410913,0.724850809889173,0.7512787723785166,0.7512787723785166,0.7939045183290707,0.8113810741687979,0.8228900255754475,0.8228900255754475
./instances/created-instances/mm-10-25-1110588.cdop,./settings/Memetic_MMX_1099666.config,10,25,0.8455833882663151,0.8455833882663151,0.8792023731048121,0.9157877389584707,0.9612722478576137,0.9733025708635464,0.9838497033618985,0.9845088991430455,0.9892880685563612,0.9897824653922215,0.9897824653922215,1.0,1.0,1.0
./instances/created-instances/mm-25-10-1917698.cdop,./settings/Memetic_MMX_1881515.config,25,10,0.8278330019880715,0.8495029821073559,0.883300198807157,0.9003976143141154,0.9190854870775348,0.9306163021868787,0.9751491053677932,0.9751491053677932,0.9751491053677932,0.9767395626242544,0.9767395626242544,0.9767395626242544,0.9767395626242544,0.9767395626242544
./instances/created-instances/mm-5-25-1767920.cdop,./settings/Memetic-LS_MMX_1287823.config,5,25,0.6222222222222222,0.6785777777777777,0.7518222222222222,0.7584,0.7696,0.7712,0.7811555555555556,0.8410666666666666,0.8472888888888889,0.8654222222222222,0.8897777777777778,0.9004444444444445,0.9075555555555556,0.9075555555555556
./instances/created-instances/mm-10-40-1917698.cdop,./settings/Memetic_MPX_1881515.config,10,40,0.8011578152529575,0.8356405738736471,0.8356405738736471,0.8356405738736471,0.8356405738736471,0.8356405738736471,0.8384092625220236,0.8384092625220236,0.8384092625220236,0.8744022149509187,0.8744022149509187,0.8744022149509187,0.8744022149509187,0.8744022149509187
./instances/created-instances/mm-25-10-1110588.cdop,./settings/Memetic-LS_MPX_1099666.config,25,10,0.31836814366582084,0.31836814366582084,0.36053093890298654,0.3780987702518056,0.3780987702518056,0.3780987702518056,0.3780987702518056,0.3780987702518056,0.38766347843060706,0.4015225453835643,0.4741362482920164,0.4741362482920164,0.4741362482920164,0.4741362482920164
./instances/created-instances/mm-15-25-1762875.cdop,./settings/Memetic-LS_MPX_1287823.config,15,25,0.30312917099214,0.3046121904196945,0.309061248702358,0.309061248702358,0.3232982352068812,0.3286371051460774,0.3962627910425627,0.4036778881803352,0.4036778881803352,0.46018092837016167,0.5160907607889663,0.5527213406495625,0.5797122942310544,0.5797122942310544
./instances/created-instances/mm-15-10-1917698.cdop,./settings/Memetic-LS_MMX_1881515.config,15,10,0.5522279035792549,0.5941076211346482,0.6038470903335769,0.6126126126126126,0.67372778183589,0.7002678354029706,0.8008278548819089,0.8168979790601413,0.871682493304115,0.8767957146335524,0.8821524226929632,0.8950572193815437,0.9537375213050888,0.9537375213050888
./instances/created-instances/mm-25-25-1767920.cdop,./settings/Memetic_MMX_1287823.config,25,25,0.7608755506607929,0.7864812775330396,0.8303964757709251,0.8449889867841409,0.8770649779735683,0.8999174008810573,0.9215308370044053,0.9280011013215859,0.9280011013215859,0.9607654185022027,0.9607654185022027,0.9618667400881057,0.9640693832599119,0.9640693832599119
./instances/created-instances/mm-5-25-1891798.cdop,./settings/Memetic_MMX_1881515.config,5,25,0.9151743638077285,0.9129123468426014,0.9198868991517436,0.9198868991517436,0.9198868991517436,0.9362865221489162,0.9447690857681432,0.963430725730443,0.983411875589067,0.9873704052780395,0.9873704052780395,0.9873704052780395,0.9873704052780395,0.9873704052780395
./instances/created-instances/mm-15-10-1762875.cdop,./settings/Memetic_MPX_1287823.config,15,10,0.8341255941956467,0.8346259694771079,0.8563922942206655,0.8563922942206655,0.8563922942206655,0.8563922942206655,0.8563922942206655,0.8573930447835877,0.8573930447835877,0.9056792594445834,0.9056792594445834,0.9056792594445834,0.9116837628221166,0.9116837628221166
./instances/created-instances/mm-25-25-1110588.cdop,./settings/Memetic-LS_MMX_1287823.config,25,25,0.21768707482993196,0.3180952380952381,0.3620408163265306,0.37142857142857144,0.4085714285714286,0.4085714285714286,0.5006802721088436,0.5546938775510204,0.6053061224489796,0.6193197278911564,0.6295238095238095,0.6595918367346939,0.6874829931972789,0.6874829931972789
./instances/created-instances/mm-5-25-1891798.cdop,./settings/Memetic-LS_MMX_1099666.config,5,25,0.6203581526861451,0.6629594721960415,0.6701225259189444,0.6970782280867106,0.7568331762488218,0.7815268614514609,0.8145146088595664,0.8348727615457116,0.8348727615457116,0.869368520263902,0.9155513666352497,0.9155513666352497,0.9155513666352497,0.9155513666352497
./instances/created-instances/mm-15-40-1762875.cdop,./settings/Memetic-LS_MPX_1287823.config,15,40,0.17480211081794195,0.18153034300791557,0.19445910290237467,0.2567282321899736,0.274802110817942,0.32941952506596306,0.35989445910290235,0.383377308707124,0.4288918205804749,0.4288918205804749,0.4288918205804749,0.4730870712401055,0.5216358839050131,0.5216358839050131
./instances/created-instances/mm-20-25-1762875.cdop,./settings/Memetic-LS_MPX_1881515.config,20,25,0.23326199938856618,0.2664322837052889,0.3044940385203302,0.3044940385203302,0.3341485784163864,0.3341485784163864,0.3341485784163864,0.3465301131152553,0.35035157444206666,0.36426169367166006,0.36731886273310915,0.36731886273310915,0.37679608682360133,0.37679608682360133
./instances/created-instances/mm-5-25-1110588.cdop,./settings/Memetic-LS_MMX_1881515.config,5,25,0.6589257223896472,0.6839212905513207,0.6848076582166283,0.726466938486084,0.7759262542102464,0.8287537670625775,0.8420492820421911,0.8420492820421911,0.866158482538557,0.8776812621875554,0.8868994859067542,0.9439815635525616,0.9516043254742067,0.9516043254742067
./instances/created-instances/mm-5-25-1762875.cdop,./settings/Memetic_MPX_1881515.config,5,25,0.8611350698637226,0.8611350698637226,0.873900293255132,0.9032258064516129,0.9108159392789373,0.9258237019147835,0.9337588407797136,0.9594617905813352,0.9613593237881662,0.9613593237881662,0.9613593237881662,0.9613593237881662,0.9613593237881662,0.9613593237881662
./instances/created-instances/mm-10-40-1762875.cdop,./settings/Memetic-LS_MPX_1099666.config,10,40,0.2538589105753285,0.2538589105753285,0.26929455287664245,0.3348641408342901,0.3810435004464855,0.39813751754050264,0.43704554152315345,0.4596249521622656,0.5393545095037632,0.5572139303482587,0.6419186120678658,0.6463834672789897,0.6942212016838882,0.6942212016838882
./instances/created-instances/mm-10-25-1762875.cdop,./settings/Memetic-LS_MMX_1287823.config,10,25,0.41686788547775094,0.46360814073818557,0.5165574335977924,0.5567437047257675,0.5639875819248017,0.6176267678509831,0.7330113832355984,0.7493963435667471,0.7576750603656434,0.7738875474301483,0.8128665056916178,0.8197654363573647,0.8385650224215246,0.8385650224215246
./instances/created-instances/mm-10-10-1762875.cdop,./settings/Memetic_MMX_1881515.config,10,10,0.9414947582008792,0.9638146770375381,0.9726073723368278,0.9786946229286438,0.9786946229286438,0.989516401758539,0.989516401758539,0.9912073047007102
./instances/created-instances/mm-25-25-1762875.cdop,./settings/Memetic-LS_MPX_1881515.config,25,25,0.18679449512911706,0.18772228235657956,0.21323643111179835,0.2554507499613422,0.2554507499613422,0.2808102675119839,0.2808102675119839,0.282820473171486,0.282820473171486,0.3149837637235194,0.3149837637235194,0.3149837637235194,0.33137467140869026,0.33137467140869026
./instances/created-instances/mm-5-25-1762875.cdop,./settings/Memetic_MMX_1099666.config,5,25,0.8618250819389339,0.882870450232879,0.9429015007762636,0.9522166637916164,0.9522166637916164,0.9568742452992928,0.9584267724685182,0.9584267724685182,0.9741245471795756,0.9982749698119717,0.9982749698119717,0.9982749698119717,0.9982749698119717,0.9982749698119717
./instances/created-instances/mm-10-40-1110588.cdop,./settings/Memetic_MMX_1287823.config,10,40,0.7951118044721789,0.8177327093083724,0.857774310972439,0.921606864274571,0.9456578263130525,0.9456578263130525,0.9456578263130525,0.9603484139365575,0.9771190847633905,0.984529381175247,0.9889495579823193,0.9889495579823193,1.0,1.0
./instances/created-instances/mm-10-25-1110588.cdop,./settings/Memetic_MMX_1881515.config,10,25,0.9039222148978246,0.9207317073170732,0.9317732366512854,0.9470995385629531,0.9477587343441002,0.9619314436387607,0.9619314436387607,0.9619314436387607,0.9693473961766644,0.9823665128543178,0.9823665128543178,0.9904416611733685,0.9904416611733685,0.9904416611733685
./instances/created-instances/mm-10-40-1767920.cdop,./settings/Memetic_MPX_1287823.config,10,40,0.716959215281363,0.835828600929272,0.8407330924109447,0.8439597315436241,0.8439597315436241,0.8439597315436241,0.8537687145069696,0.8839700567888488,0.9088797108931337,0.9140423335054207,0.9233350542075375,0.931078988125968,0.931078988125968,0.931078988125968
./instances/created-instances/mm-10-10-1767920.cdop,./settings/Memetic_MMX_1287823.config,10,10,0.9509280447495551,0.9598271039918638,0.9692346809051614,0.9760996694635139,0.9844902110348335,0.9844902110348335,0.9844902110348335,0.9844902110348335,0.9844902110348335,0.9844902110348335,0.999491482329011,0.999491482329011,0.999491482329011,0.999491482329011
./instances/created-instances/mm-5-10-1917698.cdop,./settings/Memetic_MPX_1099666.config,5,10,0.960747071858183,0.960747071858183,0.9775245330800887,0.9854384298828743,0.9854384298828743,0.9854384298828743,0.9854384298828743,0.9854384298828743,0.9854384298828743,0.9927192149414371,0.9927192149414371,0.9968344412788858,0.9968344412788858,0.9968344412788858
./instances/created-instances/mm-15-40-1891798.cdop,./settings/Memetic_MPX_1099666.config,15,40,0.7099226635207759,0.7353519465198585,0.8112465591820684,0.8821601782671386,0.8821601782671386,0.8821601782671386,0.8821601782671386,0.8821601782671386,0.8821601782671386,0.8821601782671386,0.8821601782671386,0.8821601782671386,0.8884519596277363,0.8884519596277363
./instances/created-instances/mm-5-10-1767920.cdop,./settings/Memetic-LS_MPX_1881515.config,5,10,0.7584955460244144,0.7809303860112174,0.7990762124711316,0.7990762124711316,0.8145826459914219,0.8940943582975915,0.907951171230617,0.907951171230617,0.930715935334873,0.930715935334873,0.9673375123721544,0.9673375123721544,0.9673375123721544,0.9673375123721544
./instances/created-instances/mm-5-10-1917698.cdop,./settings/Memetic-LS_MPX_1099666.config,5,10,0.7828426717315606,0.7945552389996834,0.8353909465020576,0.8426717315606205,0.8575498575498576,0.8695789806900918,0.8923710034821146,0.8952200063311174,0.912630579297246,0.9658119658119658,0.9658119658119658,0.9658119658119658,0.9664450775561887,0.9664450775561887
./instances/created-instances/mm-20-25-1767920.cdop,./settings/Memetic-LS_MPX_1287823.config,20,25,0.18715921483097056,0.18906761177753545,0.2013358778625954,0.26608505997818976,0.27589967284623773,0.27589967284623773,0.27589967284623773,0.28326063249727373,0.2989367502726281,0.30657033805888767,0.371319520174482,0.38017993456924754,0.40866957470010906,0.40866957470010906
./instances/created-instances/mm-20-10-1891798.cdop,./settings/Memetic-LS_MPX_1099666.config,20,10,0.2982456140350877,0.3371212121212121,0.3371212121212121,0.3371212121212121,0.34230462519936206,0.34230462519936206,0.3624401913875598,0.3624401913875598,0.38616427432216904,0.38616427432216904,0.38616427432216904,0.38616427432216904,0.4134768740031898,0.4134768740031898
./instances/created-instances/mm-10-40-1891798.cdop,./settings/Memetic-LS_MPX_1287823.config,10,40,0.27364733359283766,0.27364733359283766,0.30206305955624757,0.34955235500194626,0.4082003373556507,0.46814584144284416,0.5113533151680291,0.514207862981705,0.5498897106526535,0.6050343843259375,0.6565459971454521,0.6706889840404827,0.6706889840404827,0.6706889840404827
./instances/created-instances/mm-15-25-1917698.cdop,./settings/Memetic_MMX_1287823.config,15,25,0.9187234711523345,0.9187234711523345,0.9187234711523345,0.9279987423361107,0.9394749253262066,0.9489074044961484,0.9506366923439711,0.9539380600534507,0.9597547555415815,0.9710737305455117,0.9710737305455117,0.9926112246502122,0.9926112246502122,0.9926112246502122
./instances/created-instances/mm-20-10-1767920.cdop,./settings/Memetic-LS_MMX_1099666.config,20,10,0.35485933503836314,0.3829923273657289,0.5123614663256607,0.5884484228473998,0.6790281329923273,0.6952259164535379,0.7372122762148338,0.7875106564364877,0.8111679454390451,0.8567774936061381,0.862531969309463,0.862531969309463,0.8716965046888321,0.8716965046888321
./instances/created-instances/mm-25-25-1917698.cdop,./settings/Memetic_MMX_1287823.config,25,25,0.8158451768974901,0.839280314484427,0.883429089809495,0.8921983671000907,0.8961294224372544,0.90489869972785,0.9277290595706078,0.9541880858784396,0.9544904747505292,0.9717266404596311,0.9780768067735107,0.9845781675234352,0.9845781675234352,0.9845781675234352
./instances/created-instances/mm-20-10-1767920.cdop,./settings/Memetic-LS_MPX_1099666.config,20,10,0.3301364023870418,0.3301364023870418,0.3301364023870418,0.3301364023870418,0.33397271952259167,0.39791133844842286,0.39791133844842286,0.41027280477408357,0.4497016197783461,0.45012787723785164,0.4514066496163683,0.45694799658994034,0.45694799658994034,0.45694799658994034
./instances/created-instances/mm-15-25-1767920.cdop,./settings/Memetic-LS_MMX_1881515.config,15,25,0.31354964943746944,0.37762921897929236,0.4306212294146421,0.5219305397032448,0.5569867927604761,0.5591064731778901,0.6861242458829284,0.7273764878526007,0.7720528289580956,0.8139572802869721,0.8589597260720692,0.892711560410892,0.8953203978477091,0.8953203978477091
./instances/created-instances/mm-15-25-1891798.cdop,./settings/Memetic-LS_MMX_1099666.config,15,25,0.40963855421686746,0.44627826373989105,0.4497441822082852,0.4759861363261264,0.5170820267370854,0.5330912691863344,0.5578478296748638,0.6096715629641855,0.686581944215217,0.7324641029872916,0.8004621224624525,0.8578973427958408,0.8819937283380096,0.8819937283380096
./instances/created-instances/mm-5-40-1891798.cdop,./settings/Memetic-LS_MMX_1881515.config,5,40,0.46643460964694183,0.46892093485827946,0.4803580308304326,0.5202635504724018,0.5440079562406763,0.6220785678766783,0.6718050721034311,0.7079811039283939,0.7455246146195923,0.7541024365987071,0.7861760318249627,0.7991049229239184,0.8097961213326703,0.8097961213326703
./instances/created-instances/mm-25-10-1762875.cdop,./settings/Memetic-LS_MPX_1099666.config,25,10,0.2468427095292767,0.31209337925755837,0.31209337925755837,0.31209337925755837,0.31209337925755837,0.31209337925755837,0.35667814772292383,0.35706084959816303,0.3882510524301569,0.39667049368541907,0.39686184462303864,0.39686184462303864,0.4070034443168771,0.4070034443168771
./instances/created-instances/mm-20-10-1891798.cdop,./settings/Memetic-LS_MMX_1287823.config,20,10,0.4356060606060606,0.45494417862838915,0.516347687400319,0.5956937799043063,0.6168261562998405,0.620414673046252,0.6383572567783095,0.6726475279106858,0.7687400318979266,0.8024322169059012,0.8233652312599681,0.8369218500797448,0.847488038277512,0.847488038277512
./instances/created-instances/mm-10-25-1917698.cdop,./settings/Memetic_MMX_1287823.config,10,25,0.8402164111812443,0.8690712353471596,0.8676284941388639,0.8807935076645627,0.8829576194770064,0.9228133453561768,0.9269612263300271,0.9269612263300271,0.9565374211000902,0.9594229035166817,0.9594229035166817,0.9594229035166817,0.9830477908025248,0.9830477908025248
./instances/created-instances/mm-15-10-1110588.cdop,./settings/Memetic_MMX_1287823.config,15,10,0.8909671532846716,0.9165145985401459,0.9238138686131386,0.9238138686131386,0.9238138686131386,0.927007299270073,0.9461678832116789,0.9539233576642335,0.9539233576642335,0.9539233576642335,0.9621350364963503,0.9621350364963503,0.9621350364963503,0.9621350364963503
./instances/created-instances/mm-10-10-1917698.cdop,./settings/Memetic-LS_MMX_1881515.config,10,10,0.7194344330468534,0.7510396451344608,0.7934571666204602,0.828666481840865,0.828666481840865,0.8425284169670086,0.8461325200998059,0.8830052675353479,0.9173828666481841,0.9215414471860272,0.9270862212364847,0.9270862212364847,0.9270862212364847,0.9270862212364847
./instances/created-instances/mm-20-25-1767920.cdop,./settings/Memetic_MMX_1881515.config,20,25,0.8043893129770993,0.861504907306434,0.8936750272628136,0.904989094874591,0.9469738276990185,0.9469738276990185,0.9573336968375137,0.9727371864776445,0.9727371864776445,0.9885496183206107,0.9925027262813523,0.9925027262813523,0.9957742639040349,0.9957742639040349
./instances/created-instances/mm-15-10-1917698.cdop,./settings/Memetic_MMX_1099666.config,15,10,0.9242756269783297,0.9447285122960799,0.9508156805454103,0.96518139761383,0.9722425127830533,0.9722425127830533,0.987582176771366,0.987582176771366,0.9924519113708303,0.9924519113708303,0.9936693450206964,1.0,1.0,1.0
./instances/created-instances/mm-20-10-1767920.cdop,./settings/Memetic_MPX_1287823.config,20,10,0.7617220801364024,0.7617220801364024,0.7617220801364024,0.776001705029838,0.8167092924126172,0.8226768968456948,0.8473998294970162,0.8612531969309463,0.8612531969309463,0.8612531969309463,0.8612531969309463,0.8612531969309463,0.8612531969309463,0.8612531969309463
./instances/created-instances/mm-20-10-1110588.cdop,./settings/Memetic_MPX_1287823.config,20,10,0.7433526011560694,0.7810404624277457,0.7810404624277457,0.7810404624277457,0.8647398843930636,0.8647398843930636,0.8647398843930636,0.8647398843930636,0.8647398843930636,0.8647398843930636,0.8647398843930636,0.8647398843930636,0.901271676300578,0.901271676300578
./instances/created-instances/mm-15-25-1110588.cdop,./settings/Memetic_MMX_1881515.config,15,25,0.8161198288159772,0.8640513552068474,0.9128388017118402,0.9242510699001426,0.9323823109843081,0.9523537803138373,0.9684736091298145,0.9716119828815977,0.9777460770328102,1.0,1.0,1.0,1.0,1.0
./instances/created-instances/mm-5-10-1762875.cdop,./settings/Memetic_MMX_1287823.config,5,10,0.9828193832599119,0.9828193832599119,0.9859030837004406,0.9859030837004406,0.9859030837004406,0.9859030837004406,0.9898678414096916,0.9898678414096916,0.9898678414096916,0.9938325991189427,0.994273127753304
./instances/created-instances/mm-15-10-1767920.cdop,./settings/Memetic-LS_MMX_1287823.config,15,10,0.5662051060147123,0.5692340977931631,0.6222414539160537,0.6505841627001299,0.6886629164863696,0.6938554738208568,0.7555170921678926,0.7684984855041108,0.8195586326265686,0.8556901774123756,0.8831674599740372,0.8965815664214626,0.9203807875378623,0.9203807875378623
./instances/created-instances/mm-5-25-1917698.cdop,./settings/Memetic_MMX_1287823.config,5,25,0.8699202430687428,0.9048613748575769,0.9120774781617926,0.9137865552601595,0.9432206608431447,0.9616407140144322,0.9616407140144322,0.9644891758450437,0.9758830231674895,0.9777819977212305,0.9887960501329283,0.996202050892518,0.996202050892518,0.996202050892518
./instances/created-instances/mm-20-25-1110588.cdop,./settings/Memetic-LS_MPX_1287823.config,20,25,0.22614840989399293,0.22614840989399293,0.2610231986480258,0.2753111076970349,0.2753111076970349,0.2809955446305116,0.2809955446305116,0.2809955446305116,0.30788139499155015,0.3097249961591642,0.316945767398986,0.3217084037486557,0.3433707174681211,0.3433707174681211
./instances/created-instances/mm-5-25-1891798.cdop,./settings/Memetic_MPX_1287823.config,5,25,0.873138548539114,0.8897266729500471,0.8897266729500471,0.8897266729500471,0.8968897266729501,0.9274269557021678,0.9317624882186616,0.9317624882186616,0.9317624882186616,0.9589066918001885,0.9760603204524034,0.9911404335532517,0.9911404335532517,0.9911404335532517
./instances/created-instances/mm-5-40-1110588.cdop,./settings/Memetic-LS_MPX_1287823.config,5,40,0.47015319598520866,0.5532223983095615,0.5818806127839409,0.5944268357105125,0.6081616481774961,0.6229529846804015,0.6266508188061278,0.6373481246698363,0.7087955625990491,0.7386423666138404,0.7449815108293714,0.7622820919175911,0.778526148969889,0.778526148969889
./instances/created-instances/mm-25-25-1110588.cdop,./settings/Memetic_MMX_1881515.config,25,25,0.7806802721088435,0.8355102040816327,0.8495238095238096,0.8779591836734694,0.8926530612244898,0.9099319727891156,0.9099319727891156,0.9282993197278911,0.9401360544217687,0.9601360544217687,0.9669387755102041,0.9700680272108844,0.9812244897959184,0.9812244897959184
./instances/created-instances/mm-5-10-1762875.cdop,./settings/Memetic-LS_MMX_1881515.config,5,10,0.7515418502202643,0.801762114537445,0.8277533039647577,0.8458149779735683,0.8533039647577092,0.9418502202643172,0.9524229074889868,0.9770925110132158,0.9828193832599119,0.9903083700440528,0.9903083700440528,0.9903083700440528,0.9903083700440528,0.9903083700440528
./instances/created-instances/mm-10-40-1767920.cdop,./settings/Memetic_MMX_1099666.config,10,40,0.7995611770779556,0.8385389778007227,0.8714506969540526,0.8915849251419721,0.9133970056788848,0.9260454310789882,0.9295302013422819,0.9321115126484254,0.9459215281362933,0.9645069695405266,0.9726381001548787,0.9818017552916882,0.9845121321631388,0.9845121321631388
./instances/created-instances/mm-15-10-1762875.cdop,./settings/Memetic-LS_MPX_1287823.config,15,10,0.39704778583937955,0.39704778583937955,0.4318238679009257,0.43232424318238677,0.43232424318238677,0.49011758819114337,0.5206404803602702,0.5721791343507631,0.5991993995496623,0.615961971478609,0.676257192894671,0.6810107580685514,0.70778083562672,0.70778083562672
./instances/created-instances/mm-5-25-1110588.cdop,./settings/Memetic-LS_MPX_1287823.config,5,25,0.5715298705903209,0.5715298705903209,0.5869526679666726,0.6227619216450984,0.6892394965431661,0.7110441411097324,0.7167168941677008,0.7479170359865273,0.7589079950363411,0.8058854812976423,0.8548129764226201,0.8849494770430775,0.8849494770430775,0.8849494770430775
./instances/created-instances/mm-20-10-1767920.cdop,./settings/Memetic_MPX_1099666.config,20,10,0.768542199488491,0.7892156862745098,0.7892156862745098,0.7943307757885762,0.8213981244671782,0.8213981244671782,0.83461210571185,0.8495311167945439,0.8495311167945439,0.8655157715260017,0.8817135549872123,0.8817135549872123,0.8817135549872123,0.8817135549872123
./instances/created-instances/mm-20-10-1891798.cdop,./settings/Memetic_MPX_1099666.config,20,10,0.7894736842105263,0.7936602870813397,0.8257575757575758,0.8257575757575758,0.8257575757575758,0.8257575757575758,0.8257575757575758,0.8413078149920256,0.8458931419457735,0.8805821371610846,0.9015151515151515,0.9015151515151515,0.9015151515151515,0.9015151515151515
./instances/created-instances/mm-20-25-1767920.cdop,./settings/Memetic-LS_MMX_1099666.config,20,25,0.20338058887677207,0.26717557251908397,0.289803707742639,0.3026172300981461,0.4387949836423119,0.4806434023991276,0.5558887677208287,0.5558887677208287,0.5681570338058888,0.6652126499454744,0.7265539803707742,0.772082878953108,0.7840785169029444,0.7840785169029444
./instances/created-instances/mm-5-40-1110588.cdop,./settings/Memetic-LS_MMX_1099666.config,5,40,0.4683042789223455,0.47781299524564186,0.4808505018489171,0.5486001056524036,0.6358954041204438,0.664553618594823,0.6674590596936081,0.6804014791336503,0.7099841521394612,0.7444532488114105,0.7952984680401479,0.839012150026413,0.8880084521922874,0.8880084521922874
./instances/created-instances/mm-10-10-1762875.cdop,./settings/Memetic_MMX_1287823.config,10,10,0.9262766317213392,0.9262766317213392,0.9262766317213392,0.9705782888062225,0.9830909705782888,0.9830909705782888,0.9830909705782888,0.9830909705782888,0.9830909705782888,0.9905309435238417
./instances/created-instances/mm-15-40-1891798.cdop,./settings/Memetic-LS_MPX_1881515.config,15,40,0.20907065146152837,0.22112989906934066,0.25652116922270285,0.25861842967623544,0.2886354699174204,0.31524446192161487,0.3328090182199502,0.34644121116791193,0.34644121116791193,0.4004456678463757,0.48184558919910864,0.6034866955039979,0.6462183772447241,0.6462183772447241
./instances/created-instances/mm-25-25-1762875.cdop,./settings/Memetic_MPX_1287823.config,25,25,0.7176434204422453,0.7648059378382558,0.7648059378382558,0.7648059378382558,0.7648059378382558,0.7648059378382558,0.796659965981135,0.796659965981135,0.796659965981135,0.8178444410081954,0.8179990722127726,0.8179990722127726,0.8179990722127726,0.8179990722127726
./instances/created-instances/mm-20-25-1767920.cdop,./settings/Memetic_MPX_1099666.config,20,25,0.7369138495092693,0.7870774263904035,0.8009814612868048,0.8009814612868048,0.8009814612868048,0.8009814612868048,0.8009814612868048,0.8098418756815703,0.8103871319520175,0.8148854961832062,0.8497818974918212,0.8497818974918212,0.8497818974918212,0.8497818974918212
./instances/created-instances/mm-10-25-1891798.cdop,./settings/Memetic-LS_MMX_1287823.config,10,25,0.3740918225382594,0.42943267893028286,0.4787447828103262,0.5305302210542587,0.5498531457721441,0.6330190137579224,0.6665636110681713,0.7103107126294635,0.754212397588499,0.8146545061060442,0.8676766115319214,0.889318287215953,0.8950378729324471,0.8950378729324471
./instances/created-instances/mm-25-25-1891798.cdop,./settings/Memetic_MMX_1881515.config,25,25,0.8090216754540129,0.8473930872876392,0.8967486818980668,0.898506151142355,0.9131517281780902,0.9458113649677797,0.968804920913884,0.9701230228471002,0.9753954305799648,0.9840363210310487,0.9840363210310487,0.9932630345635618,0.9932630345635618,0.9932630345635618
./instances/created-instances/mm-5-40-1891798.cdop,./settings/Memetic_MMX_1287823.config,5,40,0.8371456986573844,0.8761810044753854,0.9001740427647936,0.9257831924415714,0.9326205867727498,0.9451765290900049,0.9686723023371457,0.9756340129288911,0.9791148682247638,0.9920437593237196
./instances/created-instances/mm-20-10-1891798.cdop,./settings/Memetic-LS_MMX_1099666.config,20,10,0.4232456140350877,0.4772727272727273,0.5069776714513556,0.5743620414673046,0.5913078149920256,0.6419457735247209,0.6858054226475279,0.7017543859649122,0.7137161084529505,0.7360446570972887,0.7390350877192983,0.7721291866028708,0.8183811802232854,0.8183811802232854
./instances/created-instances/mm-15-10-1891798.cdop,./settings/Memetic_MMX_1099666.config,15,10,0.9348776223776224,0.9348776223776224,0.9490821678321678,0.9624125874125874,0.9700611888111889,0.9744318181818182,0.9744318181818182,0.9766171328671329,0.9877622377622378,0.9906031468531469,0.9906031468531469,0.9906031468531469,0.9906031468531469,0.9906031468531469
./instances/created-instances/mm-15-40-1767920.cdop,./settings/Memetic_MPX_1881515.config,15,40,0.7037037037037037,0.7242532855436081,0.8258064516129032,0.8258064516129032,0.8258064516129032,0.8320191158900836,0.8320191158900836,0.8320191158900836,0.8320191158900836,0.8506571087216248,0.8655913978494624,0.8733572281959379,0.8934289127837515,0.8934289127837515
./instances/created-instances/mm-15-25-1917698.cdop,./settings/Memetic_MMX_1099666.config,15,25,0.8374469423046691,0.8717182832887911,0.9129067756642038,0.914321647539695,0.917465807263009,0.9451344128281717,0.9451344128281717,0.9462348687313316,0.9671435308913693,0.9897814808992297,0.9955981763873605,0.9955981763873605,0.9955981763873605,0.9955981763873605
./instances/created-instances/mm-10-25-1917698.cdop,./settings/Memetic-LS_MMX_1881515.config,10,25,0.5040577096483319,0.5103697024346258,0.5105500450856627,0.5439134355275023,0.5953110910730388,0.6209197475202886,0.6331830477908025,0.6681695220919748,0.7067628494138863,0.7325518485121731,0.8090171325518485,0.8519386834986474,0.8539224526600541,0.8539224526600541
./instances/created-instances/mm-15-25-1762875.cdop,./settings/Memetic_MMX_1881515.config,15,25,0.8303425774877651,0.8303425774877651,0.8321222008008304,0.9129467596025508,0.9540263977458104,0.9679667803648228,0.9698947056206436,0.9698947056206436,0.9698947056206436,0.9839833901824114,0.9839833901824114,0.9839833901824114,0.9982203766869346,0.9982203766869346
./instances/created-instances/mm-5-40-1891798.cdop,./settings/Memetic_MPX_1287823.config,5,40,0.8056936847339632,0.8535554450522128,0.8826454500248633,0.8826454500248633,0.8826454500248633,0.8963202386872203,0.9067628045748384,0.9093734460467429,0.9337394331178518,0.9374689209348582,0.9545002486325211,0.9817255096966683,0.9817255096966683,0.9817255096966683
./instances/created-instances/mm-15-10-1110588.cdop,./settings/Memetic_MMX_1099666.config,15,10,0.8809306569343066,0.926779197080292,0.9359032846715328,0.9432025547445255,0.9507299270072993,0.968978102189781,0.968978102189781,0.9721715328467153,0.9721715328467153,0.9735401459854015,0.9735401459854015,0.9735401459854015,0.9735401459854015,0.9735401459854015
./instances/created-instances/mm-15-10-1891798.cdop,./settings/Memetic-LS_MPX_1099666.config,15,10,0.4156468531468531,0.4156468531468531,0.430506993006993,0.5203234265734266,0.534527972027972,0.5749562937062938,0.5893793706293706,0.5893793706293706,0.6225961538461539,0.6743881118881119,0.676791958041958,0.676791958041958,0.6877185314685315,0.6877185314685315
./instances/created-instances/mm-20-10-1762875.cdop,./settings/Memetic_MMX_1287823.config,20,10,0.8817755966986393,0.9145661387463752,0.9341958509926389,0.9509257193843409,0.9674325228641535,0.9732322105732768,0.9819317421369619,0.988846754405532,0.9904082087887576,0.9919696631719831,0.9919696631719831,0.9937541824670979,1.0,1.0
./instances/created-instances/mm-5-40-1110588.cdop,./settings/Memetic_MMX_1099666.config,5,40,0.8157686212361331,0.8199947173798204,0.8300316957210776,0.881933438985737,0.9339672477548864,0.9339672477548864,0.9480982567353408,0.9609086106708927,0.9632857897517169,0.9667194928684627,0.9771526677231906,0.9771526677231906,0.9826994189117803,0.9826994189117803
./instances/created-instances/mm-25-10-1110588.cdop,./settings/Memetic_MPX_1099666.config,25,10,0.7913332032012492,0.7995315244973649,0.7995315244973649,0.7995315244973649,0.7995315244973649,0.7995315244973649,0.7995315244973649,0.8108530158110482,0.832715205934023,0.833495998438415,0.8477454616435682,0.8617997267226235,0.8617997267226235,0.8617997267226235
./instances/created-instances/mm-5-10-1762875.cdop,./settings/Memetic-LS_MMX_1099666.config,5,10,0.8185022026431719,0.8299559471365638,0.8392070484581498,0.8762114537444934,0.8814977973568282,0.9303964757709251,0.9590308370044053,0.9590308370044053,0.9845814977973568,0.9845814977973568,0.9845814977973568,0.9863436123348017,0.9863436123348017,0.9863436123348017
./instances/created-instances/mm-15-10-1767920.cdop,./settings/Memetic_MMX_1099666.config,15,10,0.9210298572046733,0.9234097793163133,0.934227607096495,0.9346603202077023,0.9720900043271311,0.975118996105582,0.975118996105582,0.9859368238857638,0.9859368238857638,0.9859368238857638,0.9937256598874946,0.9954565123323237,0.9954565123323237,0.9954565123323237
./instances/created-instances/mm-15-40-1891798.cdop,./settings/Memetic-LS_MPX_1287823.config,15,40,0.17748066588019398,0.20553152444619216,0.20789094245641632,0.2228339231878359,0.22401363219294795,0.25822519334119803,0.2632061869183379,0.3362170664569406,0.4046401887534408,0.4813212740857255,0.5020317210643597,0.5680954253506357,0.6205269366889501,0.6205269366889501
./instances/created-instances/mm-15-40-1767920.cdop,./settings/Memetic-LS_MMX_1287823.config,15,40,0.18410991636798088,0.24062126642771803,0.3001194743130227,0.3163679808841099,0.35507765830346477,0.3959378733572282,0.43643966547192353,0.4970131421744325,0.572879330943847,0.5925925925925926,0.6431302270011947,0.6916367980884109,0.7052568697729988,0.7052568697729988
./instances/created-instances/mm-15-10-1110588.cdop,./settings/Memetic_MPX_1099666.config,15,10,0.7965328467153284,0.7965328467153284,0.7965328467153284,0.7965328467153284,0.8047445255474452,0.8467153284671532,0.8820711678832117,0.8820711678832117,0.8820711678832117,0.8820711678832117,0.8820711678832117,0.8820711678832117,0.8825273722627737,0.8825273722627737
./instances/created-instances/mm-20-25-1917698.cdop,./settings/Memetic-LS_MPX_1287823.config,20,25,0.20640243902439023,0.20640243902439023,0.2211890243902439,0.24283536585365853,0.25640243902439025,0.27972560975609756,0.27972560975609756,0.27972560975609756,0.27972560975609756,0.34847560975609754,0.3518292682926829,0.3591463414634146,0.4003048780487805,0.4003048780487805
./instances/created-instances/mm-5-40-1917698.cdop,./settings/Memetic_MPX_1287823.config,5,40,0.7943876212955678,0.8743771308680829,0.9024390243902439,0.9202727511146079,0.9202727511146079,0.9202727511146079,0.939417781274587,0.939417781274587,0.939417781274587,0.96066089693155,0.962496721741411,0.964857067925518,0.9668240230789404,0.9668240230789404
./instances/created-instances/mm-10-40-1917698.cdop,./settings/Memetic_MMX_1881515.config,10,40,0.795242889504153,0.8079536873898817,0.870375031462371,0.8892524540649384,0.9209665240372514,0.9322929775987918,0.9450037754845205,0.9613642084067455,0.9657689403473446,0.9657689403473446,0.9657689403473446,0.9657689403473446,0.9657689403473446,0.9657689403473446
./instances/created-instances/mm-25-25-1891798.cdop,./settings/Memetic-LS_MMX_1881515.config,25,25,0.27182190978324544,0.31004686584651436,0.3368482718219098,0.37478031634446396,0.45562390158172233,0.5004393673110721,0.574838898652607,0.6611013473930872,0.6942003514938488,0.7161687170474517,0.7337434094903339,0.7486818980667839,0.7652314001171646,0.7652314001171646
./instances/created-instances/mm-5-40-1891798.cdop,./settings/Memetic-LS_MPX_1287823.config,5,40,0.3842615614122327,0.39296369965191447,0.4908005967180507,0.533814022874192,0.5461213326703133,0.593858776727996,0.6775236200895077,0.6966683242168076,0.7348334162108404,0.7860517155643958,0.7946295375435107,0.8141471904525112,0.8203630034808553,0.8203630034808553
./instances/created-instances/mm-15-10-1891798.cdop,./settings/Memetic-LS_MPX_1881515.config,15,10,0.4178321678321678,0.44340034965034963,0.44755244755244755,0.46896853146853146,0.5535402097902098,0.565777972027972,0.5880681818181818,0.6638986013986014,0.6741695804195804,0.6938374125874126,0.6938374125874126,0.7325174825174825,0.7725087412587412,0.7725087412587412
./instances/created-instances/mm-5-10-1110588.cdop,./settings/Memetic-LS_MMX_1287823.config,5,10,0.7888358428204186,0.8398824825560044,0.9004774146162321,0.9596033786265149,0.9709878810135879,0.9717223650385605,0.9717223650385605,0.9717223650385605,0.9717223650385605,0.9717223650385605,0.9783327212633125,0.9783327212633125,0.9783327212633125,0.9783327212633125
./instances/created-instances/mm-15-40-1762875.cdop,./settings/Memetic-LS_MMX_1881515.config,15,40,0.26279683377308705,0.283377308707124,0.40105540897097625,0.45118733509234826,0.4804749340369393,0.48720316622691295,0.533377308707124,0.5612137203166226,0.6146437994722955,0.6196569920844327,0.6633245382585752,0.7065963060686016,0.7443271767810027,0.7443271767810027
./instances/created-instances/mm-10-25-1767920.cdop,./settings/Memetic_MPX_1099666.config,10,25,0.8166224855761735,0.8420396070481834,0.8632465304849525,0.8749415250272883,0.8749415250272883,0.9030095119288944,0.9030095119288944,0.9140807734289724,0.9162638390768751,0.9271791673163886,0.9315452986121939,0.9315452986121939,0.9390300951192889,0.9390300951192889
./instances/created-instances/mm-15-40-1891798.cdop,./settings/Memetic_MMX_1099666.config,15,40,0.8172761829859746,0.8370690785161883,0.8556822650412899,0.8828155721588675,0.9100799580547909,0.9161095818586971,0.9268580416830515,0.9303971686983877,0.9495346703368724,0.9554332153624329,0.9727356141040765
./instances/created-instances/mm-5-25-1917698.cdop,./settings/Memetic-LS_MPX_1099666.config,5,25,0.5199392328142803,0.5265856437523737,0.5584884162552222,0.6086213444739841,0.6748955563995442,0.7075579187238891,0.740220281048234,0.796619825294341,0.831371059627801,0.8596657804785416,0.8731484998101026,0.8731484998101026,0.8909988606152678,0.8909988606152678
./instances/created-instances/mm-25-25-1110588.cdop,./settings/Memetic-LS_MPX_1881515.config,25,25,0.19374149659863946,0.20993197278911566,0.20993197278911566,0.22476190476190477,0.23904761904761904,0.23904761904761904,0.24040816326530612,0.24979591836734694,0.24979591836734694,0.24979591836734694,0.26693877551020406,0.26693877551020406,0.2748299319727891,0.2748299319727891
./instances/created-instances/mm-5-25-1110588.cdop,./settings/Memetic_MMX_1099666.config,5,25,0.8588902676830349,0.8874313065059387,0.9258996631802872,0.9381315369615316,0.9643680198546357,0.9643680198546357,0.9643680198546357,0.9643680198546357,0.9746498847722035,0.9726998759085269,0.9826271937599717,0.9849317496897713,0.9849317496897713,0.9849317496897713
./instances/created-instances/mm-10-25-1917698.cdop,./settings/Memetic_MPX_1099666.config,10,25,0.7630297565374211,0.7944093778178539,0.7944093778178539,0.7944093778178539,0.8156898106402164,0.8858431018935978,0.8867448151487827,0.9146979260595131,0.9146979260595131,0.9146979260595131,0.9146979260595131,0.9146979260595131,0.9190261496844003,0.9190261496844003
./instances/created-instances/mm-20-10-1767920.cdop,./settings/Memetic_MMX_1099666.config,20,10,0.8678601875532822,0.9028132992327366,0.9045183290707587,0.9296675191815856,0.9573742540494459,0.9614236999147485,0.9614236999147485,0.972080136402387,0.972080136402387,0.9793265132139812,0.9825234441602728,0.9970161977834612,0.9970161977834612,0.9970161977834612
./instances/created-instances/mm-15-25-1110588.cdop,./settings/Memetic-LS_MPX_1287823.config,15,25,0.2536376604850214,0.2536376604850214,0.27860199714693296,0.3021398002853067,0.3034236804564907,0.3034236804564907,0.3034236804564907,0.3656205420827389,0.41069900142653354,0.41925820256776036,0.47360912981455067,0.5302425106990014,0.5718972895863053,0.5718972895863053
./instances/created-instances/mm-25-10-1762875.cdop,./settings/Memetic_MMX_1099666.config,25,10,0.7965939533103712,0.8153463451970915,0.8578262533486414,0.9265212399540758,0.9341752774588595,0.9341752774588595,0.937236892460773,0.947187141216992,0.9527363184079602,0.9527363184079602,0.9837351703023345,0.9837351703023345
./instances/created-instances/mm-20-10-1917698.cdop,./settings/Memetic_MMX_1099666.config,20,10,0.8955010711735301,0.9340633182575577,0.9412044751249703,0.9509640561771007,0.9509640561771007,0.9509640561771007,0.9531064032373244,0.9542965960485599,0.974529873839562,0.9845274934539395,0.985955724827422,0.985955724827422,0.985955724827422,0.985955724827422
./instances/created-instances/mm-10-40-1110588.cdop,./settings/Memetic-LS_MMX_1881515.config,10,40,0.3029121164846594,0.3499739989599584,0.36817472698907955,0.43018720748829953,0.5097503900156006,0.5718928757150286,0.5998439937597504,0.6458658346333853,0.6787571502860115,0.717758710348414,0.7633905356214249,0.8116224648985959,0.8173426937077483,0.8173426937077483
./instances/created-instances/mm-5-10-1110588.cdop,./settings/Memetic_MPX_1287823.config,5,10,0.964744766801322,0.9794344473007712,0.9915534337128168,0.9915534337128168,0.9915534337128168,0.9915534337128168,0.9915534337128168,0.9926551597502754,0.9926551597502754,0.9926551597502754,0.9955930958501653,0.9955930958501653,0.9955930958501653,0.9955930958501653
./instances/created-instances/mm-15-40-1767920.cdop,./settings/Memetic_MMX_1287823.config,15,40,0.7710872162485066,0.7735961768219832,0.8340501792114695,0.8728793309438471,0.9028673835125448,0.9068100358422939,0.9320191158900837,0.9485065710872163,0.9738351254480286,0.98805256869773,0.98805256869773,0.98805256869773,0.9934289127837514,0.9934289127837514
./instances/created-instances/mm-20-10-1110588.cdop,./settings/Memetic_MMX_1287823.config,20,10,0.8705202312138728,0.882543352601156,0.9054335260115607,0.9054335260115607,0.9102890173410405,0.9428901734104046,0.9692485549132948,0.9757225433526011,1.0,1.0,1.0,1.0,1.0,1.0
./instances/created-instances/mm-20-25-1917698.cdop,./settings/Memetic-LS_MMX_1287823.config,20,25,0.2966463414634146,0.3225609756097561,0.3364329268292683,0.35045731707317074,0.3679878048780488,0.48307926829268294,0.5048780487804878,0.5592987804878049,0.5961890243902439,0.6231707317073171,0.7018292682926829,0.8009146341463415,0.8009146341463415,0.8009146341463415
./instances/created-instances/mm-5-25-1917698.cdop,./settings/Memetic-LS_MMX_1287823.config,5,25,0.5573490315229775,0.6429927838966958,0.7083175085453854,0.7083175085453854,0.740220281048234,0.7559817698442841,0.8055450056969237,0.8080136726167869,0.8308013672616787,0.8942271173566274,0.8961260919103684,0.9299278389669579,0.9411317888340296,0.9411317888340296
./instances/created-instances/mm-25-25-1767920.cdop,./settings/Memetic-LS_MPX_1099666.config,25,25,0.16024229074889867,0.16024229074889867,0.16024229074889867,0.16272026431718062,0.20856277533039647,0.2157213656387665,0.26018722466960353,0.2706497797356828,0.27546806167400884,0.2935022026431718,0.324476872246696,0.324476872246696,0.34182268722466963,0.34182268722466963
./instances/created-instances/mm-10-10-1891798.cdop,./settings/Memetic-LS_MMX_1881515.config,10,10,0.6549942594718714,0.6882893226176808,0.7290470723306545,0.7603329506314581,0.7821469575200919,0.8079793340987371,0.8628013777267508,0.8857634902411022,0.9024110218140069,0.9024110218140069,0.9024110218140069,0.9319747416762342,0.9319747416762342,0.9319747416762342
./instances/created-instances/mm-15-40-1917698.cdop,./settings/Memetic_MPX_1099666.config,15,40,0.6850056369785795,0.7435174746335964,0.7435174746335964,0.7763246899661781,0.7967305524239008,0.8240135287485908,0.8240135287485908,0.8240135287485908,0.8240135287485908,0.8240135287485908,0.8240135287485908,0.8298759864712514,0.8563697857948139,0.8563697857948139
./instances/created-instances/mm-20-25-1767920.cdop,./settings/Memetic_MPX_1881515.config,20,25,0.714422028353326,0.714422028353326,0.7694929116684842,0.7694929116684842,0.7926663031624863,0.7926663031624863,0.7989367502726281,0.8232006543075245,0.8447382769901853,0.8447382769901853,0.8447382769901853,0.8447382769901853,0.8447382769901853,0.8447382769901853
./instances/created-instances/mm-15-10-1891798.cdop,./settings/Memetic_MMX_1287823.config,15,10,0.8896416083916084,0.9176136363636364,0.9626311188811189,0.965034965034965,0.9759615384615384,0.979458041958042,0.982298951048951,0.982298951048951,0.982298951048951,0.9825174825174825,0.993006993006993,0.9943181818181818,1.0,1.0
./instances/created-instances/mm-10-10-1917698.cdop,./settings/Memetic-LS_MPX_1099666.config,10,10,0.5187136124202939,0.5447740504574439,0.5869143332409205,0.6473523703909065,0.6955919046298863,0.7025228721929582,0.752703077349598,0.7538120321596895,0.8378153590241197,0.8727474355420016,0.8771832547823676,0.8771832547823676,0.8771832547823676,0.8771832547823676
./instances/created-instances/mm-25-25-1110588.cdop,./settings/Memetic_MMX_1287823.config,25,25,0.8379591836734694,0.8476190476190476,0.8974149659863946,0.9156462585034013,0.9263945578231293,0.9351020408163265,0.939047619047619,0.9580952380952381,0.9610884353741497,0.9610884353741497,0.9774149659863945,0.9908843537414966,1.0,1.0
./instances/created-instances/mm-25-10-1891798.cdop,./settings/Memetic-LS_MMX_1881515.config,25,10,0.3296047725577927,0.3989560029828486,0.44668158090976884,0.5065249813571961,0.5413870246085011,0.5838926174496645,0.6288217747949292,0.7145786726323639,0.7145786726323639,0.7488814317673378,0.8187919463087249,0.8560775540641312,0.8560775540641312,0.8560775540641312
./instances/created-instances/mm-20-25-1891798.cdop,./settings/Memetic_MMX_1099666.config,20,25,0.8455309396485867,0.8826585179526356,0.9313980137509549,0.9361344537815126,0.9683728036669214,0.971886936592819,0.971886936592819,0.974025974025974,0.9754010695187165,0.9856378915202445,0.9856378915202445,0.9943468296409473,0.9943468296409473,0.9943468296409473
./instances/created-instances/mm-20-25-1762875.cdop,./settings/Memetic-LS_MMX_1099666.config,20,25,0.23723631916845,0.2997554264750841,0.43885661877101806,0.455976765515133,0.48242127789666767,0.5129929685111587,0.5464689697340263,0.5927850810149802,0.6109752369306023,0.6557627636808315,0.7091103638031183,0.7350963008254356,0.7571079180678691,0.7571079180678691
./instances/created-instances/mm-25-25-1917698.cdop,./settings/Memetic-LS_MPX_1099666.config,25,25,0.24130631992742668,0.24130631992742668,0.24130631992742668,0.24191109767160568,0.24191109767160568,0.2724523737526459,0.30813426065920774,0.34366495312972484,0.34366495312972484,0.34366495312972484,0.3522830359842758,0.3522830359842758,0.35470214696099184,0.35470214696099184
./instances/created-instances/mm-10-40-1110588.cdop,./settings/Memetic_MPX_1287823.config,10,40,0.7804212168486739,0.7804212168486739,0.7804212168486739,0.7804212168486739,0.8419136765470618,0.8419136765470618,0.8923556942277691,0.8923556942277691,0.8953458138325533,0.8953458138325533,0.8953458138325533,0.8953458138325533,0.907176287051482,0.907176287051482
./instances/created-instances/mm-5-40-1110588.cdop,./settings/Memetic-LS_MMX_1881515.config,5,40,0.46671949286846276,0.5339408346539883,0.5832012678288431,0.5946909667194928,0.6176703645007924,0.6296883254094031,0.6658742736397253,0.6811938721605917,0.7354727945060751,0.7797147385103012,0.7923930269413629,0.8042789223454834,0.8468040147913365,0.8468040147913365
./instances/created-instances/mm-5-25-1767920.cdop,./settings/Memetic-LS_MPX_1287823.config,5,25,0.5509333333333334,0.5616,0.5616,0.6408888888888888,0.6421333333333333,0.6784,0.7331555555555556,0.7528888888888889,0.7804444444444445,0.7998222222222222,0.7998222222222222,0.7998222222222222,0.8851555555555556,0.8851555555555556
./instances/created-instances/mm-15-10-1762875.cdop,./settings/Memetic_MMX_1881515.config,15,10,0.9622216662496873,0.9622216662496873,0.9702276707530648,0.9702276707530648,0.983987990993245,0.983987990993245,0.983987990993245,0.983987990993245,0.983987990993245,0.983987990993245,0.983987990993245,0.983987990993245,0.9869902426820115,0.9869902426820115
./instances/created-instances/mm-25-25-1767920.cdop,./settings/Memetic_MPX_1881515.config,25,25,0.6786894273127754,0.683920704845815,0.7147577092511013,0.7219162995594713,0.7840033039647577,0.7840033039647577,0.7840033039647577,0.7840033039647577,0.787169603524229,0.79818281938326,0.79818281938326,0.8290198237885462,0.8290198237885462,0.8290198237885462
./instances/created-instances/mm-5-40-1891798.cdop,./settings/Memetic-LS_MPX_1099666.config,5,40,0.385007458975634,0.43336648433615116,0.44070114370959723,0.48520636499254105,0.5467429139731477,0.5584286424664346,0.5912481352560915,0.641347588264545,0.6849825957235206,0.7277473893585281,0.7637991049229239,0.8157633018398807,0.8308055693684734,0.8308055693684734
./instances/created-instances/mm-20-25-1917698.cdop,./settings/Memetic_MMX_1099666.config,20,25,0.8050304878048781,0.844359756097561,0.8585365853658536,0.8742378048780488,0.8899390243902439,0.9288109756097561,0.9294207317073171,0.9506097560975609,0.9506097560975609,0.9518292682926829,0.9807926829268293,0.9807926829268293,0.9807926829268293,0.9807926829268293
./instances/created-instances/mm-15-25-1891798.cdop,./settings/Memetic-LS_MPX_1099666.config,15,25,0.30516586895527315,0.31457336194091434,0.3431259283710183,0.375639544479287,0.4221818781977224,0.4594817626671068,0.4594817626671068,0.4594817626671068,0.4794520547945205,0.4794520547945205,0.5184023766298069,0.532761181713154,0.5436540683281069,0.5436540683281069
./instances/created-instances/mm-15-25-1110588.cdop,./settings/Memetic-LS_MMX_1099666.config,15,25,0.4029957203994294,0.42425106990014266,0.4629101283880171,0.5098430813124109,0.5349500713266762,0.566191155492154,0.7176890156918687,0.7271041369472182,0.7961483594864479,0.8105563480741798,0.8400855920114123,0.8442225392296719,0.851925820256776,0.851925820256776
./instances/created-instances/mm-10-40-1767920.cdop,./settings/Memetic_MMX_1881515.config,10,40,0.7605833763551885,0.804981930820857,0.8522199277232835,0.8806143520908621,0.8860351058337635,0.932498709344347,0.9461796592669076,0.9629581827568404,0.9731543624161074
./instances/created-instances/mm-25-25-1762875.cdop,./settings/Memetic_MMX_1099666.config,25,25,0.7872274625019329,0.8582031854028143,0.8716561002010206,0.9285603834853874,0.9435596103293644,0.9471161280346374,0.9548476882634915,0.9548476882634915,0.959331993196227,0.9608783052419978,0.9608783052419978,0.9656718725838874,0.9661357661976187,0.9661357661976187
./instances/created-instances/mm-25-10-1767920.cdop,./settings/Memetic-LS_MMX_1099666.config,25,10,0.29658558357509485,0.31466190582459275,0.3876366882392323,0.4338317339879491,0.49676411515286767,0.5619281410399465,0.6703860745369338,0.6942646730640482,0.7446998437848694,0.8094175407275161,0.8449006918098638,0.8489176523097522,0.8576210667261772,0.8576210667261772
./instances/created-instances/mm-25-10-1767920.cdop,./settings/Memetic-LS_MMX_1881515.config,25,10,0.4452131220709663,0.46998437848694485,0.5132782860968533,0.5641597857621067,0.5788886409283642,0.6041062262887749,0.6306627984824816,0.6866770810087034,0.7710332515063602,0.835527783976791,0.8357509484490069,0.8357509484490069,0.8632001785315778,0.8632001785315778
./instances/created-instances/mm-10-25-1110588.cdop,./settings/Memetic-LS_MPX_1881515.config,10,25,0.38068556361239286,0.40128543177323667,0.4185893210283454,0.4416611733684904,0.4787409360580092,0.496704021094265,0.5998681608437706,0.6532630191166776,0.6898483849703362,0.6898483849703362,0.6898483849703362,0.7635135135135135,0.7752142386288727,0.7752142386288727
./instances/created-instances/mm-5-40-1110588.cdop,./settings/Memetic_MPX_1099666.config,5,40,0.7894875858425779,0.8391442155309033,0.8506339144215531,0.8597464342313788,0.8597464342313788,0.9194400422609614,0.9194400422609614,0.942419440042261,0.9594558901215002,0.9594558901215002,0.9618330692023244,0.9618330692023244,0.9618330692023244,0.9618330692023244
./instances/created-instances/mm-10-25-1762875.cdop,./settings/Memetic_MPX_1881515.config,10,25,0.8102794066919627,0.8899620558813384,0.8899620558813384,0.903242497412901,0.903242497412901,0.9051397033459814,0.9108313211452225,0.9108313211452225,0.9180751983442567,0.920489824077268,0.920489824077268,0.920489824077268,0.920489824077268,0.920489824077268
./instances/created-instances/mm-10-10-1767920.cdop,./settings/Memetic-LS_MPX_1287823.config,10,10,0.5865751334858886,0.6206458174421561,0.6328502415458938,0.6964149504195271,0.7660818713450293,0.7899822018815154,0.8215102974828375,0.8426137808288838,0.8647342995169082,0.8751589117721841,0.8906687007373506,0.8916857360793288,0.8962623951182304,0.8962623951182304
./instances/created-instances/mm-5-10-1767920.cdop,./settings/Memetic_MMX_1099666.config,5,10,0.9429231276806335,0.9755856153084791,0.9811943253051798,0.9811943253051798,0.9811943253051798,0.9811943253051798,0.9811943253051798,0.9901022764764105,0.9947212141207522,1.0,1.0
./instances/created-instances/mm-5-40-1762875.cdop,./settings/Memetic-LS_MPX_1287823.config,5,40,0.4307560383021295,0.484636272688295,0.5236529941403458,0.5236529941403458,0.5649564098899529,0.5896812919822781,0.6335572388166357,0.7108760897527512,0.7824782049449764,0.7954837787623267,0.818493640131485,0.8417893382878376,0.843647277404602,0.843647277404602
./instances/created-instances/mm-5-10-1110588.cdop,./settings/Memetic-LS_MPX_1287823.config,5,10,0.8127065736320235,0.8446566287183254,0.9177377892030848,0.9441792141020933,0.9441792141020933,0.9441792141020933,0.9441792141020933,0.9441792141020933,0.9441792141020933,0.9669482188762395,0.9669482188762395,0.9669482188762395,0.9669482188762395,0.9669482188762395
./instances/created-instances/mm-20-25-1891798.cdop,./settings/Memetic-LS_MPX_1881515.config,20,25,0.26249045072574484,0.26249045072574484,0.28861726508785335,0.3042016806722689,0.3042016806722689,0.3445378151260504,0.346829640947288,0.3700534759358289,0.38258212375859435,0.38258212375859435,0.39893048128342246,0.42307104660045836,0.46050420168067224,0.46050420168067224
./instances/created-instances/mm-15-40-1110588.cdop,./settings/Memetic-LS_MMX_1287823.config,15,40,0.16208597603946442,0.17817712003758515,0.28964059196617337,0.40298332158797273,0.42118863049095606,0.4815597838853653,0.5536762978623444,0.6082922245712944,0.6128729151984966,0.6397697909325817,0.6620859760394644,0.7182287996241484,0.7373737373737373,0.7373737373737373
./instances/created-instances/mm-5-25-1891798.cdop,./settings/Memetic_MPX_1099666.config,5,25,0.9066918001885014,0.907822808671065,0.9213949104618284,0.9213949104618284,0.9213949104618284,0.949670122525919,0.9555136663524977,0.961545711592837,0.961545711592837,0.9675777568331763,0.9675777568331763,0.9675777568331763,0.9913289349670122,0.9913289349670122
./instances/created-instances/mm-15-40-1110588.cdop,./settings/Memetic-LS_MPX_1099666.config,15,40,0.18910030537937514,0.1940333568240545,0.20765797509983555,0.20765797509983555,0.24935400516795866,0.2736669015738783,0.2763683345078694,0.30303030303030304,0.35142118863049093,0.35271317829457366,0.3864223631665492,0.4128494244773315,0.4592435987784825,0.4592435987784825
./instances/created-instances/mm-20-25-1762875.cdop,./settings/Memetic-LS_MMX_1287823.config,20,25,0.2681137266890859,0.3466829715683277,0.35539590339345767,0.435493732803424,0.47538978905533474,0.5215530418832162,0.5443289513910119,0.6594313665545705,0.6757872210333231,0.7147661265667992,0.7334148578416386,0.7334148578416386,0.7999082849281566,0.7999082849281566
./instances/created-instances/mm-25-25-1110588.cdop,./settings/Memetic-LS_MMX_1099666.config,25,25,0.2578231292517007,0.2707482993197279,0.33659863945578233,0.35578231292517004,0.39782312925170066,0.4468027210884354,0.471156462585034,0.4982312925170068,0.5250340136054422,0.6021768707482993,0.7070748299319728,0.7330612244897959,0.7729251700680272,0.7729251700680272
./instances/created-instances/mm-5-40-1762875.cdop,./settings/Memetic-LS_MMX_1099666.config,5,40,0.4343289981420609,0.502501071887952,0.5179362583964556,0.5669572674003144,0.5809632699728455,0.6144061740746034,0.6707160211519223,0.7570387308846649,0.7686151207660425,0.8557953408603687,0.8685150778905245,0.9079605545233671,0.9242532513934544,0.9242532513934544
./instances/created-instances/mm-20-10-1110588.cdop,./settings/Memetic-LS_MPX_1287823.config,20,10,0.32971098265895954,0.39676300578034684,0.39676300578034684,0.42289017341040464,0.42289017341040464,0.4478612716763006,0.4478612716763006,0.47861271676300576,0.5042774566473989,0.5042774566473989,0.5042774566473989,0.5042774566473989,0.5061271676300578,0.5061271676300578
./instances/created-instances/mm-15-25-1110588.cdop,./settings/Memetic_MPX_1287823.config,15,25,0.7547788873038517,0.7737517831669044,0.7737517831669044,0.7737517831669044,0.8241084165477889,0.8241084165477889,0.8449358059914408,0.8449358059914408,0.8449358059914408,0.8449358059914408,0.884450784593438,0.884450784593438,0.884450784593438,0.884450784593438
./instances/created-instances/mm-10-10-1891798.cdop,./settings/Memetic_MPX_1099666.config,10,10,0.8992537313432836,0.9265212399540758,0.9265212399540758,0.9265212399540758,0.939150401836969,0.939150401836969,0.9575200918484501,0.9575200918484501,0.9595292766934558,0.9753157290470723,0.9753157290470723,0.9753157290470723,0.9753157290470723,0.9753157290470723
./instances/created-instances/mm-25-10-1110588.cdop,./settings/Memetic_MMX_1099666.config,25,10,0.8633613117314074,0.8793675580714425,0.8817099355846184,0.888151473745852,0.9022057388249073,0.9223111458130002,0.9584227991411283,0.962717157915284,0.9781378098770251,0.9888737068124146,0.9966816318563342
./instances/created-instances/mm-10-25-1762875.cdop,./settings/Memetic_MMX_1287823.config,10,25,0.8749568816833391,0.9248016557433598,0.9380820972749224,0.9667126595377716,0.9808554674025526,0.9810279406691963,0.9815453604691273,0.9817178337357709,0.9901690238013108,0.995343221800621,0.9972404277337013,0.9975853742669886,0.9975853742669886,0.9975853742669886
./instances/created-instances/mm-15-25-1110588.cdop,./settings/Memetic-LS_MPX_1881515.config,15,25,0.23680456490727533,0.2724679029957204,0.29700427960057063,0.31711840228245364,0.32995720399429385,0.33395149786019973,0.375320970042796,0.4121255349500713,0.4479315263908702,0.4479315263908702,0.4479315263908702,0.44807417974322394,0.5497860199714694,0.5497860199714694
./instances/created-instances/mm-25-25-1917698.cdop,./settings/Memetic_MPX_1881515.config,25,25,0.7109162382824312,0.7133353492591472,0.7364680979739946,0.7364680979739946,0.7555185969156335,0.7794073178107046,0.7989114000604778,0.7989114000604778,0.7989114000604778,0.7989114000604778,0.8002721499848806,0.8002721499848806,0.8228001209555489,0.8228001209555489
./instances/created-instances/mm-5-25-1917698.cdop,./settings/Memetic_MMX_1881515.config,5,25,0.8600455753892898,0.8600455753892898,0.8894796809722749,0.9240410178503609,0.9240410178503609,0.9420812761109001,0.9449297379415116,0.9449297379415116,0.9449297379415116,0.9449297379415116,0.9870869730345614,0.9870869730345614
./instances/created-instances/mm-10-10-1891798.cdop,./settings/Memetic_MPX_1287823.config,10,10,0.8926521239954076,0.9443168771526981,0.9443168771526981,0.9443168771526981,0.9443168771526981,0.9443168771526981,0.9626865671641791,0.9626865671641791,0.9626865671641791,0.9626865671641791,0.9626865671641791,0.9888059701492538,0.9888059701492538,0.9888059701492538
./instances/created-instances/mm-25-25-1767920.cdop,./settings/Memetic-LS_MMX_1881515.config,25,25,0.21806167400881057,0.26280286343612336,0.2871696035242291,0.3503579295154185,0.3588931718061674,0.44052863436123346,0.5198237885462555,0.5608480176211453,0.6665748898678414,0.6665748898678414,0.6953469162995595,0.7100770925110133,0.7371971365638766,0.7371971365638766
./instances/created-instances/mm-10-10-1110588.cdop,./settings/Memetic-LS_MMX_1881515.config,10,10,0.7083097795364612,0.7083097795364612,0.7345958168456755,0.7419446014697569,0.7942340305257207,0.8114754098360656,0.8759185980780102,0.8778971170152629,0.8778971170152629,0.8778971170152629,0.9055963821368005,0.9112492933860938,0.93159977388355,0.93159977388355
./instances/created-instances/mm-10-40-1767920.cdop,./settings/Memetic-LS_MPX_1881515.config,10,40,0.31995353639648944,0.32731027361899845,0.32898812596799176,0.3985544656685596,0.4197212183789365,0.4343056272586474,0.4482447083118224,0.4852865255549819,0.533040784718637,0.6066081569437274,0.6606866288074342,0.6937274135260713,0.7223799690242644,0.7223799690242644
./instances/created-instances/mm-10-25-1762875.cdop,./settings/Memetic_MMX_1099666.config,10,25,0.8658157985512246,0.888582269748189,0.8996205588133839,0.9246291824767161,0.9548120041393584,0.9644705070714039,0.9679199724042773,0.9710244912038634,0.983787512935495,0.983787512935495,0.9844774060020697,0.9844774060020697,0.9993101069334254,0.9993101069334254
./instances/created-instances/mm-25-10-1891798.cdop,./settings/Memetic_MPX_1287823.config,25,10,0.7708799403430275,0.77889634601044,0.77889634601044,0.7895227442207308,0.7895227442207308,0.8249440715883669,0.8249440715883669,0.8281133482475764,0.8281133482475764,0.8281133482475764,0.8281133482475764,0.8562639821029083,0.866331096196868,0.866331096196868
./instances/created-instances/mm-5-10-1762875.cdop,./settings/Memetic-LS_MPX_1099666.config,5,10,0.8286343612334802,0.8286343612334802,0.8515418502202643,0.8638766519823788,0.8788546255506607,0.9224669603524229,0.9484581497797356,0.9484581497797356,0.9484581497797356,0.9484581497797356,0.9568281938325991,0.9568281938325991,0.9607929515418502,0.9607929515418502
./instances/created-instances/mm-5-10-1110588.cdop,./settings/Memetic-LS_MPX_1881515.config,5,10,0.7693720161586486,0.8718325376423063,0.8802791039294895,0.8957032684539111,0.9111274329783328,0.9177377892030848,0.9320602276900477,0.9375688578773411,0.9375688578773411,0.956665442526625,0.9709878810135879,0.9709878810135879,0.9709878810135879,0.9709878810135879
./instances/created-instances/mm-10-40-1891798.cdop,./settings/Memetic-LS_MMX_1881515.config,10,40,0.33891267678733616,0.36992344621772416,0.36992344621772416,0.45049954586739327,0.471130141429869,0.5274425846632931,0.5392500324380434,0.593486440897885,0.6291682885688336,0.674322044894252,0.7101336447385493,0.7572336836642014,0.7667055923186713,0.7667055923186713
./instances/created-instances/mm-5-25-1110588.cdop,./settings/Memetic-LS_MPX_1099666.config,5,25,0.5245523843290196,0.5486615848253855,0.5936890622230101,0.662648466583939,0.6832121964190746,0.7440170182591739,0.7753944336110619,0.790994504520475,0.8110264137564261,0.8681084914022337,0.8863676653075696,0.9081723098741358,0.9395497252260238,0.9395497252260238
./instances/created-instances/mm-15-40-1767920.cdop,./settings/Memetic-LS_MMX_1099666.config,15,40,0.23010752688172043,0.25507765830346474,0.3040621266427718,0.33608124253285543,0.3860215053763441,0.4072879330943847,0.4393070489844683,0.5001194743130227,0.5412186379928315,0.5707287933094385,0.6142174432497013,0.6655913978494624,0.6807646356033453,0.6807646356033453
./instances/created-instances/mm-5-10-1891798.cdop,./settings/Memetic-LS_MPX_1099666.config,5,10,0.7054409005628518,0.7858036272670419,0.8320825515947468,0.8395872420262664,0.8395872420262664,0.8395872420262664,0.8436522826766729,0.9052532833020638,0.9052532833020638,0.9265165728580362,0.9487179487179487,0.9487179487179487,0.9540337711069419,0.9540337711069419
./instances/created-instances/mm-20-10-1110588.cdop,./settings/Memetic_MPX_1881515.config,20,10,0.7882080924855491,0.7882080924855491,0.8004624277456648,0.8004624277456648,0.867514450867052,0.867514450867052,0.867514450867052,0.867514450867052,0.867514450867052,0.867514450867052,0.867514450867052,0.867514450867052,0.8779190751445086,0.8779190751445086
./instances/created-instances/mm-15-10-1917698.cdop,./settings/Memetic_MMX_1287823.config,15,10,0.9203798392987582,0.9430241051862673,0.9547114682249818,0.9581202824446068,0.9810080350620891,0.9810080350620891,0.9822254687119552,0.9822254687119552,0.9878256635013392,0.9878256635013392,1.0,1.0,1.0,1.0
./instances/created-instances/mm-5-10-1891798.cdop,./settings/Memetic_MPX_1881515.config,5,10,0.9471544715447154,0.9471544715447154,0.9518449030644153,0.964665415884928,0.964665415884928,0.9759224515322076,0.9859287054409006,0.9859287054409006,0.9859287054409006,0.9890556597873671,0.9984365228267668,1.0,1.0,1.0
./instances/created-instances/mm-20-25-1762875.cdop,./settings/Memetic-LS_MMX_1881515.config,20,25,0.2976154081320697,0.35921736472026905,0.4076734943442372,0.4582696423112198,0.47615408132069703,0.5593090797921125,0.6027208804646897,0.6027208804646897,0.6181595842250076,0.6498012840110058,0.6708957505350046,0.7487007031488842,0.7623051054723327,0.7623051054723327
./instances/created-instances/mm-10-10-1762875.cdop,./settings/Memetic_MPX_1287823.config,10,10,0.8721677375718634,0.8911058505241799,0.8911058505241799,0.9337166046668921,0.9479201893811295,0.9479201893811295,0.9479201893811295,0.9479201893811295,0.9479201893811295,0.9479201893811295,0.9634764964491038,0.9634764964491038,0.9705782888062225,0.9705782888062225
./instances/created-instances/mm-5-25-1110588.cdop,./settings/Memetic_MPX_1881515.config,5,25,0.8755539797908173,0.9021450097500443,0.9184541747917035,0.923063286651303,0.9453997518170537,0.9790817230987413,0.9790817230987413,0.9790817230987413,0.9790817230987413,0.9790817230987413,0.9820953731607871,0.9867044850203864,0.9867044850203864,0.9867044850203864
./instances/created-instances/mm-15-40-1891798.cdop,./settings/Memetic-LS_MMX_1099666.config,15,40,0.2660899200419452,0.29427185738628914,0.3409359024773889,0.3729191243937606,0.4401625376851488,0.46257700878227814,0.4870887403329401,0.5058330056363874,0.6099095556429414,0.6333726569668371,0.6792502293878621,0.6962904705728142,0.7095294271857386,0.7095294271857386
./instances/created-instances/mm-10-25-1891798.cdop,./settings/Memetic_MMX_1287823.config,10,25,0.89117328798887,0.8973566238985933,0.9140516308548462,0.9140516308548462,0.9279641366517236,0.9394033080847117,0.9503787293244705,0.9503787293244705,0.9503787293244705,0.960581233575514,0.9803679084866286,0.9803679084866286,0.9812954088730871,0.9812954088730871
./instances/created-instances/mm-10-40-1917698.cdop,./settings/Memetic-LS_MPX_1287823.config,10,40,0.2803926503901334,0.28429398439466397,0.2954945884721873,0.3606846211930531,0.404102693178958,0.4417316889000755,0.48036748049333,0.5095645607853008,0.5095645607853008,0.5844450037754845,0.6053360181223257,0.6737981374276365,0.727661716586962,0.727661716586962
./instances/created-instances/mm-5-25-1891798.cdop,./settings/Memetic-LS_MPX_1881515.config,5,25,0.550612629594722,0.5998114985862394,0.6452403393025448,0.666540999057493,0.6825636192271443,0.7181903864278982,0.7302544769085768,0.7794533459000943,0.8043355325164939,0.8043355325164939,0.8043355325164939,0.8043355325164939,0.8567389255419415,0.8567389255419415
./instances/created-instances/mm-10-25-1917698.cdop,./settings/Memetic_MMX_1099666.config,10,25,0.8757439134355275,0.8757439134355275,0.9150586113615871,0.9311091073038774,0.9318304779080252,0.9471596032461678,0.957619477006312,0.981605049594229,0.9882777276825969,0.9882777276825969,0.9882777276825969,0.9882777276825969,0.9882777276825969,0.9882777276825969
./instances/created-instances/mm-10-25-1767920.cdop,./settings/Memetic_MMX_1099666.config,10,25,0.866365195696242,0.8799313893653516,0.909714642133167,0.9538437548729144,0.9538437548729144,0.9538437548729144,0.960860751598316,0.9692811476687978,0.9705286137533136,0.9705286137533136,0.9720879463589583,0.9720879463589583,0.9803524091688757,0.9803524091688757
./instances/created-instances/mm-10-40-1110588.cdop,./settings/Memetic-LS_MPX_1881515.config,10,40,0.26807072282891314,0.4032761310452418,0.4032761310452418,0.4453978159126365,0.46177847113884557,0.47581903276131043,0.5356214248569943,0.5620124804992199,0.609204368174727,0.6196047841913677,0.6664066562662506,0.6944877795111805,0.7132085283411337,0.7132085283411337
./instances/created-instances/mm-20-10-1767920.cdop,./settings/Memetic_MMX_1881515.config,20,10,0.8544330775788577,0.8947144075021313,0.9147485080988917,0.9324381926683717,0.9324381926683717,0.9616368286445013,0.9757033248081841,0.9933930093776641,0.9933930093776641,0.9938192668371697,0.9942455242966752,0.9942455242966752
./instances/created-instances/mm-10-25-1891798.cdop,./settings/Memetic-LS_MMX_1881515.config,10,25,0.45107435461431444,0.4731797804915752,0.5085793785747411,0.5085793785747411,0.5238831349513062,0.6333281805534086,0.6749111145462977,0.7081465450610605,0.735353223063843,0.7696707373628072,0.855619106507961,0.8718503632709848,0.8879270366362653,0.8879270366362653
./instances/created-instances/mm-5-40-1767920.cdop,./settings/Memetic_MPX_1881515.config,5,40,0.7982998454404946,0.9053323029366306,0.9053323029366306,0.9073930963420918,0.9073930963420918,0.9202730551262236,0.9314786192684184,0.9492529623905204,0.9609737248840804,0.9693456980937661,0.9693456980937661,0.96973209685729,0.96973209685729,0.96973209685729
./instances/created-instances/mm-10-10-1110588.cdop,./settings/Memetic-LS_MPX_1099666.config,10,10,0.6028829847371396,0.6356698699830413,0.6356698699830413,0.643583945732052,0.6684567552289429,0.7286602600339175,0.7515545505935557,0.7574901074053138,0.7755794234030525,0.7755794234030525,0.7902769926512154,0.7902769926512154,0.7928208027133974,0.7928208027133974
./instances/created-instances/mm-25-10-1110588.cdop,./settings/Memetic_MPX_1881515.config,25,10,0.7394105016591841,0.7394105016591841,0.7915284013273473,0.7915284013273473,0.7915284013273473,0.7915284013273473,0.8034354870193247,0.8377903572125708,0.8377903572125708,0.8377903572125708,0.8377903572125708,0.8377903572125708,0.8621901229748195,0.8621901229748195
./instances/created-instances/mm-15-10-1110588.cdop,./settings/Memetic-LS_MMX_1881515.config,15,10,0.5707116788321168,0.6450729927007299,0.6548813868613139,0.6710766423357665,0.6838503649635036,0.708713503649635,0.7347171532846716,0.769844890510949,0.8159215328467153,0.8499087591240876,0.8763686131386861,0.8861770072992701,0.8861770072992701,0.8861770072992701
./instances/created-instances/mm-10-40-1762875.cdop,./settings/Memetic_MMX_1881515.config,10,40,0.7824977675723944,0.8367138665646129,0.8739635157545605,0.9050899349406812,0.9135093761959434,0.9274142109963005,0.9443806607985712,0.9700216864395969,0.9700216864395969,0.9756346472764383,0.9977037887485649,1.0,1.0,1.0
./instances/created-instances/mm-5-10-1767920.cdop,./settings/Memetic_MPX_1881515.config,5,10,0.9610689541405477,0.9610689541405477,0.9610689541405477,0.9877928076542395,0.9877928076542395,0.9877928076542395,0.9877928076542395,0.9953810623556582,0.9973606070603761,0.9973606070603761,0.9973606070603761,0.9973606070603761,0.9973606070603761,0.9973606070603761
./instances/created-instances/mm-15-40-1891798.cdop,./settings/Memetic_MPX_1287823.config,15,40,0.716607681216411,0.7404640188753441,0.7641892777559313,0.7641892777559313,0.7669419321011928,0.8172761829859746,0.8172761829859746,0.8172761829859746,0.8756062393498493,0.8972342377769039,0.9024773889107354,0.9026084676890811,0.9145366365185477,0.9145366365185477
./instances/created-instances/mm-5-40-1762875.cdop,./settings/Memetic-LS_MPX_1099666.config,5,40,0.40774617693297127,0.41760754609118195,0.5212233814491926,0.5482349578390739,0.6268400743175647,0.6657138773760183,0.6805773903101329,0.6898670858939545,0.7483207088752323,0.7633271402029441,0.8046305559525511,0.8500786051164785,0.8740888952408175,0.8740888952408175
./instances/created-instances/mm-10-10-1891798.cdop,./settings/Memetic-LS_MMX_1099666.config,10,10,0.636337543053961,0.6943168771526981,0.7893226176808267,0.8168771526980482,0.8168771526980482,0.8168771526980482,0.8257749712973593,0.8427095292766934,0.8561997703788748,0.9118828932261768,0.9207807118254879,0.9388633754305397,0.9557979334098737,0.9557979334098737
./instances/created-instances/mm-25-25-1767920.cdop,./settings/Memetic-LS_MPX_1881515.config,25,25,0.1705671806167401,0.20470814977973567,0.20470814977973567,0.21035242290748898,0.21049008810572686,0.22122797356828194,0.25357929515418504,0.25357929515418504,0.2691354625550661,0.2758810572687225,0.2851046255506608,0.2907488986784141,0.2907488986784141,0.2907488986784141
./instances/created-instances/mm-10-10-1110588.cdop,./settings/Memetic_MPX_1881515.config,10,10,0.9053137365743358,0.9135104578858112,0.9318824194460147,0.937535330695308,0.937535330695308,0.9406444318824194,0.9462973431317129,0.9462973431317129,0.9462973431317129,0.9508196721311475,0.9508196721311475,0.9556246466930469,0.9556246466930469,0.9556246466930469
./instances/created-instances/mm-25-25-1917698.cdop,./settings/Memetic_MPX_1287823.config,25,25,0.692016933776837,0.7137889325672815,0.7137889325672815,0.7771394012700332,0.7771394012700332,0.7771394012700332,0.7771394012700332,0.7771394012700332,0.8252192319322649,0.8252192319322649,0.8252192319322649,0.8318717871182341,0.8318717871182341,0.8318717871182341
./instances/created-instances/mm-15-40-1767920.cdop,./settings/Memetic-LS_MPX_1287823.config,15,40,0.23333333333333334,0.23333333333333334,0.23787335722819594,0.2847072879330944,0.3027479091995221,0.3034647550776583,0.3034647550776583,0.35232974910394266,0.35232974910394266,0.4112305854241338,0.4757467144563919,0.5039426523297491,0.5039426523297491,0.5039426523297491
./instances/created-instances/mm-10-10-1767920.cdop,./settings/Memetic-LS_MPX_1099666.config,10,10,0.5878464276633613,0.6112382405288583,0.619628782100178,0.619628782100178,0.6440376303076532,0.6758199847444699,0.778794813119756,0.8075260615306382,0.8571065344520722,0.8571065344520722,0.8662598525298754,0.8662598525298754,0.8662598525298754,0.8662598525298754
./instances/created-instances/mm-5-25-1110588.cdop,./settings/Memetic-LS_MMX_1287823.config,5,25,0.6291437688353129,0.6633575607161851,0.6917213260060273,0.6917213260060273,0.6993440879276724,0.797199078177628,0.8436447438397447,0.8883176741712462,0.8964722566920759,0.9205814571884418,0.9223541925190569,0.929267860308456,0.936536075163978,0.936536075163978
./instances/created-instances/mm-10-25-1110588.cdop,./settings/Memetic_MPX_1099666.config,10,25,0.8500329597890574,0.8637112722478576,0.8637112722478576,0.8637112722478576,0.8637112722478576,0.8637112722478576,0.8696440342781806,0.8912326961107448,0.8956822676334871,0.9141397495056032,0.9276532630191167,0.9276532630191167,0.9276532630191167,0.9276532630191167
./instances/created-instances/mm-15-25-1891798.cdop,./settings/Memetic_MMX_1881515.config,15,25,0.8734114540353194,0.8897507839577488,0.9123617758706057,0.934477636573692,0.936953292622545,0.9405842548275293,0.958739065852451,0.9763987456676019,0.9818451889750784,0.9818451889750784,0.9886119821752765,0.9960389503218353,0.9968641690047862,0.9968641690047862
./instances/created-instances/mm-25-25-1767920.cdop,./settings/Memetic_MPX_1099666.config,25,25,0.05616740088105727,0.05616740088105727,0.7853799559471366,0.7853799559471366,0.7853799559471366,0.7853799559471366,0.7853799559471366,0.7853799559471366,0.7853799559471366,0.7963931718061674,0.7963931718061674,0.7963931718061674,0.823237885462555,0.823237885462555
./instances/created-instances/mm-10-10-1110588.cdop,./settings/Memetic_MMX_1287823.config,10,10,0.9414923685698134,0.9462973431317129,0.9462973431317129,0.9542114188807236,0.9542114188807236,0.9635387224420576,0.9864330130016958,0.9864330130016958,0.9915206331260599,0.9926512153759186,0.9926512153759186
./instances/created-instances/mm-10-25-1762875.cdop,./settings/Memetic-LS_MPX_1099666.config,10,25,0.4403242497412901,0.4644705070714039,0.5037944118661607,0.5037944118661607,0.5419110037944118,0.5519144532597448,0.5972749223870301,0.6098654708520179,0.6098654708520179,0.6271127975163849,0.6498792687133494,0.712314591238358,0.7140393239047947,0.7140393239047947
./instances/created-instances/mm-5-25-1767920.cdop,./settings/Memetic-LS_MMX_1099666.config,5,25,0.6293333333333333,0.6499555555555555,0.6851555555555555,0.6993777777777778,0.7706666666666667,0.8112,0.8513777777777778,0.864,0.8650666666666667,0.8887111111111111,0.8887111111111111,0.9424,0.9424,0.9424
./instances/created-instances/mm-20-10-1917698.cdop,./settings/Memetic_MPX_1881515.config,20,10,0.7771959057367294,0.7771959057367294,0.7771959057367294,0.7771959057367294,0.7771959057367294,0.8252796953106403,0.8502737443465841,0.8502737443465841,0.8502737443465841,0.8502737443465841,0.875505831944775,0.875505831944775,0.875505831944775,0.875505831944775
./instances/created-instances/mm-5-25-1762875.cdop,./settings/Memetic_MPX_1099666.config,5,25,0.8545799551492151,0.8858030015525271,0.888045540796964,0.9153010177678109,0.9153010177678109,0.9153010177678109,0.9153010177678109,0.9153010177678109,0.9153010177678109,0.9601518026565465,0.9689494566154908,0.9792996377436605,0.9891323098154218,0.9891323098154218
./instances/created-instances/mm-15-40-1767920.cdop,./settings/Memetic_MMX_1881515.config,15,40,0.7982078853046595,0.8292712066905615,0.858542413381123,0.880047789725209,0.8888888888888888,0.9021505376344086,0.9182795698924732,0.9390681003584229,0.9555555555555556,0.9663082437275986,0.9756272401433692,0.9814814814814815,0.9863799283154122,0.9863799283154122
./instances/created-instances/mm-5-40-1767920.cdop,./settings/Memetic_MMX_1099666.config,5,40,0.8320453374549202,0.8408037094281299,0.8722308088614117,0.889361154044307,0.9283874291602267,0.9497681607418856,0.9497681607418856,0.9510561566202989,0.9562081401339516,0.9659969088098919,0.9680577022153529,0.9702472952086554
./instances/created-instances/mm-25-10-1917698.cdop,./settings/Memetic-LS_MMX_1287823.config,25,10,0.38111332007952287,0.45029821073558646,0.49761431411530815,0.5081510934393638,0.5232604373757456,0.5502982107355865,0.6015904572564612,0.6163021868787276,0.679920477137177,0.7141153081510935,0.774155069582505,0.7940357852882703,0.8280318091451292,0.8280318091451292
./instances/created-instances/mm-10-10-1891798.cdop,./settings/Memetic_MMX_1287823.config,10,10,0.9285304247990815,0.9359931113662457,0.950918484500574,0.9529276693455798,0.9712973593570609,0.9712973593570609,0.9712973593570609,0.9712973593570609,0.9712973593570609,0.9819173363949484,0.9819173363949484,0.9819173363949484,0.985361653272101,0.985361653272101
./instances/created-instances/mm-5-40-1917698.cdop,./settings/Memetic_MPX_1099666.config,5,40,0.8001573564122738,0.8001573564122738,0.8168109100445843,0.8881458169420404,0.9206661421452924,0.9206661421452924,0.9206661421452924,0.9206661421452924,0.9219774455809074,0.9652504589562024,0.9849200104904274,0.9849200104904274,0.9849200104904274,0.9849200104904274
