instance,setting,m,n,0.25s,0.5s,1.0s,2.0s,4.0s,8.0s,16.0s,32.0s,64.0s,128.0s,256.0s,512.0s,1024.0s,2048.0s
./instances/created-instances/mm-20-10-1110588.cdop,./settings/Memetic_MMX_1287823.config,20,10,0.8708245736977341,0.904461574398505,0.9086661994861014,0.9287549637935062,0.9588881102546134,0.9813127773884607,0.9813127773884607,0.9841158607801915,0.9885540761504321,0.9885540761504321,0.9918243401074516,1.0,1.0,1.0
./instances/created-instances/mm-15-40-1917698.cdop,./settings/Memetic-LS_MMX_1099666.config,15,40,0.41576396807297605,0.4263112884834664,0.46336944127708096,0.5182440136830102,0.5293614595210946,0.6432440136830102,0.6636259977194983,0.7289053591790193,0.7776510832383124,0.8516248574686431,0.9455530216647663,0.9756271379703535,1.0,1.0
./instances/created-instances/mm-20-10-1767920.cdop,./settings/Memetic-LS_MMX_1287823.config,20,10,0.5015112764473378,0.5145315043013253,0.5412694722157638,0.5826551964659381,0.6210183678214368,0.6324110671936759,0.70657986514764,0.7716810044175773,0.8923506161357824,0.9188560799813996,0.9541966984422228,0.9630318530574286,1.0,1.0
./instances/created-instances/mm-10-10-1891798.cdop,./settings/Memetic-LS_MMX_1881515.config,10,10,0.620229599751784,0.6763884579584238,0.7257213775985107,0.7722618678250077,0.7936704933291964,0.8228358672044679,0.8358672044678871,0.9205708966801117,0.9444616816630469,0.9668011169717654,0.9838659633881477,0.9993794601303134,1.0,1.0
./instances/created-instances/mm-5-25-1891798.cdop,./settings/Memetic_MPX_1099666.config,5,25,0.9034334763948498,0.9194303550526727,0.9194303550526727,0.9582520483808038,0.9761997658993368,0.9761997658993368,0.9824424502536091,0.9978540772532188,0.9978540772532188,1.0,1.0,1.0,1.0,1.0
./instances/created-instances/mm-15-10-1767920.cdop,./settings/Memetic-LS_MPX_1881515.config,15,10,0.6367025683512841,0.6367025683512841,0.6470588235294118,0.820215410107705,0.8206296603148302,0.8322286661143331,0.8554266777133389,0.8893951946975973,0.8893951946975973,0.9627174813587407,0.9627174813587407,0.9697597348798674,1.0,1.0
./instances/created-instances/mm-25-25-1767920.cdop,./settings/Memetic_MPX_1287823.config,25,25,0.24190147594402914,0.24190147594402914,0.6651332183247077,0.6651332183247077,0.7212957638489553,0.7600153344834196,0.7600153344834196,0.8640981406938854,0.8640981406938854,0.8489553383170404,0.9419206440483037,0.9555299980831896,1.0,1.0
./instances/created-instances/mm-15-10-1767920.cdop,./settings/Memetic_MPX_1287823.config,15,10,0.825384997516145,0.825384997516145,0.9267262791852956,0.9267262791852956,0.9267262791852956,0.9267262791852956,0.9267262791852956,0.9689518132141083,0.9689518132141083,0.9689518132141083,0.9689518132141083,0.9689518132141083,1.0,1.0
./instances/created-instances/mm-15-40-1767920.cdop,./settings/Memetic_MPX_1287823.config,15,40,0.4106145251396648,0.4106145251396648,0.6461824953445066,0.8106765983860956,0.8778708876474239,0.8778708876474239,0.8778708876474239,0.8778708876474239,0.856455617628802,0.9418063314711359,0.9418063314711359,1.0,1.0,1.0
./instances/created-instances/mm-20-10-1917698.cdop,./settings/Memetic_MMX_1287823.config,20,10,0.9318236569501325,0.9390508311250301,0.9583232955914237,0.9583232955914237,0.9597687304264033,0.9715731149120694,0.9730185497470489,0.9812093471452662,0.9812093471452662,0.981932064562756,0.9985545651650205,0.9985545651650205,1.0,1.0
./instances/created-instances/mm-5-10-1891798.cdop,./settings/Memetic_MMX_1099666.config,5,10,0.9862414008755472,0.9862414008755472,0.9915572232645403,0.9915572232645403,0.9915572232645403,0.9915572232645403,0.9915572232645403,0.9915572232645403,0.9915572232645403,1.0,1.0,1.0,1.0,1.0
./instances/created-instances/mm-20-25-1110588.cdop,./settings/Memetic_MMX_1287823.config,20,25,0.9040271563030396,0.9338065113408425,0.9338065113408425,0.939206912513501,0.9430643419225428,0.948156148742478,0.957105384971455,0.9694491590803889,0.9947538960037031,0.9972226508254899,0.9984570282363833,1.0,1.0,1.0
./instances/created-instances/mm-10-25-1917698.cdop,./settings/Memetic-LS_MPX_1287823.config,10,25,0.5352971051295073,0.5383443372270188,0.5411376333164043,0.5736414423565261,0.600812595226003,0.6132554596241747,0.7204164550533265,0.8095479939055358,0.9055358049771458,0.9822244794311833,0.9987303199593702,1.0,1.0,1.0
./instances/created-instances/mm-10-25-1891798.cdop,./settings/Memetic-LS_MPX_1099666.config,10,25,0.45425991362387125,0.4772281115037299,0.49627012171181784,0.5956026698076168,0.6358460934432666,0.6743227326266196,0.7677659992147625,0.826266195524146,0.8419709462112289,0.9108755398508048,0.9363957597173145,0.9819395367098547,1.0,1.0
./instances/created-instances/mm-20-25-1110588.cdop,./settings/Memetic_MPX_1287823.config,20,25,0.9478243748769443,0.9478243748769443,0.9478243748769443,0.9478243748769443,0.9478243748769443,0.9478243748769443,0.9478243748769443,1.0,1.0,1.0,1.0,1.0,1.0,1.0
./instances/created-instances/mm-10-25-1767920.cdop,./settings/Memetic-LS_MPX_1099666.config,10,25,0.5764738598442715,0.6813125695216907,0.8225806451612904,0.7703003337041157,0.7703003337041157,0.8309232480533927,0.974972191323693,0.993047830923248,0.993047830923248,0.993047830923248,0.993047830923248,0.993047830923248,1.0,1.0
./instances/created-instances/mm-10-40-1110588.cdop,./settings/Memetic-LS_MMX_1881515.config,10,40,0.44047619047619047,0.5020098948670377,0.532622139764997,0.546691403834261,0.5672541743970315,0.62430426716141,0.62430426716141,0.7209338280766853,0.7659245516388373,0.8294681508967223,0.8783240568954854,0.9576376004947433,1.0,1.0
./instances/created-instances/mm-25-10-1767920.cdop,./settings/Memetic_MPX_1287823.config,25,10,0.744,0.744,0.8044137931034483,0.8248275862068966,0.8248275862068966,0.8248275862068966,0.912,0.912,0.912,0.912,0.9660689655172414,0.9660689655172414,1.0,1.0
./instances/created-instances/mm-15-40-1762875.cdop,./settings/Memetic-LS_MPX_1099666.config,15,40,0.39736768412209467,0.47213665639876784,0.5345841500980117,0.5345841500980117,0.5502660319238308,0.6143937272472697,0.7068048165779893,0.7101652198263791,0.7101652198263791,0.7101652198263791,0.7264071688602632,0.8863063567628116,1.0,1.0
./instances/created-instances/mm-5-10-1917698.cdop,./settings/Memetic-LS_MMX_1287823.config,5,10,0.8202026806145799,0.8473357306309252,0.8950637463223275,0.923177508989866,0.923177508989866,0.9437724746649232,0.9578293559986923,0.9578293559986923,0.9650212487741092,0.9650212487741092,0.9695979078130108,0.9695979078130108,1.0,1.0
./instances/created-instances/mm-15-25-1767920.cdop,./settings/Memetic_MMX_1287823.config,15,25,0.8853715428190603,0.9126957680773076,0.9293568810396534,0.9413528823725424,0.9585138287237588,0.9703432189270244,0.9805064978340553,0.9805064978340553,0.9841719426857715,0.9981672775741419,1.0,1.0,1.0,1.0
./instances/created-instances/mm-25-25-1917698.cdop,./settings/Memetic-LS_MMX_1881515.config,25,25,0.27994717977740047,0.4399169967930579,0.5461233729485003,0.5489530277306168,0.6006413884172798,0.6896811922278815,0.7091114883984154,0.7321260139596303,0.844368986983588,0.8868138087153368,0.9281267685342388,0.9626485568760611,1.0,1.0
./instances/created-instances/mm-25-25-1891798.cdop,./settings/Memetic_MPX_1099666.config,25,25,0.7719332298136646,0.7719332298136646,0.7719332298136646,0.7719332298136646,0.7719332298136646,0.8181288819875776,0.8181288819875776,0.8757763975155279,0.9722437888198758,0.9722437888198758,0.9769021739130435,1.0,1.0,1.0
./instances/created-instances/mm-10-25-1767920.cdop,./settings/Memetic_MMX_1287823.config,10,25,0.8882463269771804,0.9338855892466396,0.9366989684276337,0.9459206001875586,0.9607689903094717,0.9607689903094717,0.9796811503594873,0.9849953110346984,0.9849953110346984,0.9871834948421382,0.9914035636136292,0.9949984370115661,1.0,1.0
./instances/created-instances/mm-10-40-1767920.cdop,./settings/Memetic_MMX_1881515.config,10,40,0.8087069525666017,0.8480831708901885,0.8897985705003248,0.9308641975308642,0.9348927875243664,0.9491877842755035,0.9491877842755035,0.9554256010396361,0.9716699155295646,0.980246913580247,0.9941520467836257,0.998180636777128,1.0,1.0
./instances/created-instances/mm-15-40-1917698.cdop,./settings/Memetic-LS_MMX_1881515.config,15,40,0.4544779444526957,0.4687360760433685,0.4923511064904203,0.5299272241200059,0.5937917718698945,0.6145848804396257,0.6897371156987969,0.6983514035348285,0.7397890984702213,0.8161295113619486,0.9070251002524877,0.9983662557552354,1.0,1.0
./instances/created-instances/mm-5-40-1110588.cdop,./settings/Memetic-LS_MMX_1287823.config,5,40,0.4392605633802817,0.5403462441314554,0.5743838028169014,0.6455399061032864,0.7043720657276995,0.7287265258215962,0.7431044600938967,0.8182218309859155,0.8842429577464789,0.9071302816901409,0.9119718309859155,0.9385269953051644,1.0,1.0
./instances/created-instances/mm-5-40-1891798.cdop,./settings/Memetic-LS_MPX_1881515.config,5,40,0.5104068117313151,0.5168716493219805,0.5761589403973509,0.6040681173131505,0.6616209397666352,0.6780195521917376,0.7882371491643014,0.8215074109113845,0.8861557868180385,0.9443393251340271,0.9971617786187322,1.0,1.0,1.0
./instances/created-instances/mm-5-25-1762875.cdop,./settings/Memetic_MMX_1881515.config,5,25,0.9628466771323915,0.9679051107622536,0.9679051107622536,0.9738356881214024,0.9769754055468342,0.978021978021978,0.978021978021978,0.9815105529391244,0.9839525553811268,0.9863945578231292,0.9959881388452817,0.9959881388452817,1.0,1.0
./instances/created-instances/mm-10-25-1891798.cdop,./settings/Memetic_MMX_1099666.config,10,25,0.9290545854963033,0.9449425829793928,0.9487179487179487,0.9487179487179487,0.9782916470033034,0.9889885165958786,0.9899323580305175,0.9899323580305175,0.9899323580305175,0.9976403964134025,0.9976403964134025,1.0,1.0,1.0
./instances/created-instances/mm-15-25-1891798.cdop,./settings/Memetic-LS_MMX_1287823.config,15,25,0.4376731301939058,0.49129402453502174,0.5712307083498219,0.5712307083498219,0.5878512069647803,0.7055797388207361,0.7809655718242976,0.8203403244954491,0.8642659279778393,0.9153146022952117,0.9271863870201821,0.9519192718638702,1.0,1.0
./instances/created-instances/mm-20-25-1891798.cdop,./settings/Memetic_MMX_1881515.config,20,25,0.8564513689305703,0.8687036756920284,0.9018302828618968,0.9118136439267887,0.9615791862048102,0.9832098018454092,0.9909242172137347,0.9962184238390561,1.0,1.0,1.0,1.0,1.0,1.0
./instances/created-instances/mm-10-10-1767920.cdop,./settings/Memetic_MMX_1099666.config,10,10,0.9720172983973544,0.9720172983973544,0.9758331213431697,0.9860086491986771,0.9860086491986771,0.9860086491986771,0.9860086491986771,0.9860086491986771,0.9860086491986771,0.9860086491986771,0.987026201984228,0.9954210124650216,1.0,1.0
./instances/created-instances/mm-20-25-1891798.cdop,./settings/Memetic-LS_MMX_1881515.config,20,25,0.3475621324226902,0.39081768165433506,0.44298994498197686,0.5543540125213432,0.6173401631568962,0.7127679757161829,0.7402769872889394,0.7742363877822045,0.8047808764940239,0.8755454372984254,0.9049516220830962,0.93075317776513,1.0,1.0
./instances/created-instances/mm-10-25-1762875.cdop,./settings/Memetic-LS_MMX_1099666.config,10,25,0.47372564455815785,0.4845502853768943,0.5760677032080299,0.6591222200354261,0.7067506396378666,0.7972839992127534,0.8340877779964574,0.8431411139539461,0.8653808305451682,0.8864396772288919,0.9653611493800432,0.9860263727612675,1.0,1.0
./instances/created-instances/mm-5-25-1110588.cdop,./settings/Memetic-LS_MMX_1287823.config,5,25,0.6366366366366366,0.6998873873873874,0.7683933933933934,0.7894144144144144,0.827515015015015,0.827515015015015,0.8948948948948949,0.9082207207207207,0.9281156156156156,0.9737237237237237,0.9819819819819819,0.9949324324324325,1.0,1.0
./instances/created-instances/mm-10-10-1917698.cdop,./settings/Memetic-LS_MPX_1099666.config,10,10,0.6750756811301716,0.6875210225361588,0.6875210225361588,0.7097208207198117,0.7140935082408342,0.7352842246888665,0.7786747393205516,0.8432559704002691,0.9212916246215943,0.9374369323915237,0.9374369323915237,1.0,1.0,1.0
./instances/created-instances/mm-20-10-1110588.cdop,./settings/Memetic-LS_MPX_1287823.config,20,10,0.5105853051058531,0.5105853051058531,0.5612287256122872,0.5612287256122872,0.6508924865089248,0.6508924865089248,0.7330842673308426,0.8459941884599419,0.9007887090078871,0.9007887090078871,0.9007887090078871,0.9007887090078871,1.0,1.0
./instances/created-instances/mm-5-40-1762875.cdop,./settings/Memetic-LS_MMX_1287823.config,5,40,0.42945383615084526,0.49528608582574774,0.5705461638491548,0.6258127438231469,0.6289011703511054,0.6692132639791938,0.7231794538361509,0.7578023407022106,0.8132314694408322,0.8701235370611183,0.9211638491547465,0.9923602080624188,1.0,1.0
./instances/created-instances/mm-10-40-1110588.cdop,./settings/Memetic-LS_MPX_1881515.config,10,40,0.437043966323667,0.4630495790458372,0.4630495790458372,0.5550982226379794,0.5966323666978485,0.6263797942001871,0.6679139382600561,0.7139382600561273,0.7728718428437792,0.8398503274087933,0.8836295603367633,0.9829747427502339,1.0,1.0
./instances/created-instances/mm-5-10-1917698.cdop,./settings/Memetic-LS_MMX_1881515.config,5,10,0.7632357777047024,0.7859256823413351,0.8178230845116737,0.8809602104570865,0.8829332456428807,0.9467280499835581,0.9467280499835581,0.9782966129562644,0.9875041104899704,0.9875041104899704,0.9875041104899704,1.0,1.0,1.0
./instances/created-instances/mm-10-40-1891798.cdop,./settings/Memetic-LS_MPX_1099666.config,10,40,0.3806975822433611,0.3806975822433611,0.38545382481173207,0.4948474038842648,0.5515259611573523,0.6452635751089972,0.7112564407451447,0.759611573523583,0.8462148236226714,0.8801030519223147,0.9302417756638922,0.985731272294887,1.0,1.0
./instances/created-instances/mm-25-10-1891798.cdop,./settings/Memetic-LS_MMX_1881515.config,25,10,0.3744948361023799,0.41109115401885943,0.5080826223619219,0.5422092501122586,0.5808262236192187,0.6713066906151773,0.7528064660978896,0.8349797934440952,0.8601257296811855,0.9153569824876515,0.9562191288729233,0.979344409519533,1.0,1.0
./instances/created-instances/mm-15-40-1767920.cdop,./settings/Memetic_MMX_1881515.config,15,40,0.820553073300326,0.863301533631204,0.9271827074024876,0.9333413838908344,0.9367226180412994,0.9653423499577346,0.9687235841081995,0.979229561647144,0.9876826470233063,0.9938413235116532,0.9961357323994686,0.9961357323994686,1.0,1.0
./instances/created-instances/mm-5-25-1917698.cdop,./settings/Memetic_MPX_1881515.config,5,25,0.8828898815303943,0.8828898815303943,0.9232860749660128,0.9232860749660128,0.9232860749660128,0.9318314235773937,0.9370751602252865,0.9563021946008934,0.9563021946008934,0.958632744222179,0.973781316760536,0.973781316760536,1.0,1.0
./instances/created-instances/mm-25-10-1110588.cdop,./settings/Memetic-LS_MPX_1881515.config,25,10,0.5615321923390383,0.5615321923390383,0.5615321923390383,0.5753871230643847,0.7559087204563977,0.7762836185819071,0.8280358598207009,0.8280358598207009,0.8789731051344744,0.9091279543602282,0.9152404237978811,0.9845150774246129,1.0,1.0
./instances/created-instances/mm-20-25-1762875.cdop,./settings/Memetic-LS_MPX_1099666.config,20,25,0.6249011857707509,0.6249011857707509,0.6280632411067194,0.6822134387351778,0.7015810276679841,0.7031620553359684,0.8351778656126482,0.8592885375494071,0.8810276679841897,0.8810276679841897,0.8841897233201581,0.8952569169960475,1.0,1.0
./instances/created-instances/mm-25-10-1762875.cdop,./settings/Memetic_MMX_1287823.config,25,10,0.9032572654573825,0.9194460698264092,0.9387556075677784,0.9389506534035499,0.9477277160132631,0.9485078993563487,0.9645016578896041,0.9723034913204603,0.9723034913204603,0.9801053247513165,1.0,1.0,1.0,1.0
./instances/created-instances/mm-10-40-1762875.cdop,./settings/Memetic-LS_MPX_1099666.config,10,40,0.4517304189435337,0.5450819672131147,0.5505464480874317,0.6213570127504554,0.674408014571949,0.7094717668488161,0.7570582877959927,0.8408469945355191,0.8408469945355191,0.8410746812386156,0.8410746812386156,0.8410746812386156,1.0,1.0
./instances/created-instances/mm-20-25-1767920.cdop,./settings/Memetic_MMX_1099666.config,20,25,0.8426554439315775,0.8881346728210697,0.9423024708118382,0.9488188976377953,0.9562856367092044,0.9645669291338582,0.9725767037740972,0.980857996198751,0.9875101819169155,0.9875101819169155,0.9895465653000272,0.993212055389628,1.0,1.0
./instances/created-instances/mm-15-40-1891798.cdop,./settings/Memetic-LS_MPX_1287823.config,15,40,0.5648798521256931,0.5648798521256931,0.5648798521256931,0.6820702402957486,0.7478743068391867,0.7977818853974122,0.9060998151571165,0.9134935304990758,0.9903881700554529,0.9903881700554529,1.0,1.0,1.0,1.0
./instances/created-instances/mm-20-25-1110588.cdop,./settings/Memetic-LS_MMX_1099666.config,20,25,0.36479733481399224,0.4229131963723857,0.4656672219137516,0.529705719044975,0.6272441236350176,0.6749953729409587,0.7047936331667592,0.7543957060892097,0.818804367943735,0.8920969831575051,0.946326115121229,0.9698315750508977,1.0,1.0
./instances/created-instances/mm-10-10-1762875.cdop,./settings/Memetic-LS_MMX_1287823.config,10,10,0.6767225325884544,0.719925512104283,0.829050279329609,0.8502793296089386,0.8502793296089386,0.860707635009311,0.860707635009311,0.8789571694599627,0.9422718808193669,0.982122905027933,1.0,1.0,1.0,1.0
./instances/created-instances/mm-25-25-1762875.cdop,./settings/Memetic-LS_MPX_1287823.config,25,25,0.5027624309392266,0.5278754394776495,0.5484681064791562,0.6052235057759919,0.6052235057759919,0.6052235057759919,0.7860371672526368,0.8613761928679056,0.8613761928679056,0.8613761928679056,0.8613761928679056,0.8613761928679056,1.0,1.0
./instances/created-instances/mm-15-25-1110588.cdop,./settings/Memetic_MPX_1287823.config,15,25,0.7996369037795016,0.7996369037795016,0.7996369037795016,0.8488199372833801,0.8488199372833801,0.8928866149529625,0.8928866149529625,0.9544479287011058,0.9971942564779667,0.9971942564779667,0.9971942564779667,0.9971942564779667,1.0,1.0
./instances/created-instances/mm-5-40-1110588.cdop,./settings/Memetic_MPX_1287823.config,5,40,0.8139661016949152,0.8463728813559322,0.8687457627118644,0.9243389830508475,0.9294915254237288,0.9294915254237288,0.9349152542372882,0.9349152542372882,0.9349152542372882,0.936135593220339,0.9431864406779661,0.9431864406779661,1.0,1.0
./instances/created-instances/mm-10-10-1917698.cdop,./settings/Memetic_MPX_1881515.config,10,10,0.9356160374597601,0.9356160374597601,0.9356160374597601,0.9356160374597601,0.9356160374597601,0.9405911618378695,0.9405911618378695,0.9405911618378695,0.9651741293532339,0.9736611062335382,0.9736611062335382,0.9736611062335382,1.0,1.0
./instances/created-instances/mm-15-25-1110588.cdop,./settings/Memetic-LS_MPX_1881515.config,15,25,0.39723892228902247,0.46648853262079715,0.4765085727009575,0.5056780227120908,0.5406368292139835,0.5733689601425073,0.5956357158761968,0.6205744822979292,0.6726786907147628,0.6726786907147628,0.7189935426408373,0.8719661545312848,1.0,1.0
./instances/created-instances/mm-25-25-1110588.cdop,./settings/Memetic-LS_MPX_1287823.config,25,25,0.6436450839328537,0.7247002398081535,0.7453237410071942,0.8249400479616307,0.8537170263788969,0.9007194244604316,0.9007194244604316,0.913189448441247,0.9175059952038369,0.9175059952038369,0.9405275779376499,0.9932853717026379,1.0,1.0
./instances/created-instances/mm-15-40-1767920.cdop,./settings/Memetic-LS_MPX_1881515.config,15,40,0.31905424200278165,0.33296244784422807,0.3479833101529903,0.42753824756606396,0.44895688456189153,0.48484005563282334,0.4926286509040334,0.525452016689847,0.6189151599443672,0.6776077885952713,0.6915159944367176,0.8339360222531293,1.0,1.0
./instances/created-instances/mm-10-25-1891798.cdop,./settings/Memetic-LS_MMX_1287823.config,10,25,0.5172950536146662,0.5316499481148391,0.6193358699411968,0.6660325147007956,0.6719128329297821,0.7070217917675545,0.7583881010031132,0.7627118644067796,0.8203043929436181,0.8341404358353511,0.8796264268419232,0.9512279488066413,1.0,1.0
./instances/created-instances/mm-10-40-1110588.cdop,./settings/Memetic_MPX_1099666.config,10,40,0.7827079469253817,0.8299329433585391,0.8420602083036096,0.8420602083036096,0.9024111856184905,0.9024111856184905,0.9024111856184905,0.9024111856184905,0.9024111856184905,0.9024111856184905,0.9051219860179769,0.9051219860179769,1.0,1.0
./instances/created-instances/mm-10-25-1891798.cdop,./settings/Memetic_MPX_1099666.config,10,25,0.8230657873572462,0.8381856200739907,0.9390381212803603,0.9507801190284704,0.9507801190284704,0.9636480617661252,0.973942415956249,0.9819848801672832,0.9819848801672832,0.9889013993887728,0.9980698085893518,0.9980698085893518,1.0,1.0
./instances/created-instances/mm-15-10-1762875.cdop,./settings/Memetic-LS_MMX_1287823.config,15,10,0.6147699090658584,0.718379718930835,0.7495177734913199,0.7495177734913199,0.8286029209148525,0.8641499035546982,0.9145770184623864,0.9297327087351888,0.9616974373105539,0.9914577018462386,0.9914577018462386,0.9914577018462386,1.0,1.0
./instances/created-instances/mm-5-10-1917698.cdop,./settings/Memetic-LS_MMX_1099666.config,5,10,0.8584307178631052,0.8904841402337229,0.9078464106844741,0.9128547579298831,0.9181969949916527,0.9712854757929883,0.9712854757929883,0.9712854757929883,0.9712854757929883,0.9843071786310518,0.9843071786310518,1.0,1.0,1.0
./instances/created-instances/mm-15-25-1891798.cdop,./settings/Memetic_MMX_1881515.config,15,25,0.9087027914614122,0.9285714285714286,0.948440065681445,0.948440065681445,0.948440065681445,0.9525451559934318,0.9535303776683087,0.960919540229885,0.9719211822660099,0.9791461412151067,0.986863711001642,1.0,1.0,1.0
./instances/created-instances/mm-10-40-1762875.cdop,./settings/Memetic-LS_MPX_1287823.config,10,40,0.3245853836340441,0.4206305813741571,0.46929105157645346,0.5205030071077091,0.5205030071077091,0.5893931109896118,0.6212866776016038,0.6285766356843449,0.6606524512484053,0.7098596683069073,0.7747402952433023,0.8921086203754328,1.0,1.0
./instances/created-instances/mm-5-40-1767920.cdop,./settings/Memetic-LS_MPX_1099666.config,5,40,0.6722783389450057,0.6722783389450057,0.6745230078563412,0.6836887392442949,0.698279087167976,0.799289188178077,0.8653198653198653,0.9197530864197531,1.0,1.0,1.0,1.0,1.0,1.0
./instances/created-instances/mm-25-10-1891798.cdop,./settings/Memetic_MPX_1881515.config,25,10,0.7820240622788394,0.7820240622788394,0.7820240622788394,0.7820240622788394,0.9023354564755839,0.9023354564755839,0.9023354564755839,0.9771172446331682,1.0,1.0,1.0,1.0,1.0,1.0
./instances/created-instances/mm-10-25-1891798.cdop,./settings/Memetic-LS_MMX_1881515.config,10,25,0.49310473350726797,0.6120014908684308,0.623742079761461,0.6666045471487141,0.7290346626910175,0.7445024226612001,0.7635109951546776,0.8387998509131569,0.8628401043607902,0.9465150950428625,0.9791278419679463,0.9791278419679463,1.0,1.0
./instances/created-instances/mm-25-25-1917698.cdop,./settings/Memetic-LS_MMX_1099666.config,25,25,0.34523809523809523,0.3974358974358974,0.4340659340659341,0.4534798534798535,0.4717948717948718,0.5494505494505495,0.6228937728937729,0.7276556776556776,0.7501831501831502,0.8199633699633699,0.889010989010989,0.9644688644688645,1.0,1.0
./instances/created-instances/mm-20-25-1917698.cdop,./settings/Memetic_MMX_1287823.config,20,25,0.8717909062789978,0.9248376121249613,0.9321064027219301,0.948190535106712,0.9648932879678317,0.9808227652335292,0.985307763686978,0.993349829879369,0.993349829879369,0.993349829879369,0.993349829879369,0.9990720692854933,1.0,1.0
./instances/created-instances/mm-10-40-1891798.cdop,./settings/Memetic_MMX_1099666.config,10,40,0.8789632943033812,0.8861991843178529,0.8861991843178529,0.9236942507564794,0.9598737008288383,0.9617155637416129,0.9625049335613735,0.9755295355874227,0.9927641099855282,0.9927641099855282,0.9927641099855282,1.0,1.0,1.0
./instances/created-instances/mm-10-10-1891798.cdop,./settings/Memetic_MMX_1881515.config,10,10,0.9533603707995365,0.9606025492468134,0.9649478563151797,0.9733487833140209,0.9788528389339514,0.9788528389339514,0.9831981460023175,1.0,1.0,1.0,1.0,1.0,1.0,1.0
./instances/created-instances/mm-10-25-1767920.cdop,./settings/Memetic-LS_MMX_1287823.config,10,25,0.44943231441048037,0.4784279475982533,0.5351965065502183,0.6160698689956332,0.6635807860262009,0.7114410480349345,0.7898689956331878,0.8384279475982532,0.8562445414847162,0.9556331877729257,0.977467248908297,1.0,1.0,1.0
./instances/created-instances/mm-5-10-1891798.cdop,./settings/Memetic_MPX_1287823.config,5,10,0.9500789889415482,0.9589257503949447,0.9636650868878357,0.9895734597156398,0.9895734597156398,0.9895734597156398,0.9946287519747236,0.9946287519747236,0.9946287519747236,0.9946287519747236,1.0,1.0,1.0,1.0
./instances/created-instances/mm-15-40-1762875.cdop,./settings/Memetic-LS_MMX_1099666.config,15,40,0.3896054628224583,0.4233687405159332,0.46452959028831564,0.4935508345978756,0.4935508345978756,0.537556904400607,0.6392261001517451,0.7651745068285281,0.80747344461305,0.8499620637329287,0.9265933232169955,0.957701062215478,1.0,1.0
./instances/created-instances/mm-10-40-1767920.cdop,./settings/Memetic-LS_MMX_1099666.config,10,40,0.3305848221102458,0.38937242327072835,0.47136967475950525,0.49381584974805315,0.5171781951442969,0.5874179264009772,0.6440677966101694,0.6607115590166438,0.7504962589708353,0.7831730035119866,0.8754008245533669,0.9210566498702092,1.0,1.0
./instances/created-instances/mm-20-25-1762875.cdop,./settings/Memetic_MPX_1881515.config,20,25,0.6765380206343141,0.8108521207489492,0.8108521207489492,0.8108521207489492,0.8870844478410393,0.8979747802827666,0.8979747802827666,0.9914023691249523,1.0,1.0,1.0,1.0,1.0,1.0
./instances/created-instances/mm-15-10-1917698.cdop,./settings/Memetic-LS_MPX_1099666.config,15,10,0.6349146110056926,0.6349146110056926,0.6611005692599621,0.711954459203036,0.7184060721062618,0.815180265654649,0.8614800759013282,0.8614800759013282,0.8664136622390892,0.8785578747628083,0.9233396584440228,1.0,1.0,1.0
./instances/created-instances/mm-10-40-1110588.cdop,./settings/Memetic-LS_MMX_1287823.config,10,40,0.4755979314802844,0.5075953458306399,0.5221396250808016,0.6129605688429218,0.6439883645765999,0.6717840982546864,0.717032967032967,0.7703619909502263,0.775371687136393,0.840174531351002,0.9033613445378151,0.9600840336134454,1.0,1.0
./instances/created-instances/mm-15-40-1917698.cdop,./settings/Memetic-LS_MPX_1099666.config,15,40,0.6713081714913888,0.6713081714913888,0.6713081714913888,0.6713081714913888,0.6713081714913888,0.683400513008428,0.7559545621106633,0.9204836936606816,1.0,1.0,1.0,1.0,1.0,1.0
./instances/created-instances/mm-10-10-1762875.cdop,./settings/Memetic_MMX_1287823.config,10,10,0.9415784079262043,0.9586607447898873,0.9661769730099078,0.9661769730099078,0.9784762555517594,0.981892722924496,0.981892722924496,0.981892722924496,0.981892722924496,0.981892722924496,0.981892722924496,0.981892722924496,1.0,1.0
./instances/created-instances/mm-5-40-1767920.cdop,./settings/Memetic_MPX_1881515.config,5,40,0.8410465606977071,0.858489238992826,0.9012519341679561,0.9493599662399775,1.0,1.0,1.0,1.0,1.0,1.0,1.0,1.0,1.0,1.0
./instances/created-instances/mm-15-25-1917698.cdop,./settings/Memetic-LS_MMX_1881515.config,15,25,0.5377551020408163,0.5883673469387755,0.62,0.6224489795918368,0.6636734693877551,0.736938775510204,0.8153061224489796,0.8861224489795918,0.9157142857142857,0.9330612244897959,0.9422448979591836,0.9640816326530612,1.0,1.0
./instances/created-instances/mm-25-25-1110588.cdop,./settings/Memetic_MMX_1099666.config,25,25,0.8552230534774176,0.8916597395400387,0.914657799944583,0.9389027431421446,0.9646716541978387,0.9686893876420061,0.9699362704350235,0.970906068162926,0.9921030756442227,0.9969520642837351,0.9980604045441951,0.9980604045441951,1.0,1.0
./instances/created-instances/mm-10-25-1891798.cdop,./settings/Memetic_MMX_1287823.config,10,25,0.9198259788688626,0.944841516469857,0.9453076444996893,0.9473275326289621,0.9683032939714108,0.9683032939714108,0.9723430702299565,0.9743629583592294,0.9757613424487259,0.97591671845867,0.9821317588564326,0.9900559353635798,1.0,1.0
./instances/created-instances/mm-15-10-1110588.cdop,./settings/Memetic_MMX_1099666.config,15,10,0.9483886034563288,0.9563288183092014,0.9563288183092014,0.9563288183092014,0.976879962634283,0.976879962634283,0.976879962634283,0.976879962634283,0.9976646426903316,1.0,1.0,1.0,1.0,1.0
./instances/created-instances/mm-5-25-1917698.cdop,./settings/Memetic-LS_MPX_1881515.config,5,25,0.5816517578531308,0.6332431870189307,0.6862908258789265,0.7418348242146869,0.7476596629914708,0.7828167256084876,0.856251300187227,0.8718535469107551,0.9020178905762429,0.913459538173497,0.933430413979613,0.9350946536301228,1.0,1.0
./instances/created-instances/mm-20-10-1762875.cdop,./settings/Memetic_MPX_1099666.config,20,10,0.833164812942366,0.833164812942366,0.8657735085945399,0.8657735085945399,0.8657735085945399,0.8867542972699697,1.0,1.0,1.0,1.0,1.0,1.0,1.0,1.0
./instances/created-instances/mm-5-40-1110588.cdop,./settings/Memetic-LS_MPX_1287823.config,5,40,0.5645187735694376,0.58780127889818,0.6082964420396786,0.6497786522380719,0.6956878176750287,0.7394654861452697,0.7517625840301689,0.7697983275946877,0.8507952123298902,0.897196261682243,0.9030988686669946,0.9813084112149533,1.0,1.0
./instances/created-instances/mm-20-10-1767920.cdop,./settings/Memetic_MMX_1287823.config,20,10,0.9298283261802575,0.9424892703862661,0.9570815450643777,0.9581545064377682,0.9581545064377682,0.9781115879828326,0.9793991416309012,0.9793991416309012,0.9793991416309012,0.9899141630901288,0.9899141630901288,0.994206008583691,1.0,1.0
./instances/created-instances/mm-25-10-1891798.cdop,./settings/Memetic-LS_MMX_1099666.config,25,10,0.4871351351351351,0.5275675675675676,0.5900540540540541,0.6395675675675676,0.6981621621621622,0.7260540540540541,0.7334054054054054,0.750054054054054,0.8265945945945946,0.8572972972972973,0.8817297297297297,0.9507027027027027,1.0,1.0
./instances/created-instances/mm-20-10-1891798.cdop,./settings/Memetic_MPX_1881515.config,20,10,0.8633010603964961,0.8633010603964961,0.8633010603964961,0.8633010603964961,0.8633010603964961,0.8633010603964961,0.8974181650530199,0.9347625633932688,0.9497464269248501,0.9552789303826649,1.0,1.0,1.0,1.0
./instances/created-instances/mm-15-25-1891798.cdop,./settings/Memetic_MMX_1287823.config,15,25,0.8959856980334796,0.9338534048431659,0.9338534048431659,0.9385665529010239,0.9429546562652364,0.9512432959531936,0.9709084999187388,0.9757841703234195,0.9876483016414757,0.9876483016414757,0.9915488379652202,0.9915488379652202,1.0,1.0
./instances/created-instances/mm-25-10-1917698.cdop,./settings/Memetic_MPX_1099666.config,25,10,0.8366170110523786,0.8366170110523786,0.847909658817876,0.847909658817876,0.847909658817876,0.847909658817876,0.9312830370014417,0.9312830370014417,0.9312830370014417,0.9312830370014417,0.9574723690533398,1.0,1.0,1.0
./instances/created-instances/mm-15-25-1917698.cdop,./settings/Memetic-LS_MMX_1287823.config,15,25,0.24878595442659693,0.31826671647366456,0.40866641763167727,0.48711243929772136,0.5321255136346656,0.596563317146059,0.6634292118042585,0.7590586477400074,0.8339559208068734,0.9062383264848711,0.9641389615240942,0.9908479641389615,1.0,1.0
./instances/created-instances/mm-15-25-1917698.cdop,./settings/Memetic_MPX_1881515.config,15,25,0.8413098236775819,0.8413098236775819,0.8413098236775819,0.8970852824757107,0.8970852824757107,0.8970852824757107,0.9130982367758187,0.9875854623965455,0.9875854623965455,0.9875854623965455,1.0,1.0,1.0,1.0
./instances/created-instances/mm-5-10-1917698.cdop,./settings/Memetic_MPX_1287823.config,5,10,0.9648622981956315,0.9730927508705286,0.9838556505223172,0.9879708768597657,0.9879708768597657,0.9879708768597657,0.9936688825577714,0.9968344412788858,1.0,1.0,1.0,1.0,1.0,1.0
./instances/created-instances/mm-15-25-1767920.cdop,./settings/Memetic-LS_MPX_1287823.config,15,25,0.4782767433369843,0.4782767433369843,0.4782767433369843,0.5231836436655714,0.5666301569916028,0.6261409273457467,0.6308871851040526,0.7878787878787878,0.9134720700985761,0.9134720700985761,0.9134720700985761,0.9134720700985761,1.0,1.0
./instances/created-instances/mm-25-10-1917698.cdop,./settings/Memetic_MMX_1881515.config,25,10,0.8787029623698959,0.8803042433947158,0.9213370696557246,0.9571657325860689,0.9639711769415532,0.9723779023218575,0.9759807846277022,0.9931945556445156,0.9981985588470776,0.9981985588470776,0.9981985588470776,1.0,1.0,1.0
./instances/created-instances/mm-20-25-1891798.cdop,./settings/Memetic-LS_MMX_1287823.config,20,25,0.357487922705314,0.42879227053140095,0.5143961352657005,0.530048309178744,0.5327536231884058,0.7259903381642512,0.7822222222222223,0.8071497584541063,0.8805797101449275,0.9188405797101449,0.9522705314009662,0.9741062801932368,1.0,1.0
./instances/created-instances/mm-25-25-1891798.cdop,./settings/Memetic-LS_MMX_1287823.config,25,25,0.2871436662261658,0.3636020388899377,0.414763073437795,0.4523315084009817,0.49782895978855957,0.5912780819331697,0.6652822352274873,0.7415518217859166,0.794223145176515,0.8299037190862752,0.8916367755333208,0.9124032471210118,1.0,1.0
./instances/created-instances/mm-5-25-1762875.cdop,./settings/Memetic_MPX_1287823.config,5,25,0.8816193746611242,0.9137899873486355,0.9137899873486355,0.9484908729441532,0.9519248147478764,0.9658413157419121,0.9658413157419121,0.9765046087113681,0.9765046087113681,0.9902403759262606,1.0,1.0,1.0,1.0
./instances/created-instances/mm-5-10-1891798.cdop,./settings/Memetic-LS_MMX_1881515.config,5,10,0.7974001268230818,0.8091312618896639,0.8246670894102727,0.8294229549778059,0.8585922637920101,0.8585922637920101,0.8893468611287254,0.8909321496512366,0.9273937856689918,0.9492707672796449,0.9701965757767914,0.9955611921369689,1.0,1.0
./instances/created-instances/mm-25-25-1917698.cdop,./settings/Memetic-LS_MPX_1287823.config,25,25,0.45700444085587405,0.5454178441663302,0.6051675413807025,0.6051675413807025,0.7137666532095277,0.7505046427129592,0.8029874848607186,0.806620912394025,0.8522406136455389,0.8966491723859508,0.8966491723859508,1.0,1.0,1.0
./instances/created-instances/mm-5-40-1917698.cdop,./settings/Memetic_MPX_1099666.config,5,40,0.8797589701451657,0.9178307313064914,0.9407011777595179,0.9407011777595179,0.9407011777595179,0.9598740071213366,0.9598740071213366,0.9598740071213366,0.9598740071213366,0.9991783073130649,0.9991783073130649,1.0,1.0,1.0
./instances/created-instances/mm-10-40-1762875.cdop,./settings/Memetic-LS_MMX_1287823.config,10,40,0.47312005277044855,0.5034630606860159,0.508245382585752,0.5423812664907651,0.6268139841688655,0.6889841688654353,0.7430738786279684,0.7941952506596306,0.8570250659630607,0.8575197889182058,0.8896767810026385,0.9569591029023746,1.0,1.0
./instances/created-instances/mm-5-25-1917698.cdop,./settings/Memetic-LS_MMX_1881515.config,5,25,0.545244593743439,0.6810833508293093,0.7041780390510183,0.7453285744278816,0.784169640982574,0.83224858282595,0.849674574847785,0.857232836447617,0.863321436069704,0.892084820491287,0.9676674364896074,1.0,1.0,1.0
./instances/created-instances/mm-15-10-1767920.cdop,./settings/Memetic-LS_MPX_1099666.config,15,10,0.562625050020008,0.5746298519407763,0.5746298519407763,0.6558623449379752,0.6910764305722289,0.7354941976790716,0.7547018807523009,0.7831132452981192,0.8855542216886755,0.9431772709083633,0.9767907162865146,1.0,1.0,1.0
./instances/created-instances/mm-25-10-1891798.cdop,./settings/Memetic_MPX_1099666.config,25,10,0.8694444444444445,0.8694444444444445,0.8694444444444445,0.8694444444444445,0.8694444444444445,0.8694444444444445,0.8694444444444445,0.9194444444444444,1.0,1.0,1.0,1.0,1.0,1.0
./instances/created-instances/mm-15-25-1762875.cdop,./settings/Memetic-LS_MMX_1099666.config,15,25,0.4489242451636232,0.49448562646899297,0.5078647622491412,0.6412945217862954,0.6863135056951727,0.6960766588320376,0.7389260531549449,0.7870186223106129,0.8750677996745616,0.9199059844512746,0.9293075393238113,0.9710721388537336,1.0,1.0
./instances/created-instances/mm-10-25-1762875.cdop,./settings/Memetic_MPX_1881515.config,10,25,0.9046450151057401,0.975453172205438,0.975453172205438,0.975453172205438,0.9830060422960725,0.9830060422960725,0.9830060422960725,0.9830060422960725,1.0,1.0,1.0,1.0,1.0,1.0
./instances/created-instances/mm-10-40-1767920.cdop,./settings/Memetic-LS_MMX_1287823.config,10,40,0.4420087064676617,0.5009328358208955,0.5166355721393034,0.5211442786069652,0.5792910447761194,0.5833333333333334,0.6060323383084577,0.6060323383084577,0.7336753731343284,0.7391169154228856,0.9231965174129353,0.9679726368159204,1.0,1.0
./instances/created-instances/mm-10-10-1762875.cdop,./settings/Memetic-LS_MMX_1099666.config,10,10,0.7579617834394905,0.7579617834394905,0.7590857999250655,0.8197826901461222,0.8688647433495691,0.9059572873735482,0.93780442113151,0.9655301611090296,0.9760209816410641,0.9760209816410641,0.9760209816410641,0.9887598351442488,1.0,1.0
./instances/created-instances/mm-15-40-1917698.cdop,./settings/Memetic-LS_MPX_1287823.config,15,40,0.4578680203045685,0.4578680203045685,0.4873096446700508,0.4873096446700508,0.4873096446700508,0.5172588832487309,0.5799492385786802,0.6743654822335026,0.7423857868020305,0.7946700507614213,0.8213197969543147,0.9697969543147208,1.0,1.0
./instances/created-instances/mm-10-10-1917698.cdop,./settings/Memetic-LS_MPX_1881515.config,10,10,0.6694560669456067,0.6820083682008368,0.6832957837141937,0.700032185387834,0.7186997103315095,0.7930479562278725,0.8249114901834567,0.8439008690054716,0.9417444480205986,0.9481815255873833,0.9594464113292566,0.9662053427743804,1.0,1.0
./instances/created-instances/mm-15-25-1917698.cdop,./settings/Memetic_MPX_1099666.config,15,25,0.9304363376251789,0.9556509298998569,0.9556509298998569,0.9556509298998569,0.9556509298998569,0.9556509298998569,0.9556509298998569,0.9556509298998569,0.947961373390558,0.947961373390558,0.947961373390558,0.947961373390558,1.0,1.0
./instances/created-instances/mm-10-10-1110588.cdop,./settings/Memetic-LS_MMX_1881515.config,10,10,0.6410800970873787,0.7675970873786407,0.7675970873786407,0.7921723300970874,0.8294902912621359,0.8695388349514563,0.9232402912621359,0.9575242718446602,0.9930218446601942,1.0,1.0,1.0,1.0,1.0
./instances/created-instances/mm-25-10-1917698.cdop,./settings/Memetic-LS_MMX_1287823.config,25,10,0.631824889326119,0.6736350221347762,0.7717658632562715,0.7808657156910969,0.7961141170683719,0.8563698967043778,0.8691588785046729,0.9370388588293163,0.9724545007378259,1.0,1.0,1.0,1.0,1.0
./instances/created-instances/mm-20-25-1891798.cdop,./settings/Memetic-LS_MPX_1099666.config,20,25,0.5577453685455263,0.5577453685455263,0.5577453685455263,0.5577453685455263,0.6216003153330706,0.6216003153330706,0.7106819077650769,0.7106819077650769,0.7232952305873078,0.7232952305873078,0.8072526606227828,0.9503350413874655,1.0,1.0
./instances/created-instances/mm-20-10-1917698.cdop,./settings/Memetic-LS_MMX_1287823.config,20,10,0.5863210148924435,0.6784335355763927,0.6817429674572532,0.7040816326530612,0.7923331494760066,0.806949806949807,0.875896304467733,0.9390512961941533,0.9390512961941533,0.9575289575289575,0.9633204633204633,0.9688361831218975,1.0,1.0
./instances/created-instances/mm-15-25-1891798.cdop,./settings/Memetic-LS_MPX_1881515.config,15,25,0.4442832970751752,0.4887599709934735,0.49963741841914433,0.49963741841914433,0.5552332608170172,0.6047860768672951,0.6151800821851583,0.637901861252115,0.7232293932801547,0.8358714043993232,0.9202320522117476,0.9649504471839497,1.0,1.0
./instances/created-instances/mm-5-25-1767920.cdop,./settings/Memetic_MMX_1099666.config,5,25,0.9702702702702702,0.9702702702702702,0.9727927927927927,0.9731531531531532,0.9807207207207207,0.9893693693693694,0.9974774774774775,0.9994594594594595,0.9994594594594595,1.0,1.0,1.0,1.0,1.0
./instances/created-instances/mm-10-10-1891798.cdop,./settings/Memetic-LS_MPX_1287823.config,10,10,0.7862844702467344,0.8784470246734397,0.8784470246734397,0.8784470246734397,0.8911465892597968,0.9542815674891146,0.9738751814223512,0.9738751814223512,0.9742380261248186,0.9840348330914369,0.9840348330914369,1.0,1.0,1.0
./instances/created-instances/mm-10-25-1110588.cdop,./settings/Memetic-LS_MPX_1881515.config,10,25,0.49121590383726305,0.5191863153028201,0.5638002773925104,0.6047156726768377,0.6558021266759131,0.7057327785483125,0.7579750346740638,0.8183079056865464,0.9003698566805363,0.9491447064262598,0.9491447064262598,0.9491447064262598,1.0,1.0
./instances/created-instances/mm-15-10-1891798.cdop,./settings/Memetic-LS_MMX_1881515.config,15,10,0.582983682983683,0.6892773892773892,0.7613053613053613,0.7613053613053613,0.7846153846153846,0.7848484848484848,0.8470862470862471,0.88997668997669,0.955011655011655,0.9888111888111888,0.9962703962703963,0.9988344988344988,1.0,1.0
./instances/created-instances/mm-10-40-1917698.cdop,./settings/Memetic-LS_MMX_1881515.config,10,40,0.30340030911901084,0.35486862442040185,0.35486862442040185,0.3884080370942813,0.485935085007728,0.5100463678516228,0.5480680061823802,0.6480680061823803,0.7293663060278207,0.8136012364760433,0.8911901081916538,0.9451313755795981,1.0,1.0
./instances/created-instances/mm-20-10-1917698.cdop,./settings/Memetic_MPX_1287823.config,20,10,0.8303258820360894,0.8303258820360894,0.8906544573121465,0.913546997037436,0.9342849447885807,0.9342849447885807,0.9539455965526529,0.9539455965526529,0.9539455965526529,0.9741448963102612,0.9741448963102612,1.0,1.0,1.0
./instances/created-instances/mm-25-10-1762875.cdop,./settings/Memetic-LS_MPX_1099666.config,25,10,0.6452790818988002,0.6452790818988002,0.6452790818988002,0.6452790818988002,0.6452790818988002,0.6452790818988002,0.6452790818988002,0.6635367762128326,0.739697443922796,0.8878455920709442,0.98226395409494,0.9953051643192489,1.0,1.0
./instances/created-instances/mm-15-10-1762875.cdop,./settings/Memetic-LS_MPX_1881515.config,15,10,0.5651096956829441,0.5651096956829441,0.6928520877565464,0.6928520877565464,0.6928520877565464,0.6928520877565464,0.7891012031139419,0.7891012031139419,0.7891012031139419,0.7958244869072895,0.829794762915782,0.9564755838641189,1.0,1.0
./instances/created-instances/mm-15-10-1762875.cdop,./settings/Memetic_MMX_1881515.config,15,10,0.9237521946325558,0.9312766491096062,0.9365437672435415,0.9533483822422875,0.9676448457486833,0.9744168547780286,0.9744168547780286,0.9744168547780286,0.9854527213443692,0.9889641334336594,0.9889641334336594,0.9902182091798345,1.0,1.0
./instances/created-instances/mm-10-10-1917698.cdop,./settings/Memetic-LS_MMX_1099666.config,10,10,0.7605466428995841,0.8086749851455733,0.8725490196078431,0.8764111705288176,0.8799762329174093,0.8829471182412358,0.9096850861556743,0.9560308972073678,0.9854426619132501,0.9973262032085561,1.0,1.0,1.0,1.0
./instances/created-instances/mm-15-40-1767920.cdop,./settings/Memetic-LS_MPX_1099666.config,15,40,0.5533159947984395,0.6186605981794538,0.6186605981794538,0.6186605981794538,0.6186605981794538,0.6199609882964889,0.6206111833550065,0.7217165149544863,0.7916124837451235,0.8992197659297789,0.9583875162548765,0.9694408322496749,1.0,1.0
./instances/created-instances/mm-25-25-1110588.cdop,./settings/Memetic-LS_MPX_1099666.config,25,25,0.5775937227550131,0.5775937227550131,0.7476024411508283,0.7476024411508283,0.8182214472537053,0.8700959023539668,0.8700959023539668,0.9263295553618134,0.9263295553618134,0.9263295553618134,0.9568439407149084,1.0,1.0,1.0
./instances/created-instances/mm-15-40-1762875.cdop,./settings/Memetic_MMX_1881515.config,15,40,0.8429752066115702,0.8869634764062917,0.900693148493735,0.9106904825379899,0.9268195147960544,0.9565449213543055,0.9626766195681151,0.9789389496134364,0.9828045854438816,0.9828045854438816,0.9986670221274326,0.9997334044254865,1.0,1.0
./instances/created-instances/mm-10-40-1917698.cdop,./settings/Memetic-LS_MPX_1099666.config,10,40,0.31548180275315857,0.3833679049594569,0.4297567414670941,0.4563454648312276,0.5349801998868565,0.5515745804261739,0.5917405242315671,0.6733924193852536,0.7648500848576277,0.8059588911936639,0.8604563454648312,0.9002451442579672,1.0,1.0
./instances/created-instances/mm-20-25-1762875.cdop,./settings/Memetic-LS_MPX_1287823.config,20,25,0.4589318600368324,0.4589318600368324,0.5152854511970534,0.5152854511970534,0.5152854511970534,0.5215469613259669,0.574585635359116,0.6132596685082873,0.6132596685082873,0.6173112338858195,0.8467771639042357,0.9395948434622468,1.0,1.0
./instances/created-instances/mm-5-25-1110588.cdop,./settings/Memetic_MMX_1287823.config,5,25,0.9290880225789381,0.9534309402010936,0.9640148174281178,0.9710707355794673,0.9710707355794673,0.9728347151173047,0.9728347151173047,0.9728347151173047,0.9827130005291939,0.9827130005291939,0.98535896983595,1.0,1.0,1.0
./instances/created-instances/mm-10-25-1762875.cdop,./settings/Memetic_MMX_1287823.config,10,25,0.8778599690349217,0.8914501978324445,0.9299845174608636,0.9459831412351626,0.9797006709100292,0.9797006709100292,0.980044727335283,0.9805608119731636,0.9805608119731636,0.9822810940994323,0.9869258558403579,0.9943230689833132,1.0,1.0
./instances/created-instances/mm-15-25-1891798.cdop,./settings/Memetic-LS_MPX_1099666.config,15,25,0.46485330073349634,0.6271393643031785,0.6589242053789731,0.6687041564792175,0.7130195599022005,0.8905867970660146,0.8905867970660146,0.9465158924205379,0.96179706601467,0.96179706601467,0.9807457212713936,0.9807457212713936,1.0,1.0
./instances/created-instances/mm-10-10-1767920.cdop,./settings/Memetic-LS_MPX_1287823.config,10,10,0.7512050426399703,0.7512050426399703,0.7738227660363367,0.7738227660363367,0.7801260659992585,0.7916203188728217,0.8227660363366703,0.8546533185020393,0.9306637004078606,0.9477196885428254,0.9610678531701891,0.9974045235446792,1.0,1.0
./instances/created-instances/mm-15-25-1762875.cdop,./settings/Memetic_MPX_1099666.config,15,25,0.8746745356708905,0.8746745356708905,0.8746745356708905,0.8857837181044957,0.9609442805068564,0.9609442805068564,0.9609442805068564,0.9609442805068564,0.9609442805068564,0.9902794653705954,1.0,1.0,1.0,1.0
./instances/created-instances/mm-10-10-1891798.cdop,./settings/Memetic_MMX_1099666.config,10,10,0.9534547557097427,0.9681989014165944,0.9890141659439144,0.9890141659439144,0.9890141659439144,0.9890141659439144,0.9890141659439144,0.9890141659439144,0.9890141659439144,0.9890141659439144,0.9890141659439144,1.0,1.0,1.0
./instances/created-instances/mm-10-10-1767920.cdop,./settings/Memetic-LS_MMX_1099666.config,10,10,0.7205169628432956,0.7205169628432956,0.7603661820140011,0.7703284868066774,0.7784060312331718,0.8247172859450727,0.8624124932687129,0.8675282714054927,0.9512654819601508,0.9668820678513732,0.9798061389337641,1.0,1.0,1.0
./instances/created-instances/mm-5-10-1762875.cdop,./settings/Memetic-LS_MPX_1881515.config,5,10,0.7931828650391525,0.8171349608475357,0.8783970520497466,0.9005066789497927,0.9152464302164901,0.9373560571165361,0.9484108705665591,0.9484108705665591,0.962229387379088,0.9709811146936895,0.9907876554583142,1.0,1.0,1.0
./instances/created-instances/mm-10-40-1110588.cdop,./settings/Memetic_MPX_1881515.config,10,40,0.8163483575248281,0.8695187165775401,0.934453781512605,0.9573720397249809,0.9573720397249809,0.9573720397249809,0.9931245225362872,1.0,1.0,1.0,1.0,1.0,1.0,1.0
./instances/created-instances/mm-20-10-1891798.cdop,./settings/Memetic_MPX_1287823.config,20,10,0.839197224975223,0.839197224975223,0.9194747274529237,0.9194747274529237,0.9340931615460852,0.9340931615460852,0.9340931615460852,0.9477205153617443,0.9759663032705649,0.9886025768087215,0.9985133795837463,0.9985133795837463,1.0,1.0
./instances/created-instances/mm-5-10-1762875.cdop,./settings/Memetic_MPX_1287823.config,5,10,0.9756852343059239,0.9805481874447391,0.9849690539345711,0.9902740937223696,0.9902740937223696,0.9902740937223696,0.9902740937223696,1.0,1.0,1.0,1.0,1.0,1.0,1.0
./instances/created-instances/mm-15-10-1891798.cdop,./settings/Memetic-LS_MMX_1099666.config,15,10,0.5805384978743505,0.6476145488899386,0.6771374586679263,0.7612187057156353,0.7850732168162494,0.7935758148323099,0.8448275862068966,0.8507321681624941,0.8757675956542277,0.9154463863958432,0.9555975436939065,1.0,1.0,1.0
./instances/created-instances/mm-20-25-1110588.cdop,./settings/Memetic-LS_MMX_1881515.config,20,25,0.39591291061879297,0.4073720397249809,0.47288006111535524,0.5242551566080977,0.5607333842627961,0.6229946524064172,0.6701680672268907,0.7181054239877769,0.7843773873185638,0.8613445378151261,0.9257066462948816,0.9931245225362872,1.0,1.0
./instances/created-instances/mm-15-10-1110588.cdop,./settings/Memetic_MPX_1881515.config,15,10,0.9778018408229562,0.9778018408229562,0.9778018408229562,0.9778018408229562,1.0,1.0,1.0,1.0,1.0,1.0,1.0,1.0,1.0,1.0
./instances/created-instances/mm-25-25-1891798.cdop,./settings/Memetic-LS_MMX_1881515.config,25,25,0.3185900694797492,0.3687510591425182,0.4238264700898153,0.4411116759871208,0.456532791052364,0.47907134384002714,0.548381630232164,0.5932892730045755,0.6807320793085918,0.8063040162684291,0.8957803762074225,0.9766141331977631,1.0,1.0
./instances/created-instances/mm-10-10-1110588.cdop,./settings/Memetic-LS_MPX_1099666.config,10,10,0.6006552602839461,0.6603567528212596,0.6738259919912633,0.7815799053512923,0.8340007280669821,0.8642155078267201,0.9399344739716053,0.9705132872224245,0.9967236985802694,0.9967236985802694,0.9967236985802694,1.0,1.0,1.0
./instances/created-instances/mm-5-40-1891798.cdop,./settings/Memetic_MPX_1881515.config,5,40,0.8353262282297894,0.8591109955809721,0.8704185079282558,0.9231868988822459,0.9456719521705225,0.9652976345204055,0.9662074343644398,0.9877826878086821,0.9907720301533662,0.9907720301533662,0.9907720301533662,0.9994801143748375,1.0,1.0
./instances/created-instances/mm-5-40-1762875.cdop,./settings/Memetic_MMX_1099666.config,5,40,0.851519536903039,0.884370477568741,0.9250361794500723,0.9596237337192475,0.9613603473227207,0.977424023154848,0.9826338639652678,0.985383502170767,0.9945007235890014,0.9945007235890014,0.9945007235890014,0.9962373371924746,1.0,1.0
./instances/created-instances/mm-10-10-1767920.cdop,./settings/Memetic-LS_MMX_1287823.config,10,10,0.7924628450106157,0.8089171974522293,0.8131634819532909,0.815552016985138,0.8248407643312102,0.8678343949044586,0.8704883227176221,0.9084394904458599,0.9652335456475584,0.9954883227176221,1.0,1.0,1.0,1.0
./instances/created-instances/mm-10-25-1891798.cdop,./settings/Memetic_MPX_1287823.config,10,25,0.8333606423070621,0.9149598558086187,0.9149598558086187,0.9149598558086187,0.9149598558086187,0.9149598558086187,0.9295428477797805,0.9542847779780436,0.9880386695068,0.9880386695068,0.9968867769949206,0.9968867769949206,1.0,1.0
./instances/created-instances/mm-10-10-1891798.cdop,./settings/Memetic_MPX_1881515.config,10,10,0.9330922242314648,0.9581072935503315,0.9581072935503315,0.9668474984930681,0.9668474984930681,0.9755877034358047,0.9755877034358047,0.9755877034358047,0.9755877034358047,1.0,1.0,1.0,1.0,1.0
./instances/created-instances/mm-15-25-1891798.cdop,./settings/Memetic_MPX_1287823.config,15,25,0.8381281864530226,0.8561544064093226,0.8561544064093226,0.8561544064093226,0.8954843408594318,0.8954843408594318,0.8954843408594318,0.956300072833212,0.9872541879096868,1.0,1.0,1.0,1.0,1.0
./instances/created-instances/mm-20-10-1767920.cdop,./settings/Memetic-LS_MMX_1881515.config,20,10,0.47344689378757515,0.47620240480961923,0.5598697394789579,0.6786072144288577,0.7094188376753507,0.814629258517034,0.8186372745490982,0.8579659318637275,0.8925350701402806,0.9223446893787575,0.9261022044088176,0.9714428857715431,1.0,1.0
./instances/created-instances/mm-15-25-1110588.cdop,./settings/Memetic_MMX_1287823.config,15,25,0.8487454186636594,0.869467155342543,0.9127431632365379,0.9274034395263603,0.933323935720327,0.9629264166901607,0.9732168029320553,0.9732168029320553,0.9897096137581054,0.9915421482943333,0.9915421482943333,1.0,1.0,1.0
./instances/created-instances/mm-25-10-1767920.cdop,./settings/Memetic-LS_MPX_1099666.config,25,10,0.518595041322314,0.518595041322314,0.518595041322314,0.6224173553719008,0.6224173553719008,0.6224173553719008,0.6611570247933884,0.6993801652892562,0.7443181818181818,0.9121900826446281,0.9628099173553719,0.9752066115702479,1.0,1.0
./instances/created-instances/mm-10-10-1762875.cdop,./settings/Memetic-LS_MMX_1881515.config,10,10,0.6553113553113553,0.6824175824175824,0.7692307692307693,0.8076923076923077,0.8490842490842491,0.8556776556776556,0.8622710622710623,0.8721611721611722,0.8721611721611722,0.9216117216117216,0.9816849816849816,1.0,1.0,1.0
./instances/created-instances/mm-5-25-1917698.cdop,./settings/Memetic-LS_MMX_1287823.config,5,25,0.7120451693851945,0.7220828105395232,0.7434127979924717,0.7655792555416144,0.8063571727310749,0.8647009619406106,0.8860309493935592,0.9084065244667503,0.9335006273525721,0.9335006273525721,0.9335006273525721,0.9408197406942702,1.0,1.0
./instances/created-instances/mm-5-40-1891798.cdop,./settings/Memetic-LS_MMX_1287823.config,5,40,0.48912167606768736,0.5825946817082998,0.616921837228042,0.6672038678485093,0.6997582594681708,0.7555197421434328,0.7925866236905721,0.7964544721998389,0.8220789685737309,0.84464141821112,0.8850926672038678,0.9717969379532635,1.0,1.0
./instances/created-instances/mm-5-10-1767920.cdop,./settings/Memetic_MMX_1881515.config,5,10,0.9802045529528208,0.9802045529528208,0.9802045529528208,0.9802045529528208,0.9802045529528208,0.9802045529528208,0.9802045529528208,0.9947212141207522,0.9947212141207522,0.9947212141207522,0.9953810623556582,0.9953810623556582,1.0,1.0
./instances/created-instances/mm-20-10-1767920.cdop,./settings/Memetic_MMX_1099666.config,20,10,0.9153631883436897,0.9415041782729805,0.9595028926505249,0.9757874437540176,0.9835011784872509,0.9835011784872509,0.9835011784872509,0.9871437754446111,0.9910006428112278,0.9946432397685879,0.9974287550889223,1.0,1.0,1.0
./instances/created-instances/mm-5-25-1110588.cdop,./settings/Memetic-LS_MPX_1099666.config,5,25,0.5757761437908496,0.7077205882352942,0.7183415032679739,0.7265114379084967,0.7453022875816994,0.792687908496732,0.8174019607843137,0.8672385620915033,0.8672385620915033,0.9050245098039216,0.9736519607843137,1.0,1.0,1.0
./instances/created-instances/mm-20-25-1891798.cdop,./settings/Memetic-LS_MMX_1099666.config,20,25,0.36624144943612497,0.36624144943612497,0.4719911259012757,0.5318912922906267,0.5649842854501756,0.6470696986503975,0.7287853577371048,0.7894250323534849,0.8611573303753004,0.8835274542429284,0.9304862266592716,0.9515622111295988,1.0,1.0
./instances/created-instances/mm-10-40-1917698.cdop,./settings/Memetic-LS_MMX_1287823.config,10,40,0.3442982456140351,0.38878446115288223,0.39348370927318294,0.48026315789473684,0.5333646616541353,0.593828320802005,0.6024436090225563,0.6591478696741855,0.6931390977443609,0.7573621553884712,0.8226817042606517,0.9816729323308271,1.0,1.0
./instances/created-instances/mm-15-40-1891798.cdop,./settings/Memetic_MPX_1287823.config,15,40,0.8048632218844984,0.7958966565349544,0.7958966565349544,0.8452887537993921,0.8452887537993921,0.8469604863221885,0.8469604863221885,0.8469604863221885,0.8469604863221885,0.9404255319148936,0.9571428571428572,1.0,1.0,1.0
./instances/created-instances/mm-25-25-1110588.cdop,./settings/Memetic_MPX_1099666.config,25,25,0.8231913455037188,0.8231913455037188,0.8240365111561866,0.8629141311697093,0.8629141311697093,0.8629141311697093,0.8813387423935092,0.8799864773495605,0.8799864773495605,0.9068627450980392,0.9639959432048681,1.0,1.0,1.0
./instances/created-instances/mm-15-40-1110588.cdop,./settings/Memetic-LS_MPX_1881515.config,15,40,0.3765332099051146,0.4228187919463087,0.43045591298310576,0.46146725295070584,0.48947003008562834,0.5100671140939598,0.5193242305021986,0.5193242305021986,0.571164082388336,0.6660495255727841,0.7206665123813932,0.8840546169868087,1.0,1.0
./instances/created-instances/mm-15-40-1110588.cdop,./settings/Memetic_MPX_1099666.config,15,40,0.8256565923188597,0.8256565923188597,0.8256565923188597,0.8005807047644187,0.8285601161409529,0.8413620166292728,0.8413620166292728,0.8413620166292728,0.8777880427609872,0.8777880427609872,0.8777880427609872,0.9358585192028507,1.0,1.0
./instances/created-instances/mm-10-40-1917698.cdop,./settings/Memetic-LS_MPX_1287823.config,10,40,0.4891809908998989,0.5328614762386249,0.5342770475227503,0.5923154701718908,0.6329625884732053,0.7136501516683519,0.7219413549039434,0.7583417593528817,0.7975733063700707,0.8683518705763398,0.9613751263902932,0.9892821031344793,1.0,1.0
./instances/created-instances/mm-5-40-1767920.cdop,./settings/Memetic-LS_MPX_1287823.config,5,40,0.5644831115660184,0.6373251450017059,0.6867963152507677,0.7050494711702491,0.7287615148413511,0.7828386216308427,0.8178096212896623,0.8763220743773457,0.967929034459229,0.9814056635960423,1.0,1.0,1.0,1.0
./instances/created-instances/mm-10-10-1762875.cdop,./settings/Memetic-LS_MPX_1287823.config,10,10,0.7212569316081331,0.7475046210720887,0.7804066543438077,0.7833641404805914,0.7988909426987061,0.8210720887245841,0.832532347504621,0.8916820702402958,0.9497227356746766,0.9497227356746766,0.9541589648798521,0.9648798521256932,1.0,1.0
./instances/created-instances/mm-20-10-1917698.cdop,./settings/Memetic-LS_MPX_1287823.config,20,10,0.6923868312757202,0.6923868312757202,0.7448559670781894,0.8770576131687243,0.9454732510288066,0.9454732510288066,0.9850823045267489,0.9850823045267489,0.9850823045267489,1.0,1.0,1.0,1.0,1.0
./instances/created-instances/mm-15-25-1917698.cdop,./settings/Memetic-LS_MPX_1881515.config,15,25,0.41685254027261465,0.444361833952912,0.4547707558859975,0.48921933085501856,0.5494423791821561,0.6555142503097894,0.6622057001239158,0.6631970260223048,0.7117719950433705,0.7467162329615861,0.8017348203221809,0.8540272614622056,1.0,1.0
./instances/created-instances/mm-20-25-1110588.cdop,./settings/Memetic_MMX_1099666.config,20,25,0.9037257357545397,0.9151534126487163,0.9438008766437069,0.9510018785222292,0.9621164683782092,0.9625860989355041,0.9821540388227927,0.986380713838447,0.986380713838447,0.9927989981214778,0.993894802755166,0.993894802755166,1.0,1.0
./instances/created-instances/mm-5-25-1891798.cdop,./settings/Memetic_MMX_1287823.config,5,25,0.9206831119544592,0.9299810246679316,0.9529411764705882,0.9641366223908918,0.9702087286527514,0.9702087286527514,0.9702087286527514,0.9751423149905123,0.9859582542694497,0.9901328273244782,0.9901328273244782,0.9998102466793168,1.0,1.0
./instances/created-instances/mm-10-25-1767920.cdop,./settings/Memetic_MMX_1099666.config,10,25,0.8811023622047244,0.9155905511811023,0.9374803149606299,0.9450393700787402,0.9451968503937008,0.9883464566929134,0.9883464566929134,0.995748031496063,0.995748031496063,0.995748031496063,0.995748031496063,0.995748031496063,1.0,1.0
./instances/created-instances/mm-15-10-1110588.cdop,./settings/Memetic_MMX_1881515.config,15,10,0.9216052263182455,0.9409706019598694,0.95870275314979,0.9738684087727485,0.9785347643490434,0.9934671021931871,0.9995333644423705,1.0,1.0,1.0,1.0,1.0,1.0,1.0
./instances/created-instances/mm-20-10-1110588.cdop,./settings/Memetic_MPX_1287823.config,20,10,0.7669278119753777,0.8601007274762171,0.8601007274762171,0.8973139339675433,0.9076664801343033,0.9076664801343033,0.9076664801343033,0.9076664801343033,0.9076664801343033,0.9462786793508674,0.9462786793508674,0.9462786793508674,1.0,1.0
./instances/created-instances/mm-15-40-1767920.cdop,./settings/Memetic_MMX_1287823.config,15,40,0.8390596745027125,0.8735382760699216,0.9010247136829416,0.9357444243520193,0.9476793248945148,0.9505726341169379,0.9506931886678722,0.9746835443037974,0.9746835443037974,0.9746835443037974,0.9855334538878843,0.9902350813743219,1.0,1.0
./instances/created-instances/mm-5-25-1762875.cdop,./settings/Memetic-LS_MPX_1099666.config,5,25,0.561410231845181,0.6464840007664303,0.6503161525196398,0.6531902663345468,0.7244682889442422,0.7737114389729833,0.8235294117647058,0.842690170530753,0.8817781184134892,0.936194673309063,0.9883119371527113,0.9883119371527113,1.0,1.0
./instances/created-instances/mm-20-10-1110588.cdop,./settings/Memetic-LS_MMX_1099666.config,20,10,0.4888146052969915,0.5314991000257135,0.6140395988686037,0.715608125482129,0.7258935458986886,0.7508356904088455,0.7716636667523785,0.8819748007199795,0.9256878374903574,0.9534584726150681,0.9652867060941116,1.0,1.0,1.0
./instances/created-instances/mm-15-25-1891798.cdop,./settings/Memetic-LS_MMX_1881515.config,15,25,0.4832798035140752,0.5431702248252409,0.5890799168713395,0.6425467598715284,0.688456451917627,0.6952578877763084,0.7264311354619308,0.7849990553561308,0.8758737955790666,0.9140374078972228,0.9539013791800491,0.9593803136217646,1.0,1.0
./instances/created-instances/mm-15-10-1917698.cdop,./settings/Memetic-LS_MMX_1287823.config,15,10,0.7018999197217018,0.7018999197217018,0.7018999197217018,0.7182231736687182,0.72999732405673,0.7722772277227723,0.8386406208188386,0.9692266523949692,0.9785924538399786,0.9839443403799839,0.9839443403799839,1.0,1.0,1.0
./instances/created-instances/mm-5-40-1767920.cdop,./settings/Memetic-LS_MMX_1287823.config,5,40,0.476842272799618,0.5618335190195767,0.598758554830495,0.6345694731816012,0.703644755689957,0.8074168390896069,0.9033901002705714,0.9306063982174121,0.9501830335826834,0.9684863918510266,0.9721470635046953,0.9721470635046953,1.0,1.0
./instances/created-instances/mm-5-25-1891798.cdop,./settings/Memetic-LS_MPX_1099666.config,5,25,0.6855970632692723,0.7257611746922911,0.7538328654718204,0.7784495789246383,0.8017706758799396,0.8589937378535953,0.8775642409846686,0.889656661628158,0.9032606348520837,0.9052040595983589,0.965450226732887,0.9961131505074498,1.0,1.0
./instances/created-instances/mm-5-10-1917698.cdop,./settings/Memetic_MPX_1881515.config,5,10,0.9879403364011425,0.9879403364011425,0.9879403364011425,0.9879403364011425,0.9879403364011425,0.9879403364011425,0.9879403364011425,0.9879403364011425,0.9936528086321803,0.9952396064741352,1.0,1.0,1.0,1.0
./instances/created-instances/mm-5-40-1762875.cdop,./settings/Memetic_MPX_1881515.config,5,40,0.8210144927536231,0.8539130434782609,0.8717391304347826,0.9256521739130434,0.9256521739130434,0.9482608695652174,0.9628985507246377,0.9659420289855073,0.981304347826087,0.981304347826087,0.9836231884057971,0.994927536231884,1.0,1.0
./instances/created-instances/mm-5-40-1891798.cdop,./settings/Memetic-LS_MMX_1099666.config,5,40,0.44055374592833874,0.502171552660152,0.5560532030401737,0.5936482084690554,0.6388436482084691,0.756786102062975,0.7924809989142236,0.8364549402823018,0.8748642779587406,0.9139522258414766,0.9368892508143323,0.9765200868621065,1.0,1.0
./instances/created-instances/mm-5-25-1110588.cdop,./settings/Memetic-LS_MMX_1099666.config,5,25,0.5820668693009119,0.6280395136778115,0.7473404255319149,0.7596884498480243,0.8077507598784195,0.8447948328267477,0.8974164133738601,0.9838525835866262,0.9838525835866262,0.984612462006079,0.984612462006079,0.9859422492401215,1.0,1.0
./instances/created-instances/mm-5-10-1762875.cdop,./settings/Memetic_MMX_1099666.config,5,10,0.9907161803713528,0.9907161803713528,0.9907161803713528,0.9942528735632183,1.0,1.0,1.0,1.0,1.0,1.0,1.0,1.0,1.0,1.0
./instances/created-instances/mm-15-25-1891798.cdop,./settings/Memetic-LS_MMX_1099666.config,15,25,0.5159627206028158,0.5256791592306167,0.5403529645052548,0.561967083085465,0.5762442990283562,0.6581399960341067,0.7223874677771168,0.8276819353559389,0.8514772952607574,0.9099742216934364,0.943089430894309,0.9916716240333135,1.0,1.0
./instances/created-instances/mm-25-10-1110588.cdop,./settings/Memetic_MPX_1287823.config,25,10,0.9185774450163781,0.9185774450163781,0.9185774450163781,0.9185774450163781,0.9185774450163781,0.9185774450163781,0.9237248479176415,0.9372952737482452,0.9737950397753861,0.9737950397753861,0.9737950397753861,1.0,1.0,1.0
./instances/created-instances/mm-15-10-1110588.cdop,./settings/Memetic_MPX_1099666.config,15,10,0.8513616696360397,0.8513616696360397,0.8513616696360397,0.8513616696360397,0.9434970730465767,0.9546958513616697,0.9546958513616697,0.9546958513616697,0.9546958513616697,0.9546958513616697,0.9928735047085773,0.9928735047085773,1.0,1.0
./instances/created-instances/mm-10-10-1110588.cdop,./settings/Memetic-LS_MPX_1881515.config,10,10,0.6994322214336409,0.6994322214336409,0.7409510290986515,0.758694109297374,0.7608232789212207,0.7668559261887864,0.8413768630234209,0.9478353442157559,0.9478353442157559,0.9630943931866572,1.0,1.0,1.0,1.0
./instances/created-instances/mm-10-40-1917698.cdop,./settings/Memetic_MPX_1287823.config,10,40,0.879020779960148,0.8643609450612012,0.8643609450612012,0.8803017364076288,0.8803017364076288,0.9040705949331056,0.9217193282095075,0.9217193282095075,0.9217193282095075,0.9296897238827213,0.9296897238827213,0.9833475661827498,1.0,1.0
./instances/created-instances/mm-15-25-1110588.cdop,./settings/Memetic_MMX_1099666.config,15,25,0.8961952620244078,0.8994974874371859,0.9089734386216798,0.928643216080402,0.9375448671931084,0.9738693467336683,0.9890882986360373,0.9913854989231874,0.9925340990667624,0.9925340990667624,0.9925340990667624,1.0,1.0,1.0
./instances/created-instances/mm-25-10-1767920.cdop,./settings/Memetic-LS_MMX_1099666.config,25,10,0.4102760736196319,0.5598159509202454,0.6025051124744376,0.6876278118609407,0.723159509202454,0.7497443762781186,0.7709611451942741,0.8885480572597138,0.9245910020449898,0.9585889570552147,0.9946319018404908,0.9956543967280164,1.0,1.0
./instances/created-instances/mm-15-40-1110588.cdop,./settings/Memetic-LS_MMX_1881515.config,15,40,0.2989931416897709,0.3327010068583102,0.3359112797315045,0.4193783744345542,0.46884576098059244,0.5634028892455859,0.6541660586604406,0.7523712242813366,0.8143878593316796,0.8637093243834817,0.9105501240332701,0.9376915219611849,1.0,1.0
./instances/created-instances/mm-20-25-1917698.cdop,./settings/Memetic_MMX_1099666.config,20,25,0.8571428571428571,0.8905742145178764,0.9113140380746014,0.9113140380746014,0.9371614301191766,0.9808079244698963,0.9869989165763814,0.9919517102615694,0.9919517102615694,0.9921064850642315,0.9964401795387711,0.997523603157406,1.0,1.0
./instances/created-instances/mm-20-25-1767920.cdop,./settings/Memetic_MMX_1287823.config,20,25,0.8444838885854724,0.8847624249044238,0.9034680502457674,0.9160294920808302,0.9160294920808302,0.9391043145821956,0.954396504642272,0.9609503003823048,0.9792463134898962,0.9800655379574004,0.9810212998361552,1.0,1.0,1.0
./instances/created-instances/mm-15-40-1762875.cdop,./settings/Memetic-LS_MPX_1881515.config,15,40,0.3913427561837456,0.3913427561837456,0.4749705535924617,0.4870435806831567,0.6124852767962309,0.6560659599528857,0.6643109540636042,0.7279151943462897,0.8624852767962309,0.9125441696113075,0.9531802120141343,0.9929328621908127,1.0,1.0
./instances/created-instances/mm-10-10-1762875.cdop,./settings/Memetic_MPX_1881515.config,10,10,0.886950453593859,0.9043963712491278,0.9043963712491278,0.9246336357292394,0.9246336357292394,0.9584787159804605,0.9665038381018841,0.9699930216329379,0.9699930216329379,0.9829030006978368,1.0,1.0,1.0,1.0
./instances/created-instances/mm-5-25-1767920.cdop,./settings/Memetic-LS_MPX_1099666.config,5,25,0.6313043478260869,0.6426086956521739,0.7284782608695652,0.7728260869565218,0.7847826086956522,0.8830434782608696,0.9080434782608696,0.9239130434782609,0.9869565217391304,0.9869565217391304,0.9869565217391304,0.9869565217391304,1.0,1.0
./instances/created-instances/mm-20-25-1762875.cdop,./settings/Memetic_MMX_1099666.config,20,25,0.8537234042553191,0.8948685857321652,0.9026908635794744,0.943523153942428,0.943523153942428,0.9491551939924906,0.9680851063829787,0.9680851063829787,0.9798185231539425,0.9841989987484355,0.9841989987484355,0.9990613266583229,1.0,1.0
./instances/created-instances/mm-25-10-1762875.cdop,./settings/Memetic-LS_MMX_1881515.config,25,10,0.4756653080795972,0.5041956365380005,0.5840326060896668,0.6219132102613282,0.6557180532246464,0.7254854950851115,0.7463438024454567,0.8542315991368976,0.9141692639654759,0.9467753536322225,0.9944857348357709,0.9964037401102853,1.0,1.0
./instances/created-instances/mm-25-10-1767920.cdop,./settings/Memetic_MPX_1881515.config,25,10,0.7144004282655246,0.7144004282655246,0.7144004282655246,0.7144004282655246,0.7623126338329764,0.7623126338329764,0.7623126338329764,0.791220556745182,0.889186295503212,0.9563704496788008,1.0,1.0,1.0,1.0
./instances/created-instances/mm-25-10-1762875.cdop,./settings/Memetic-LS_MMX_1287823.config,25,10,0.6036144578313253,0.6380722891566265,0.6385542168674698,0.6855421686746987,0.6985542168674699,0.7130120481927711,0.8062650602409639,0.8812048192771085,0.8812048192771085,0.9404819277108434,1.0,1.0,1.0,1.0
./instances/created-instances/mm-5-10-1767920.cdop,./settings/Memetic-LS_MMX_1099666.config,5,10,0.8495575221238938,0.8686725663716814,0.9072566371681416,0.9270796460176991,0.9702654867256637,0.9823008849557522,0.9823008849557522,1.0,1.0,1.0,1.0,1.0,1.0,1.0
./instances/created-instances/mm-10-25-1110588.cdop,./settings/Memetic_MMX_1287823.config,10,25,0.8697368421052631,0.8991776315789474,0.9064144736842106,0.9375,0.9654605263157895,0.9654605263157895,0.9725328947368421,0.9782894736842105,0.9863486842105263,0.9863486842105263,0.9888157894736842,0.9962171052631579,1.0,1.0
./instances/created-instances/mm-10-10-1762875.cdop,./settings/Memetic_MMX_1099666.config,10,10,0.9680380822849372,0.9734784087045223,0.9734784087045223,0.9734784087045223,0.9734784087045223,0.9829989799387964,0.9965997959877593,0.9965997959877593,0.9965997959877593,0.9965997959877593,0.9965997959877593,0.9993199591975519,1.0,1.0
./instances/created-instances/mm-15-40-1762875.cdop,./settings/Memetic_MMX_1099666.config,15,40,0.8095625084653935,0.8320465935256671,0.8852769876743871,0.9080319653257484,0.9217120411756738,0.9681701205472031,0.9719626168224299,0.9769741297575512,0.986726263036706,0.9894351889475823,0.9944467018827035,0.9981037518623865,1.0,1.0
./instances/created-instances/mm-25-10-1767920.cdop,./settings/Memetic-LS_MPX_1287823.config,25,10,0.47019867549668876,0.49821701477330615,0.5404992358634743,0.5404992358634743,0.6454406520631686,0.6790626591951096,0.6790626591951096,0.8053998981151299,0.8405501782985226,0.847682119205298,0.8578706062149771,0.8578706062149771,1.0,1.0
./instances/created-instances/mm-10-25-1917698.cdop,./settings/Memetic_MMX_1099666.config,10,25,0.8514564863397865,0.9317893975031663,0.9524154152343043,0.9524154152343043,0.9706893432241722,0.9721367830649539,0.9790121223086665,0.9790121223086665,0.9802786321693505,0.9855256015921838,0.9855256015921838,0.9987334901393161,1.0,1.0
./instances/created-instances/mm-20-25-1917698.cdop,./settings/Memetic-LS_MMX_1099666.config,20,25,0.47941712204007286,0.4810564663023679,0.6169398907103825,0.6892531876138434,0.7125683060109289,0.733879781420765,0.733879781420765,0.7663023679417122,0.8819672131147541,0.8888888888888888,0.9225865209471766,0.9495446265938069,1.0,1.0
./instances/created-instances/mm-15-25-1762875.cdop,./settings/Memetic-LS_MMX_1881515.config,15,25,0.4190279924437575,0.4468487034174824,0.5023183925811437,0.5753048256912244,0.6072471234758715,0.6527563111798043,0.7308947278035377,0.8231152326979221,0.8720590760776232,0.9132749441868453,0.9319938176197836,0.9562081401339516,1.0,1.0
./instances/created-instances/mm-20-10-1762875.cdop,./settings/Memetic-LS_MPX_1287823.config,20,10,0.599721059972106,0.599721059972106,0.599721059972106,0.599721059972106,0.7656903765690377,0.7656903765690377,0.799163179916318,0.799163179916318,0.799163179916318,0.9507205950720595,0.9790794979079498,1.0,1.0,1.0
./instances/created-instances/mm-25-10-1767920.cdop,./settings/Memetic_MPX_1099666.config,25,10,0.6390784982935154,0.6390784982935154,0.7477246871444824,0.7477246871444824,0.7477246871444824,0.7585324232081911,0.8043230944254836,0.8043230944254836,0.8859499431171786,0.8964732650739476,0.9473833902161547,1.0,1.0,1.0
./instances/created-instances/mm-5-40-1767920.cdop,./settings/Memetic_MMX_1099666.config,5,40,0.8584869184173218,0.8822013146023973,0.8840056708338704,0.9351720582549298,0.9407140095373115,0.955664389740946,0.955664389740946,0.9680371181853331,0.976801134166774,0.9774455471065859,0.9819564376852687,0.9905915710787473,1.0,1.0
./instances/created-instances/mm-20-10-1917698.cdop,./settings/Memetic_MMX_1881515.config,20,10,0.9402226524685382,0.9508712487899322,0.9685382381413359,0.9915295256534365,0.9915295256534365,0.9915295256534365,0.9915295256534365,0.9915295256534365,0.9915295256534365,0.9939496611810261,0.9985479186834463,0.9985479186834463,1.0,1.0
./instances/created-instances/mm-10-40-1891798.cdop,./settings/Memetic-LS_MMX_1881515.config,10,40,0.3594792514239219,0.4065093572009764,0.5218877135882831,0.5311635475996745,0.5785191212367778,0.6084621643612693,0.6753458096013019,0.7301871440195281,0.8050447518307567,0.8434499593165175,0.9144019528071603,0.9702196908055329,1.0,1.0
./instances/created-instances/mm-15-10-1762875.cdop,./settings/Memetic-LS_MPX_1287823.config,15,10,0.58025956284153,0.5867486338797814,0.5881147540983607,0.610655737704918,0.649931693989071,0.649931693989071,0.7390710382513661,0.7390710382513661,0.7667349726775956,0.8671448087431693,0.9310109289617486,0.9976092896174863,1.0,1.0
./instances/created-instances/mm-15-10-1767920.cdop,./settings/Memetic-LS_MMX_1287823.config,15,10,0.5865868263473054,0.6265868263473053,0.6673053892215569,0.72,0.7334131736526946,0.7932934131736527,0.8244311377245509,0.8826347305389222,0.8862275449101796,0.9410778443113772,0.9755688622754491,1.0,1.0,1.0
./instances/created-instances/mm-10-10-1110588.cdop,./settings/Memetic_MMX_1287823.config,10,10,0.944034090909091,0.9463068181818182,0.9556818181818182,0.9576704545454545,0.9698863636363636,0.9710227272727273,0.9869318181818182,0.9869318181818182,0.9869318181818182,0.9869318181818182,0.9869318181818182,0.9869318181818182,1.0,1.0
./instances/created-instances/mm-5-25-1767920.cdop,./settings/Memetic_MPX_1881515.config,5,25,0.891669711362806,0.9039093898428937,0.9039093898428937,0.9039093898428937,0.9039093898428937,0.9786262331019364,0.9908659115820241,0.9908659115820241,0.9908659115820241,0.9908659115820241,0.9908659115820241,0.9941541834124954,1.0,1.0
./instances/created-instances/mm-25-10-1767920.cdop,./settings/Memetic-LS_MPX_1881515.config,25,10,0.5197115384615385,0.5197115384615385,0.5211538461538462,0.5211538461538462,0.5211538461538462,0.5932692307692308,0.6932692307692307,0.7995192307692308,0.7995192307692308,0.8048076923076923,0.8048076923076923,0.9024038461538462,1.0,1.0
./instances/created-instances/mm-5-10-1767920.cdop,./settings/Memetic-LS_MPX_1287823.config,5,10,0.7101792357118701,0.7571863375042273,0.8065607034156239,0.8366587757862699,0.8424078457896517,0.8711531958065607,0.8711531958065607,0.9283057152519445,0.9283057152519445,0.9283057152519445,0.9435238417314846,0.9827527899898546,1.0,1.0
./instances/created-instances/mm-25-10-1891798.cdop,./settings/Memetic_MMX_1287823.config,25,10,0.9377562430115542,0.9385016772269847,0.9435333581811405,0.9491241147968692,0.9632873648900484,0.9632873648900484,0.9703689899366381,0.9847185985836749,0.9888184867685427,0.9888184867685427,0.9888184867685427,1.0,1.0,1.0
./instances/created-instances/mm-15-10-1762875.cdop,./settings/Memetic_MPX_1287823.config,15,10,0.8676187860477891,0.907717659983521,0.9324361439165064,0.9324361439165064,0.9324361439165064,0.9324361439165064,0.9750068662455369,0.9750068662455369,0.9780280142817908,0.9785773139247459,0.9969788519637462,0.9969788519637462,1.0,1.0
./instances/created-instances/mm-25-10-1891798.cdop,./settings/Memetic-LS_MPX_1881515.config,25,10,0.5284625728372927,0.5284625728372927,0.5284625728372927,0.5831465710443747,0.8991483639623488,0.9363514119229045,0.9390407888839085,0.9735544598834603,0.9735544598834603,0.9735544598834603,0.9870013446884806,0.9870013446884806,1.0,1.0
./instances/created-instances/mm-5-25-1110588.cdop,./settings/Memetic-LS_MPX_1287823.config,5,25,0.6027989298209508,0.6200864375385882,0.6598065445564931,0.7435686355217123,0.7874048158057213,0.7874048158057213,0.8314467997530356,0.8802222679563696,0.8892776291417988,0.9730397201070179,0.9763325787199012,0.9936200864375386,1.0,1.0
./instances/created-instances/mm-10-40-1762875.cdop,./settings/Memetic_MPX_1099666.config,10,40,0.8267749036873968,0.876169510181618,0.876169510181618,0.9166208035222895,0.9460649422124381,0.9460649422124381,0.9567969179966979,0.9695927352779307,0.9927077600440286,0.9931205283434232,0.9954595487066593,0.9954595487066593,1.0,1.0
./instances/created-instances/mm-10-10-1891798.cdop,./settings/Memetic-LS_MMX_1287823.config,10,10,0.6404494382022472,0.666173861620343,0.7415730337078652,0.7995269071555293,0.8376700177409817,0.874334713187463,0.8840922531046718,0.8840922531046718,0.8953282081608516,0.9574216439976345,0.9849201655824955,1.0,1.0,1.0
./instances/created-instances/mm-5-10-1762875.cdop,./settings/Memetic-LS_MPX_1287823.config,5,10,0.877295118674429,0.8790864308105687,0.8961038961038961,0.9359605911330049,0.9507389162561576,0.9659650694133453,0.967756381549485,0.967756381549485,0.967756381549485,0.9767129422301836,1.0,1.0,1.0,1.0
./instances/created-instances/mm-10-40-1110588.cdop,./settings/Memetic_MMX_1287823.config,10,40,0.8517457008858781,0.8757165190203231,0.9137571651902032,0.9587024491922876,0.9644346013548724,0.9695153725898906,0.9726420010422094,0.9752475247524752,0.9775924960917144,0.9876237623762376,0.9876237623762376,1.0,1.0,1.0
./instances/created-instances/mm-5-25-1762875.cdop,./settings/Memetic_MPX_1881515.config,5,25,0.9340277777777778,0.935124269005848,0.935124269005848,0.9453581871345029,0.9453581871345029,0.983735380116959,0.983735380116959,0.983735380116959,0.983735380116959,0.9965277777777778,0.9965277777777778,0.9965277777777778,1.0,1.0
./instances/created-instances/mm-5-10-1762875.cdop,./settings/Memetic-LS_MMX_1287823.config,5,10,0.7835051546391752,0.7870909905871807,0.8888390856118332,0.8906320035858359,0.8906320035858359,0.9031824294038547,0.9412819363514119,0.9462124607799193,0.9462124607799193,0.9928283281039892,0.9928283281039892,1.0,1.0,1.0
./instances/created-instances/mm-10-25-1891798.cdop,./settings/Memetic-LS_MPX_1881515.config,10,25,0.5328264094955489,0.5504451038575667,0.6179525222551929,0.6648738872403561,0.6648738872403561,0.6941765578635015,0.7160608308605341,0.8230712166172107,0.862759643916914,0.9198813056379822,0.9408382789317508,1.0,1.0,1.0
./instances/created-instances/mm-10-10-1767920.cdop,./settings/Memetic_MMX_1287823.config,10,10,0.9772669220945083,0.9856960408684546,0.9856960408684546,0.9879948914431673,0.9879948914431673,0.9879948914431673,0.998978288633461,0.998978288633461,0.998978288633461,0.998978288633461,0.998978288633461,1.0,1.0,1.0
./instances/created-instances/mm-15-10-1891798.cdop,./settings/Memetic-LS_MPX_1287823.config,15,10,0.562809405940594,0.6098391089108911,0.6816212871287128,0.713180693069307,0.7153465346534653,0.7645420792079208,0.8304455445544554,0.8304455445544554,0.8703589108910891,0.9087252475247525,0.9170792079207921,0.9257425742574258,1.0,1.0
./instances/created-instances/mm-20-25-1762875.cdop,./settings/Memetic_MPX_1099666.config,20,25,0.7636433512682552,0.8537663335895465,0.8537663335895465,0.8856648731744812,0.9233282090699462,0.9702152190622598,0.9702152190622598,0.9702152190622598,0.9702152190622598,0.9880860876249039,1.0,1.0,1.0,1.0
./instances/created-instances/mm-10-25-1762875.cdop,./settings/Memetic_MPX_1099666.config,10,25,0.8824410333208537,0.8824410333208537,0.896855110445526,0.9627480344440285,0.9627480344440285,0.9627480344440285,0.9627480344440285,1.0,1.0,1.0,1.0,1.0,1.0,1.0
./instances/created-instances/mm-10-10-1762875.cdop,./settings/Memetic-LS_MPX_1099666.config,10,10,0.6439191765154403,0.6671749904689287,0.6801372474266107,0.7537171178040412,0.7666793747617232,0.7750667174990469,0.8501715592832635,0.8860083873427373,0.8860083873427373,0.8860083873427373,0.9359512009149829,0.9900876858558902,1.0,1.0
./instances/created-instances/mm-5-10-1110588.cdop,./settings/Memetic-LS_MPX_1287823.config,5,10,0.8152718858465098,0.8441959120709602,0.9155418434246047,0.9155418434246047,0.9490937138449672,0.9733898958735056,0.9745468569224837,0.9791747011183957,0.9926725800231392,0.9926725800231392,0.9926725800231392,0.9926725800231392,1.0,1.0
./instances/created-instances/mm-20-25-1767920.cdop,./settings/Memetic-LS_MPX_1287823.config,20,25,0.4995159728944821,0.4995159728944821,0.6205227492739593,0.6205227492739593,0.7052274927395934,0.7163601161665053,0.7294288480154889,0.7294288480154889,0.7294288480154889,0.8930300096805421,0.9017424975798645,0.9530493707647628,1.0,1.0
./instances/created-instances/mm-5-40-1762875.cdop,./settings/Memetic-LS_MMX_1099666.config,5,40,0.49236046149048956,0.5137199875272841,0.5182413470533208,0.60118490801372,0.6565325849703773,0.6947302775179295,0.7461802307452448,0.7636420330526972,0.7753352042407234,0.8854069223573433,0.9685063922669161,1.0,1.0,1.0
./instances/created-instances/mm-5-10-1762875.cdop,./settings/Memetic_MPX_1099666.config,5,10,0.9636685866194062,0.9734160389898094,0.9734160389898094,0.9734160389898094,0.9734160389898094,0.9822773593265397,0.9822773593265397,0.9880372175454143,0.9906956136464333,1.0,1.0,1.0,1.0,1.0
./instances/created-instances/mm-25-10-1767920.cdop,./settings/Memetic-LS_MMX_1287823.config,25,10,0.5295179169889147,0.5638051044083526,0.6437226089198247,0.722866718226347,0.7357566383088425,0.765919051301882,0.7978860531064708,0.8125805620005156,0.862851250322248,0.925496261923176,0.9517916988914669,0.9984532095901005,1.0,1.0
./instances/created-instances/mm-20-10-1891798.cdop,./settings/Memetic_MPX_1099666.config,20,10,0.7767921361783745,0.7767921361783745,0.8340925437544954,0.8340925437544954,0.8609446175976984,0.9151282666027332,0.9467753536322225,0.9467753536322225,0.9467753536322225,0.9467753536322225,1.0,1.0,1.0,1.0
./instances/created-instances/mm-5-10-1110588.cdop,./settings/Memetic_MMX_1881515.config,5,10,0.9853103195005508,0.9867792875504958,0.9915534337128168,0.9915534337128168,1.0,1.0,1.0,1.0,1.0,1.0,1.0,1.0,1.0,1.0
./instances/created-instances/mm-5-40-1767920.cdop,./settings/Memetic_MMX_1881515.config,5,40,0.8525035580282054,0.8525035580282054,0.9029628671238193,0.952387113468754,0.9667486091344287,0.9667486091344287,0.9724414542631648,0.9724414542631648,0.9724414542631648,0.9724414542631648,0.9789105964549101,0.9926251779014102,1.0,1.0
./instances/created-instances/mm-10-40-1110588.cdop,./settings/Memetic-LS_MPX_1099666.config,10,40,0.5825075398535114,0.589185695820767,0.6150366221456269,0.6635071090047393,0.6818181818181818,0.7298578199052133,0.7699267557087462,0.8149504523912107,0.8382162860835847,0.9133993968117191,0.9683326152520465,0.9683326152520465,1.0,1.0
./instances/created-instances/mm-10-40-1110588.cdop,./settings/Memetic_MPX_1287823.config,10,40,0.8367233212594037,0.8679297854555587,0.8822791864028977,0.8832543884090276,0.8892449150181109,0.91209250487601,0.91209250487601,0.9572304263025913,0.9572304263025913,0.9850933407634439,0.9850933407634439,0.9977709668431318,1.0,1.0
./instances/created-instances/mm-15-10-1767920.cdop,./settings/Memetic-LS_MPX_1287823.config,15,10,0.5303082784897818,0.540699688257707,0.540699688257707,0.5244198129546241,0.6158642189123658,0.631104953238656,0.631104953238656,0.6477312088673364,0.8763422237616904,0.9002424662279183,0.9840665050225147,1.0,1.0,1.0
./instances/created-instances/mm-15-10-1110588.cdop,./settings/Memetic-LS_MPX_1881515.config,15,10,0.6777654458009619,0.6962634110247873,0.6962634110247873,0.6962634110247873,0.6962634110247873,0.7014428412874584,0.7284498705142435,0.7284498705142435,0.8386977432482426,0.8723640399556049,0.901590825009249,0.9215686274509803,1.0,1.0
./instances/created-instances/mm-10-10-1891798.cdop,./settings/Memetic_MPX_1287823.config,10,10,0.9193984962406015,0.923609022556391,0.9792481203007519,0.9792481203007519,0.9798496240601504,0.9825563909774436,0.9825563909774436,0.98796992481203,0.98796992481203,0.9981954887218045,0.9990977443609023,1.0,1.0,1.0
./instances/created-instances/mm-25-25-1917698.cdop,./settings/Memetic_MPX_1881515.config,25,25,0.8413084112149533,0.8413084112149533,0.8413084112149533,0.8609345794392523,0.8609345794392523,0.8609345794392523,0.8609345794392523,0.8839252336448599,0.9274766355140187,0.9446728971962617,0.9536448598130841,1.0,1.0,1.0
./instances/created-instances/mm-10-10-1110588.cdop,./settings/Memetic-LS_MPX_1287823.config,10,10,0.6311096433289299,0.6611624834874504,0.7136723910171731,0.7724570673712021,0.8282694848084544,0.8523778071334214,0.8530383091149274,0.9187582562747688,0.9266842800528402,0.9412153236459709,1.0,1.0,1.0,1.0
./instances/created-instances/mm-15-10-1767920.cdop,./settings/Memetic_MMX_1881515.config,15,10,0.9594506213211249,0.9777632439502943,0.9777632439502943,0.9777632439502943,0.9812513625463266,0.9962938739917158,0.9962938739917158,0.9962938739917158,0.999345977763244,0.999345977763244,0.999345977763244,1.0,1.0,1.0
./instances/created-instances/mm-10-25-1762875.cdop,./settings/Memetic_MPX_1287823.config,10,25,0.881941820929354,0.9149981110691349,0.9149981110691349,0.9149981110691349,0.916320362674726,0.954854552323385,0.954854552323385,0.954854552323385,0.954854552323385,1.0,1.0,1.0,1.0,1.0
./instances/created-instances/mm-5-25-1767920.cdop,./settings/Memetic-LS_MMX_1099666.config,5,25,0.561228264890862,0.6439141694413615,0.6496485386607473,0.6607473177950426,0.7469478357380688,0.7680355160932297,0.8207547169811321,0.8723640399556049,0.9274879763226045,0.9718830928597855,0.9813170551239364,0.9813170551239364,1.0,1.0
./instances/created-instances/mm-15-40-1891798.cdop,./settings/Memetic-LS_MPX_1099666.config,15,40,0.439087610160705,0.439087610160705,0.43960601347848627,0.43960601347848627,0.6389320891653707,0.6752203214100571,0.6881804043545878,0.7182477967858995,0.7874546397096941,0.8890616899948159,0.9274235355106273,0.9678589942975635,1.0,1.0
./instances/created-instances/mm-15-10-1891798.cdop,./settings/Memetic_MPX_1099666.config,15,10,0.8537069179271014,0.8601537317133647,0.8936275725266551,0.9181750557897347,0.9181750557897347,0.9181750557897347,0.9365236796429457,0.9365236796429457,0.9365236796429457,0.9754525167369205,0.9836350111579469,1.0,1.0,1.0
./instances/created-instances/mm-15-25-1891798.cdop,./settings/Memetic-LS_MPX_1287823.config,15,25,0.4753753753753754,0.4753753753753754,0.48768768768768767,0.48768768768768767,0.5372372372372373,0.5780780780780781,0.7066066066066066,0.8015015015015015,0.8960960960960961,0.9264264264264265,1.0,1.0,1.0,1.0
./instances/created-instances/mm-10-40-1762875.cdop,./settings/Memetic_MMX_1099666.config,10,40,0.8138366400412265,0.8138366400412265,0.8678175727905179,0.9281113115176501,0.9281113115176501,0.9366142746714764,0.9513012110280855,0.9519453749033754,0.9686936356609122,0.9770677660396805,0.9894357124452461,1.0,1.0,1.0
./instances/created-instances/mm-20-25-1917698.cdop,./settings/Memetic_MPX_1099666.config,20,25,0.864066852367688,0.864066852367688,0.864066852367688,0.9602599814298979,0.9602599814298979,0.9307335190343546,0.9454038997214484,0.9454038997214484,0.9454038997214484,0.9454038997214484,0.9715877437325905,1.0,1.0,1.0
./instances/created-instances/mm-5-10-1110588.cdop,./settings/Memetic-LS_MMX_1287823.config,5,10,0.7278172968925496,0.8341445151628604,0.89180082366155,0.9333582927742419,0.9610632721827032,0.9760389367278173,0.9760389367278173,1.0,1.0,1.0,1.0,1.0,1.0,1.0
./instances/created-instances/mm-15-40-1891798.cdop,./settings/Memetic-LS_MMX_1099666.config,15,40,0.3809014787101372,0.43434883306609656,0.43613041154462856,0.4991982896846606,0.5118474968822376,0.5342953857117406,0.6351327275966506,0.7436308569392481,0.7687511134865491,0.8170318902547657,0.8662034562622484,0.9173347585961161,1.0,1.0
./instances/created-instances/mm-15-10-1917698.cdop,./settings/Memetic-LS_MPX_1881515.config,15,10,0.5119164218086842,0.5680705190989226,0.5680705190989226,0.5710088148873653,0.6033300685602351,0.6150832517140059,0.6875612144955926,0.7169441723800196,0.8001958863858962,0.8795298726738492,0.8844270323212536,0.9271955599085864,1.0,1.0
./instances/created-instances/mm-20-25-1767920.cdop,./settings/Memetic_MPX_1287823.config,20,25,0.5189236111111111,0.7375,0.7375,0.7375,0.7375,0.7375,0.8003472222222222,0.8581597222222223,0.8581597222222223,0.8520833333333333,0.8918402777777777,0.8918402777777777,1.0,1.0
./instances/created-instances/mm-10-10-1891798.cdop,./settings/Memetic_MPX_1099666.config,10,10,0.9459134615384616,0.9468149038461539,0.9468149038461539,0.9468149038461539,0.9468149038461539,0.9606370192307693,0.9606370192307693,0.9921875,0.9927884615384616,0.9927884615384616,0.9933894230769231,0.9969951923076923,1.0,1.0
./instances/created-instances/mm-5-10-1767920.cdop,./settings/Memetic-LS_MPX_1099666.config,5,10,0.7568807339449541,0.7745236414961185,0.8151023288637967,0.8302752293577982,0.8701482004234298,0.9322512350035286,0.9693013408609739,0.9693013408609739,0.9693013408609739,0.9693013408609739,0.9760056457304164,0.9760056457304164,1.0,1.0
./instances/created-instances/mm-5-10-1917698.cdop,./settings/Memetic-LS_MPX_1881515.config,5,10,0.7497523935292175,0.7827665896335424,0.824694618686035,0.824694618686035,0.824694618686035,0.8600198085176626,0.9319907560250907,0.9412347309343018,0.9755694948827996,0.9937273027401783,1.0,1.0,1.0,1.0
./instances/created-instances/mm-5-25-1891798.cdop,./settings/Memetic_MMX_1881515.config,5,25,0.9461582678674075,0.9618700900555662,0.9771986970684039,0.9812224564092739,0.9812224564092739,0.9812224564092739,0.9812224564092739,0.9812224564092739,0.9892699750910136,0.9984671392987162,0.9984671392987162,0.9984671392987162,1.0,1.0
./instances/created-instances/mm-5-40-1762875.cdop,./settings/Memetic_MMX_1287823.config,5,40,0.9292609134130528,0.9292609134130528,0.9511597752485232,0.9696009220573404,0.9768044950295347,0.9768044950295347,0.9870335686500504,0.9910675695144792,0.993660855784469,0.9997118570811122,0.9997118570811122,0.9997118570811122,1.0,1.0
./instances/created-instances/mm-10-25-1917698.cdop,./settings/Memetic-LS_MMX_1881515.config,10,25,0.5198247078464107,0.5275459098497496,0.5632303839732888,0.6986644407345576,0.7669031719532554,0.7902754590984975,0.8282554257095158,0.8558013355592654,0.9037979966611018,0.9307178631051753,0.9551335559265443,0.9935308848080133,1.0,1.0
./instances/created-instances/mm-25-10-1762875.cdop,./settings/Memetic-LS_MPX_1287823.config,25,10,0.6097701149425288,0.656896551724138,0.6942528735632184,0.6942528735632184,0.6942528735632184,0.7885057471264367,0.7885057471264367,0.7885057471264367,0.8959770114942529,0.9436781609195403,0.9477011494252874,0.9551724137931035,1.0,1.0
./instances/created-instances/mm-25-10-1891798.cdop,./settings/Memetic-LS_MPX_1099666.config,25,10,0.5946813388353966,0.5946813388353966,0.5946813388353966,0.6066024759284732,0.7790004585052728,0.8092618065107748,0.8592388812471343,0.8592388812471343,0.9371847776249427,0.9371847776249427,1.0,1.0,1.0,1.0
./instances/created-instances/mm-10-25-1767920.cdop,./settings/Memetic_MPX_1099666.config,10,25,0.8950226244343892,0.9100452488687782,0.9435294117647058,0.9681447963800905,0.977737556561086,0.977737556561086,0.9913122171945702,0.9913122171945702,0.9913122171945702,0.9913122171945702,1.0,1.0,1.0,1.0
./instances/created-instances/mm-5-40-1891798.cdop,./settings/Memetic-LS_MPX_1099666.config,5,40,0.5047256097560976,0.5582317073170732,0.5815548780487805,0.6213414634146341,0.6417682926829268,0.6478658536585366,0.6478658536585366,0.6478658536585366,0.7458841463414634,0.8208841463414634,0.8746951219512196,0.9503048780487805,1.0,1.0
./instances/created-instances/mm-15-25-1110588.cdop,./settings/Memetic_MMX_1881515.config,15,25,0.8874477590430898,0.9071912379305376,0.9662775616083009,0.9776624873901139,0.9776624873901139,0.9814094249891915,0.9819858769275112,0.9909208819714657,0.9909208819714657,0.9909208819714657,0.9961089494163424,1.0,1.0,1.0
./instances/created-instances/mm-15-25-1762875.cdop,./settings/Memetic-LS_MPX_1099666.config,15,25,0.5061797752808989,0.5867977528089887,0.6073033707865169,0.621629213483146,0.6325842696629214,0.6384831460674157,0.6384831460674157,0.7171348314606741,0.800561797752809,0.8719101123595505,0.9573033707865168,0.9634831460674157,1.0,1.0
./instances/created-instances/mm-15-40-1917698.cdop,./settings/Memetic-LS_MPX_1881515.config,15,40,0.5033665499596014,0.5033665499596014,0.5219499057366012,0.5591166172906006,0.5591166172906006,0.5591166172906006,0.5809318610288177,0.6245623485052518,0.6347966603824401,0.6687314839752222,0.692162671694048,0.8798814974414221,1.0,1.0
./instances/created-instances/mm-25-10-1891798.cdop,./settings/Memetic-LS_MPX_1287823.config,25,10,0.704192992533027,0.704192992533027,0.7145318782309018,0.7145318782309018,0.7145318782309018,0.8357265939115451,0.8357265939115451,0.8357265939115451,0.8357265939115451,0.8782309017805858,0.8782309017805858,0.8782309017805858,1.0,1.0
./instances/created-instances/mm-20-10-1767920.cdop,./settings/Memetic-LS_MPX_1287823.config,20,10,0.582059123343527,0.627420998980632,0.627420998980632,0.627420998980632,0.7059123343527013,0.7059123343527013,0.7059123343527013,0.7059123343527013,0.7059123343527013,0.8256880733944955,0.9337410805300713,0.9755351681957186,1.0,1.0
./instances/created-instances/mm-5-10-1110588.cdop,./settings/Memetic_MPX_1287823.config,5,10,0.9720896070510466,0.9720896070510466,0.9720896070510466,0.9720896070510466,0.9720896070510466,0.9827396254131473,0.9834741094381197,0.9915534337128168,0.9915534337128168,0.9915534337128168,0.9915534337128168,1.0,1.0,1.0
./instances/created-instances/mm-25-10-1110588.cdop,./settings/Memetic_MPX_1099666.config,25,10,0.8695155393053017,0.8695155393053017,0.8695155393053017,0.901508226691042,0.9044789762340036,0.9369287020109689,0.9369287020109689,0.9369287020109689,0.9629798903107861,0.9636654478976234,0.9636654478976234,1.0,1.0,1.0
./instances/created-instances/mm-10-10-1891798.cdop,./settings/Memetic-LS_MMX_1099666.config,10,10,0.7126117792167745,0.7126117792167745,0.7326549491211841,0.7773666358310206,0.8538390379278445,0.8957755164970707,0.9170521122417514,0.9201356768424298,0.9623805118717237,0.9719395621338267,0.9836571076164046,1.0,1.0,1.0
./instances/created-instances/mm-25-25-1767920.cdop,./settings/Memetic-LS_MPX_1881515.config,25,25,0.5171489817792069,0.5937834941050375,0.5937834941050375,0.5937834941050375,0.6988210075026795,0.6988210075026795,0.6988210075026795,0.8263665594855305,0.9340836012861736,0.9340836012861736,0.9340836012861736,0.9501607717041801,1.0,1.0
./instances/created-instances/mm-5-10-1110588.cdop,./settings/Memetic_MPX_1099666.config,5,10,0.9559309585016526,0.9625413147264047,0.974293059125964,0.974293059125964,0.974293059125964,0.9845758354755784,0.9908189496878443,0.9908189496878443,0.9908189496878443,0.9908189496878443,0.9926551597502754,1.0,1.0,1.0
./instances/created-instances/mm-10-40-1110588.cdop,./settings/Memetic_MMX_1099666.config,10,40,0.8256747860434497,0.8792626728110599,0.894272547728769,0.9163923633969717,0.9411454904542462,0.941540487162607,0.9456221198156682,0.9627386438446346,0.9687952600394997,0.975378538512179,0.9785385121790652,0.9870967741935484,1.0,1.0
./instances/created-instances/mm-10-40-1917698.cdop,./settings/Memetic-LS_MMX_1099666.config,10,40,0.44401062002186475,0.4555677026393878,0.46337654224582225,0.5014836795252225,0.6053412462908012,0.6671872559737623,0.6929564266749961,0.7751054193346869,0.7868186787443386,0.7915039825081993,0.8716226768702171,0.9489301889739185,1.0,1.0
./instances/created-instances/mm-25-25-1767920.cdop,./settings/Memetic-LS_MPX_1287823.config,25,25,0.538083538083538,0.538083538083538,0.538083538083538,0.5491400491400491,0.8783783783783784,0.8783783783783784,0.8783783783783784,0.8925061425061425,0.8925061425061425,0.8925061425061425,0.8925061425061425,1.0,1.0,1.0
./instances/created-instances/mm-10-25-1762875.cdop,./settings/Memetic-LS_MMX_1287823.config,10,25,0.5248212461695608,0.6678243105209397,0.7368743615934628,0.7626149131767109,0.8382022471910112,0.8502553626149132,0.8572012257405516,0.8578140960163432,0.8915219611848826,0.916241062308478,0.9691521961184882,0.9734422880490297,1.0,1.0
./instances/created-instances/mm-15-25-1762875.cdop,./settings/Memetic_MMX_1099666.config,15,25,0.8936233611442194,0.9284862932061978,0.9284862932061978,0.9626042908224076,0.9676698450536353,0.9733313468414779,0.9733313468414779,0.9797377830750894,0.9816746126340882,0.9825685339690108,0.983015494636472,0.983015494636472,1.0,1.0
./instances/created-instances/mm-20-25-1767920.cdop,./settings/Memetic_MMX_1881515.config,20,25,0.8293959731543624,0.852751677852349,0.9122147651006711,0.954496644295302,0.9587919463087249,0.9645637583892618,0.9651006711409396,0.9868456375838927,0.9895302013422819,0.9935570469798658,0.9954362416107383,0.9954362416107383,1.0,1.0
./instances/created-instances/mm-5-10-1762875.cdop,./settings/Memetic_MMX_1287823.config,5,10,0.9916003536693192,0.995579133510168,0.995579133510168,0.995579133510168,0.995579133510168,0.995579133510168,0.995579133510168,0.995579133510168,0.995579133510168,1.0,1.0,1.0,1.0,1.0
./instances/created-instances/mm-10-40-1891798.cdop,./settings/Memetic_MPX_1881515.config,10,40,0.8363136176066025,0.9081155433287483,0.9554332874828061,0.9554332874828061,0.9554332874828061,0.9554332874828061,0.9599724896836314,0.9599724896836314,0.9599724896836314,0.9697386519944979,0.9716643741403026,0.9888583218707016,1.0,1.0
./instances/created-instances/mm-5-10-1891798.cdop,./settings/Memetic-LS_MPX_1099666.config,5,10,0.7739043824701195,0.7911686586985391,0.8731739707835325,0.8960823373173971,0.9415670650730412,0.952191235059761,0.9734395750332006,0.9933598937583001,0.9933598937583001,0.9950199203187251,1.0,1.0,1.0,1.0
./instances/created-instances/mm-10-40-1891798.cdop,./settings/Memetic-LS_MPX_1287823.config,10,40,0.35116804822908815,0.3779201205727204,0.46062547098718915,0.4845516201959307,0.5259984928409948,0.5994724943481538,0.7053504144687265,0.7626224566691786,0.7982290881688018,0.8472117558402411,0.9508289374529013,0.9649585531273549,1.0,1.0
./instances/created-instances/mm-20-25-1110588.cdop,./settings/Memetic_MMX_1881515.config,20,25,0.8620207977650163,0.8991153189507993,0.9369858761446531,0.9421077137979202,0.9436597858140617,0.953903461120596,0.9691137668787831,0.9857209374514978,0.9930156759273631,0.9959646127580319,0.9993791711935434,1.0,1.0,1.0
./instances/created-instances/mm-15-40-1110588.cdop,./settings/Memetic_MMX_1099666.config,15,40,0.8359086715867159,0.8748846863468634,0.8901060885608856,0.8901060885608856,0.9182426199261993,0.9339252767527675,0.9504151291512916,0.9681734317343174,0.9690959409594095,0.9767066420664207,0.9767066420664207,0.9951568265682657,1.0,1.0
./instances/created-instances/mm-20-10-1762875.cdop,./settings/Memetic-LS_MMX_1881515.config,20,10,0.36742424242424243,0.4725378787878788,0.5736268939393939,0.6089015151515151,0.6697443181818182,0.6697443181818182,0.7109375,0.7542613636363636,0.821969696969697,0.8544034090909091,0.9173768939393939,1.0,1.0,1.0
./instances/created-instances/mm-10-25-1762875.cdop,./settings/Memetic-LS_MPX_1099666.config,10,25,0.6006727534839019,0.6006727534839019,0.6299855838539163,0.6600192215281114,0.7107160019221528,0.7530033637674195,0.7748678519942336,0.7748678519942336,0.7787121576165306,0.7787121576165306,0.7787121576165306,0.9865449303219606,1.0,1.0
./instances/created-instances/mm-5-25-1917698.cdop,./settings/Memetic-LS_MPX_1099666.config,5,25,0.6131447587354409,0.651414309484193,0.653702163061564,0.6747088186356073,0.747712146422629,0.77391846921797,0.8178036605657238,0.8410981697171381,0.9186772046589018,0.9294925124792013,0.961730449251248,0.9902246256239601,1.0,1.0
./instances/created-instances/mm-20-25-1762875.cdop,./settings/Memetic-LS_MMX_1099666.config,20,25,0.37885802469135804,0.5040509259259259,0.5518904320987654,0.6087962962962963,0.628858024691358,0.6554783950617284,0.7453703703703703,0.7874228395061729,0.8240740740740741,0.9241898148148148,0.9338348765432098,0.953125,1.0,1.0
./instances/created-instances/mm-5-25-1110588.cdop,./settings/Memetic_MPX_1099666.config,5,25,0.9230209281164695,0.9510464058234759,0.9510464058234759,0.9510464058234759,0.9510464058234759,0.9510464058234759,0.9510464058234759,0.959417652411283,0.970336669699727,0.970336669699727,0.9745222929936306,0.9867151956323931,1.0,1.0
./instances/created-instances/mm-15-25-1762875.cdop,./settings/Memetic_MPX_1287823.config,15,25,0.8415684895375417,0.8415684895375417,0.963601195709513,0.9483031475294531,0.9483031475294531,0.9525232987515386,1.0038684719535784,1.0038684719535784,1.0038684719535784,1.0038684719535784,1.0038684719535784,1.0,1.0,1.0
./instances/created-instances/mm-5-40-1917698.cdop,./settings/Memetic_MPX_1287823.config,5,40,0.7549633577614924,0.876215856095936,0.917255163224517,0.9393737508327782,0.9393737508327782,0.9393737508327782,0.9768154563624251,0.9768154563624251,0.9800133244503664,0.9932045303131246,0.9932045303131246,0.9932045303131246,1.0,1.0
./instances/created-instances/mm-5-40-1767920.cdop,./settings/Memetic_MMX_1287823.config,5,40,0.8865740740740741,0.8865740740740741,0.9299125514403292,0.9304269547325102,0.9335133744855967,0.9512602880658436,0.9565329218106996,0.9682355967078189,0.9696502057613169,0.9714506172839507,0.9754372427983539,0.9965277777777778,1.0,1.0
./instances/created-instances/mm-25-25-1110588.cdop,./settings/Memetic_MPX_1287823.config,25,25,0.8956460426582056,0.8956460426582056,0.8956460426582056,0.8956460426582056,0.8956460426582056,0.8956460426582056,0.9739115106645514,0.9619249074563723,0.9619249074563723,0.9836065573770492,0.9836065573770492,0.9836065573770492,1.0,1.0
./instances/created-instances/mm-25-10-1891798.cdop,./settings/Memetic_MMX_1099666.config,25,10,0.8891402714932126,0.9234539969834088,0.9234539969834088,0.9392911010558069,0.9551282051282052,0.958710407239819,0.958710407239819,0.958710407239819,0.9843514328808446,0.9890648567119156,1.0,1.0,1.0,1.0
./instances/created-instances/mm-15-40-1767920.cdop,./settings/Memetic-LS_MPX_1287823.config,15,40,0.5071736011477762,0.5294117647058824,0.5294117647058824,0.5799856527977044,0.5799856527977044,0.5799856527977044,0.5850071736011477,0.6757532281205165,0.8098995695839312,0.8719512195121951,0.9791965566714491,0.990674318507891,1.0,1.0
./instances/created-instances/mm-5-25-1767920.cdop,./settings/Memetic-LS_MMX_1881515.config,5,25,0.6015462945502545,0.6021120120686404,0.6232321327550443,0.6232321327550443,0.6816896096549123,0.7812558928908165,0.846690552517443,0.8906279464454082,0.9011880067886102,0.9059023194418254,0.9179709598340562,0.9590797661700924,1.0,1.0
./instances/created-instances/mm-15-40-1110588.cdop,./settings/Memetic-LS_MPX_1099666.config,15,40,0.4843366929991828,0.4843366929991828,0.4843366929991828,0.509670389539635,0.5567965132116589,0.5769545083083628,0.6589485153909017,0.7327703622991011,0.7665486243530373,0.7962408063198039,0.9651321165894852,0.9989103786434214,1.0,1.0
./instances/created-instances/mm-10-25-1110588.cdop,./settings/Memetic_MMX_1881515.config,10,25,0.9305301645338209,0.9375103872361642,0.9506398537477148,0.9549609439920226,0.9755692205417983,0.9793917234502244,0.9793917234502244,0.9793917234502244,0.9820508559082599,1.0,1.0,1.0,1.0,1.0
./instances/created-instances/mm-10-40-1767920.cdop,./settings/Memetic_MMX_1287823.config,10,40,0.7998703823720026,0.8715489306545691,0.9174335709656514,0.9375243033052495,0.946597537265068,0.9661697990926766,0.9716137394685678,0.9775761503564485,0.9793907971484122,0.9880751782242385,0.9898898250162022,1.0,1.0,1.0
./instances/created-instances/mm-15-10-1110588.cdop,./settings/Memetic_MPX_1287823.config,15,10,0.8379204892966361,0.8379204892966361,0.855249745158002,0.8621304791029561,0.904434250764526,0.9309378185524975,0.9857288481141692,0.9857288481141692,0.9956676860346585,1.0,1.0,1.0,1.0,1.0
./instances/created-instances/mm-25-25-1762875.cdop,./settings/Memetic-LS_MMX_1287823.config,25,25,0.3274091627172196,0.40442338072669826,0.5375197472353871,0.563783570300158,0.5831358609794629,0.6200631911532386,0.6686413902053713,0.818522906793049,0.842219589257504,0.8852685624012638,0.9219984202211691,0.9901263823064771,1.0,1.0
./instances/created-instances/mm-20-25-1110588.cdop,./settings/Memetic-LS_MPX_1287823.config,20,25,0.489247311827957,0.489247311827957,0.6261648745519713,0.6652329749103942,0.7010752688172043,0.7010752688172043,0.7584229390681003,0.7584229390681003,0.7584229390681003,0.7627240143369176,0.9362007168458781,0.9455197132616487,1.0,1.0
./instances/created-instances/mm-10-25-1110588.cdop,./settings/Memetic-LS_MPX_1287823.config,10,25,0.6326481835564054,0.640057361376673,0.6618068833652008,0.6916826003824091,0.7017208413001912,0.7105640535372849,0.7581261950286807,0.780114722753346,0.9275812619502868,0.994263862332696,0.994263862332696,1.0,1.0,1.0
./instances/created-instances/mm-10-25-1917698.cdop,./settings/Memetic-LS_MPX_1881515.config,10,25,0.4765133171912833,0.5346246973365617,0.5564164648910411,0.5564164648910411,0.6128329297820824,0.6324455205811138,0.6341404358353511,0.8101694915254237,0.8438256658595642,0.8893462469733656,0.9714285714285714,1.0,1.0,1.0
./instances/created-instances/mm-5-10-1110588.cdop,./settings/Memetic_MPX_1881515.config,5,10,0.966433050534858,0.9738104020656584,0.9738104020656584,0.9738104020656584,0.9926226484691996,0.9926226484691996,0.9926226484691996,0.9926226484691996,0.9926226484691996,0.9926226484691996,1.0,1.0,1.0,1.0
./instances/created-instances/mm-5-40-1762875.cdop,./settings/Memetic_MMX_1881515.config,5,40,0.8595029449791697,0.8929751472489584,0.9060479816118374,0.9537422784082746,0.9688263180577503,0.9752909064789542,0.9752909064789542,0.9787386869702629,0.9788823444907341,0.9913805487717282,0.9975578221519896,1.0,1.0,1.0
./instances/created-instances/mm-15-40-1917698.cdop,./settings/Memetic_MMX_1287823.config,15,40,0.8319101123595506,0.8560674157303371,0.9229213483146067,0.9258426966292135,0.9367415730337079,0.9374157303370787,0.9539325842696629,0.9873033707865169,0.9876404494382023,0.9942696629213483,0.9979775280898876,0.9979775280898876,1.0,1.0
./instances/created-instances/mm-20-25-1917698.cdop,./settings/Memetic-LS_MMX_1287823.config,20,25,0.2792502839833396,0.36406664142370315,0.394168875425975,0.497538811056418,0.5698599015524423,0.5961756910261264,0.6766376372586141,0.7610753502461189,0.8358576296857251,0.8780764861794774,0.9195380537675123,0.9664899659219992,1.0,1.0
./instances/created-instances/mm-5-25-1762875.cdop,./settings/Memetic-LS_MPX_1287823.config,5,25,0.6162324649298597,0.646693386773547,0.7308617234468938,0.8170340681362726,0.8875751503006012,0.9042084168336674,0.9428857715430862,0.958316633266533,0.968937875751503,0.9983967935871744,0.9983967935871744,1.0,1.0,1.0
./instances/created-instances/mm-15-10-1762875.cdop,./settings/Memetic-LS_MMX_1099666.config,15,10,0.6713715046604527,0.7379494007989348,0.7850865512649801,0.8026631158455393,0.8354194407456724,0.8479360852197071,0.8796271637816245,0.9307589880159787,0.9499334221038616,0.9754993342210386,0.9754993342210386,1.0,1.0,1.0
./instances/created-instances/mm-5-40-1917698.cdop,./settings/Memetic-LS_MMX_1099666.config,5,40,0.5899588216661388,0.6045296167247387,0.6566360468799494,0.7024073487488122,0.707158694963573,0.7323408299018055,0.8433639531200506,0.8614190687361419,0.8740893253088375,0.9356984478935698,0.9748178650617675,0.9927146024707,1.0,1.0
./instances/created-instances/mm-25-25-1891798.cdop,./settings/Memetic_MPX_1287823.config,25,25,0.6827706635622818,0.6827706635622818,0.7778424524641055,0.7778424524641055,0.837407838571983,0.837407838571983,0.837407838571983,0.837407838571983,0.837407838571983,0.837407838571983,0.9058983313930927,0.9058983313930927,1.0,1.0
./instances/created-instances/mm-5-25-1762875.cdop,./settings/Memetic_MPX_1099666.config,5,25,0.9333810888252149,0.9333810888252149,0.9333810888252149,0.9589899713467048,0.977256446991404,0.977256446991404,0.977256446991404,0.977256446991404,0.9774355300859598,0.9922994269340975,0.9922994269340975,1.0,1.0,1.0
./instances/created-instances/mm-10-40-1767920.cdop,./settings/Memetic-LS_MPX_1881515.config,10,40,0.49774436090225566,0.49774436090225566,0.49774436090225566,0.5883995703544576,0.6506981740064447,0.7172932330827068,0.7415682062298604,0.7415682062298604,0.8801288936627283,0.9819548872180451,0.9873254564983889,0.9873254564983889,1.0,1.0
./instances/created-instances/mm-15-40-1917698.cdop,./settings/Memetic_MPX_1099666.config,15,40,0.7752510336680449,0.898552864737153,0.9111045481393976,0.9111045481393976,0.9111045481393976,0.9111045481393976,0.9437389249852333,0.928529238038984,0.9313349084465445,1.0,1.0,1.0,1.0,1.0
./instances/created-instances/mm-25-25-1110588.cdop,./settings/Memetic_MMX_1287823.config,25,25,0.837670558447039,0.8653819102546069,0.8954845969897314,0.9433112955408637,0.9582219721479814,0.9752426501617668,0.9850893233928822,0.9850893233928822,0.9893093262062175,0.9912786608524405,0.9936699957799972,1.0,1.0,1.0
./instances/created-instances/mm-5-40-1762875.cdop,./settings/Memetic_MPX_1099666.config,5,40,0.9223476297968397,0.9258088788562829,0.9258088788562829,0.92686230248307,0.9357411587659895,0.9480812641083521,0.9519939804364184,0.9671933784800602,0.9671933784800602,0.9957863054928517,0.9957863054928517,0.9957863054928517,1.0,1.0
./instances/created-instances/mm-15-10-1767920.cdop,./settings/Memetic_MPX_1881515.config,15,10,0.8472086190009794,0.8486777668952008,0.8486777668952008,0.8486777668952008,0.8486777668952008,0.905484818805093,0.905484818805093,0.931439764936337,0.931439764936337,1.0,1.0,1.0,1.0,1.0
./instances/created-instances/mm-10-10-1110588.cdop,./settings/Memetic-LS_MMX_1287823.config,10,10,0.791921664626683,0.8457772337821298,0.9060587515299877,0.9127906976744186,0.9127906976744186,0.9127906976744186,0.9531823745410036,0.9553243574051408,0.9819461444308446,0.9819461444308446,0.9978580171358629,1.0,1.0,1.0
./instances/created-instances/mm-5-25-1762875.cdop,./settings/Memetic-LS_MMX_1287823.config,5,25,0.6769439596664728,0.749078921853791,0.7816560015512896,0.8287764203994571,0.8764785728136514,0.8764785728136514,0.8985844483226683,0.9354275741710296,0.9561760713593175,0.9728524335854178,0.9728524335854178,0.9885592398681404,1.0,1.0
./instances/created-instances/mm-20-25-1917698.cdop,./settings/Memetic-LS_MPX_1287823.config,20,25,0.6122676579925651,0.6237918215613383,0.708550185873606,0.708550185873606,0.7223048327137547,0.7223048327137547,0.7684014869888476,0.7888475836431227,0.8245353159851301,0.8394052044609666,0.8394052044609666,1.0,1.0,1.0
./instances/created-instances/mm-5-40-1110588.cdop,./settings/Memetic-LS_MMX_1881515.config,5,40,0.6673037107819717,0.6970855231724797,0.6970855231724797,0.7007485268354834,0.7061634018155757,0.7259117693900302,0.7601528905876732,0.7988533205924511,0.8507724159898072,0.8617614269788183,0.9391622869883739,0.9691033604077083,1.0,1.0
./instances/created-instances/mm-15-10-1110588.cdop,./settings/Memetic-LS_MMX_1287823.config,15,10,0.7540645161290322,0.7540645161290322,0.7739354838709678,0.7749677419354839,0.7809032258064517,0.8428387096774194,0.8988387096774193,0.9532903225806452,0.9873548387096774,1.0,1.0,1.0,1.0,1.0
./instances/created-instances/mm-15-25-1767920.cdop,./settings/Memetic_MPX_1287823.config,15,25,0.5930762852404643,0.6129767827529021,0.810737976782753,0.8949004975124378,0.8949004975124378,0.9222636815920398,0.9222636815920398,0.9222636815920398,0.943407960199005,0.9771973466003316,0.9771973466003316,1.0,1.0,1.0
./instances/created-instances/mm-5-25-1767920.cdop,./settings/Memetic_MMX_1881515.config,5,25,0.9352594970572499,0.9511325129302658,0.951310861423221,0.9771713929017299,0.982521847690387,0.982521847690387,0.9859104690565365,0.9864455145354022,1.0,1.0,1.0,1.0,1.0,1.0
./instances/created-instances/mm-5-10-1762875.cdop,./settings/Memetic-LS_MMX_1099666.config,5,10,0.8651315789473685,0.8651315789473685,0.8656015037593985,0.9154135338345865,0.9154135338345865,0.9426691729323309,0.9891917293233082,1.0,1.0,1.0,1.0,1.0,1.0,1.0
./instances/created-instances/mm-15-40-1767920.cdop,./settings/Memetic-LS_MMX_1881515.config,15,40,0.4694918234570072,0.502022155793916,0.5138034112889045,0.55160893265342,0.5771056796201864,0.7000175839634254,0.7320203973975734,0.8157200633022683,0.8850008791981713,0.8864075962721998,0.9778442060840513,1.0,1.0,1.0
./instances/created-instances/mm-15-10-1767920.cdop,./settings/Memetic-LS_MMX_1099666.config,15,10,0.5948756976154237,0.7214611872146118,0.7493658041603247,0.7990867579908676,0.8399289700659563,0.8660578386605784,0.8800101471334348,0.9018264840182648,0.9446981227803145,0.9530695078640284,0.9979705733130391,1.0,1.0,1.0
./instances/created-instances/mm-20-10-1891798.cdop,./settings/Memetic-LS_MPX_1881515.config,20,10,0.5125752745306411,0.5125752745306411,0.5125752745306411,0.5125752745306411,0.638682252922423,0.6981934112646121,0.7701027275947574,0.7995040736804817,0.8483882394615657,0.8636202621324832,0.8636202621324832,0.908253630889125,1.0,1.0
./instances/created-instances/mm-10-10-1891798.cdop,./settings/Memetic_MMX_1287823.config,10,10,0.9716681121711477,0.9751373229257011,0.9800520381613183,0.9800520381613183,0.9840994507082972,0.9910378722174039,0.9910378722174039,0.9953743856605956,0.9953743856605956,0.9953743856605956,0.9953743856605956,0.9953743856605956,1.0,1.0
./instances/created-instances/mm-20-25-1917698.cdop,./settings/Memetic-LS_MMX_1881515.config,20,25,0.37931667891256426,0.4252387950036738,0.5225936811168259,0.5848640705363704,0.585598824393828,0.6098457016899339,0.6361131520940485,0.6618295371050698,0.8183321087435709,0.871234386480529,0.9099926524614255,0.9483835415135929,1.0,1.0
./instances/created-instances/mm-25-10-1110588.cdop,./settings/Memetic_MMX_1287823.config,25,10,0.8737594283445812,0.9029376736800317,0.9317189360857483,0.9497816593886463,0.9716157205240175,0.980944819372767,0.9870980547836443,0.9870980547836443,0.9870980547836443,0.9870980547836443,0.9910678840809846,0.9954346963080588,1.0,1.0
./instances/created-instances/mm-10-25-1917698.cdop,./settings/Memetic_MPX_1099666.config,10,25,0.8433226065969429,0.9400643604183427,0.9400643604183427,0.9499195494770716,0.9499195494770716,0.9499195494770716,0.9499195494770716,0.9499195494770716,0.9790828640386162,0.9790828640386162,1.0,1.0,1.0,1.0
./instances/created-instances/mm-15-10-1917698.cdop,./settings/Memetic_MPX_1099666.config,15,10,0.8938872717650173,0.9237893622651495,0.9237893622651495,0.9237893622651495,0.9237893622651495,0.9237893622651495,0.9663932257210902,0.978830378406986,0.9838581635353268,0.9838581635353268,0.9838581635353268,1.0,1.0,1.0
./instances/created-instances/mm-25-10-1110588.cdop,./settings/Memetic-LS_MMX_1287823.config,25,10,0.40962761126248864,0.4366485013623978,0.5449591280653951,0.6123978201634878,0.6798365122615804,0.7540871934604905,0.8199364214350591,0.8680744777475022,0.8919164396003633,0.9352861035422343,0.970708446866485,0.9829700272479565,1.0,1.0
./instances/created-instances/mm-15-40-1767920.cdop,./settings/Memetic_MMX_1099666.config,15,40,0.7941740589786622,0.8406856868856389,0.8901941980340446,0.9426995924238791,0.9521697434667945,0.9549268760489091,0.966315032366339,0.9672740350035962,0.9699112922560537,0.9715895468712539,0.9883720930232558,1.0,1.0,1.0
./instances/created-instances/mm-15-40-1110588.cdop,./settings/Memetic_MMX_1881515.config,15,40,0.8253396818023458,0.8726048078039716,0.8987341772151899,0.9124375798397398,0.9577284868191848,0.9663221460922077,0.9715480199744513,0.9802578097781907,0.9855998141911508,0.9855998141911508,0.992916037626292,0.9996516084078504,1.0,1.0
./instances/created-instances/mm-15-10-1891798.cdop,./settings/Memetic-LS_MPX_1881515.config,15,10,0.5411871592973955,0.582374318594791,0.5872198667474258,0.6559660811629315,0.7413688673531194,0.7419745608721987,0.7422774076317383,0.8043609933373713,0.8894609327680194,0.9236826165960024,0.9321623258631133,1.0033313143549365,1.0,1.0
./instances/created-instances/mm-15-25-1917698.cdop,./settings/Memetic_MMX_1287823.config,15,25,0.8634609199099389,0.9035059504663879,0.9261820521067867,0.9269861691862336,0.9295593438404631,0.936796397555484,0.9573817947893213,0.9720167256352525,0.9757156642007077,0.989546477967192,0.989546477967192,0.989546477967192,1.0,1.0
./instances/created-instances/mm-25-25-1762875.cdop,./settings/Memetic_MPX_1099666.config,25,25,0.6904953685058397,0.6904953685058397,0.6904953685058397,0.6904953685058397,0.792790978654853,0.86508256141764,0.86508256141764,0.8729359645590012,1.0,1.0,1.0,1.0,1.0,1.0
./instances/created-instances/mm-10-25-1110588.cdop,./settings/Memetic-LS_MMX_1881515.config,10,25,0.5179896142433235,0.5239243323442137,0.5791913946587537,0.5903189910979229,0.5979228486646885,0.6819362017804155,0.6925074183976261,0.7312685459940653,0.8162091988130564,0.8523738872403561,0.8755563798219584,0.9369436201780416,1.0,1.0
./instances/created-instances/mm-20-10-1110588.cdop,./settings/Memetic-LS_MPX_1881515.config,20,10,0.7218130311614731,0.7422096317280453,0.7422096317280453,0.7869688385269121,0.7869688385269121,0.8356940509915014,0.9779036827195468,1.0,1.0,1.0,1.0,1.0,1.0,1.0
./instances/created-instances/mm-10-10-1891798.cdop,./settings/Memetic-LS_MPX_1099666.config,10,10,0.7683304647160069,0.7817555938037866,0.8216867469879519,0.8361445783132531,0.8457831325301205,0.8564543889845094,0.8578313253012049,0.9514629948364888,0.9590361445783132,0.9686746987951808,0.9686746987951808,0.9686746987951808,1.0,1.0
./instances/created-instances/mm-25-25-1110588.cdop,./settings/Memetic_MMX_1881515.config,25,25,0.8387231089521165,0.8981263011797362,0.9231089521165857,0.925468424705066,0.9374045801526718,0.9633587786259542,0.9854267869535045,0.988619014573213,0.988619014573213,0.9976405274115198,1.0,1.0,1.0,1.0
./instances/created-instances/mm-25-10-1767920.cdop,./settings/Memetic-LS_MMX_1881515.config,25,10,0.5433905146316852,0.5850151362260343,0.6094853683148335,0.6561553985872856,0.6876892028254289,0.7298183652875883,0.7790110998990918,0.8476286579212916,0.8970736629667003,0.8980827447023209,0.9354187689202825,0.9659434914228052,1.0,1.0
./instances/created-instances/mm-15-10-1762875.cdop,./settings/Memetic-LS_MMX_1881515.config,15,10,0.5795090715048026,0.5795090715048026,0.6800960512273212,0.7878868729989328,0.8172358591248666,0.8353788687299893,0.8601921024546425,0.8601921024546425,0.9554429028815368,0.9799893276414088,0.9997331910352187,1.0,1.0,1.0
./instances/created-instances/mm-20-10-1110588.cdop,./settings/Memetic-LS_MMX_1881515.config,20,10,0.7435105067985167,0.7991347342398022,0.8210754017305315,0.8368355995055624,0.8563040791100124,0.877008652657602,0.9134734239802225,0.9134734239802225,0.9134734239802225,0.9397404202719407,0.9610630407911002,1.0,1.0,1.0
./instances/created-instances/mm-10-10-1917698.cdop,./settings/Memetic_MPX_1287823.config,10,10,0.8856482818365579,0.8922899220329195,0.938492636442391,0.938492636442391,0.938492636442391,0.938492636442391,0.938492636442391,0.938492636442391,0.938492636442391,0.972278371354317,0.972278371354317,0.991336991048224,1.0,1.0
./instances/created-instances/mm-25-10-1762875.cdop,./settings/Memetic_MPX_1287823.config,25,10,0.726815782860015,0.8954511183714501,0.8954511183714501,0.8954511183714501,0.8954511183714501,0.8954511183714501,0.8954511183714501,0.8954511183714501,1.0070369439557678,1.0070369439557678,1.0070369439557678,1.0,1.0,1.0
./instances/created-instances/mm-5-40-1891798.cdop,./settings/Memetic-LS_MMX_1881515.config,5,40,0.5689825951606057,0.5917645394085185,0.5917645394085185,0.6312438092542805,0.6543087590208009,0.7186925145040328,0.7649639167963775,0.7934059714164426,0.7999150983444178,0.8730720249044857,0.8988255270977784,0.9480684873355031,1.0,1.0
./instances/created-instances/mm-25-10-1891798.cdop,./settings/Memetic_MMX_1881515.config,25,10,0.8859977536503182,0.9116435791838263,0.9305503556720329,0.9350430550355672,0.9470235866716585,0.9470235866716585,0.9513290902283789,0.9672407338075627,0.9760389367278173,0.9891426432047922,0.9926993635342568,0.9981280419318608,1.0,1.0
./instances/created-instances/mm-10-25-1767920.cdop,./settings/Memetic_MPX_1881515.config,10,25,0.8190275583640513,0.8241179568193786,0.9877128313147271,0.9877128313147271,0.9877128313147271,0.9877128313147271,0.9877128313147271,0.9877128313147271,0.9877128313147271,0.9877128313147271,0.9898192030893452,0.9898192030893452,1.0,1.0
./instances/created-instances/mm-15-25-1110588.cdop,./settings/Memetic-LS_MPX_1099666.config,15,25,0.5478336725792381,0.5478336725792381,0.5478336725792381,0.5478336725792381,0.6275079965106135,0.6702529805175923,0.7548706019191626,0.8412329165455075,0.8682756615295144,0.8906658912474557,0.9607444024425705,0.9683047397499273,1.0,1.0
./instances/created-instances/mm-15-10-1762875.cdop,./settings/Memetic-LS_MPX_1099666.config,15,10,0.5382331106161841,0.6299183370452858,0.6299183370452858,0.6948775055679287,0.7156644394951744,0.8337045285820341,0.9201930215293245,0.9383815887156645,0.9383815887156645,0.9480326651818857,0.9847809948032665,0.9847809948032665,1.0,1.0
./instances/created-instances/mm-15-25-1917698.cdop,./settings/Memetic-LS_MMX_1099666.config,15,25,0.5327453556014261,0.6083693000562957,0.6265715894164008,0.6838055920435354,0.6980671795834115,0.7307187089510228,0.774066428973541,0.8532557703133796,0.8819665978607618,0.9179958716457122,0.9285044098329893,0.9639707262150498,1.0,1.0
./instances/created-instances/mm-10-40-1891798.cdop,./settings/Memetic_MPX_1287823.config,10,40,0.886770484645612,0.8959394556833067,0.9366904380730607,0.9366904380730607,0.9561926939310144,0.9561926939310144,0.9561926939310144,0.9828263717071751,0.9828263717071751,0.9828263717071751,0.9828263717071751,0.994178431087178,1.0,1.0
./instances/created-instances/mm-10-10-1767920.cdop,./settings/Memetic-LS_MPX_1099666.config,10,10,0.6835130970724191,0.6896764252696456,0.7090909090909091,0.7090909090909091,0.7426810477657936,0.8077041602465331,0.810477657935285,0.8354391371340524,0.8964560862865948,0.9405238828967643,0.9756548536209553,1.0,1.0,1.0
./instances/created-instances/mm-25-25-1917698.cdop,./settings/Memetic_MPX_1099666.config,25,25,0.8553022794846382,0.8553022794846382,0.8553022794846382,0.8553022794846382,0.8553022794846382,0.9169474727452923,0.9571853320118929,0.9821605550049554,0.9821605550049554,0.9821605550049554,1.0,1.0,1.0,1.0
./instances/created-instances/mm-15-25-1767920.cdop,./settings/Memetic_MMX_1881515.config,15,25,0.8616607200778462,0.8963671748297113,0.9403178722024003,0.9706454751865067,0.9753486863444697,0.9771326629905935,0.9771326629905935,0.9933506325008109,1.0,1.0,1.0,1.0,1.0,1.0
./instances/created-instances/mm-15-10-1891798.cdop,./settings/Memetic_MMX_1881515.config,15,10,0.9450043821209465,0.9450043821209465,0.955740578439965,0.9680105170902716,0.9723926380368099,0.9811568799298861,0.9901402278702892,0.9958369851007888,0.9958369851007888,1.0,1.0,1.0,1.0,1.0
./instances/created-instances/mm-15-25-1110588.cdop,./settings/Memetic_MPX_1881515.config,15,25,0.7128164556962026,0.8207278481012659,0.8207278481012659,0.8207278481012659,0.8238924050632911,0.8238924050632911,0.8610759493670886,0.8610759493670886,0.8705696202531645,0.8734177215189873,0.8734177215189873,0.8871835443037974,1.0,1.0
./instances/created-instances/mm-10-40-1891798.cdop,./settings/Memetic_MMX_1881515.config,10,40,0.8790064102564102,0.9033119658119658,0.9477831196581197,0.9477831196581197,0.9660790598290598,0.9663461538461539,0.9758279914529915,0.9881143162393162,0.9913194444444444,0.9942574786324786,0.9942574786324786,0.9942574786324786,1.0,1.0
./instances/created-instances/mm-10-25-1767920.cdop,./settings/Memetic-LS_MMX_1881515.config,10,25,0.5925253991291727,0.6248185776487664,0.6375181422351234,0.7039187227866474,0.7421988388969522,0.75,0.75,0.798621190130624,0.8067851959361393,0.8176705370101597,0.8906023222060958,0.9637155297532656,1.0,1.0
./instances/created-instances/mm-15-10-1917698.cdop,./settings/Memetic-LS_MPX_1287823.config,15,10,0.7035714285714286,0.73,0.7603571428571428,0.7667857142857143,0.7667857142857143,0.7667857142857143,0.8428571428571429,0.8885714285714286,0.9335714285714286,0.9335714285714286,0.9582142857142857,0.9582142857142857,1.0,1.0
./instances/created-instances/mm-10-10-1762875.cdop,./settings/Memetic_MMX_1881515.config,10,10,0.9658149171270718,0.9816988950276243,0.9816988950276243,0.9816988950276243,0.9816988950276243,0.9820441988950276,0.9865331491712708,0.9979281767955801,0.9979281767955801,0.9986187845303868,0.9986187845303868,0.9986187845303868,1.0,1.0
./instances/created-instances/mm-5-40-1110588.cdop,./settings/Memetic-LS_MPX_1099666.config,5,40,0.5429576285379334,0.5859989951431921,0.6275330765365935,0.6685647295260425,0.7045720984759671,0.7327080890973037,0.7571596047563223,0.792999497571596,0.8651817116060961,0.8651817116060961,0.9539440629710266,0.9581309663372969,1.0,1.0
./instances/created-instances/mm-15-10-1767920.cdop,./settings/Memetic_MMX_1287823.config,15,10,0.9398610508033001,0.9513677811550152,0.9622231871471993,0.9641771602257925,0.9641771602257925,0.9641771602257925,0.9858879722101607,0.9913156752062527,0.9945722970039079,1.0,1.0,1.0,1.0,1.0
./instances/created-instances/mm-15-40-1891798.cdop,./settings/Memetic_MMX_1881515.config,15,40,0.8449784510905054,0.8863784772103958,0.9477602194070784,0.9546819903356406,0.9609507640067911,0.9609507640067911,0.97165991902834,0.9840668669191589,0.9936006268773672,0.9938618257803318,0.9985634060336946,0.9985634060336946,1.0,1.0
./instances/created-instances/mm-10-25-1762875.cdop,./settings/Memetic_MMX_1099666.config,10,25,0.8975246667820668,0.9117188852345508,0.9473775315907911,0.9551670417171543,0.9582828457676995,0.9710922624199412,0.9710922624199412,0.9899601869482431,0.9899601869482431,0.9903063873983036,0.9903063873983036,0.9951531936991518,1.0,1.0
./instances/created-instances/mm-15-10-1767920.cdop,./settings/Memetic_MPX_1099666.config,15,10,0.8996300863131936,0.8996300863131936,0.8996300863131936,0.9524044389642417,0.9524044389642417,0.9524044389642417,0.9524044389642417,0.9524044389642417,1.0,1.0,1.0,1.0,1.0,1.0
./instances/created-instances/mm-5-10-1767920.cdop,./settings/Memetic_MMX_1099666.config,5,10,0.9868030353018805,0.9868030353018805,0.9868030353018805,0.9868030353018805,0.9868030353018805,0.9868030353018805,0.9934015176509403,1.0,1.0,1.0,1.0,1.0,1.0,1.0
./instances/created-instances/mm-10-10-1917698.cdop,./settings/Memetic-LS_MPX_1287823.config,10,10,0.7287509238728751,0.7335550628233555,0.7335550628233555,0.7875092387287509,0.804138950480414,0.8100517368810052,0.8422025129342202,0.8706577974870657,0.877309682187731,0.9042867701404287,0.9412416851441242,1.0,1.0,1.0
./instances/created-instances/mm-20-10-1762875.cdop,./settings/Memetic-LS_MPX_1881515.config,20,10,0.6054554310764735,0.7359961032635168,0.7851924013638578,0.8996590355577204,0.9001461276181199,0.9001461276181199,0.9001461276181199,0.9001461276181199,0.9001461276181199,0.9585971748660497,0.9585971748660497,0.9585971748660497,1.0,1.0
./instances/created-instances/mm-20-25-1762875.cdop,./settings/Memetic-LS_MPX_1881515.config,20,25,0.5610537557849768,0.5845496618013528,0.6739053043787825,0.7351370594517622,0.7351370594517622,0.7351370594517622,0.7351370594517622,0.7351370594517622,0.7351370594517622,0.7572089711641153,0.899252402990388,1.0,1.0,1.0
./instances/created-instances/mm-20-10-1891798.cdop,./settings/Memetic_MMX_1287823.config,20,10,0.8575124378109453,0.859502487562189,0.859502487562189,0.9205970149253732,0.9580099502487562,0.9667661691542289,0.9683582089552238,0.9787064676616916,0.9814925373134329,0.9814925373134329,0.998407960199005,0.998407960199005,1.0,1.0
./instances/created-instances/mm-25-10-1762875.cdop,./settings/Memetic_MMX_1881515.config,25,10,0.8381315538608198,0.8798856053384175,0.9389895138226882,0.948141086749285,0.9504289799809342,0.9504289799809342,0.9771210676835081,0.9771210676835081,0.9811248808388942,0.9811248808388942,0.9836034318398474,0.9851286939942803,1.0,1.0
./instances/created-instances/mm-5-40-1891798.cdop,./settings/Memetic_MPX_1099666.config,5,40,0.8195197521301317,0.863413374644978,0.8875548670281436,0.8875548670281436,0.8943971081848696,0.8943971081848696,0.8943971081848696,0.9234443583785179,0.9682416731216111,1.0,1.0,1.0,1.0,1.0
./instances/created-instances/mm-10-25-1110588.cdop,./settings/Memetic-LS_MMX_1287823.config,10,25,0.5008466603951082,0.5093132643461901,0.5768579492003763,0.6302916274694261,0.7008466603951082,0.7008466603951082,0.7866415804327376,0.7883349012229539,0.8240827845719662,0.8793979303857008,0.889557855126999,0.9027281279397931,1.0,1.0
./instances/created-instances/mm-20-10-1891798.cdop,./settings/Memetic-LS_MPX_1287823.config,20,10,0.6033912324234905,0.6033912324234905,0.6401985111662531,0.6575682382133995,0.749793217535153,0.749793217535153,0.749793217535153,0.7882547559966915,0.8486352357320099,0.8606286186931348,0.8560794044665012,0.8746898263027295,1.0,1.0
./instances/created-instances/mm-15-40-1767920.cdop,./settings/Memetic-LS_MMX_1099666.config,15,40,0.347962901623054,0.4163630341172574,0.42100033123550845,0.515071215634316,0.5513415038092083,0.5861212321960915,0.6921165948989731,0.7510765154024511,0.8039085789996687,0.8598873799271282,0.9705200397482611,0.9839350778403445,1.0,1.0
./instances/created-instances/mm-25-10-1110588.cdop,./settings/Memetic-LS_MMX_1099666.config,25,10,0.44439295644114923,0.4881835032437442,0.5479610750695088,0.727062094531974,0.7650602409638554,0.7847544022242817,0.7847544022242817,0.7917052826691381,0.8364226135310473,0.9335032437442076,0.9457831325301205,1.0,1.0,1.0
./instances/created-instances/mm-10-40-1767920.cdop,./settings/Memetic-LS_MPX_1099666.config,10,40,0.4353043857735108,0.516037530002182,0.5439668339515601,0.5878245690595679,0.6072441632118699,0.6816495745145101,0.6919048658084225,0.7303076587388174,0.7898756273183504,0.9622518001309186,0.9718524983635174,0.99323587169976,1.0,1.0
./instances/created-instances/mm-20-25-1917698.cdop,./settings/Memetic_MPX_1287823.config,20,25,0.7550751879699248,0.7550751879699248,0.8659774436090225,0.9851503759398497,0.9851503759398497,0.9851503759398497,0.9851503759398497,0.9851503759398497,0.9851503759398497,0.9851503759398497,0.9851503759398497,0.9851503759398497,1.0,1.0
./instances/created-instances/mm-20-10-1110588.cdop,./settings/Memetic-LS_MMX_1287823.config,20,10,0.43798785776235905,0.6273489447817289,0.6814108123735183,0.6825672159583694,0.7730557964729691,0.8248048568950563,0.8389708008094825,0.8519803411390575,0.924255565192252,0.9762937265105521,0.9800520381613183,0.9887250650477016,1.0,1.0
./instances/created-instances/mm-15-10-1891798.cdop,./settings/Memetic_MMX_1287823.config,15,10,0.9739320920043811,0.9785323110624315,0.9785323110624315,0.9785323110624315,0.9785323110624315,0.9894852135815991,0.991894852135816,0.991894852135816,0.991894852135816,0.9940854326396495,0.9958378970427163,1.0,1.0,1.0
./instances/created-instances/mm-25-25-1767920.cdop,./settings/Memetic-LS_MMX_1099666.config,25,25,0.4305396096440873,0.49598163030998854,0.5874473784921546,0.6259089169536931,0.7085725220053578,0.7189054726368159,0.7690394182931496,0.8073096058170685,0.8413700727133563,0.881171067738232,0.9167623421354765,0.9647914274779946,1.0,1.0
./instances/created-instances/mm-25-25-1762875.cdop,./settings/Memetic_MPX_1287823.config,25,25,0.8029587014588042,0.8029587014588042,0.8029587014588042,0.8029587014588042,0.826587220053421,0.826587220053421,0.826587220053421,0.8442572426546127,0.9936305732484076,0.9936305732484076,0.9936305732484076,0.9936305732484076,1.0,1.0
./instances/created-instances/mm-15-40-1762875.cdop,./settings/Memetic_MPX_1881515.config,15,40,0.7956145966709347,0.846190781049936,0.941101152368758,0.9491037131882202,0.9395006402048656,0.9395006402048656,0.9395006402048656,0.9727912932138284,0.9727912932138284,0.9727912932138284,0.9801536491677336,0.9801536491677336,1.0,1.0
./instances/created-instances/mm-15-25-1891798.cdop,./settings/Memetic_MPX_1881515.config,15,25,0.7338155515370706,0.8417721518987342,0.9314647377938517,0.9314647377938517,0.9314647377938517,0.9314647377938517,0.9314647377938517,0.9652802893309222,0.9652802893309222,0.969258589511754,0.969258589511754,0.969258589511754,1.0,1.0
./instances/created-instances/mm-25-25-1891798.cdop,./settings/Memetic_MMX_1287823.config,25,25,0.8573294629898404,0.8844702467343977,0.8984034833091437,0.9346879535558781,0.9346879535558781,0.9361393323657474,0.9500725689404935,0.960377358490566,0.9722786647314949,0.9843251088534107,0.9888243831640058,1.0,1.0,1.0
./instances/created-instances/mm-15-25-1110588.cdop,./settings/Memetic-LS_MMX_1099666.config,15,25,0.4194513715710723,0.4425602660016625,0.48428927680798006,0.5531172069825436,0.5602660016625104,0.6339152119700748,0.741978387364921,0.8395677472984207,0.8498753117206983,0.9125519534497091,0.971404821280133,0.9803823773898587,1.0,1.0
./instances/created-instances/mm-10-10-1917698.cdop,./settings/Memetic-LS_MMX_1881515.config,10,10,0.7328931572629052,0.7466986794717887,0.771608643457383,0.7917166866746699,0.8712484993997599,0.8817527010804321,0.8982593037214885,0.9504801920768308,0.960984393757503,0.9843937575030012,0.996998799519808,0.996998799519808,1.0,1.0
./instances/created-instances/mm-10-40-1767920.cdop,./settings/Memetic_MPX_1881515.config,10,40,0.6815467303672739,0.7759032547028963,0.8987757539564049,0.8950432965064198,0.8950432965064198,0.8950432965064198,0.9104210212003583,0.9104210212003583,0.916990146312332,0.9493878769782025,0.9493878769782025,0.9681994625261272,1.0,1.0
./instances/created-instances/mm-15-10-1891798.cdop,./settings/Memetic_MPX_1881515.config,15,10,0.9255162241887905,0.9255162241887905,0.9255162241887905,0.9255162241887905,0.9255162241887905,0.9255162241887905,0.9972959685349065,0.9972959685349065,0.9972959685349065,0.9894296951819076,0.9894296951819076,0.9894296951819076,1.0,1.0
./instances/created-instances/mm-10-40-1767920.cdop,./settings/Memetic_MPX_1287823.config,10,40,0.7748923959827834,0.7748923959827834,0.896700143472023,0.896700143472023,0.896700143472023,0.896700143472023,0.9010043041606887,0.9010043041606887,0.9010043041606887,0.9010043041606887,0.9010043041606887,1.0,1.0,1.0
./instances/created-instances/mm-25-25-1767920.cdop,./settings/Memetic-LS_MMX_1881515.config,25,25,0.5059902658180456,0.5260202171471359,0.5454885810557843,0.5454885810557843,0.6381505054286783,0.6718457506551854,0.7710595282665669,0.8019468363908648,0.8470610258330213,0.904530138524897,0.9327967053538001,0.9496443279670536,1.0,1.0
./instances/created-instances/mm-5-40-1762875.cdop,./settings/Memetic-LS_MPX_1287823.config,5,40,0.5450915141430949,0.5712146422628952,0.5826955074875207,0.6505823627287853,0.6647254575707154,0.7161397670549084,0.7712146422628952,0.7850249584026622,0.8828618968386023,0.8970049916805325,0.9377703826955075,0.9482529118136439,1.0,1.0
./instances/created-instances/mm-10-40-1762875.cdop,./settings/Memetic-LS_MPX_1881515.config,10,40,0.3464936001442221,0.37065080223544256,0.44853073733549664,0.46908238687578874,0.5063998557778979,0.5485848206237606,0.6453939066161889,0.7221921759509645,0.7964665585000902,0.8359473589327564,0.871642329186948,0.9619614205877051,1.0,1.0
./instances/created-instances/mm-15-10-1762875.cdop,./settings/Memetic_MPX_1099666.config,15,10,0.89293659621802,0.89293659621802,0.89293659621802,0.89293659621802,0.9263070077864294,0.9263070077864294,0.9588431590656284,0.9588431590656284,0.9588431590656284,0.9588431590656284,0.9588431590656284,0.9805339265850945,1.0,1.0
./instances/created-instances/mm-5-10-1767920.cdop,./settings/Memetic_MPX_1287823.config,5,10,0.9122401847575058,0.9122401847575058,0.9359947212141208,0.9683272847245133,0.9696469811943254,0.9844935664797096,0.9844935664797096,0.9844935664797096,0.9844935664797096,0.9844935664797096,0.9844935664797096,0.9844935664797096,1.0,1.0
./instances/created-instances/mm-25-25-1110588.cdop,./settings/Memetic_MPX_1881515.config,25,25,0.7341935483870968,0.81,0.81,0.8493548387096774,0.8493548387096774,0.8956451612903226,0.8956451612903226,0.8956451612903226,0.9014516129032258,0.9014516129032258,0.9014516129032258,0.9541935483870968,1.0,1.0
./instances/created-instances/mm-15-10-1110588.cdop,./settings/Memetic-LS_MMX_1099666.config,15,10,0.5601217656012176,0.5938609842719432,0.6527143581938103,0.7529173008625063,0.8198883815322171,0.8655504819888381,0.8835616438356164,0.8926940639269406,0.9208523592085236,0.9713343480466768,0.9857940131912735,1.0,1.0,1.0
./instances/created-instances/mm-25-10-1110588.cdop,./settings/Memetic-LS_MPX_1287823.config,25,10,0.7116822429906542,0.7210280373831776,0.7219626168224299,0.7911214953271029,0.7939252336448598,0.8214953271028037,0.9126168224299065,0.9126168224299065,0.9126168224299065,0.9126168224299065,0.9126168224299065,0.944392523364486,1.0,1.0
./instances/created-instances/mm-10-10-1917698.cdop,./settings/Memetic_MPX_1099666.config,10,10,0.9299587992937022,0.9299587992937022,0.9643908181283107,0.9711595055915244,0.9711595055915244,0.9711595055915244,0.9711595055915244,0.9711595055915244,0.9711595055915244,0.9711595055915244,0.9935256032960565,0.9935256032960565,1.0,1.0
./instances/created-instances/mm-10-40-1891798.cdop,./settings/Memetic_MPX_1099666.config,10,40,0.7480800877674163,0.7480800877674163,0.7480800877674163,0.81980252331322,0.8384530992868897,0.8384530992868897,0.8924849149753155,0.8924849149753155,0.8924849149753155,0.8924849149753155,0.9038672517827756,0.9808008776741635,1.0,1.0
./instances/created-instances/mm-15-25-1917698.cdop,./settings/Memetic-LS_MPX_1287823.config,15,25,0.5700849514563107,0.5700849514563107,0.5700849514563107,0.629247572815534,0.6847694174757282,0.7333131067961165,0.7839805825242718,0.8355582524271845,0.8971480582524272,0.9016990291262136,0.914745145631068,0.9560072815533981,1.0,1.0
./instances/created-instances/mm-5-25-1767920.cdop,./settings/Memetic_MPX_1099666.config,5,25,0.9477172312223858,0.9633652430044183,0.9760677466863034,0.9764359351988218,0.9856406480117821,0.9856406480117821,0.9856406480117821,0.9856406480117821,0.9906111929307806,0.9906111929307806,0.9906111929307806,0.9906111929307806,1.0,1.0
./instances/created-instances/mm-10-40-1917698.cdop,./settings/Memetic_MMX_1287823.config,10,40,0.8495878249841471,0.8593532022828154,0.9094483195941662,0.9288522511097019,0.9398858592263792,0.9472415979708307,0.9656309448319594,0.9700697526949905,0.9781864299302473,0.9781864299302473,1.0058338617628408,1.0076093849080532,1.0,1.0
./instances/created-instances/mm-15-40-1110588.cdop,./settings/Memetic_MPX_1881515.config,15,40,0.7717233362394653,0.8546934030804999,0.8546934030804999,0.8546934030804999,1.0,1.0,1.0,1.0,1.0,1.0,1.0,1.0,1.0,1.0
./instances/created-instances/mm-5-10-1762875.cdop,./settings/Memetic-LS_MMX_1881515.config,5,10,0.8025305015815635,0.8233167645729779,0.8793492995933122,0.911432444645278,0.911432444645278,0.9236330772706733,0.9236330772706733,0.9362855851784907,0.9362855851784907,0.9362855851784907,0.9489380930863082,0.9896068685042928,1.0,1.0
./instances/created-instances/mm-10-10-1767920.cdop,./settings/Memetic_MPX_1881515.config,10,10,0.84472049689441,0.9335673778017823,0.9335673778017823,0.9335673778017823,0.9335673778017823,0.9632730218741561,0.9724547664056171,0.9754253308128544,0.9711045098568728,0.9754253308128544,0.9918984607075344,1.0,1.0,1.0
./instances/created-instances/mm-10-10-1762875.cdop,./settings/Memetic_MPX_1099666.config,10,10,0.9116809116809117,0.9145299145299145,0.936965811965812,0.9280626780626781,0.9398148148148148,0.9554843304843305,0.9626068376068376,0.9626068376068376,0.9886039886039886,0.9982193732193733,0.9982193732193733,0.9982193732193733,1.0,1.0
./instances/created-instances/mm-25-25-1767920.cdop,./settings/Memetic_MMX_1287823.config,25,25,0.8617874736101337,0.9090781140042223,0.9366643209007741,0.9366643209007741,0.9375087966220971,0.9507389162561576,0.9625615763546798,0.9756509500351865,0.9819845179451091,0.9866291344123856,0.9881773399014778,0.9881773399014778,1.0,1.0
./instances/created-instances/mm-25-25-1767920.cdop,./settings/Memetic-LS_MPX_1099666.config,25,25,0.47540983606557374,0.47540983606557374,0.5486680327868853,0.5558401639344263,0.5584016393442623,0.7607581967213115,0.7751024590163934,0.8514344262295082,0.9144467213114754,0.9144467213114754,0.9144467213114754,1.0,1.0,1.0
./instances/created-instances/mm-10-10-1110588.cdop,./settings/Memetic-LS_MMX_1099666.config,10,10,0.7363413136893799,0.7639656230816452,0.7891344383057091,0.7891344383057091,0.8431553100061387,0.8738489871086557,0.8738489871086557,0.8833640270104358,0.9358502148557397,0.9849600982197667,1.0,1.0,1.0,1.0
./instances/created-instances/mm-20-10-1891798.cdop,./settings/Memetic-LS_MMX_1287823.config,20,10,0.5022581411932493,0.5022581411932493,0.5821250297123841,0.6917043023532208,0.7138103161397671,0.7615878298074638,0.8179225101022106,0.8733063941050629,0.8761587829807463,0.9108628476348942,0.9491323983836463,0.9828856667458997,1.0,1.0
./instances/created-instances/mm-10-25-1891798.cdop,./settings/Memetic-LS_MPX_1287823.config,10,25,0.5098597721297108,0.5482033304119194,0.5975021910604733,0.6441717791411042,0.7506573181419807,0.78965819456617,0.8562664329535495,0.932077125328659,0.9675723049956179,0.9774320771253286,0.9794040315512709,0.9956178790534619,1.0,1.0
./instances/created-instances/mm-5-40-1110588.cdop,./settings/Memetic_MPX_1099666.config,5,40,0.8201072386058981,0.8272117962466488,0.8363270777479893,0.8449061662198392,0.9054959785522788,0.9095174262734584,0.9207774798927614,0.9207774798927614,0.938739946380697,0.938739946380697,0.9635388739946381,1.0,1.0,1.0
./instances/created-instances/mm-10-40-1917698.cdop,./settings/Memetic_MPX_1881515.config,10,40,0.8724539963478016,0.8724539963478016,0.8997050147492626,0.9491501615395421,0.9491501615395421,0.9525214215479703,0.9525214215479703,0.9525214215479703,0.9806152549515381,1.0,1.0,1.0,1.0,1.0
./instances/created-instances/mm-25-25-1110588.cdop,./settings/Memetic-LS_MMX_1099666.config,25,25,0.2999832971438116,0.41189243360614664,0.4648404877234007,0.5393352263237013,0.611825622181393,0.6600968765658928,0.7157173876732922,0.7579756138299649,0.8090863537664941,0.8561884082178053,0.8944379488892601,0.997995657257391,1.0,1.0
./instances/created-instances/mm-10-25-1110588.cdop,./settings/Memetic_MPX_1099666.config,10,25,0.8810636004311894,0.8995688106360044,0.9241825368307581,0.9241825368307581,0.9646065397053539,0.9646065397053539,0.9667624865253324,0.9667624865253324,0.9800574919151994,0.9800574919151994,0.9800574919151994,0.9800574919151994,1.0,1.0
./instances/created-instances/mm-25-25-1891798.cdop,./settings/Memetic-LS_MMX_1099666.config,25,25,0.35389782570266926,0.3873077602969772,0.42160155559483825,0.4921336397383772,0.5578928760827294,0.6506982499558069,0.6763302103588474,0.7344882446526427,0.7786812798302988,0.8663602616227682,0.952978610570974,0.9577514583701608,1.0,1.0
./instances/created-instances/mm-5-40-1917698.cdop,./settings/Memetic_MMX_1099666.config,5,40,0.8517291639061879,0.8612693785610176,0.9040678415264344,0.9325559825096065,0.9460712866039486,0.9504438849874122,0.9756194514376574,0.9892672585133165,0.9935073539154631,0.9935073539154631,0.9981449582615609,1.0,1.0,1.0
./instances/created-instances/mm-5-10-1891798.cdop,./settings/Memetic_MMX_1287823.config,5,10,0.9664891951143125,0.9774506733479487,0.9774506733479487,0.9774506733479487,0.9774506733479487,0.983401190103351,0.983401190103351,0.9931099279674287,0.9931099279674287,0.9931099279674287,0.9931099279674287,0.9931099279674287,1.0,1.0
./instances/created-instances/mm-20-10-1767920.cdop,./settings/Memetic_MPX_1881515.config,20,10,0.716818774445893,0.716818774445893,0.716818774445893,0.7251629726205997,0.8571056062581486,0.8571056062581486,0.8571056062581486,0.8878748370273793,0.8878748370273793,0.8878748370273793,0.8878748370273793,0.8878748370273793,1.0,1.0
./instances/created-instances/mm-15-40-1762875.cdop,./settings/Memetic-LS_MMX_1881515.config,15,40,0.4169760377995275,0.46776915288558896,0.47283158960512994,0.6019237259534256,0.6135673304083699,0.6250421869726629,0.6459669254134324,0.7242659466756666,0.7607154910563618,0.7757340533243334,0.872595342558218,0.913094836314546,1.0,1.0
./instances/created-instances/mm-5-10-1917698.cdop,./settings/Memetic-LS_MPX_1287823.config,5,10,0.7673526334147193,0.7980467387513079,0.88943146145797,0.88943146145797,0.9012905476107429,0.9476805022671783,0.9766306243460062,0.99511684687827,1.0,1.0,1.0,1.0,1.0,1.0
./instances/created-instances/mm-15-25-1762875.cdop,./settings/Memetic_MPX_1881515.config,15,25,0.8784967981125716,0.9101786316144254,0.9101786316144254,0.9101786316144254,0.9101786316144254,0.9101786316144254,0.9101786316144254,0.9619143916413886,0.9804516346477924,1.0,1.0,1.0,1.0,1.0
./instances/created-instances/mm-15-40-1110588.cdop,./settings/Memetic-LS_MMX_1287823.config,15,40,0.2983146952275949,0.3299732241297842,0.360529217199559,0.38257993384785005,0.4227437391715231,0.6478185541030084,0.6949125846590014,0.6982201921562451,0.8574578673806899,0.8574578673806899,0.9489683414710978,0.9604662151519925,1.0,1.0
./instances/created-instances/mm-25-10-1891798.cdop,./settings/Memetic-LS_MMX_1287823.config,25,10,0.5980902777777778,0.6786024305555556,0.6974826388888888,0.701171875,0.7296006944444444,0.7428385416666666,0.7601996527777778,0.8424479166666666,0.8741319444444444,0.9040798611111112,0.951171875,0.9563802083333334,1.0,1.0
./instances/created-instances/mm-5-10-1891798.cdop,./settings/Memetic-LS_MMX_1287823.config,5,10,0.7080906148867314,0.7265372168284789,0.8472491909385114,0.8472491909385114,0.8792880258899677,0.8935275080906149,0.9122977346278317,0.9495145631067962,0.9579288025889967,0.9737864077669903,0.9737864077669903,1.0,1.0,1.0
./instances/created-instances/mm-5-40-1917698.cdop,./settings/Memetic_MMX_1881515.config,5,40,0.8466684155299056,0.9261542497376705,0.9411070304302204,0.9505508919202519,0.9518625393494229,0.9731112277019937,0.9766526757607555,0.9795383001049318,0.9795383001049318,0.9807187827911857,0.9860965372507869,0.9860965372507869,1.0,1.0
./instances/created-instances/mm-5-25-1917698.cdop,./settings/Memetic_MMX_1881515.config,5,25,0.9238352986661512,0.9238352986661512,0.9300212642567176,0.9377537212449256,0.9634641407307172,0.9713899091436304,0.9713899091436304,0.9972936400541272,0.9996133771505896,1.0,1.0,1.0,1.0,1.0
./instances/created-instances/mm-20-10-1762875.cdop,./settings/Memetic-LS_MMX_1287823.config,20,10,0.5274294670846394,0.5660919540229885,0.5788923719958202,0.5958725182863114,0.6658829676071055,0.7745559038662487,0.8184430512016719,0.8879310344827587,0.9020376175548589,0.9388714733542319,0.9634273772204807,0.9921630094043887,1.0,1.0
./instances/created-instances/mm-20-25-1917698.cdop,./settings/Memetic-LS_MPX_1099666.config,20,25,0.43411144578313254,0.5139307228915663,0.5538403614457831,0.5632530120481928,0.588855421686747,0.6487198795180723,0.7511295180722891,0.7699548192771084,0.7725903614457831,0.7725903614457831,0.7725903614457831,0.9032379518072289,1.0,1.0
./instances/created-instances/mm-10-40-1767920.cdop,./settings/Memetic-LS_MMX_1881515.config,10,40,0.460431654676259,0.4766969033468877,0.5059430716296528,0.5625586487331874,0.6115107913669064,0.633562715045355,0.7092586800125117,0.7807319361901783,0.8106036909602753,0.8518923991241789,0.8827025336252737,0.9172661870503597,1.0,1.0
./instances/created-instances/mm-15-40-1110588.cdop,./settings/Memetic_MPX_1287823.config,15,40,0.7018900343642611,0.738831615120275,0.8824455899198167,0.8888888888888888,0.8888888888888888,0.9047823596792669,0.9369988545246277,0.9369988545246277,0.9620561282932417,0.9620561282932417,0.9620561282932417,0.9829610538373424,1.0,1.0
./instances/created-instances/mm-25-25-1767920.cdop,./settings/Memetic_MMX_1881515.config,25,25,0.8291555804509172,0.8557624982495449,0.8766279232600476,0.9093964430751995,0.9442655090323484,0.9710124632404425,0.9810950847220278,0.9938383979834757,0.997899453858003,0.997899453858003,0.997899453858003,0.997899453858003,1.0,1.0
./instances/created-instances/mm-10-10-1110588.cdop,./settings/Memetic_MMX_1881515.config,10,10,0.9542613636363636,0.9636363636363636,0.9772727272727273,0.9772727272727273,0.9792613636363636,0.98125,0.9846590909090909,0.9846590909090909,0.9846590909090909,0.9948863636363636,0.9948863636363636,0.9948863636363636,1.0,1.0
./instances/created-instances/mm-15-40-1110588.cdop,./settings/Memetic_MMX_1287823.config,15,40,0.7983094623150975,0.8831885419112467,0.9296783282460671,0.9389528058229631,0.9532754167644987,0.9612585113876497,0.9645456679971824,0.9720591688189716,0.984268607654379,0.9883775534162949,0.9929560929795727,0.9985912185959145,1.0,1.0
./instances/created-instances/mm-20-25-1110588.cdop,./settings/Memetic-LS_MPX_1099666.config,20,25,0.7173030056864338,0.7173030056864338,0.7977254264825345,0.8493095044679123,0.8493095044679123,0.9325751421608448,0.9735987002437043,0.9735987002437043,0.9735987002437043,0.9735987002437043,0.9735987002437043,0.9947197400487409,1.0,1.0
./instances/created-instances/mm-25-25-1110588.cdop,./settings/Memetic-LS_MMX_1287823.config,25,25,0.31411905987304856,0.3441413621547435,0.40555841482243954,0.48052839252015783,0.5652770629610567,0.6189740950420313,0.6649511065362841,0.773031394750386,0.8107737176188026,0.8649854177388917,0.9082175330245326,0.9217704580545548,1.0,1.0
./instances/created-instances/mm-15-40-1891798.cdop,./settings/Memetic_MPX_1881515.config,15,40,0.9270817476023748,0.9302785812147968,0.9302785812147968,0.9302785812147968,0.9302785812147968,0.9302785812147968,0.9302785812147968,0.9423047648043842,0.9423047648043842,0.9518952656416502,0.9716851880042624,0.991931800882935,1.0,1.0
./instances/created-instances/mm-5-40-1917698.cdop,./settings/Memetic-LS_MPX_1881515.config,5,40,0.5205096333126166,0.5536047234307023,0.5958669981354879,0.6354878806712244,0.665786202610317,0.7487569919204475,0.7978558110627719,0.8634244872591672,0.9293039154754505,0.9526103169670603,0.9947172156619019,0.9947172156619019,1.0,1.0
./instances/created-instances/mm-25-10-1762875.cdop,./settings/Memetic_MPX_1881515.config,25,10,0.7574123989218329,0.7574123989218329,0.7574123989218329,0.7574123989218329,0.8475863758882627,0.888507718696398,0.888507718696398,0.8924283263905906,0.9402107326635628,0.9402107326635628,0.9402107326635628,1.0,1.0,1.0
./instances/created-instances/mm-10-40-1767920.cdop,./settings/Memetic_MMX_1099666.config,10,40,0.8457008244994111,0.8816908781573093,0.9089124460149195,0.9172883130480304,0.9412380578458317,0.9509226541028661,0.9784059678052611,0.9861274702264101,0.9967281769401911,0.9993456353880382,1.0,1.0,1.0,1.0
./instances/created-instances/mm-20-10-1917698.cdop,./settings/Memetic_MPX_1881515.config,20,10,0.8397012352772192,0.8572249353634013,0.8738868141338696,0.9629416834243033,0.9629416834243033,0.9629416834243033,0.9629416834243033,0.9928181557023844,0.9928181557023844,0.9965527147371445,0.9965527147371445,1.0,1.0,1.0
./instances/created-instances/mm-5-40-1917698.cdop,./settings/Memetic-LS_MMX_1287823.config,5,40,0.5691127514835721,0.6268635113619916,0.6575481256332321,0.6841800550007237,0.6943117672600956,0.7393255174410189,0.7487335359675785,0.7911419887103778,0.8420900275003619,0.8772615429150383,0.9335649153278333,0.9555652048053264,1.0,1.0
./instances/created-instances/mm-5-10-1767920.cdop,./settings/Memetic-LS_MPX_1881515.config,5,10,0.746268656716418,0.8407960199004975,0.8749111584932481,0.8941009239516702,0.8941009239516702,0.9175550817341862,0.9175550817341862,0.9282160625444208,0.9680170575692963,0.9680170575692963,0.976545842217484,1.0,1.0,1.0
./instances/created-instances/mm-5-25-1767920.cdop,./settings/Memetic-LS_MMX_1287823.config,5,25,0.6357474825716499,0.6632455460883037,0.7798218435321457,0.82571649883811,0.849147947327653,0.8628969790859798,0.911115414407436,0.9420991479473276,0.9635941130906274,0.971146398140976,0.9742447714949651,0.9742447714949651,1.0,1.0
./instances/created-instances/mm-5-25-1917698.cdop,./settings/Memetic_MPX_1099666.config,5,25,0.8236311239193084,0.8580211335254563,0.9152737752161383,0.9152737752161383,0.9406340057636887,0.9636887608069165,0.9644572526416907,0.9767531219980787,0.9815561959654179,0.9936599423631124,1.0,1.0,1.0,1.0
./instances/created-instances/mm-5-40-1767920.cdop,./settings/Memetic_MPX_1287823.config,5,40,0.8680420936028801,0.9472445306009416,0.9818609803378565,0.9857380227083911,0.9919689836610357,0.9979230130157851,0.9995846026031571,0.9995846026031571,0.9995846026031571,0.9995846026031571,0.9995846026031571,0.9995846026031571,1.0,1.0
./instances/created-instances/mm-25-25-1917698.cdop,./settings/Memetic-LS_MPX_1099666.config,25,25,0.4547325102880658,0.5761316872427984,0.5761316872427984,0.5872427983539095,0.5872427983539095,0.6699588477366255,0.6699588477366255,0.6967078189300412,0.7604938271604939,0.8020576131687243,0.8814814814814815,0.9847736625514403,1.0,1.0
./instances/created-instances/mm-15-10-1917698.cdop,./settings/Memetic_MMX_1881515.config,15,10,0.9418491484184914,0.9503649635036496,0.9610705596107056,0.9744525547445255,0.9744525547445255,0.975669099756691,0.9785888077858881,0.9785888077858881,0.9785888077858881,0.9785888077858881,0.9785888077858881,1.0,1.0,1.0
./instances/created-instances/mm-10-25-1917698.cdop,./settings/Memetic_MMX_1287823.config,10,25,0.8768535262206149,0.9124773960216999,0.9276672694394213,0.9363471971066908,0.9414104882459313,0.9640144665461121,0.9640144665461121,0.9701627486437613,0.9880650994575045,0.9882459312839059,0.9963833634719711,0.9963833634719711,1.0,1.0
./instances/created-instances/mm-25-10-1110588.cdop,./settings/Memetic_MPX_1881515.config,25,10,0.8630656242596542,0.8630656242596542,0.8948116560056859,0.9597251836057806,0.9597251836057806,0.9597251836057806,0.9597251836057806,0.9597251836057806,0.9758351101634684,0.9758351101634684,0.9732290926320777,1.0,1.0,1.0
./instances/created-instances/mm-10-10-1767920.cdop,./settings/Memetic_MPX_1287823.config,10,10,0.8284118116520351,0.8284118116520351,0.8661878159084863,0.9060920457568502,0.9300345836658686,0.9300345836658686,0.9789837722798617,0.9789837722798617,0.9789837722798617,0.9789837722798617,0.9789837722798617,1.0,1.0,1.0
./instances/created-instances/mm-15-40-1917698.cdop,./settings/Memetic_MPX_1287823.config,15,40,0.7614571092831962,1.0123384253819037,0.9162749706227967,0.9612220916568742,0.9612220916568742,0.9612220916568742,0.9982373678025852,0.9982373678025852,0.9982373678025852,1.0091069330199764,1.0091069330199764,1.0091069330199764,1.0,1.0
./instances/created-instances/mm-10-10-1917698.cdop,./settings/Memetic-LS_MMX_1287823.config,10,10,0.6255813953488372,0.7026162790697674,0.7375,0.7656976744186047,0.8218023255813953,0.8383720930232558,0.8627906976744186,0.9127906976744186,0.9130813953488373,0.9546511627906977,0.9744186046511628,0.9781976744186046,1.0,1.0
./instances/created-instances/mm-25-25-1917698.cdop,./settings/Memetic-LS_MMX_1287823.config,25,25,0.42184964845862627,0.45249684514151794,0.5323598341445827,0.5384892734811609,0.6098792139895439,0.6542275103659636,0.6800072111051019,0.7905173967910583,0.8345051379123851,0.8849828736253831,0.8849828736253831,0.940147827654588,1.0,1.0
./instances/created-instances/mm-15-40-1891798.cdop,./settings/Memetic-LS_MPX_1881515.config,15,40,0.4111934577050856,0.4111934577050856,0.4111934577050856,0.4111934577050856,0.4671607462305137,0.47738308203424484,0.5366726296958855,0.6675185279836443,0.8384870943010478,0.8788653207257858,0.9315103501150013,0.9782775364170713,1.0,1.0
./instances/created-instances/mm-10-40-1917698.cdop,./settings/Memetic-LS_MPX_1881515.config,10,40,0.48232269123634025,0.5586029569316477,0.5611742018427255,0.5892436254553246,0.6713091922005571,0.6884508249410757,0.6884508249410757,0.7137347332333405,0.7137347332333405,0.9363616884508249,0.9569316477394472,0.9569316477394472,1.0,1.0
./instances/created-instances/mm-15-25-1762875.cdop,./settings/Memetic_MMX_1881515.config,15,25,0.8999254287844892,0.9267710663683818,0.938255033557047,0.9463087248322147,0.9655480984340045,0.967337807606264,0.9824011931394482,0.9826994780014914,0.9826994780014914,0.9929903057419835,0.9929903057419835,0.9982102908277405,1.0,1.0
./instances/created-instances/mm-15-40-1917698.cdop,./settings/Memetic_MMX_1881515.config,15,40,0.8057104617443676,0.840397055543163,0.9123354896274816,0.9421146553647112,0.9539370956948472,0.9641980816417578,0.969328574615213,0.9723399509257193,0.980816417577515,0.9914120008922597,0.9917465982600937,0.9927503903635958,1.0,1.0
./instances/created-instances/mm-20-10-1767920.cdop,./settings/Memetic_MMX_1881515.config,20,10,0.9182661203364244,0.9193444037092948,0.9258141039465172,0.9348716842786284,0.9575156351089066,0.9575156351089066,0.96139745525124,0.9637696786715548,0.972395945654518,0.9816691826612034,0.9991373733017037,1.0,1.0,1.0
./instances/created-instances/mm-5-25-1110588.cdop,./settings/Memetic_MPX_1287823.config,5,25,0.9354661791590494,0.9495429616087752,0.9495429616087752,0.9495429616087752,0.9495429616087752,0.9495429616087752,0.9495429616087752,0.9495429616087752,0.9495429616087752,0.9504570383912249,0.9870201096892139,1.0,1.0,1.0
./instances/created-instances/mm-20-25-1762875.cdop,./settings/Memetic-LS_MMX_1881515.config,20,25,0.3138231631382316,0.3969044653976161,0.46771037181996084,0.559864792741505,0.6087884718021704,0.6447251378758229,0.6972069026863548,0.8059064223447785,0.8083970823696851,0.8512720156555773,0.9245685821028287,0.9996441914250134,1.0,1.0
./instances/created-instances/mm-10-25-1762875.cdop,./settings/Memetic-LS_MPX_1881515.config,10,25,0.5342224458983392,0.6545042778057373,0.6620533467539004,0.7232008052340211,0.757171615500755,0.8027176648213387,0.8610971313537997,0.8892803220936084,0.9315551082033215,0.9562154001006542,1.0,1.0,1.0,1.0
./instances/created-instances/mm-10-25-1767920.cdop,./settings/Memetic-LS_MMX_1099666.config,10,25,0.43462594371997254,0.5648592999313659,0.643273850377488,0.6453328757721345,0.6858270418668497,0.7549759780370625,0.8055936856554564,0.8141729581331503,0.8752573781743308,0.880576527110501,0.9577899794097461,0.9739190116678106,1.0,1.0
./instances/created-instances/mm-10-10-1767920.cdop,./settings/Memetic-LS_MPX_1881515.config,10,10,0.6571518193224593,0.6609159347553325,0.6609159347553325,0.7013801756587202,0.7296110414052698,0.7462358845671268,0.8058343789209536,0.8277917189460476,0.9134253450439147,0.9416562107904642,0.9717691342534505,1.0,1.0,1.0
./instances/created-instances/mm-20-25-1917698.cdop,./settings/Memetic_MPX_1881515.config,20,25,0.8511557977823717,0.8511557977823717,0.8511557977823717,0.9101672617928961,0.9101672617928961,0.9558353692914866,0.9558353692914866,0.9558353692914866,0.9558353692914866,0.9558353692914866,0.9729374177786131,1.003570757376433,1.0,1.0
./instances/created-instances/mm-10-40-1110588.cdop,./settings/Memetic_MMX_1881515.config,10,40,0.8552373479795998,0.9034915653197332,0.9484765267425134,0.9670459003530797,0.9741074931345626,0.9865306656205047,0.9865306656205047,0.9875768275140578,0.9875768275140578,0.989799921537858,0.9905845429580228,0.9971230547927292,1.0,1.0
./instances/created-instances/mm-15-40-1891798.cdop,./settings/Memetic_MMX_1099666.config,15,40,0.8808810113384595,0.8995177896520266,0.9049915287371302,0.9339241496155349,0.9370520005213084,0.9446109735435945,0.9573830314088362,0.9670272383683044,0.975107519874886,0.9797992962335462,0.9800599504756939,0.9821451844128763,1.0,1.0
./instances/created-instances/mm-20-10-1767920.cdop,./settings/Memetic-LS_MPX_1881515.config,20,10,0.5415577626764244,0.5415577626764244,0.5541035023523262,0.5645582854155776,0.5645582854155776,0.7124934657605855,0.8233141662310507,0.8316779926816519,0.8442237323575535,0.8442237323575535,0.8703606900156822,0.8703606900156822,1.0,1.0
./instances/created-instances/mm-15-25-1767920.cdop,./settings/Memetic-LS_MPX_1099666.config,15,25,0.38994413407821227,0.4346368715083799,0.4346368715083799,0.5709497206703911,0.5731843575418994,0.5787709497206703,0.5787709497206703,0.5921787709497207,0.6834264432029795,0.7225325884543762,0.7225325884543762,0.7992551210428306,1.0,1.0
./instances/created-instances/mm-15-10-1917698.cdop,./settings/Memetic_MMX_1287823.config,15,10,0.9511776251226692,0.9511776251226692,0.9666339548577036,0.9803729146221786,0.9928851815505397,0.9928851815505397,0.9928851815505397,1.0,1.0,1.0,1.0,1.0,1.0,1.0
./instances/created-instances/mm-5-40-1762875.cdop,./settings/Memetic_MPX_1287823.config,5,40,0.848569332355099,0.8852531181217902,0.911518708730741,0.967571533382245,0.9693323550990463,0.9693323550990463,0.9693323550990463,0.9749082905355833,0.9749082905355833,0.9749082905355833,0.9816581071166545,0.99002201027146,1.0,1.0
./instances/created-instances/mm-15-25-1762875.cdop,./settings/Memetic_MMX_1287823.config,15,25,0.8855721393034826,0.9216041007085783,0.9431629730137193,0.9449721091512137,0.9567314940449269,0.9605005276647067,0.9852253882104628,0.9903512739333635,1.0,1.0,1.0,1.0,1.0,1.0
./instances/created-instances/mm-20-10-1767920.cdop,./settings/Memetic-LS_MMX_1099666.config,20,10,0.4349670122525919,0.5113100848256362,0.5739868049010367,0.6390197926484449,0.6411404335532517,0.7377474081055608,0.8063147973609802,0.8626295947219604,0.8732327992459944,0.8958529688972667,0.9106974552309143,0.9677191328934966,1.0,1.0
./instances/created-instances/mm-15-25-1762875.cdop,./settings/Memetic-LS_MPX_1287823.config,15,25,0.5736732878742958,0.6350429884375927,0.6350429884375927,0.6350429884375927,0.6350429884375927,0.6350429884375927,0.6433442039727246,0.6970056329676846,0.836347465164542,0.8745923510228284,0.9137266528313075,0.929143195967981,1.0,1.0
./instances/created-instances/mm-25-25-1891798.cdop,./settings/Memetic-LS_MPX_1099666.config,25,25,0.6485862665897288,0.6485862665897288,0.6607039815349106,0.6607039815349106,0.6705135603000577,0.6705135603000577,0.7039815349105597,0.7651471436814772,0.9186381996537796,0.9538372763993076,0.9538372763993076,0.9919215233698788,1.0,1.0
./instances/created-instances/mm-15-40-1762875.cdop,./settings/Memetic_MMX_1287823.config,15,40,0.8430602572782667,0.9057549085985105,0.9137440758293839,0.926878808395396,0.9496276235612728,0.9727826675693975,0.9859174001354096,0.98645903859174,0.9901150981719702,0.9901150981719702,0.9947190250507786,0.9947190250507786,1.0,1.0
./instances/created-instances/mm-5-40-1110588.cdop,./settings/Memetic_MPX_1881515.config,5,40,0.8538028169014085,0.8538028169014085,0.9166197183098591,0.9495774647887324,0.9495774647887324,0.9495774647887324,0.9784507042253521,0.9784507042253521,0.9830985915492958,0.9898591549295774,0.9994366197183099,0.9994366197183099,1.0,1.0
./instances/created-instances/mm-15-10-1762875.cdop,./settings/Memetic_MMX_1287823.config,15,10,0.9424478512188992,0.9595375722543352,0.9595375722543352,0.9595375722543352,0.9605428499623021,0.9605428499623021,0.9705956270419703,0.9881879869313898,0.9881879869313898,0.9907011812013069,0.9994973611460166,0.9994973611460166,1.0,1.0
./instances/created-instances/mm-10-10-1110588.cdop,./settings/Memetic_MPX_1287823.config,10,10,0.9152392203189604,0.9152392203189604,0.9152392203189604,0.9152392203189604,0.9152392203189604,0.9152392203189604,0.9512699350265801,0.9512699350265801,0.9512699350265801,0.9722386296515062,1.0,1.0,1.0,1.0
./instances/created-instances/mm-5-40-1110588.cdop,./settings/Memetic-LS_MPX_1881515.config,5,40,0.6095823891226935,0.6667206215603755,0.6675299449660084,0.678051149239236,0.6782130139203626,0.7167368080284882,0.7217546131434122,0.8133700226610554,0.8826481061832309,0.9056328909032049,0.9239235998705082,0.9584007769504694,1.0,1.0
./instances/created-instances/mm-20-25-1767920.cdop,./settings/Memetic-LS_MMX_1287823.config,20,25,0.3025884068538097,0.3193583667517317,0.4327378782355086,0.5322639445862195,0.5767407947502734,0.6974115931461903,0.7883703973751367,0.8168064163324826,0.8423259205249727,0.8501640539555232,0.8634706525701786,0.8700328107911046,1.0,1.0
./instances/created-instances/mm-10-40-1110588.cdop,./settings/Memetic-LS_MMX_1099666.config,10,40,0.48752260397830016,0.5200723327305605,0.5603978300180832,0.6674502712477396,0.6674502712477396,0.6958408679927667,0.7587703435804701,0.7990958408679928,0.8388788426763111,0.9113924050632911,0.9283905967450271,0.9283905967450271,1.0,1.0
./instances/created-instances/mm-5-40-1891798.cdop,./settings/Memetic_MMX_1287823.config,5,40,0.8944444444444445,0.9242424242424242,0.9348484848484848,0.9460858585858586,0.9694444444444444,0.9766414141414141,0.9843434343434343,0.9916666666666667,0.9996212121212121,0.9996212121212121,0.9996212121212121,0.9997474747474747,1.0,1.0
./instances/created-instances/mm-10-25-1917698.cdop,./settings/Memetic_MMX_1881515.config,10,25,0.8863718738673433,0.9300471185212034,0.9376585719463574,0.9385646973541139,0.9608553823849221,0.9653860094237042,0.9662921348314607,0.9733599130119609,0.9777093149691918,0.9831460674157303,0.9880391446176151,0.9889452700253715,1.0,1.0
./instances/created-instances/mm-15-10-1110588.cdop,./settings/Memetic-LS_MMX_1881515.config,15,10,0.8014031300593631,0.8383702104695089,0.8383702104695089,0.850512682137075,0.8745277927684836,0.9552077711818673,0.9819212088505127,0.9981111710739342,1.0,1.0,1.0,1.0,1.0,1.0
./instances/created-instances/mm-20-25-1917698.cdop,./settings/Memetic_MMX_1881515.config,20,25,0.9058641975308642,0.9234567901234568,0.9578703703703704,0.9578703703703704,0.9578703703703704,0.9578703703703704,0.9699074074074074,0.9742283950617284,0.9910493827160494,0.995679012345679,1.0,1.0,1.0,1.0
./instances/created-instances/mm-10-10-1110588.cdop,./settings/Memetic_MPX_1881515.config,10,10,0.9390096618357487,0.9390096618357487,0.9390096618357487,0.9390096618357487,0.9390096618357487,0.9480676328502415,0.9722222222222222,0.9722222222222222,0.9722222222222222,1.0018115942028984,1.0018115942028984,1.0018115942028984,1.0,1.0
./instances/created-instances/mm-5-10-1767920.cdop,./settings/Memetic-LS_MMX_1881515.config,5,10,0.8415672913117547,0.8415672913117547,0.8415672913117547,0.8831345826235094,0.9267461669505963,0.9267461669505963,0.9267461669505963,0.9267461669505963,0.9356047700170358,0.9829642248722317,0.9829642248722317,1.0,1.0,1.0
./instances/created-instances/mm-20-10-1891798.cdop,./settings/Memetic-LS_MMX_1099666.config,20,10,0.4707912250431353,0.517130884890313,0.610056692137047,0.6877002711363076,0.7118560512694109,0.7160463396598472,0.828444663544491,0.8333744145920631,0.8715799852107469,0.9465122011338427,0.9603155040670446,0.9869361597239339,1.0,1.0
./instances/created-instances/mm-5-40-1891798.cdop,./settings/Memetic-LS_MPX_1287823.config,5,40,0.4486757561510735,0.4641905657420467,0.49898135088544116,0.5934806456668233,0.6370474847202633,0.6871963642062373,0.7458078671054693,0.77103902209685,0.7972104685785927,0.8589562764456982,0.9495376900172386,0.9609779031499764,1.0,1.0
./instances/created-instances/mm-5-25-1891798.cdop,./settings/Memetic-LS_MMX_1287823.config,5,25,0.6388610387006216,0.6500902346099859,0.6647282935632645,0.7385201523962301,0.7768197313013836,0.8660517345097253,0.8939242029276118,0.8939242029276118,0.9025466212151594,0.9466613194305193,0.9516743533186285,0.9975937437337077,1.0,1.0
./instances/created-instances/mm-5-40-1110588.cdop,./settings/Memetic-LS_MMX_1099666.config,5,40,0.4427008350129571,0.5133890008638065,0.515260581629715,0.5441980996256839,0.5692484883386122,0.5855168442268932,0.6479988482579903,0.6888856896055283,0.8165850849409733,0.8688453786351857,0.9648718687014108,0.9899222574143391,1.0,1.0
./instances/created-instances/mm-5-10-1767920.cdop,./settings/Memetic_MPX_1881515.config,5,10,0.9555332664660648,0.961216984286192,0.9822801738548981,0.9822801738548981,0.9822801738548981,0.9822801738548981,0.9852892009361418,0.9899699097291875,1.0,1.0,1.0,1.0,1.0,1.0
./instances/created-instances/mm-5-10-1110588.cdop,./settings/Memetic_MMX_1287823.config,5,10,0.9827396254131473,0.9827396254131473,0.9827396254131473,0.9827396254131473,0.9827396254131473,1.0,1.0,1.0,1.0,1.0,1.0,1.0,1.0,1.0
./instances/created-instances/mm-10-10-1917698.cdop,./settings/Memetic_MMX_1099666.config,10,10,0.954177144453758,0.9594858899133836,0.960324112880693,0.9793238334730372,0.9793238334730372,0.9793238334730372,0.9801620564403465,0.9801620564403465,0.9837943559653535,0.9837943559653535,0.9837943559653535,0.9986029617211511,1.0,1.0
./instances/created-instances/mm-15-25-1762875.cdop,./settings/Memetic-LS_MMX_1287823.config,15,25,0.34884946425434743,0.3925873880203759,0.45090461970841383,0.5455822940453188,0.5575267872826278,0.6040751800456701,0.6522044616195327,0.7646232215000879,0.8594765501493061,0.9511681011768839,0.9511681011768839,0.9917442473212718,1.0,1.0
./instances/created-instances/mm-20-10-1917698.cdop,./settings/Memetic_MPX_1099666.config,20,10,0.8304942753420832,0.8304942753420832,0.8751745322535605,0.8751745322535605,0.8751745322535605,0.9170622731080704,0.9170622731080704,0.9575537559340966,0.9575537559340966,0.9776598715442614,0.9776598715442614,0.9776598715442614,1.0,1.0
./instances/created-instances/mm-20-10-1917698.cdop,./settings/Memetic-LS_MPX_1881515.config,20,10,0.6521543985637342,0.6642728904847397,0.7562836624775583,0.7562836624775583,0.8595152603231598,0.8595152603231598,0.8967684021543986,0.8967684021543986,0.8967684021543986,0.8967684021543986,0.8967684021543986,0.9057450628366248,1.0,1.0
./instances/created-instances/mm-20-10-1767920.cdop,./settings/Memetic_MPX_1287823.config,20,10,0.6378543635352973,0.6378543635352973,0.7745969983324069,0.7745969983324069,0.7745969983324069,0.7745969983324069,0.9202334630350194,0.9202334630350194,0.9210672595886603,0.9410783768760422,0.980822679266259,0.980822679266259,1.0,1.0
./instances/created-instances/mm-5-40-1891798.cdop,./settings/Memetic_MMX_1099666.config,5,40,0.8733176935424126,0.8940609951845907,0.942215088282504,0.9424620323496729,0.9744412890480306,0.9753055932831214,0.9834547474996913,0.9859241881713792,0.9938263983207803,0.9975305593283121,0.9975305593283121,0.9975305593283121,1.0,1.0
./instances/created-instances/mm-10-10-1767920.cdop,./settings/Memetic_MMX_1881515.config,10,10,0.9473684210526315,0.9608441393338418,0.9755911517925248,0.9827103991863717,0.9837274345283499,0.9837274345283499,0.9837274345283499,0.9870327993897788,0.9949148232901094,0.9949148232901094,0.9949148232901094,1.0,1.0,1.0
./instances/created-instances/mm-5-25-1762875.cdop,./settings/Memetic_MMX_1287823.config,5,25,0.9090121317157712,0.9090121317157712,0.9634315424610052,0.9634315424610052,0.9634315424610052,0.981109185441941,0.9953206239168111,0.9953206239168111,0.9965337954939342,0.9965337954939342,0.9965337954939342,1.0,1.0,1.0
./instances/created-instances/mm-10-10-1767920.cdop,./settings/Memetic-LS_MMX_1881515.config,10,10,0.7839116719242902,0.7936382754994742,0.8333333333333334,0.8717139852786541,0.9182439537329127,0.9398002103049422,0.9461093585699264,0.963459516298633,0.9755520504731862,0.9755520504731862,0.9952681388012619,1.0,1.0,1.0
./instances/created-instances/mm-10-40-1762875.cdop,./settings/Memetic_MMX_1287823.config,10,40,0.8004888088500128,0.8644198610753795,0.8761255466941086,0.8947774633393363,0.9129148443529714,0.9427579109853358,0.9466169282222794,0.9705428350913301,0.9879084126575766,0.9975559557499357,0.9979418574736301,0.9979418574736301,1.0,1.0
./instances/created-instances/mm-15-25-1110588.cdop,./settings/Memetic-LS_MMX_1881515.config,15,25,0.46714967890663595,0.4982710357319282,0.5468466985015643,0.5575498106372468,0.6026675448707394,0.6719907788572369,0.7386794006257204,0.806685328503211,0.8450518689280422,0.9257368681047259,0.9573522147208958,0.9682199901202042,1.0,1.0
./instances/created-instances/mm-15-10-1767920.cdop,./settings/Memetic-LS_MMX_1881515.config,15,10,0.5756120979356697,0.5950552088334133,0.6531445031204993,0.6965914546327412,0.7177148343734998,0.7472395583293326,0.814450312049928,0.9051848295727316,0.9056649063850216,0.9467114738358138,0.9543927028324531,0.986077772443591,1.0,1.0
./instances/created-instances/mm-25-25-1891798.cdop,./settings/Memetic-LS_MPX_1287823.config,25,25,0.5693464974141984,0.5693464974141984,0.5890926187118006,0.7489421720733427,0.7489421720733427,0.7512929007992478,0.7827926657263752,0.8852844381758345,0.8852844381758345,0.8852844381758345,0.8852844381758345,0.919605077574048,1.0,1.0
./instances/created-instances/mm-25-25-1767920.cdop,./settings/Memetic-LS_MMX_1287823.config,25,25,0.31502161383285304,0.4965778097982709,0.6262608069164265,0.6781340057636888,0.7613472622478387,0.7892651296829971,0.8229466858789626,0.8229466858789626,0.8713976945244957,0.9302953890489913,0.9603746397694525,0.9827089337175793,1.0,1.0
./instances/created-instances/mm-25-25-1762875.cdop,./settings/Memetic-LS_MPX_1881515.config,25,25,0.40386266094420603,0.4257510729613734,0.44892703862660943,0.5450643776824035,0.5587982832618026,0.6090128755364806,0.6188841201716738,0.6188841201716738,0.751931330472103,0.7806866952789699,0.9351931330472103,1.0,1.0,1.0
./instances/created-instances/mm-25-25-1762875.cdop,./settings/Memetic_MPX_1881515.config,25,25,0.7637035516321083,0.7637035516321083,0.7637035516321083,0.7637035516321083,0.931841510983371,0.931841510983371,0.931841510983371,0.931841510983371,0.931841510983371,0.931841510983371,0.9597618558817491,1.0,1.0,1.0
./instances/created-instances/mm-20-10-1762875.cdop,./settings/Memetic_MPX_1287823.config,20,10,0.853273731264791,0.8858795687615041,0.8858795687615041,0.8829871154351827,0.9660794109913227,0.9660794109913227,0.9826452800420721,0.9826452800420721,0.9826452800420721,0.9826452800420721,0.9826452800420721,1.0,1.0,1.0
./instances/created-instances/mm-20-10-1110588.cdop,./settings/Memetic_MMX_1881515.config,20,10,0.9134321336156198,0.9134321336156198,0.9284874147259469,0.9760056457304164,0.9760056457304164,0.9823570924488356,0.9823570924488356,0.9891790167019525,0.9910609268407433,0.9938837920489296,0.9995295224653022,0.9995295224653022,1.0,1.0
./instances/created-instances/mm-5-25-1767920.cdop,./settings/Memetic-LS_MPX_1287823.config,5,25,0.565441906653426,0.6192651439920556,0.6693147964250248,0.700695134061569,0.7543197616683217,0.8083416087388282,0.8454816285998014,0.9209533267130089,0.939622641509434,0.9731876861966237,0.98987090367428,0.994240317775571,1.0,1.0
./instances/created-instances/mm-15-40-1762875.cdop,./settings/Memetic_MPX_1099666.config,15,40,0.7635063156292802,0.7635063156292802,0.7686805661238777,0.7937908994064831,0.7937908994064831,0.8268147922690611,0.9411048546644346,0.9411048546644346,0.9411048546644346,0.9411048546644346,0.9411048546644346,0.9613453051285954,1.0,1.0
./instances/created-instances/mm-10-25-1917698.cdop,./settings/Memetic-LS_MPX_1099666.config,10,25,0.6024229074889867,0.6197687224669604,0.6544603524229075,0.700715859030837,0.710352422907489,0.773953744493392,0.8441629955947136,0.8741740088105727,0.9019823788546255,1.0,1.0,1.0,1.0,1.0
./instances/created-instances/mm-15-25-1110588.cdop,./settings/Memetic_MPX_1099666.config,15,25,0.6652267818574514,0.7102746066029003,0.7878741129281086,0.820271521135452,0.820271521135452,0.8617710583153347,0.9057389694538722,0.919932119716137,0.923943227398951,0.9500154273372416,0.9919777846343721,1.0012341869793273,1.0,1.0
./instances/created-instances/mm-5-10-1110588.cdop,./settings/Memetic-LS_MPX_1099666.config,5,10,0.8079724032196244,0.8497508623993867,0.874664622460713,0.891146032962821,0.9264085856650057,0.9264085856650057,0.9264085856650057,0.9421234189344576,0.9421234189344576,0.9724032196243771,0.9846684553468762,0.9846684553468762,1.0,1.0
./instances/created-instances/mm-5-25-1891798.cdop,./settings/Memetic-LS_MPX_1881515.config,5,25,0.644638669793221,0.6687273502451503,0.6921765082072053,0.7134939245363462,0.8177360903858453,0.8518439565124707,0.9292261777872521,0.930718396930292,0.9693029204860371,0.9759113195480708,0.9769771903645278,0.988488595182264,1.0,1.0
./instances/created-instances/mm-25-10-1917698.cdop,./settings/Memetic-LS_MMX_1099666.config,25,10,0.48723792160437557,0.5834092980856882,0.6670464904284412,0.7096627164995443,0.7169553327256153,0.8138103919781221,0.8149498632634458,0.8751139471285324,0.9097538742023701,0.9216043755697356,0.9216043755697356,0.9407474931631723,1.0,1.0
./instances/created-instances/mm-5-25-1762875.cdop,./settings/Memetic_MMX_1099666.config,5,25,0.9264887789362078,0.9478706485244743,0.955292454497261,0.9575896801555045,0.9752606467573777,0.9853330977204453,0.9897508393709136,0.9897508393709136,0.993461742357307,0.9948754196854568,1.0,1.0,1.0,1.0
./instances/created-instances/mm-20-10-1110588.cdop,./settings/Memetic_MPX_1881515.config,20,10,0.9543391945547363,0.9543391945547363,0.9543391945547363,0.9543391945547363,0.9543391945547363,0.9543391945547363,0.9543391945547363,0.970504821327283,0.970504821327283,0.9832671582529778,0.9832671582529778,1.0,1.0,1.0
./instances/created-instances/mm-5-40-1917698.cdop,./settings/Memetic_MMX_1287823.config,5,40,0.8544570076255588,0.8883775966342361,0.896397580857218,0.910070996581646,0.9460951880094662,0.9675256376544833,0.9685774388640547,0.9747567709702866,0.9860636339731791,0.988824612148304,0.9910596897186432,0.9957927951617145,1.0,1.0
./instances/created-instances/mm-5-25-1891798.cdop,./settings/Memetic-LS_MPX_1287823.config,5,25,0.5766514333194849,0.6416701287910261,0.6850851682592439,0.7285002077274616,0.7638138761944329,0.8184461985874533,0.8381803074366432,0.8614457831325302,0.8828417116742834,0.8896967179061072,0.9673867885334442,0.9887827170751974,1.0,1.0
./instances/created-instances/mm-10-25-1762875.cdop,./settings/Memetic-LS_MPX_1287823.config,10,25,0.5974235104669887,0.6103059581320451,0.6103059581320451,0.6103059581320451,0.6475730388773867,0.6475730388773867,0.6475730388773867,0.6475730388773867,0.8902691511387164,0.9346675868414999,0.9749252357948011,1.0,1.0,1.0
./instances/created-instances/mm-25-25-1762875.cdop,./settings/Memetic_MMX_1287823.config,25,25,0.8339640491958372,0.9057079785556607,0.9295175023651845,0.9321980447808262,0.9460737937559129,0.9460737937559129,0.956165247555976,0.9845474613686535,0.9853358561967833,0.9897508672343109,0.9921160517187008,0.9981078524124882,1.0,1.0
./instances/created-instances/mm-15-25-1767920.cdop,./settings/Memetic-LS_MMX_1881515.config,15,25,0.41505722460658084,0.41505722460658084,0.4270386266094421,0.532725321888412,0.582796852646638,0.6008583690987125,0.6121244635193133,0.7108369098712446,0.7764663805436338,0.8930615164520744,0.9222103004291845,0.9425965665236051,1.0,1.0
./instances/created-instances/mm-10-40-1891798.cdop,./settings/Memetic-LS_MMX_1099666.config,10,40,0.3800169348010161,0.44149026248941575,0.5055038103302286,0.5407281964436917,0.5459779847586791,0.5955969517358171,0.7259949195596952,0.8460626587637595,0.8563928873835732,0.8890770533446232,0.8943268416596105,0.980016934801016,1.0,1.0
./instances/created-instances/mm-10-10-1762875.cdop,./settings/Memetic-LS_MPX_1881515.config,10,10,0.6378504672897196,0.7032710280373832,0.7188473520249221,0.7862149532710281,0.8454049844236761,0.8788940809968847,0.9073208722741433,0.918613707165109,0.9299065420560748,0.9388629283489096,0.9906542056074766,0.9906542056074766,1.0,1.0
./instances/created-instances/mm-5-40-1767920.cdop,./settings/Memetic-LS_MMX_1881515.config,5,40,0.4755988023952096,0.5387724550898204,0.5778443113772455,0.5997005988023952,0.7061377245508982,0.7303892215568862,0.7938622754491018,0.8082335329341317,0.8884730538922155,0.9143712574850299,0.9630239520958084,0.9967065868263473,1.0,1.0
./instances/created-instances/mm-20-25-1110588.cdop,./settings/Memetic_MPX_1099666.config,20,25,0.7652582159624414,0.7652582159624414,0.8383893102202962,0.8383893102202962,0.8383893102202962,0.8479595521849043,0.8889490790899242,1.0,1.0,1.0,1.0,1.0,1.0,1.0
./instances/created-instances/mm-15-25-1917698.cdop,./settings/Memetic_MPX_1287823.config,15,25,0.9744058500914077,0.9744058500914077,0.9744058500914077,0.9744058500914077,0.9744058500914077,0.9744058500914077,0.9744058500914077,0.9744058500914077,0.9837294332723949,0.9819012797074954,0.9819012797074954,1.0,1.0,1.0
./instances/created-instances/mm-15-10-1110588.cdop,./settings/Memetic_MMX_1287823.config,15,10,0.9337794185509921,0.9337794185509921,0.9360867558837102,0.9439317028149515,0.9439317028149515,0.9439317028149515,0.9439317028149515,0.9439317028149515,0.9603137978772497,0.9612367328103368,0.9847715736040609,1.0,1.0,1.0
./instances/created-instances/mm-10-25-1762875.cdop,./settings/Memetic_MMX_1881515.config,10,25,0.9080479749695811,0.9356857291847731,0.9610637928037545,0.9774030940378933,0.9798366069876586,0.9928732835042586,0.998435598818008,0.998435598818008,0.998435598818008,0.998435598818008,0.998435598818008,1.0,1.0,1.0
./instances/created-instances/mm-5-10-1891798.cdop,./settings/Memetic-LS_MMX_1099666.config,5,10,0.661389337641357,0.6807754442649434,0.7066235864297253,0.8064620355411954,0.8064620355411954,0.891437802907916,0.9260096930533118,0.9502423263327948,0.9502423263327948,0.9502423263327948,0.9502423263327948,0.9831987075928917,1.0,1.0
./instances/created-instances/mm-25-25-1891798.cdop,./settings/Memetic_MMX_1881515.config,25,25,0.8628461991750147,0.9045374189746611,0.9096935769004125,0.9465232763700648,0.9509428403064231,0.9575721862109605,0.9575721862109605,0.9686210960518562,0.9696523276370065,0.9771655863288156,0.993223335297584,0.9957277548615203,1.0,1.0
./instances/created-instances/mm-20-25-1762875.cdop,./settings/Memetic_MMX_1881515.config,20,25,0.8768942352757382,0.8848617403530699,0.9084518044055616,0.9123574441493517,0.9168879862521481,0.938447117637869,0.9461021715356975,0.9676613029214185,0.9851585689735979,0.9965630370254648,1.0,1.0,1.0,1.0
./instances/created-instances/mm-5-10-1110588.cdop,./settings/Memetic-LS_MPX_1881515.config,5,10,0.8052448900887004,0.8218279984573853,0.9452371770150405,0.9452371770150405,0.9452371770150405,0.9483224064789819,0.9506363285769379,0.9841881989973005,0.9841881989973005,0.9841881989973005,0.9841881989973005,0.9841881989973005,1.0,1.0
./instances/created-instances/mm-20-10-1762875.cdop,./settings/Memetic-LS_MPX_1099666.config,20,10,0.6145325653522374,0.6145325653522374,0.6145325653522374,0.6145325653522374,0.6145325653522374,0.6171909614532566,0.6929552503322995,0.7137793531236154,0.7797961896322552,0.9384138236597253,0.9490474080638015,1.0,1.0,1.0
./instances/created-instances/mm-20-25-1891798.cdop,./settings/Memetic-LS_MPX_1287823.config,20,25,0.6224489795918368,0.6224489795918368,0.6271865889212828,0.6785714285714286,0.689868804664723,0.689868804664723,0.7674927113702624,0.7860787172011662,0.864067055393586,0.9063411078717201,0.9285714285714286,0.9912536443148688,1.0,1.0
./instances/created-instances/mm-15-25-1110588.cdop,./settings/Memetic-LS_MMX_1287823.config,15,25,0.3572486424222478,0.4561461247325983,0.4772091492512753,0.5575119302287312,0.590422906039164,0.6478525588283692,0.6722066809280896,0.8101036695738029,0.876583840710877,0.8904064505512589,0.9509626460424552,0.9784433108441666,1.0,1.0
./instances/created-instances/mm-15-25-1767920.cdop,./settings/Memetic_MMX_1099666.config,15,25,0.8801591248135257,0.9139731476877175,0.9399966848997182,0.9399966848997182,0.9399966848997182,0.9832587435769932,0.9882313939996685,0.9908834742250953,0.9908834742250953,0.9908834742250953,0.9941985745068789,1.0,1.0,1.0
./instances/created-instances/mm-5-40-1767920.cdop,./settings/Memetic-LS_MPX_1881515.config,5,40,0.5244171392564587,0.5619092627599244,0.6053875236294896,0.6083805923125394,0.6249212350346566,0.7383427851291745,0.7559861373660995,0.7944234404536862,0.8164776307498425,0.8408947700063012,0.9113106490233144,0.9448645242596093,1.0,1.0
./instances/created-instances/mm-5-40-1917698.cdop,./settings/Memetic_MPX_1881515.config,5,40,0.8752868133351329,0.8968821703333784,0.9113240653259549,0.9326494803617222,0.9402078553111081,0.9750303684707787,0.97624510730193,0.9829936563638818,0.9829936563638818,0.9829936563638818,0.9979754352814145,1.0,1.0,1.0
./instances/created-instances/mm-15-25-1891798.cdop,./settings/Memetic_MPX_1099666.config,15,25,0.8895739910313901,0.8895739910313901,0.8895739910313901,0.8972346786248132,0.8972346786248132,0.8972346786248132,0.9742152466367713,0.9794469357249627,0.9927130044843049,0.9962630792227205,0.9962630792227205,1.0,1.0,1.0
./instances/created-instances/mm-25-25-1110588.cdop,./settings/Memetic-LS_MPX_1881515.config,25,25,0.649877750611247,0.649877750611247,0.7154034229828851,0.7154034229828851,0.8601466992665037,0.8865525672371638,0.8865525672371638,0.8919315403422983,0.8919315403422983,0.8919315403422983,0.8919315403422983,0.8919315403422983,1.0,1.0
./instances/created-instances/mm-10-40-1767920.cdop,./settings/Memetic_MPX_1099666.config,10,40,0.8684574059861857,0.8752110514198005,0.9075978511128165,0.9075978511128165,0.9075978511128165,0.9075978511128165,0.9075978511128165,0.9075978511128165,0.9075978511128165,0.9138910207214122,0.9138910207214122,1.0,1.0,1.0
./instances/created-instances/mm-25-25-1762875.cdop,./settings/Memetic_MMX_1099666.config,25,25,0.8078988941548183,0.8939968404423381,0.9202211690363349,0.9249605055292259,0.9470774091627172,0.9530805687203792,0.975829383886256,0.9849921011058452,0.9849921011058452,0.9889415481832543,0.993522906793049,0.9974723538704582,1.0,1.0
./instances/created-instances/mm-5-10-1891798.cdop,./settings/Memetic-LS_MPX_1287823.config,5,10,0.7794651700231099,0.7794651700231099,0.7794651700231099,0.7794651700231099,0.7794651700231099,0.9085506767910201,0.9567514031033344,0.9966985803895675,0.9983492901947838,0.9983492901947838,1.0,1.0,1.0,1.0
./instances/created-instances/mm-5-10-1891798.cdop,./settings/Memetic-LS_MPX_1881515.config,5,10,0.8313014827018121,0.8616144975288303,0.8892915980230642,0.9060955518945635,0.9192751235584844,0.9252059308072488,0.9347611202635915,0.9528830313014827,0.9542009884678748,0.971004942339374,0.985502471169687,0.985502471169687,1.0,1.0
./instances/created-instances/mm-15-40-1110588.cdop,./settings/Memetic-LS_MPX_1287823.config,15,40,0.6206543967280164,0.6206543967280164,0.6383776414451261,0.6431492842535788,0.7361963190184049,0.7815269256987049,0.7815269256987049,0.792774369461486,0.8813905930470347,0.9216087252897068,1.003749147920927,1.0,1.0,1.0
./instances/created-instances/mm-20-25-1762875.cdop,./settings/Memetic-LS_MMX_1287823.config,20,25,0.34401024983984624,0.42664958360025623,0.44757633995302154,0.5227418321588725,0.6301516122143925,0.6967755712150331,0.7642536835361947,0.7913730514627375,0.8238308776425368,0.9286781977364937,0.9331625026692292,0.9404228058936579,1.0,1.0
./instances/created-instances/mm-25-25-1891798.cdop,./settings/Memetic_MPX_1881515.config,25,25,0.7735017037482461,0.7735017037482461,0.7735017037482461,0.7735017037482461,0.7735017037482461,0.7939466827019442,1.0,1.0,1.0,1.0,1.0,1.0,1.0,1.0
./instances/created-instances/mm-20-10-1917698.cdop,./settings/Memetic-LS_MMX_1099666.config,20,10,0.45070063694267515,0.47312101910828025,0.48433121019108283,0.5485350318471337,0.5709554140127389,0.6639490445859872,0.7551592356687898,0.7974522292993631,0.8193630573248407,0.8198726114649681,0.8968152866242038,0.9128662420382165,1.0,1.0
./instances/created-instances/mm-15-25-1762875.cdop,./settings/Memetic-LS_MPX_1881515.config,15,25,0.477593984962406,0.5230075187969925,0.5314285714285715,0.5314285714285715,0.604812030075188,0.604812030075188,0.604812030075188,0.6078195488721805,0.6592481203007519,0.8090225563909774,0.8475187969924812,0.8523308270676692,1.0,1.0
./instances/created-instances/mm-20-25-1762875.cdop,./settings/Memetic_MPX_1287823.config,20,25,0.7579582875960483,0.7579582875960483,0.7579582875960483,0.7930845225027442,0.942553969996341,0.942553969996341,0.942553969996341,0.942553969996341,0.942553969996341,0.9829857299670691,1.0,1.0,1.0,1.0
./instances/created-instances/mm-25-10-1767920.cdop,./settings/Memetic_MMX_1881515.config,25,10,0.9286666666666666,0.9286666666666666,0.9326666666666666,0.954,0.9593333333333334,0.9615555555555556,0.9786666666666667,0.9786666666666667,0.9786666666666667,0.99,0.99,0.9951111111111111,1.0,1.0
./instances/created-instances/mm-5-40-1767920.cdop,./settings/Memetic_MPX_1099666.config,5,40,0.8340436867341502,0.8409696323921151,0.8974427277570591,0.9070324986680873,0.9154235482152371,0.9154235482152371,0.9154235482152371,0.9154235482152371,0.9190197123068726,0.9412626531699521,0.9854821523708045,0.9980021310602024,1.0,1.0
./instances/created-instances/mm-20-25-1891798.cdop,./settings/Memetic_MPX_1287823.config,20,25,0.8837297811607993,0.8837297811607993,0.8837297811607993,0.8837297811607993,0.8837297811607993,0.8837297811607993,0.908848715509039,0.908848715509039,0.908848715509039,0.908848715509039,0.9541389153187441,1.0,1.0,1.0
./instances/created-instances/mm-15-10-1762875.cdop,./settings/Memetic_MMX_1099666.config,15,10,0.9693390299070118,0.9819050012565972,0.9912038200552903,0.9912038200552903,0.9912038200552903,0.9912038200552903,0.9912038200552903,0.9912038200552903,0.9912038200552903,0.9912038200552903,0.9927117366172405,1.0,1.0,1.0
./instances/created-instances/mm-5-25-1762875.cdop,./settings/Memetic-LS_MMX_1881515.config,5,25,0.6839613709524711,0.6994887331944707,0.6994887331944707,0.7436091649308842,0.7807233478507858,0.8564665782995645,0.9053209619390267,0.9217951145616361,0.9217951145616361,0.9305055860632456,0.946790380609733,0.9469797386858549,1.0,1.0
./instances/created-instances/mm-25-10-1762875.cdop,./settings/Memetic_MPX_1099666.config,25,10,0.7366634335596508,0.7453928225024248,0.8018913676042677,0.783462657613967,0.7875848690591658,0.8368089233753637,0.8368089233753637,0.8649369544131911,0.9163433559650824,0.9163433559650824,0.9163433559650824,1.0,1.0,1.0
./instances/created-instances/mm-25-10-1767920.cdop,./settings/Memetic_MMX_1287823.config,25,10,0.9136898158420235,0.9440869758153982,0.9696028400266252,0.9733747503882849,0.9733747503882849,0.9789216773907256,0.9818060794319947,0.9884623918349235,0.992899933436876,0.9942311959174617,0.9982249833592189,1.0,1.0,1.0
./instances/created-instances/mm-15-25-1917698.cdop,./settings/Memetic-LS_MPX_1099666.config,15,25,0.48658078368223295,0.4962426194310252,0.5990338164251208,0.6172839506172839,0.6374127750939346,0.6570048309178744,0.69296833064949,0.7721417069243156,0.8005904455179818,0.8408480944712828,0.8663446054750402,0.8982823403113258,1.0,1.0
./instances/created-instances/mm-10-40-1762875.cdop,./settings/Memetic_MPX_1881515.config,10,40,0.8183610250633624,0.8803154041115179,0.8825682906223599,0.9464939453675021,0.9410025344973247,0.9477611940298507,0.9477611940298507,0.9491692480991271,0.9517037454238243,0.9890171782596452,1.0,1.0,1.0,1.0
./instances/created-instances/mm-25-10-1917698.cdop,./settings/Memetic_MMX_1099666.config,25,10,0.840153194920379,0.9157427937915743,0.9157427937915743,0.9288449909292481,0.9298528522475308,0.9721830276154001,0.9721830276154001,0.9804474904253174,0.9881072364442652,0.994960693408587,1.0,1.0,1.0,1.0
./instances/created-instances/mm-25-10-1917698.cdop,./settings/Memetic_MPX_1287823.config,25,10,0.7600286532951289,0.7600286532951289,0.8944603629417383,0.8944603629417383,0.8944603629417383,0.8944603629417383,0.8944603629417383,0.8944603629417383,0.8944603629417383,0.9202483285577842,1.0,1.0,1.0,1.0
./instances/created-instances/mm-20-25-1891798.cdop,./settings/Memetic_MMX_1099666.config,20,25,0.8511485451761103,0.8874425727411945,0.9173047473200613,0.9562021439509955,0.9725880551301684,0.9725880551301684,0.9725880551301684,0.9822358346094946,0.9822358346094946,0.9822358346094946,0.9944869831546708,0.998468606431853,1.0,1.0
./instances/created-instances/mm-5-40-1891798.cdop,./settings/Memetic_MPX_1287823.config,5,40,0.8104381443298969,0.8195876288659794,0.8287371134020619,0.9391752577319588,0.9391752577319588,0.964819587628866,0.964819587628866,0.964819587628866,0.9766752577319587,0.9890463917525774,0.9940721649484536,0.9985824742268041,1.0,1.0
./instances/created-instances/mm-25-25-1917698.cdop,./settings/Memetic_MMX_1099666.config,25,25,0.870159803318992,0.8824523663183774,0.9497541487400123,0.9663491087891826,0.9728027043638598,0.9728027043638598,0.9728027043638598,0.9728027043638598,0.9826367547633682,0.9835586969883221,0.9935464044253227,0.9935464044253227,1.0,1.0
./instances/created-instances/mm-25-25-1891798.cdop,./settings/Memetic_MMX_1099666.config,25,25,0.8315217391304348,0.9052585193889542,0.9243537015276145,0.9363983548766157,0.9363983548766157,0.9438895417156287,0.9531433607520564,0.9735605170387779,0.9878084606345476,0.993683901292597,0.9945652173913043,1.0,1.0,1.0
./instances/created-instances/mm-20-10-1110588.cdop,./settings/Memetic_MMX_1099666.config,20,10,0.8928826469888121,0.8990716496072364,0.9335872411330636,0.946203284932159,0.9616757914782195,0.9711973339681028,0.9711973339681028,0.9731016424660796,0.9854796477029278,0.9854796477029278,0.9854796477029278,1.0,1.0,1.0
./instances/created-instances/mm-5-25-1762875.cdop,./settings/Memetic-LS_MPX_1881515.config,5,25,0.6079969389707289,0.6755308972642051,0.7149416491295199,0.753969772335948,0.7660225750908743,0.8289649894777119,0.8366175626554428,0.8920987181939928,0.9171608953510618,0.9311268414004209,0.973598622536828,0.9988521140233404,1.0,1.0
./instances/created-instances/mm-25-10-1767920.cdop,./settings/Memetic_MMX_1099666.config,25,10,0.9105636928539724,0.9223257878384377,0.9345317354638261,0.9447403462050599,0.949178872614292,0.9584997780736796,0.9584997780736796,0.9584997780736796,0.9658233466489126,0.9711495783399912,1.0,1.0,1.0,1.0
./instances/created-instances/mm-15-10-1917698.cdop,./settings/Memetic-LS_MMX_1881515.config,15,10,0.5258933195235629,0.5937338166752978,0.6506991196271362,0.6506991196271362,0.73459347488348,0.7998446400828586,0.8534438114966338,0.8943552563438633,0.9458829621957535,0.9531330916623512,0.9531330916623512,0.9774728120145003,1.0,1.0
./instances/created-instances/mm-15-40-1767920.cdop,./settings/Memetic-LS_MMX_1287823.config,15,40,0.3822244623655914,0.41918682795698925,0.4265793010752688,0.5006720430107527,0.5584677419354839,0.5751008064516129,0.5932459677419355,0.6881720430107527,0.7222782258064516,0.7874663978494624,0.9008736559139785,0.9731182795698925,1.0,1.0
./instances/created-instances/mm-5-10-1891798.cdop,./settings/Memetic_MPX_1881515.config,5,10,0.957473420888055,0.957473420888055,0.957473420888055,0.966541588492808,0.966541588492808,0.982801751094434,0.982801751094434,0.982801751094434,0.982801751094434,0.9843652282676673,0.9853033145716072,0.9893683552220137,1.0,1.0
./instances/created-instances/mm-25-10-1917698.cdop,./settings/Memetic-LS_MPX_1881515.config,25,10,0.6251716247139588,0.637070938215103,0.637070938215103,0.637070938215103,0.637070938215103,0.6906178489702517,0.6906178489702517,0.6906178489702517,0.7505720823798627,0.9583524027459954,0.9583524027459954,0.9583524027459954,1.0,1.0
./instances/created-instances/mm-20-10-1891798.cdop,./settings/Memetic_MMX_1099666.config,20,10,0.8897925986173241,0.931272875152501,0.9607564050427003,0.9607564050427003,0.96177307848719,0.9762098413989426,0.991663277755185,0.991663277755185,0.991663277755185,1.0,1.0,1.0,1.0,1.0
./instances/created-instances/mm-25-25-1762875.cdop,./settings/Memetic-LS_MPX_1099666.config,25,25,0.6304573804573804,0.6304573804573804,0.735966735966736,0.7588357588357588,0.7889812889812889,0.8118503118503119,0.8601871101871101,0.8601871101871101,0.8601871101871101,0.935031185031185,0.9755717255717256,0.9901247401247402,1.0,1.0
./instances/created-instances/mm-15-40-1762875.cdop,./settings/Memetic-LS_MPX_1287823.config,15,40,0.3772213247172859,0.3772213247172859,0.42407108239095315,0.42407108239095315,0.42407108239095315,0.5290791599353797,0.5290791599353797,0.5998922994076468,0.6077005923532579,0.6976305869682283,0.7765212708669897,0.9192245557350566,1.0,1.0
./instances/created-instances/mm-25-25-1767920.cdop,./settings/Memetic_MPX_1099666.config,25,25,0.5912083656080558,0.6086367157242448,0.5753292021688613,0.5753292021688613,0.6659566227730441,0.6533694810224632,0.81855151045701,0.9142137877614253,0.9142137877614253,0.9142137877614253,0.9142137877614253,0.9142137877614253,1.0,1.0
./instances/created-instances/mm-25-25-1110588.cdop,./settings/Memetic-LS_MMX_1881515.config,25,25,0.32479070562104906,0.36699128651973345,0.45122159576285664,0.46608576798223134,0.5050401503502477,0.5199043225696224,0.6536818725439946,0.6658124038954383,0.7206560738083034,0.8433282077567059,0.9248248761318981,0.9660003417051085,1.0,1.0
./instances/created-instances/mm-25-10-1110588.cdop,./settings/Memetic-LS_MPX_1099666.config,25,10,0.6234594135146622,0.6617084572885678,0.6668083297917552,0.7301317467063323,0.7301317467063323,0.7301317467063323,0.7641308967275818,0.7641308967275818,0.7641308967275818,0.8784530386740331,0.9596260093497663,0.9596260093497663,1.0,1.0
./instances/created-instances/mm-20-25-1891798.cdop,./settings/Memetic-LS_MPX_1881515.config,20,25,0.665686994856723,0.665686994856723,0.6671565025716385,0.7090374724467303,0.7340191036002939,0.7828802351212344,0.8144746509919177,0.8291697281410727,0.8291697281410727,0.8291697281410727,0.8416605437178545,0.9393828067597355,1.0,1.0
./instances/created-instances/mm-5-10-1767920.cdop,./settings/Memetic_MPX_1099666.config,5,10,0.9809619238476954,0.9896459585838343,0.9896459585838343,0.9896459585838343,0.9896459585838343,0.9896459585838343,0.9896459585838343,0.990313961255845,0.9996659986639946,1.0,1.0,1.0,1.0,1.0
./instances/created-instances/mm-5-40-1762875.cdop,./settings/Memetic-LS_MMX_1881515.config,5,40,0.49451612903225806,0.5674193548387096,0.5756451612903226,0.5756451612903226,0.6162903225806452,0.6979032258064516,0.7253225806451613,0.7664516129032258,0.8588709677419355,0.8943548387096775,0.9159677419354839,0.9585483870967741,1.0,1.0
./instances/created-instances/mm-5-10-1891798.cdop,./settings/Memetic_MPX_1099666.config,5,10,0.9424640400250156,0.9471544715447154,0.9471544715447154,0.9521575984990619,0.9687304565353346,0.9687304565353346,0.9687304565353346,0.9768605378361476,0.9862414008755472,0.9928080050031269,0.9928080050031269,0.9928080050031269,1.0,1.0
./instances/created-instances/mm-5-25-1917698.cdop,./settings/Memetic_MPX_1287823.config,5,25,0.8568955568378535,0.8568955568378535,0.9265243316022312,0.9265243316022312,0.9265243316022312,0.9265243316022312,0.9265243316022312,0.9436430082708213,0.9565301019426813,0.9907674552798615,0.9949990382765916,0.9974995191382958,1.0,1.0
./instances/created-instances/mm-20-10-1917698.cdop,./settings/Memetic_MMX_1099666.config,20,10,0.9180327868852459,0.9493731918997107,0.9643201542912246,0.9758919961427194,0.9795081967213115,0.9840887174541948,0.9840887174541948,0.9857762777242044,0.9881870781099324,0.9896335583413693,0.9896335583413693,1.0,1.0,1.0
./instances/created-instances/mm-10-25-1917698.cdop,./settings/Memetic_MPX_1287823.config,10,25,0.8518010963194989,0.8518010963194989,0.8610023492560689,0.9363743148003132,0.9363743148003132,0.9363743148003132,0.9363743148003132,0.956538762725137,0.9810101801096319,0.9810101801096319,0.9933437744714174,0.9945184025058731,1.0,1.0
./instances/created-instances/mm-10-25-1110588.cdop,./settings/Memetic_MMX_1099666.config,10,25,0.9092901702916878,0.9264879446973528,0.9499241274658573,0.9831394368571911,0.9860057325914685,0.9860057325914685,0.9860057325914685,0.9860057325914685,0.9946046197943011,0.9969650986342944,1.0,1.0,1.0,1.0
./instances/created-instances/mm-5-10-1917698.cdop,./settings/Memetic_MPX_1099666.config,5,10,0.9816397594175372,0.9825894270338715,0.9825894270338715,0.9825894270338715,0.9825894270338715,0.9825894270338715,0.9832225387780943,0.9860715416270972,0.9968344412788858,1.0,1.0,1.0,1.0,1.0
./instances/created-instances/mm-25-25-1767920.cdop,./settings/Memetic_MPX_1881515.config,25,25,0.3515016685205784,0.7723396366332963,0.7723396366332963,0.7723396366332963,0.7723396366332963,0.8179458657767891,0.8179458657767891,0.8179458657767891,0.8179458657767891,0.8179458657767891,1.0,1.0,1.0,1.0
./instances/created-instances/mm-25-10-1110588.cdop,./settings/Memetic_MMX_1099666.config,25,10,0.8543993729178915,0.8871252204585538,0.9463060944542426,0.969429747207525,0.9762884577699392,0.9762884577699392,0.9896139525769155,0.99039780521262,0.99039780521262,0.993533215755438,1.0,1.0,1.0,1.0
./instances/created-instances/mm-15-10-1110588.cdop,./settings/Memetic-LS_MPX_1099666.config,15,10,0.504313205043132,0.5394824153948241,0.5394824153948241,0.5680159256801592,0.5892501658925017,0.5892501658925017,0.6562707365627074,0.7823490378234904,0.8161911081619111,0.8875248838752489,0.9061048440610484,0.9694757796947578,1.0,1.0
./instances/created-instances/mm-5-25-1110588.cdop,./settings/Memetic_MPX_1881515.config,5,25,0.8848750228060573,0.9038496624703521,0.9211822660098522,0.9255610290093049,0.9578544061302682,0.9578544061302682,0.9578544061302682,0.9578544061302682,0.9578544061302682,0.9578544061302682,0.9605911330049262,0.969531107462142,1.0,1.0
./instances/created-instances/mm-15-40-1767920.cdop,./settings/Memetic_MPX_1881515.config,15,40,0.7411746804625685,0.7411746804625685,0.7411746804625685,0.7411746804625685,0.7411746804625685,0.7411746804625685,0.7898660986001217,0.7898660986001217,0.8476871576384662,0.8884662203286671,0.9152465003043213,0.9152465003043213,1.0,1.0
./instances/created-instances/mm-20-10-1767920.cdop,./settings/Memetic_MPX_1099666.config,20,10,0.532521450318295,0.563243841682812,0.6711873789094935,0.6711873789094935,0.7002491004705231,0.8355936894547468,0.9634652643232771,0.9634652643232771,0.9634652643232771,0.9634652643232771,0.9714918350401328,0.9714918350401328,1.0,1.0
./instances/created-instances/mm-5-10-1767920.cdop,./settings/Memetic_MMX_1287823.config,5,10,0.9627185747278126,0.9650280435499835,0.9858132629495217,0.9858132629495217,0.9858132629495217,0.9858132629495217,1.0,1.0,1.0,1.0,1.0,1.0,1.0,1.0
./instances/created-instances/mm-25-25-1762875.cdop,./settings/Memetic-LS_MMX_1099666.config,25,25,0.33134958725283165,0.36436936072182763,0.47379535419466307,0.5137262430408908,0.5377231714340565,0.5985793818391246,0.6603954693799193,0.7160683432520637,0.7663659051641389,0.8683048569783067,0.9224419274332886,0.9725475139182185,1.0,1.0
./instances/created-instances/mm-15-40-1917698.cdop,./settings/Memetic_MMX_1099666.config,15,40,0.8351697773780077,0.8850910726332359,0.929952777153137,0.9411963121205307,0.967506183944232,0.9705419383854283,0.9799865077580391,0.981897908702496,0.9965145041601079,1.0,1.0,1.0,1.0,1.0
./instances/created-instances/mm-20-25-1767920.cdop,./settings/Memetic-LS_MPX_1881515.config,20,25,0.34489257444402566,0.35167734640030157,0.3976630229928383,0.4123633622314361,0.5047116471918582,0.5680361854504334,0.5684131172257821,0.5684131172257821,0.5684131172257821,0.5684131172257821,0.5684131172257821,0.9645684131172257,1.0,1.0
./instances/created-instances/mm-20-25-1891798.cdop,./settings/Memetic_MPX_1099666.config,20,25,0.7625587958607714,0.7625587958607714,0.8884289746001881,0.8884289746001881,0.8673565380997178,0.8673565380997178,0.9012229539040452,0.973659454374412,0.973659454374412,0.9919096895578551,1.0,1.0,1.0,1.0
./instances/created-instances/mm-15-40-1891798.cdop,./settings/Memetic-LS_MMX_1881515.config,15,40,0.39742458987475743,0.4046569059798906,0.4856235667666255,0.5163168107249956,0.6050449814782148,0.6583171635209032,0.7032986417357558,0.7761509966484389,0.8671723408008467,0.9105662374316458,0.9461986240959604,0.9461986240959604,1.0,1.0
./instances/created-instances/mm-5-25-1917698.cdop,./settings/Memetic_MMX_1099666.config,5,25,0.9106463878326996,0.9218631178707224,0.9218631178707224,0.947148288973384,0.947148288973384,0.9475285171102662,0.95,0.9572243346007605,0.9610266159695817,0.9884030418250951,0.9992395437262357,1.0,1.0,1.0
./instances/created-instances/mm-20-10-1762875.cdop,./settings/Memetic_MMX_1099666.config,20,10,0.9111459265890779,0.9299462846911369,0.9299462846911369,0.9516562220232766,0.9554610564010743,0.9702327663384065,0.9883616830796778,0.9914950760966875,0.9928379588182632,0.9937332139659804,0.9937332139659804,0.9993285586392122,1.0,1.0
./instances/created-instances/mm-25-10-1110588.cdop,./settings/Memetic-LS_MMX_1881515.config,25,10,0.385989010989011,0.5505952380952381,0.6014194139194139,0.6092032967032966,0.668040293040293,0.7161172161172161,0.7548076923076923,0.8017399267399268,0.8484432234432234,0.8793498168498168,0.9143772893772893,0.9784798534798534,1.0,1.0
./instances/created-instances/mm-10-10-1917698.cdop,./settings/Memetic_MMX_1881515.config,10,10,0.961731843575419,0.9667597765363128,0.9667597765363128,0.976536312849162,0.9863128491620111,0.9863128491620111,0.9891061452513966,0.9988826815642458,0.9988826815642458,1.0,1.0,1.0,1.0,1.0
./instances/created-instances/mm-10-40-1917698.cdop,./settings/Memetic_MPX_1099666.config,10,40,0.7602719907407407,0.8462094907407407,0.9317129629629629,0.9317129629629629,0.9317129629629629,0.9317129629629629,0.9438657407407407,0.9438657407407407,0.9937789351851852,0.9937789351851852,0.9937789351851852,0.9937789351851852,1.0,1.0
./instances/created-instances/mm-25-25-1767920.cdop,./settings/Memetic_MMX_1099666.config,25,25,0.8235543018335684,0.8871650211565585,0.9358251057827927,0.9506346967559943,0.9528913963328632,0.9533145275035261,0.9671368124118477,0.9813822284908321,0.9813822284908321,0.9829337094499295,1.0,1.0,1.0,1.0
./instances/created-instances/mm-5-10-1917698.cdop,./settings/Memetic_MMX_1881515.config,5,10,0.9873377651155429,0.9873377651155429,0.9873377651155429,0.9873377651155429,0.9873377651155429,0.9873377651155429,0.9873377651155429,1.0,1.0,1.0,1.0,1.0,1.0,1.0
./instances/created-instances/mm-15-40-1762875.cdop,./settings/Memetic_MPX_1287823.config,15,40,0.731612128489943,0.8104172921044731,0.8225758030621435,0.8327829480636445,0.8673071149804863,0.8673071149804863,0.8673071149804863,0.8673071149804863,0.8673071149804863,0.9630741519063344,0.9677274091864305,1.0,1.0,1.0
./instances/created-instances/mm-20-25-1110588.cdop,./settings/Memetic-LS_MMX_1287823.config,20,25,0.42717867091126144,0.4440907282132909,0.5626740947075209,0.5626740947075209,0.623358535614803,0.7425387982491046,0.8706725029844807,0.9019100676482292,0.9574214086748906,0.9574214086748906,0.9709510545165141,0.971150019896538,1.0,1.0
./instances/created-instances/mm-5-10-1891798.cdop,./settings/Memetic_MMX_1881515.config,5,10,0.9799874921826142,0.9799874921826142,0.9799874921826142,0.9799874921826142,0.9799874921826142,0.9799874921826142,0.983739837398374,0.9984365228267668,1.0,1.0,1.0,1.0,1.0,1.0
./instances/created-instances/mm-10-25-1917698.cdop,./settings/Memetic-LS_MMX_1099666.config,10,25,0.41871101871101873,0.4731808731808732,0.532016632016632,0.5482328482328482,0.6295218295218296,0.6948024948024948,0.7147609147609147,0.7900207900207901,0.8538461538461538,0.8904365904365904,0.9274428274428275,0.9386694386694386,1.0,1.0
./instances/created-instances/mm-5-10-1762875.cdop,./settings/Memetic_MMX_1881515.config,5,10,0.9880636604774535,0.9880636604774535,0.9880636604774535,1.0,1.0,1.0,1.0,1.0,1.0,1.0,1.0,1.0,1.0,1.0
./instances/created-instances/mm-20-10-1891798.cdop,./settings/Memetic-LS_MPX_1099666.config,20,10,0.6466781708369284,0.7415875754961173,0.7415875754961173,0.8015530629853321,0.8015530629853321,0.8015530629853321,0.8015530629853321,0.8740293356341674,0.9447799827437446,0.9685073339085418,0.9866264020707507,0.9866264020707507,1.0,1.0
./instances/created-instances/mm-15-10-1891798.cdop,./settings/Memetic_MMX_1099666.config,15,10,0.9517966695880806,0.9553023663453112,0.971954425942156,0.9734881682734443,0.9802804557405784,0.9802804557405784,0.9802804557405784,0.9894829097283085,0.9921121822962313,0.9921121822962313,0.9921121822962313,1.0,1.0,1.0
./instances/created-instances/mm-25-25-1762875.cdop,./settings/Memetic-LS_MMX_1881515.config,25,25,0.3750233688539914,0.39820527201346045,0.4286782576182464,0.5281361002056459,0.5825387922976257,0.68274443821275,0.7102262105066367,0.8278182837913629,0.837165825387923,0.8517479902785567,0.9188633389418583,0.9448495045802954,1.0,1.0
./instances/created-instances/mm-25-10-1917698.cdop,./settings/Memetic-LS_MPX_1099666.config,25,10,0.8478605388272583,0.8478605388272583,0.8478605388272583,0.8478605388272583,0.8478605388272583,0.8478605388272583,0.8626518753301637,0.8626518753301637,0.878499735868991,0.8885367142102483,0.9556259904912837,1.0,1.0,1.0
./instances/created-instances/mm-25-25-1917698.cdop,./settings/Memetic_MPX_1287823.config,25,25,0.663565314477112,0.7601414216598437,0.7601414216598437,0.7601414216598437,0.8172683289914403,0.8172683289914403,0.8172683289914403,0.9214737625604764,0.9214737625604764,0.9518049869743208,0.9518049869743208,0.9121697059918125,1.0,1.0
./instances/created-instances/mm-15-10-1891798.cdop,./settings/Memetic-LS_MMX_1287823.config,15,10,0.5097379177686944,0.5691271940370282,0.6573695599903823,0.7085837941812936,0.7698966097619621,0.7855253666746814,0.7992305842750661,0.8206299591247896,0.8807405626352488,0.9194517912959846,0.9850925703294061,0.9850925703294061,1.0,1.0
./instances/created-instances/mm-10-25-1917698.cdop,./settings/Memetic_MPX_1881515.config,10,25,0.851659950105546,0.871042026482441,0.871042026482441,0.8769909806179236,0.8769909806179236,0.8883131836499712,0.8883131836499712,0.8883131836499712,0.9067357512953368,0.9174822490884667,0.9180579543273844,0.9915563231625408,1.0,1.0
./instances/created-instances/mm-25-10-1917698.cdop,./settings/Memetic_MMX_1287823.config,25,10,0.9128856624319419,0.93063117564025,0.9453518854607784,0.9588626739261948,0.9729784230691672,0.9897156684815487,0.9897156684815487,1.0,1.0,1.0,1.0,1.0,1.0,1.0
./instances/created-instances/mm-10-10-1767920.cdop,./settings/Memetic_MPX_1099666.config,10,10,0.8457604306864065,0.8861372812920593,0.8861372812920593,0.9286675639300135,0.9286675639300135,0.9286675639300135,0.9318977119784657,0.9318977119784657,0.980349932705249,0.980349932705249,0.9954239569313593,0.9954239569313593,1.0,1.0
./instances/created-instances/mm-15-10-1917698.cdop,./settings/Memetic_MPX_1881515.config,15,10,0.9022792769190464,0.9090909090909091,0.9090909090909091,0.9090909090909091,0.9090909090909091,0.9090909090909091,0.9714435420487294,0.9714435420487294,0.9971181556195965,0.9971181556195965,0.9971181556195965,1.0,1.0,1.0
./instances/created-instances/mm-15-10-1891798.cdop,./settings/Memetic-LS_MPX_1099666.config,15,10,0.610832811521603,0.6534126487163432,0.6631183469004384,0.6631183469004384,0.7141515341264871,0.715090795241077,0.7836568566061365,0.7836568566061365,0.7836568566061365,0.7836568566061365,0.8822792736380713,0.9452097683155918,1.0,1.0
./instances/created-instances/mm-5-40-1917698.cdop,./settings/Memetic-LS_MPX_1099666.config,5,40,0.5056488056810846,0.526307295029051,0.5874757908327953,0.6367010974822466,0.6941575209812783,0.7548418334409296,0.8037443511943189,0.8258553905745643,0.8526468689477082,0.8871852808263396,0.9255971594577147,0.9486765655261459,1.0,1.0
./instances/created-instances/mm-5-25-1891798.cdop,./settings/Memetic_MPX_1881515.config,5,25,0.9259330883774899,0.9259330883774899,0.9259330883774899,0.9259330883774899,0.9259330883774899,0.9688648230516341,0.9866563527364146,0.9866563527364146,0.9866563527364146,0.9943918004254496,0.9943918004254496,0.9943918004254496,1.0,1.0
./instances/created-instances/mm-10-25-1767920.cdop,./settings/Memetic-LS_MPX_1287823.config,10,25,0.5311268715524035,0.5311268715524035,0.5311268715524035,0.6459154189650643,0.6459154189650643,0.6459154189650643,0.6459154189650643,0.707906488048332,0.806146572104019,0.806146572104019,0.806146572104019,0.806146572104019,1.0,1.0
./instances/created-instances/mm-20-10-1110588.cdop,./settings/Memetic_MPX_1099666.config,20,10,0.8435689455388181,0.8435689455388181,0.8435689455388181,0.9417728852838934,0.9417728852838934,0.9417728852838934,0.9979721900347625,0.9979721900347625,1.0,1.0,1.0,1.0,1.0,1.0
./instances/created-instances/mm-5-25-1767920.cdop,./settings/Memetic_MPX_1287823.config,5,25,0.8569629363080244,0.8879093198992444,0.8900683699172364,0.9103994242533285,0.9103994242533285,0.9715725080964376,0.9715725080964376,0.9755307664627564,0.9776898164807485,0.9778697373155811,1.0,1.0,1.0,1.0
./instances/created-instances/mm-10-25-1767920.cdop,./settings/Memetic-LS_MPX_1881515.config,10,25,0.39458288190682556,0.3971830985915493,0.4819068255687974,0.6138678223185265,0.6979414951245937,0.7126760563380282,0.742145178764897,0.8047670639219935,0.9276273022751896,0.9276273022751896,0.9276273022751896,0.9750812567713976,1.0,1.0
./instances/created-instances/mm-15-40-1891798.cdop,./settings/Memetic_MPX_1099666.config,15,40,0.6229176397322124,0.7529191966370855,0.7529191966370855,0.7529191966370855,0.9092324458975557,0.9092324458975557,0.9185738751362291,0.9185738751362291,1.0029581192589132,1.0029581192589132,0.9992215475634438,0.9992215475634438,1.0,1.0
./instances/created-instances/mm-5-40-1891798.cdop,./settings/Memetic_MMX_1881515.config,5,40,0.8645964294694494,0.9060849886849384,0.9179029419160171,0.9503394518481267,0.9568770429972341,0.9709580085491577,0.9808901181795323,0.98604475735479,0.986673371888358,0.9885592154890621,0.9972340960523007,0.9972340960523007,1.0,1.0
./instances/created-instances/mm-5-10-1762875.cdop,./settings/Memetic_MPX_1881515.config,5,10,0.9500442086648984,0.9849690539345711,0.9849690539345711,0.9849690539345711,0.9885057471264368,0.9885057471264368,0.9942528735632183,0.9942528735632183,1.0,1.0,1.0,1.0,1.0,1.0
./instances/created-instances/mm-10-25-1110588.cdop,./settings/Memetic_MPX_1287823.config,10,25,0.9035404624277457,0.9174494219653179,0.9174494219653179,0.9174494219653179,0.9174494219653179,0.9207008670520231,0.929371387283237,0.9375,0.9488800578034682,0.9488800578034682,0.9575505780346821,1.0,1.0,1.0
./instances/created-instances/mm-10-25-1891798.cdop,./settings/Memetic_MPX_1881515.config,10,25,0.8932378414390406,0.9375416389073951,0.951199200532978,0.951199200532978,0.951199200532978,0.9548634243837442,0.9548634243837442,0.9548634243837442,0.9798467688207861,0.9798467688207861,0.9798467688207861,0.9798467688207861,1.0,1.0
./instances/created-instances/mm-10-40-1891798.cdop,./settings/Memetic-LS_MPX_1881515.config,10,40,0.45926640926640927,0.47760617760617763,0.4905405405405405,0.5285714285714286,0.5326254826254826,0.5882239382239383,0.6584942084942085,0.7023166023166023,0.7787644787644787,0.8364864864864865,0.8828185328185328,0.9563706563706563,1.0,1.0
./instances/created-instances/mm-15-40-1762875.cdop,./settings/Memetic-LS_MMX_1287823.config,15,40,0.2509565217391304,0.3655652173913043,0.4071304347826087,0.46556521739130435,0.5779130434782609,0.6212173913043478,0.6653913043478261,0.772695652173913,0.7890434782608695,0.8062608695652174,0.8833043478260869,0.9497391304347826,1.0,1.0
./instances/created-instances/mm-15-10-1110588.cdop,./settings/Memetic-LS_MPX_1287823.config,15,10,0.5828460038986355,0.6502923976608187,0.7446393762183235,0.7446393762183235,0.7446393762183235,0.7446393762183235,0.7929824561403509,0.7929824561403509,0.8354775828460039,0.8927875243664717,0.9099415204678363,0.957504873294347,1.0,1.0
./instances/created-instances/mm-15-25-1767920.cdop,./settings/Memetic-LS_MMX_1287823.config,15,25,0.46988876102800153,0.47928653624856155,0.609704641350211,0.6131568853087841,0.6269658611430763,0.628500191791331,0.6413502109704642,0.6482546988876102,0.7541235136171845,0.8507863444572306,0.9177215189873418,0.974108170310702,1.0,1.0
./instances/created-instances/mm-5-25-1917698.cdop,./settings/Memetic-LS_MPX_1287823.config,5,25,0.5350021213406874,0.5596096733135342,0.587611370386084,0.5988544760288502,0.7490453966907086,0.8162918964785745,0.8816291896478574,0.9200254560882478,0.9200254560882478,0.9200254560882478,0.9200254560882478,0.9200254560882478,1.0,1.0
./instances/created-instances/mm-20-10-1917698.cdop,./settings/Memetic-LS_MPX_1099666.config,20,10,0.5648379052369077,0.5648379052369077,0.614713216957606,0.698669991687448,0.7169576059850374,0.7489609310058188,0.756026600166251,0.800498753117207,0.801330008312552,0.801330008312552,0.9276807980049875,0.9800498753117207,1.0,1.0
./instances/created-instances/mm-20-25-1767920.cdop,./settings/Memetic-LS_MMX_1881515.config,20,25,0.405593127399013,0.4682873332114787,0.5271431182599159,0.6176201791263023,0.6920124291719978,0.8354962529702066,0.860537378906964,0.9000182781941144,0.9376713580698227,0.958325717419119,0.9848290988850301,0.9848290988850301,1.0,1.0
./instances/created-instances/mm-5-25-1762875.cdop,./settings/Memetic-LS_MMX_1099666.config,5,25,0.6192762186115214,0.6610044313146234,0.6789143279172821,0.6875923190546529,0.7961595273264401,0.8576440177252584,0.8600443131462334,0.8846011816838996,0.9237444608567208,0.952917282127031,0.9569793205317577,0.9614106351550961,1.0,1.0
./instances/created-instances/mm-5-10-1110588.cdop,./settings/Memetic-LS_MMX_1099666.config,5,10,0.7454477889260498,0.8030471943515421,0.936826458565589,1.0,1.0,1.0,1.0,1.0,1.0,1.0,1.0,1.0,1.0,1.0
./instances/created-instances/mm-10-40-1762875.cdop,./settings/Memetic_MMX_1881515.config,10,40,0.8817467473914724,0.8817467473914724,0.916398299626433,0.9207780497230452,0.9420327193095452,0.9540126239855726,0.9721757052685818,0.9769419039031302,0.9823521834342394,0.9866031173515394,0.9894370732964061,0.9907252350895273,1.0,1.0
./instances/created-instances/mm-5-25-1891798.cdop,./settings/Memetic_MPX_1287823.config,5,25,0.9264187866927593,0.952054794520548,0.952054794520548,0.952054794520548,0.952054794520548,0.952054794520548,0.952054794520548,0.952054794520548,0.9649706457925636,0.9688845401174169,1.0,1.0,1.0,1.0
./instances/created-instances/mm-15-10-1917698.cdop,./settings/Memetic_MMX_1099666.config,15,10,0.9441986234021632,0.9724680432645034,0.9778761061946902,0.9778761061946902,0.9778761061946902,0.9778761061946902,0.983284169124877,0.983284169124877,0.9977876106194691,1.0,1.0,1.0,1.0,1.0
./instances/created-instances/mm-10-40-1917698.cdop,./settings/Memetic_MMX_1099666.config,10,40,0.865848934796643,0.8742414460942544,0.8837959974176889,0.9118140735958683,0.9295029051000645,0.9395739186571982,0.966171723692705,0.973531310522918,0.987088444157521,0.9927695287282118,1.0,1.0,1.0,1.0
./instances/created-instances/mm-20-25-1767920.cdop,./settings/Memetic_MPX_1881515.config,20,25,0.4430065591207233,0.48927495124977843,0.48927495124977843,0.7030668321219642,0.8532175146250665,0.8532175146250665,0.8532175146250665,0.8532175146250665,0.8532175146250665,0.8744903385924482,0.9243042013827335,1.0,1.0,1.0
./instances/created-instances/mm-15-25-1767920.cdop,./settings/Memetic_MPX_1881515.config,15,25,0.7116834170854272,0.7466499162479062,0.882537688442211,0.882537688442211,0.917713567839196,0.917713567839196,0.917713567839196,0.917713567839196,0.917713567839196,0.9294388609715243,0.9294388609715243,1.0,1.0,1.0
./instances/created-instances/mm-15-25-1917698.cdop,./settings/Memetic_MMX_1881515.config,15,25,0.880522412125121,0.8968074814575944,0.9148661722025153,0.9503386004514672,0.95565946468881,0.972105772331506,0.973073202192841,0.9766204450177363,0.9798452112221864,0.9798452112221864,0.9864559819413092,0.9877458884230893,1.0,1.0
./instances/created-instances/mm-10-40-1762875.cdop,./settings/Memetic_MPX_1287823.config,10,40,0.8053322048243758,0.8734659331358443,0.8758640146706165,0.8758640146706165,0.8758640146706165,0.9517562420651714,0.9517562420651714,0.9826491747778248,0.9826491747778248,0.9840598109747496,0.9840598109747496,0.9840598109747496,1.0,1.0
./instances/created-instances/mm-15-40-1917698.cdop,./settings/Memetic_MPX_1881515.config,15,40,0.7142480558850666,0.7142480558850666,0.7577435086331884,0.8153420324238829,0.8899433241070251,0.8899433241070251,0.8899433241070251,0.8899433241070251,0.8899433241070251,0.8899433241070251,1.0,1.0,1.0,1.0
./instances/created-instances/mm-5-40-1762875.cdop,./settings/Memetic-LS_MPX_1881515.config,5,40,0.5987643103761584,0.6489187715791387,0.6714519353080138,0.6741777212429584,0.7305106305651463,0.8011993458113756,0.8093767036162094,0.8435398873341814,0.8946029438488098,0.9020534254043249,0.9522078866073052,0.9841904415773215,1.0,1.0
./instances/created-instances/mm-20-25-1891798.cdop,./settings/Memetic_MPX_1881515.config,20,25,0.7603960396039604,0.8073807380738074,0.8073807380738074,0.8523852385238524,0.8523852385238524,0.8408640864086409,0.8408640864086409,0.9398739873987398,0.9416741674167417,0.9416741674167417,0.9436543654365437,1.0,1.0,1.0
./instances/created-instances/mm-10-25-1767920.cdop,./settings/Memetic_MPX_1287823.config,10,25,0.9467073389556792,0.9646509958729589,1.0,1.0,1.0,1.0,1.0,1.0,1.0,1.0,1.0,1.0,1.0,1.0
./instances/created-instances/mm-10-25-1767920.cdop,./settings/Memetic_MMX_1881515.config,10,25,0.9064703117656274,0.9199436001879994,0.9575434748550838,0.9617734607551308,0.9785367382108726,0.9785367382108726,0.9785367382108726,0.9785367382108726,0.9880933730220899,1.0,1.0,1.0,1.0,1.0
./instances/created-instances/mm-10-40-1767920.cdop,./settings/Memetic-LS_MPX_1287823.config,10,40,0.3823189522342065,0.39060092449922956,0.5104006163328197,0.5419876733436055,0.6117103235747303,0.636748844375963,0.6438751926040062,0.7813944530046225,0.8480354391371341,0.9799691833590138,0.9984591679506933,0.9984591679506933,1.0,1.0
./instances/created-instances/mm-5-25-1110588.cdop,./settings/Memetic_MMX_1881515.config,5,25,0.9362117981520967,0.9434968017057569,0.9541577825159915,0.9619758351101635,0.9644633972992182,0.966773276474769,0.966773276474769,0.9795664534470505,0.9852523098791756,0.9852523098791756,0.9866737739872068,0.9888059701492538,1.0,1.0
./instances/created-instances/mm-5-25-1110588.cdop,./settings/Memetic-LS_MMX_1881515.config,5,25,0.637019699629413,0.6906573044665496,0.7349327091866589,0.752291788570314,0.8523503023210455,0.9015018529354398,0.9299785449580652,0.9377803783889214,0.963526428710747,0.963526428710747,0.9726935829920031,0.9816656914374878,1.0,1.0
./instances/created-instances/mm-15-25-1110588.cdop,./settings/Memetic-LS_MPX_1287823.config,15,25,0.5731225296442688,0.577733860342556,0.6373517786561265,0.6597496706192358,0.7045454545454546,0.7579051383399209,0.7651515151515151,0.8623188405797102,0.8623188405797102,0.9216073781291173,0.9680500658761528,0.9891304347826086,1.0,1.0
./instances/created-instances/mm-20-10-1917698.cdop,./settings/Memetic-LS_MMX_1881515.config,20,10,0.5602641717116126,0.5910842047330765,0.6252063841496973,0.6827187671986792,0.7424325811777656,0.7820583379196477,0.8935057787561915,0.9482663731425427,0.9702806824435883,0.9733076499724821,1.0,1.0,1.0,1.0
./instances/created-instances/mm-10-10-1762875.cdop,./settings/Memetic_MPX_1287823.config,10,10,0.9279406570116566,0.9279406570116566,0.9279406570116566,0.9279406570116566,0.946661956905687,0.9614977039915225,0.9742140586365242,0.9766866831508301,0.9766866831508301,0.9766866831508301,1.0,1.0,1.0,1.0
./instances/created-instances/mm-25-10-1762875.cdop,./settings/Memetic-LS_MMX_1099666.config,25,10,0.3834681496461072,0.44641051567239637,0.45348837209302323,0.5821536905965622,0.6337209302325582,0.8344287158746209,0.839989888776542,0.929474216380182,0.980788675429727,0.9843276036400405,0.9843276036400405,1.0,1.0,1.0
./instances/created-instances/mm-10-40-1762875.cdop,./settings/Memetic-LS_MMX_1099666.config,10,40,0.43226559893226557,0.44411077744411076,0.48965632298965633,0.5015015015015015,0.513013013013013,0.5959292625959293,0.665331998665332,0.7529195862529195,0.7839506172839507,0.8179846513179847,0.8463463463463463,0.9277610944277611,1.0,1.0
./instances/created-instances/mm-10-25-1891798.cdop,./settings/Memetic-LS_MMX_1099666.config,10,25,0.5712280701754386,0.5712280701754386,0.5947368421052631,0.6533333333333333,0.6673684210526316,0.7050877192982457,0.7614035087719299,0.8270175438596491,0.8747368421052631,0.9198245614035088,0.9347368421052632,0.960701754385965,1.0,1.0
./instances/created-instances/mm-5-25-1917698.cdop,./settings/Memetic-LS_MMX_1099666.config,5,25,0.5407915993537964,0.6096526655896607,0.635702746365105,0.6472132471728594,0.7298061389337641,0.8099757673667205,0.8546042003231018,0.931340872374798,0.9460823909531503,0.9719305331179321,0.9830371567043619,0.9830371567043619,1.0,1.0
./instances/created-instances/mm-25-10-1891798.cdop,./settings/Memetic_MPX_1287823.config,25,10,0.7824039653035936,0.7824039653035936,0.7824039653035936,0.836183395291202,0.836183395291202,0.836183395291202,0.8758364312267658,0.945724907063197,0.945724907063197,0.9977695167286246,1.0,1.0,1.0,1.0
./instances/created-instances/mm-5-10-1917698.cdop,./settings/Memetic_MMX_1099666.config,5,10,0.9692940804051915,0.9879708768597657,0.9879708768597657,0.9892371003482114,0.9892371003482114,1.0,1.0,1.0,1.0,1.0,1.0,1.0,1.0,1.0
./instances/created-instances/mm-10-25-1891798.cdop,./settings/Memetic_MMX_1881515.config,10,25,0.9058253943464001,0.907387162267687,0.9517413712322349,0.9787599562704982,0.9787599562704982,0.9884429173824769,0.9884429173824769,0.9884429173824769,0.9884429173824769,0.997969701702327,1.0,1.0,1.0,1.0
./instances/created-instances/mm-20-25-1891798.cdop,./settings/Memetic_MMX_1287823.config,20,25,0.8623188405797102,0.9096515572001234,0.9173604687018193,0.9477335800185014,0.9697810669133519,0.9745605920444034,0.9798026518655566,0.9893617021276596,0.9909034844279988,0.9909034844279988,0.996299722479186,1.0,1.0,1.0
./instances/created-instances/mm-15-25-1767920.cdop,./settings/Memetic_MPX_1099666.config,15,25,0.9076585560430793,0.9076585560430793,0.9076585560430793,0.9076585560430793,0.9076585560430793,0.9076585560430793,0.9076585560430793,1.0,1.0,1.0,1.0,1.0,1.0,1.0
./instances/created-instances/mm-20-25-1767920.cdop,./settings/Memetic_MPX_1099666.config,20,25,0.38784801260724916,0.8275258273507267,0.8275258273507267,0.8275258273507267,0.8275258273507267,0.8275258273507267,0.8275258273507267,0.8275258273507267,0.8401330765189984,0.8763789178777798,0.8763789178777798,0.9644545613727894,1.0,1.0
./instances/created-instances/mm-25-10-1917698.cdop,./settings/Memetic-LS_MPX_1287823.config,25,10,0.6909660107334525,0.6909660107334525,0.6909660107334525,0.6909660107334525,0.7822003577817531,0.8152951699463328,0.8152951699463328,0.8188729874776386,0.9355992844364938,1.0,1.0,1.0,1.0,1.0
./instances/created-instances/mm-20-25-1767920.cdop,./settings/Memetic-LS_MMX_1099666.config,20,25,0.4356859635210151,0.49690721649484537,0.5203806502775575,0.5828707375099128,0.5979381443298969,0.6483743061062649,0.7267248215701824,0.7571768437747819,0.8065027755749405,0.8153846153846154,0.8528152260111023,0.9124504361617763,1.0,1.0
./instances/created-instances/mm-5-10-1917698.cdop,./settings/Memetic-LS_MPX_1099666.config,5,10,0.8509015256588072,0.8543689320388349,0.8543689320388349,0.9029126213592233,0.9292649098474342,0.9594313453536755,0.9726074895977809,0.9798890429958391,0.9798890429958391,0.9798890429958391,0.9937586685159501,0.9937586685159501,1.0,1.0
./instances/created-instances/mm-10-25-1110588.cdop,./settings/Memetic-LS_MPX_1099666.config,10,25,0.46263508852609797,0.4693032881122097,0.537824787307427,0.5557599448149,0.5909404460795585,0.6564727523568636,0.6564727523568636,0.8183490457576454,0.8735341457806393,0.8949183720395493,0.9505633478960681,1.007817889169924,1.0,1.0
./instances/created-instances/mm-25-25-1762875.cdop,./settings/Memetic_MMX_1881515.config,25,25,0.8201348596518739,0.8769013642778736,0.9295907166379175,0.954524070879724,0.9706758663948565,0.9706758663948565,0.9706758663948565,0.9807119335110553,0.9916888819193979,0.9963932883801161,0.9963932883801161,1.0,1.0,1.0
./instances/created-instances/mm-5-10-1110588.cdop,./settings/Memetic-LS_MMX_1881515.config,5,10,0.7031134173461824,0.740177909562639,0.7679762787249814,0.9169755374351372,0.946997776130467,0.9473684210526315,0.9603409933283914,0.9740548554484804,0.9740548554484804,0.9925871015567087,1.0,1.0,1.0,1.0
./instances/created-instances/mm-10-40-1891798.cdop,./settings/Memetic-LS_MMX_1287823.config,10,40,0.3781137261638894,0.38498539769799006,0.5014602302009964,0.5304930424325717,0.6052224703659165,0.6454217488404054,0.6552138807764989,0.8436694725992098,0.8462463494244975,0.8800893317299433,0.9366088300979213,0.9728568974403023,1.0,1.0
./instances/created-instances/mm-20-10-1110588.cdop,./settings/Memetic-LS_MPX_1099666.config,20,10,0.5278019113814074,0.6255430060816681,0.6533449174630755,0.7028670721112077,0.7545612510860121,0.8423110338835795,0.8297132927888793,0.8583840139009556,0.8583840139009556,0.870112945264987,0.9821894005212859,1.0,1.0,1.0
./instances/created-instances/mm-5-10-1767920.cdop,./settings/Memetic-LS_MMX_1287823.config,5,10,0.8625393494228751,0.8625393494228751,0.9286463798530955,0.9391395592864638,0.9391395592864638,0.956628191675411,0.956628191675411,0.9849597761455055,1.0,1.0,1.0,1.0,1.0,1.0
./instances/created-instances/mm-10-10-1110588.cdop,./settings/Memetic_MPX_1099666.config,10,10,0.9234939759036145,0.9234939759036145,0.9234939759036145,0.9234939759036145,0.9234939759036145,0.9234939759036145,0.9367469879518072,0.9367469879518072,0.9448795180722892,0.9981927710843373,0.9981927710843373,0.9981927710843373,1.0,1.0
./instances/created-instances/mm-15-40-1917698.cdop,./settings/Memetic-LS_MMX_1287823.config,15,40,0.3329861627733968,0.40559440559440557,0.45603332837375393,0.5243267370926945,0.5710459753012944,0.6485642017556911,0.6737092694539503,0.7283142389525368,0.7942270495461985,0.8573128998660914,0.8989733670584734,0.951197738431781,1.0,1.0
./instances/created-instances/mm-5-40-1110588.cdop,./settings/Memetic_MMX_1287823.config,5,40,0.8849960927324824,0.8955457150299557,0.901667100807502,0.9058348528262569,0.9428236519927065,0.9620995050794477,0.9795519666579838,0.9830685074238082,0.986975774941391,1.005730659025788,1.005730659025788,1.005730659025788,1.0,1.0
./instances/created-instances/mm-10-25-1917698.cdop,./settings/Memetic-LS_MMX_1287823.config,10,25,0.492600422832981,0.5107822410147992,0.6006342494714588,0.6454545454545455,0.7446088794926005,0.8274841437632136,0.8306553911205073,0.8560253699788584,0.9186046511627907,0.946723044397463,0.9621564482029599,0.9765327695560254,1.0,1.0
./instances/created-instances/mm-5-25-1891798.cdop,./settings/Memetic-LS_MMX_1881515.config,5,25,0.5879005059021922,0.5982293423271501,0.642495784148398,0.6873946037099494,0.7360876897133221,0.7976391231028668,0.8395868465430016,0.8764755480607083,0.9095699831365935,0.93929173693086,0.9595278246205734,0.9844013490725126,1.0,1.0
./instances/created-instances/mm-10-25-1110588.cdop,./settings/Memetic-LS_MMX_1099666.config,10,25,0.5103344607290492,0.532130777903044,0.532130777903044,0.5802329951146186,0.6779406238256295,0.733934611048478,0.7773393461104848,0.7773393461104848,0.8419767004885381,0.847989477639985,0.9659902292371289,0.9992484028560692,1.0,1.0
./instances/created-instances/mm-5-10-1110588.cdop,./settings/Memetic_MMX_1099666.config,5,10,0.9933896437752479,0.9933896437752479,0.9933896437752479,0.9955930958501653,0.9955930958501653,0.9955930958501653,0.9955930958501653,1.0,1.0,1.0,1.0,1.0,1.0,1.0
./instances/created-instances/mm-5-40-1917698.cdop,./settings/Memetic-LS_MMX_1881515.config,5,40,0.4925239234449761,0.5912081339712919,0.6511662679425837,0.6779306220095693,0.7102272727272727,0.8011363636363636,0.8283492822966507,0.8733552631578947,0.9177631578947368,0.9358552631578947,0.9941686602870813,1.0,1.0,1.0
./instances/created-instances/mm-15-10-1917698.cdop,./settings/Memetic-LS_MMX_1099666.config,15,10,0.675863916421109,0.675863916421109,0.6983659255290651,0.7176533619073131,0.7806054111974283,0.8323064559335654,0.8443611036699705,0.8671309938387356,0.9544602196624699,0.9694615590677739,1.0,1.0,1.0,1.0
./instances/created-instances/mm-5-25-1917698.cdop,./settings/Memetic_MMX_1287823.config,5,25,0.9546585039219437,0.963841591735221,0.9933039984694854,0.9933039984694854,0.9938779414578152,0.9942605701167018,0.9942605701167018,0.997895542376124,0.9982781710350105,0.9982781710350105,0.9982781710350105,0.9982781710350105,1.0,1.0
./instances/created-instances/mm-5-25-1891798.cdop,./settings/Memetic-LS_MMX_1099666.config,5,25,0.6636859323882225,0.6970556161395856,0.7336968375136315,0.738495092693566,0.7629225736095965,0.802835332606325,0.9092693565976009,0.9452562704471101,0.9707742639040349,0.9707742639040349,0.9707742639040349,0.9973827699018538,1.0,1.0
./instances/created-instances/mm-20-25-1917698.cdop,./settings/Memetic-LS_MPX_1881515.config,20,25,0.5021309569934134,0.5098798915149167,0.5098798915149167,0.6396745447500969,0.6822936846183649,0.7524215420379697,0.7524215420379697,0.7524215420379697,0.7524215420379697,0.8229368461836497,0.9430453312669508,0.9759783029833398,1.0,1.0
./instances/created-instances/mm-25-25-1917698.cdop,./settings/Memetic_MMX_1881515.config,25,25,0.8755173999693393,0.8756707036639583,0.9279472635290511,0.9365322704277174,0.9365322704277174,0.9385252184577648,0.9670397056569063,0.9717921201900965,0.9765445347232868,0.9803771270887628,0.9871224896520007,0.9989268741376667,1.0,1.0
./instances/created-instances/mm-15-10-1917698.cdop,./settings/Memetic_MPX_1287823.config,15,10,0.935965848452508,0.935965848452508,0.935965848452508,0.935965848452508,0.935965848452508,0.935965848452508,0.935965848452508,0.9637139807897546,0.9799893276414088,1.0,1.0,1.0,1.0,1.0
./instances/created-instances/mm-20-25-1110588.cdop,./settings/Memetic_MPX_1881515.config,20,25,0.7859443076340216,0.8723243038454253,0.8723243038454253,0.8723243038454253,0.8806592157605607,0.8806592157605607,0.8806592157605607,0.9369198711877249,0.9945065353286607,0.9945065353286607,1.0,1.0,1.0,1.0
./instances/created-instances/mm-15-25-1917698.cdop,./settings/Memetic_MMX_1099666.config,15,25,0.9046779878244152,0.9173341877603333,0.9213393143223326,0.9549823774431272,0.968439602691445,0.969080422941365,0.9778917013777635,0.9879846203140019,0.9903876962512015,0.9948734380006409,1.0,1.0,1.0,1.0
./instances/created-instances/mm-25-10-1762875.cdop,./settings/Memetic-LS_MPX_1881515.config,25,10,0.7765023632680621,0.7765023632680621,0.8176907494935854,0.8176907494935854,0.8176907494935854,0.8176907494935854,0.8838622552329507,0.9331532748143146,1.0,1.0,1.0,1.0,1.0,1.0
./instances/created-instances/mm-15-40-1891798.cdop,./settings/Memetic-LS_MMX_1287823.config,15,40,0.22926829268292684,0.33121951219512197,0.3907317073170732,0.45235772357723575,0.48276422764227644,0.4967479674796748,0.5622764227642276,0.5980487804878049,0.6180487804878049,0.7834146341463415,0.8221138211382114,0.9461788617886179,1.0,1.0
./instances/created-instances/mm-5-40-1110588.cdop,./settings/Memetic_MMX_1881515.config,5,40,0.8576302322529852,0.8976512268731137,0.9316362682062721,0.9387219524996719,0.9712636136989896,0.9892402571840966,0.9892402571840966,0.9892402571840966,0.9918645847001706,0.9918645847001706,0.994751344967852,0.9993439181209814,1.0,1.0
./instances/created-instances/mm-20-10-1767920.cdop,./settings/Memetic-LS_MPX_1099666.config,20,10,0.5494452484322239,0.5701881331403763,0.5701881331403763,0.6657018813314037,0.6792088760250844,0.7062228654124457,0.7062228654124457,0.7062228654124457,0.7636275928605886,0.7636275928605886,0.7636275928605886,0.7636275928605886,1.0,1.0
./instances/created-instances/mm-15-10-1767920.cdop,./settings/Memetic_MMX_1099666.config,15,10,0.9231100581520568,0.9250484600473832,0.9416325651518415,0.9487400387680379,0.9717854835235838,0.9717854835235838,0.9717854835235838,0.9717854835235838,0.9804006030583674,0.9885849666164118,0.9924617704070644,0.9931079043721731,1.0,1.0
./instances/created-instances/mm-5-25-1767920.cdop,./settings/Memetic_MMX_1287823.config,5,25,0.9192689850958127,0.9226401703335699,0.9687721788502484,0.9730305180979418,0.9756919801277502,0.9756919801277502,0.9836763662171752,0.9973385379701917,0.9973385379701917,0.9973385379701917,0.9973385379701917,1.0,1.0,1.0
./instances/created-instances/mm-15-25-1767920.cdop,./settings/Memetic-LS_MMX_1099666.config,15,25,0.41292745601897607,0.5101798774461356,0.5742241549713382,0.5813401858074718,0.6204783554062068,0.6408381102984779,0.7266258153785333,0.8122158529353627,0.823482901759241,0.8841668313896027,0.9262700138367266,0.9978256572445148,1.0,1.0
./instances/created-instances/mm-5-25-1110588.cdop,./settings/Memetic-LS_MPX_1881515.config,5,25,0.5705857564264644,0.6184155077960388,0.6485461441213654,0.7336704593341762,0.8206911083017278,0.8693636746734091,0.8902233459755584,0.9361567635903919,0.978086809945217,0.9957859249894648,1.0,1.0,1.0,1.0
./instances/created-instances/mm-20-10-1762875.cdop,./settings/Memetic_MMX_1287823.config,20,10,0.9237668161434978,0.9491031390134529,0.9504484304932735,0.9585201793721974,0.9591928251121076,0.9782511210762331,0.9782511210762331,0.9959641255605381,0.9986547085201793,0.9991031390134529,1.0,1.0,1.0,1.0
./instances/created-instances/mm-10-40-1762875.cdop,./settings/Memetic-LS_MMX_1881515.config,10,40,0.34306808859721083,0.42772764561115667,0.4764561115668581,0.5173092698933552,0.5629204265791633,0.5917965545529122,0.6318293683347006,0.6613617719442165,0.6936833470057424,0.7589827727645612,0.851025430680886,0.9002461033634126,1.0,1.0
./instances/created-instances/mm-15-10-1891798.cdop,./settings/Memetic_MPX_1287823.config,15,10,0.8656609195402298,0.9389367816091954,0.9389367816091954,0.9389367816091954,0.9389367816091954,0.9389367816091954,0.9473180076628352,0.9683908045977011,0.9683908045977011,1.0026340996168583,1.0026340996168583,1.0026340996168583,1.0,1.0
./instances/created-instances/mm-15-25-1891798.cdop,./settings/Memetic_MMX_1099666.config,15,25,0.9114813000163319,0.9263432957700474,0.9426751592356688,0.964233219010289,0.9689694594153193,0.9689694594153193,0.9689694594153193,0.9813816756491915,0.9861179160542218,0.9918340682671893,1.0,1.0,1.0,1.0
./instances/created-instances/mm-15-40-1767920.cdop,./settings/Memetic_MPX_1099666.config,15,40,0.7811871227364185,0.892186452045607,0.892186452045607,0.892186452045607,0.892186452045607,0.892186452045607,0.892186452045607,0.9481891348088531,0.9481891348088531,0.9481891348088531,0.9481891348088531,1.0,1.0,1.0
./instances/created-instances/mm-15-25-1767920.cdop,./settings/Memetic-LS_MPX_1881515.config,15,25,0.4729085392284352,0.4729085392284352,0.4789770264412657,0.553532726484612,0.5622019939315128,0.5622019939315128,0.7342869527524925,0.7342869527524925,0.7342869527524925,0.7559601213697442,0.8899003034243607,1.0,1.0,1.0
./instances/created-instances/mm-5-25-1767920.cdop,./settings/Memetic-LS_MPX_1881515.config,5,25,0.6199383802816901,0.6685739436619719,0.7506602112676056,0.8054577464788732,0.8633362676056338,0.8787411971830986,0.8877640845070423,0.9628080985915493,0.9839348591549296,1.0,1.0,1.0,1.0,1.0
./instances/created-instances/mm-10-25-1110588.cdop,./settings/Memetic_MPX_1881515.config,10,25,0.9077007099945386,0.9117058073912252,0.9117058073912252,0.916075004551247,0.9215365010012744,0.9215365010012744,0.9594028763881304,0.983251410886583,0.9876206080466048,1.0,1.0,1.0,1.0,1.0
./instances/created-instances/mm-20-25-1110588.cdop,./settings/Memetic-LS_MPX_1881515.config,20,25,0.44674868189806677,0.44674868189806677,0.6239015817223199,0.6239015817223199,0.6239015817223199,0.6720562390158172,0.7521968365553603,0.7521968365553603,0.7739894551845343,0.7666080843585237,0.7810193321616872,0.9036906854130052,1.0,1.0
./instances/created-instances/mm-25-10-1917698.cdop,./settings/Memetic_MPX_1881515.config,25,10,0.7772432042338224,0.7887899927832571,0.9143613182583594,0.9143613182583594,0.9143613182583594,0.9143613182583594,0.9143613182583594,0.9143613182583594,0.9143613182583594,0.9143613182583594,0.9158046668270388,0.9785903295645898,1.0,1.0
./instances/created-instances/mm-5-40-1762875.cdop,./settings/Memetic-LS_MPX_1099666.config,5,40,0.49059185768046526,0.5413958262059528,0.5889497092028737,0.6337666780704755,0.7215189873417721,0.8034553540882655,0.8263770099213137,0.8650359219979473,0.9223400615805679,0.9579199452617174,0.9946972288744441,0.9952104002736915,1.0,1.0
./instances/created-instances/mm-25-10-1762875.cdop,./settings/Memetic_MMX_1099666.config,25,10,0.8477751756440282,0.8992974238875878,0.9016393442622951,0.9252537080405933,0.9287665886026542,0.9346213895394223,0.9383294301327089,0.9605776736924277,0.9918032786885246,0.9918032786885246,0.9955113192818111,1.0,1.0,1.0
./instances/created-instances/mm-20-10-1762875.cdop,./settings/Memetic_MMX_1881515.config,20,10,0.9455842997323818,0.9527207850133809,0.9611953612845674,0.9611953612845674,0.9692239072256913,0.9868421052631579,0.9868421052631579,0.9892952720785013,0.9897413024085637,0.9968777876895629,0.9968777876895629,0.9968777876895629,1.0,1.0
./instances/created-instances/mm-5-40-1110588.cdop,./settings/Memetic_MMX_1099666.config,5,40,0.8960052390307793,0.8960052390307793,0.9004584151931893,0.9411918795022921,0.9480026195153897,0.9557301899148658,0.9579567779960707,0.963064833005894,0.973018991486575,0.9880812049770792,0.9887360838244925,0.9931892599869024,1.0,1.0
./instances/created-instances/mm-25-10-1110588.cdop,./settings/Memetic_MMX_1881515.config,25,10,0.8969923333988599,0.9225476705327305,0.9225476705327305,0.9376842932966385,0.9376842932966385,0.9482995871830155,0.9699233339885984,0.9770001965795164,0.9770001965795164,0.9770001965795164,0.9872223314330647,1.0,1.0,1.0
./instances/created-instances/mm-5-10-1917698.cdop,./settings/Memetic_MMX_1287823.config,5,10,0.9835390946502057,0.9924026590693258,0.9924026590693258,0.9924026590693258,0.9974675530231086,1.0,1.0,1.0,1.0,1.0,1.0,1.0,1.0,1.0
./instances/created-instances/mm-10-10-1110588.cdop,./settings/Memetic_MMX_1099666.config,10,10,0.9503707929264119,0.9632059326868226,0.9671990872789503,0.9720479178551056,0.9908727895037079,0.9908727895037079,0.9908727895037079,0.9908727895037079,0.9908727895037079,0.9908727895037079,0.9908727895037079,0.9908727895037079,1.0,1.0
./instances/created-instances/mm-20-25-1762875.cdop,./settings/Memetic_MMX_1287823.config,20,25,0.8483676311310537,0.8912269843725824,0.9080922172365774,0.9108773015627417,0.9433699520346588,0.9636391768528547,0.9727680643663933,0.9814327711589045,0.990406931765434,0.990406931765434,0.9947392851616896,1.0,1.0,1.0
./instances/created-instances/mm-25-25-1891798.cdop,./settings/Memetic-LS_MPX_1881515.config,25,25,0.4486997635933806,0.5791962174940898,0.6595744680851063,0.6595744680851063,0.6595744680851063,0.6728132387706856,0.6728132387706856,0.7011820330969267,0.8628841607565012,0.9366430260047282,0.9366430260047282,1.0,1.0,1.0
./instances/created-instances/mm-5-40-1767920.cdop,./settings/Memetic-LS_MMX_1099666.config,5,40,0.5676095741373951,0.6056885296860429,0.6600870376126826,0.6891513832763444,0.709356543363382,0.7533416226297793,0.7713708423997513,0.7985700963630712,0.8251476530929437,0.8952440161641281,0.9148274790177183,0.9285048181535592,1.0,1.0
./instances/created-instances/mm-5-25-1891798.cdop,./settings/Memetic_MMX_1099666.config,5,25,0.9310474755086662,0.962509419743783,0.9751318764129616,0.979276563677468,0.979276563677468,0.979276563677468,0.979276563677468,0.979276563677468,0.979276563677468,0.9839864355689525,1.0,1.0,1.0,1.0
./instances/created-instances/mm-20-25-1767920.cdop,./settings/Memetic-LS_MPX_1099666.config,20,25,0.40548554484803556,0.40548554484803556,0.40548554484803556,0.41363973313565605,0.5055596738324685,0.5055596738324685,0.5055596738324685,0.5459599703484063,0.5459599703484063,0.5633802816901409,0.6712379540400296,0.8380281690140845,1.0,1.0
./instances/created-instances/mm-5-40-1917698.cdop,./settings/Memetic-LS_MPX_1287823.config,5,40,0.526623479222626,0.5530099541791752,0.6056249012482224,0.6711960815294675,0.676568178227208,0.6865223574024333,0.7302891452046136,0.807552535945647,0.8696476536577659,0.9121504187075368,0.9616053088955602,0.9947859061463107,1.0,1.0
./instances/created-instances/mm-20-10-1891798.cdop,./settings/Memetic_MMX_1881515.config,20,10,0.9175627240143369,0.9398645957785743,0.9551971326164874,0.9635603345280764,0.9735165272799682,0.9735165272799682,0.9735165272799682,0.9735165272799682,0.9842692154520112,0.9920350457984867,0.9920350457984867,1.0,1.0,1.0
./instances/created-instances/mm-10-40-1917698.cdop,./settings/Memetic_MMX_1881515.config,10,40,0.872207327971403,0.8913570790246393,0.8913570790246393,0.9014426145793438,0.9448487169666794,0.9582535427039448,0.9609345078513979,0.9734456785395124,0.9765096387080301,0.9794459338695264,0.9794459338695264,0.9831482190731521,1.0,1.0
./instances/created-instances/mm-15-40-1110588.cdop,./settings/Memetic-LS_MMX_1099666.config,15,40,0.3497167355688256,0.363956515081917,0.4131067217883938,0.4670035216659011,0.6361966008268259,0.7040269483999387,0.7779819323227684,0.8216199663145001,0.847955902618282,0.8776603889144082,0.8905221252488134,0.9554432705558108,1.0,1.0
./instances/created-instances/mm-10-40-1110588.cdop,./settings/Memetic-LS_MPX_1287823.config,10,40,0.5515463917525774,0.6249008723235527,0.6249008723235527,0.6249008723235527,0.6477002379064235,0.6932989690721649,0.7216494845360825,0.7827121332275971,0.8826328310864393,0.9105868358445678,0.9569785884218874,0.9692704203013481,1.0,1.0
./instances/created-instances/mm-10-25-1762875.cdop,./settings/Memetic-LS_MMX_1881515.config,10,25,0.5211550030078204,0.552436334469621,0.6362542610788049,0.7120513334670142,0.8253458993382795,0.854822538600361,0.854822538600361,0.8734710246641267,0.9069580910366954,0.9236013635452176,0.9516743533186285,0.9885702827351113,1.0,1.0
./instances/created-instances/mm-25-25-1917698.cdop,./settings/Memetic_MMX_1287823.config,25,25,0.8794773251345119,0.8973097617217525,0.9169869331283628,0.9328209069946195,0.9589546502690238,0.9674096848578017,0.97847809377402,0.986010760953113,0.9923136049192929,0.9981552651806302,0.9981552651806302,1.0,1.0,1.0
./instances/created-instances/mm-20-10-1762875.cdop,./settings/Memetic_MPX_1881515.config,20,10,0.8429926238145417,0.8429926238145417,0.85695468914647,0.8967334035827187,0.8967334035827187,0.8967334035827187,0.8967334035827187,0.9159641728134879,0.9963119072708114,1.0,1.0,1.0,1.0,1.0
./instances/created-instances/mm-20-10-1762875.cdop,./settings/Memetic-LS_MMX_1099666.config,20,10,0.4709626093874304,0.5295677539114293,0.6080615221426677,0.6799257491381596,0.779368867674357,0.8175550251922566,0.8607796340493238,0.8607796340493238,0.9130204189870061,0.920710686820472,0.920710686820472,0.9286661363033678,1.0,1.0
./instances/created-instances/mm-20-10-1891798.cdop,./settings/Memetic-LS_MMX_1881515.config,20,10,0.48059061681352705,0.48059061681352705,0.497023100738271,0.5170278637770898,0.6449154560609669,0.7132650631102644,0.7966182424386758,0.8675875208382948,0.9142653012622053,0.9373660395332222,0.957370802572041,0.9902357704215289,1.0,1.0
./instances/created-instances/mm-10-40-1891798.cdop,./settings/Memetic_MMX_1287823.config,10,40,0.8217156410594281,0.8596653050467782,0.8972196600342601,0.9461062063512979,0.949136908683621,0.9793121623402293,0.9945974436684675,0.9951245223349585,0.9997364606667545,0.9997364606667545,0.9997364606667545,1.0,1.0,1.0
./instances/created-instances/mm-25-25-1917698.cdop,./settings/Memetic-LS_MPX_1881515.config,25,25,0.6112176414189837,0.6112176414189837,0.6112176414189837,0.8173537871524449,0.9904122722914669,0.9904122722914669,0.9904122722914669,0.9904122722914669,0.9904122722914669,0.9904122722914669,0.9904122722914669,0.9904122722914669,1.0,1.0
./instances/created-instances/mm-5-25-1110588.cdop,./settings/Memetic_MMX_1099666.config,5,25,0.9262855088097807,0.9338367493707299,0.9374325782092773,0.9548723480762316,0.9608054656598346,0.9667385832434376,0.9667385832434376,0.9888529306005034,0.9938870909744696,0.9938870909744696,0.9938870909744696,0.9947860481841064,1.0,1.0
./instances/created-instances/mm-10-10-1917698.cdop,./settings/Memetic_MMX_1287823.config,10,10,0.9786526199057388,0.9786526199057388,0.9786526199057388,0.9786526199057388,0.9786526199057388,1.0,1.0,1.0,1.0,1.0,1.0,1.0,1.0,1.0
./instances/created-instances/mm-5-10-1762875.cdop,./settings/Memetic-LS_MPX_1099666.config,5,10,0.849721706864564,0.8942486085343229,0.9165120593692022,0.9526901669758813,0.9526901669758813,0.9795918367346939,0.9795918367346939,0.9911873840445269,0.9958256029684601,1.0,1.0,1.0,1.0,1.0
./instances/created-instances/mm-15-10-1762875.cdop,./settings/Memetic_MPX_1881515.config,15,10,0.954768078363584,0.968596946125036,0.968596946125036,0.968596946125036,0.968596946125036,0.968596946125036,0.968596946125036,0.9737827715355806,1.0,1.0,1.0,1.0,1.0,1.0
./instances/created-instances/mm-15-40-1891798.cdop,./settings/Memetic_MMX_1287823.config,15,40,0.8343754157243581,0.891712119196488,0.8950379140614607,0.897432486364241,0.9060795530131701,0.9346813888519356,0.9514433949713982,0.9728615139018225,0.9779167220965811,0.9791140082479712,0.9949447918052414,1.0,1.0,1.0
./instances/created-instances/mm-25-10-1917698.cdop,./settings/Memetic-LS_MMX_1881515.config,25,10,0.41374233128834353,0.5231901840490798,0.6579141104294478,0.7747239263803681,0.8260122699386503,0.8382822085889571,0.8382822085889571,0.8701840490797546,0.9143558282208589,0.9379141104294478,0.9933742331288343,1.0,1.0,1.0
./instances/created-instances/mm-10-10-1891798.cdop,./settings/Memetic-LS_MPX_1881515.config,10,10,0.8126801152737753,0.8141210374639769,0.8620317002881844,0.962536023054755,0.9654178674351584,0.9704610951008645,0.9737031700288185,0.9985590778097982,0.9985590778097982,0.9985590778097982,0.9985590778097982,0.9985590778097982,1.0,1.0
./instances/created-instances/mm-20-10-1110588.cdop,./settings/Memetic_MMX_1287823.config,20,10,0.8708245736977341,0.904461574398505,0.9086661994861014,0.9287549637935062,0.9588881102546134,0.9813127773884607,0.9813127773884607,0.9841158607801915,0.9885540761504321,0.9885540761504321,0.9918243401074516,1.0,1.0,1.0
./instances/created-instances/mm-15-40-1917698.cdop,./settings/Memetic-LS_MMX_1099666.config,15,40,0.32534017399063125,0.3335935757305376,0.36259201427615434,0.4055320098148561,0.4142315413785412,0.5033459736783404,0.5192951148784296,0.570376979701093,0.6085210796341736,0.6664064242694624,0.7399063127370065,0.763439660941334,0.7825117109078742,0.7825117109078742
./instances/created-instances/mm-20-10-1767920.cdop,./settings/Memetic-LS_MMX_1287823.config,20,10,0.462181272766231,0.47418041568459396,0.49882151274908937,0.5369616455967431,0.5723162631240626,0.5828155131776301,0.6511677737304479,0.7111634883222627,0.8223698307263767,0.8467966573816156,0.8793657595886009,0.8875080351403472,0.9215770302121277,0.9215770302121277
./instances/created-instances/mm-10-10-1891798.cdop,./settings/Memetic-LS_MMX_1881515.config,10,10,0.5779126915293438,0.6302399537438566,0.6762069962416883,0.719572130673605,0.7395200925122868,0.766695576756288,0.7788378143972247,0.8577623590633131,0.880023128071697,0.9008383925990171,0.9167389418907199,0.9311939867013588,0.9317721884937843,0.9317721884937843
./instances/created-instances/mm-5-25-1891798.cdop,./settings/Memetic_MPX_1099666.config,5,25,0.8724566691785983,0.8879050489826676,0.8879050489826676,0.9253956292388847,0.9427279577995479,0.9427279577995479,0.948756593820648,0.9636397889977393,0.9636397889977393,0.9657121326299924,0.9657121326299924,0.9657121326299924,0.9657121326299924,0.9657121326299924
./instances/created-instances/mm-15-10-1767920.cdop,./settings/Memetic-LS_MPX_1881515.config,15,10,0.3310359681240577,0.3310359681240577,0.33642041783329746,0.4264484169717855,0.42666379496015505,0.43269437863450355,0.4447555459832005,0.4624165410295068,0.4624165410295068,0.5005384449709239,0.5005384449709239,0.5041998707732069,0.519922463924187,0.519922463924187
./instances/created-instances/mm-25-25-1767920.cdop,./settings/Memetic_MPX_1287823.config,25,25,0.17672594874667413,0.17672594874667413,0.48592634084862063,0.48592634084862063,0.5269570088222938,0.555244363534519,0.555244363534519,0.6312841338748074,0.6312841338748074,0.620221257526957,0.6881389161181908,0.6980815011903094,0.7305699481865285,0.7305699481865285
./instances/created-instances/mm-15-10-1767920.cdop,./settings/Memetic_MPX_1287823.config,15,10,0.715701055352143,0.715701055352143,0.8035752746069351,0.8035752746069351,0.8035752746069351,0.8035752746069351,0.8035752746069351,0.8401895326297653,0.8401895326297653,0.8401895326297653,0.8401895326297653,0.8401895326297653,0.8671117811759638,0.8671117811759638
./instances/created-instances/mm-15-40-1767920.cdop,./settings/Memetic_MPX_1287823.config,15,40,0.3171901222728363,0.3171901222728363,0.4991608726923999,0.6262287221289858,0.6781347398705346,0.6781347398705346,0.6781347398705346,0.6781347398705346,0.6615919443778471,0.7275233756892832,0.7275233756892832,0.7724766243107168,0.7724766243107168,0.7724766243107168
./instances/created-instances/mm-20-10-1917698.cdop,./settings/Memetic_MMX_1287823.config,20,10,0.9318236569501325,0.9390508311250301,0.9583232955914237,0.9583232955914237,0.9597687304264033,0.9715731149120694,0.9730185497470489,0.9812093471452662,0.9812093471452662,0.981932064562756,0.9985545651650205,0.9985545651650205,1.0,1.0
./instances/created-instances/mm-5-10-1891798.cdop,./settings/Memetic_MMX_1099666.config,5,10,0.9862414008755472,0.9862414008755472,0.9915572232645403,0.9915572232645403,0.9915572232645403,0.9915572232645403,0.9915572232645403,0.9915572232645403,0.9915572232645403,1.0,1.0,1.0,1.0,1.0
./instances/created-instances/mm-20-25-1110588.cdop,./settings/Memetic_MMX_1287823.config,20,25,0.9040271563030396,0.9338065113408425,0.9338065113408425,0.939206912513501,0.9430643419225428,0.948156148742478,0.957105384971455,0.9694491590803889,0.9947538960037031,0.9972226508254899,0.9984570282363833,1.0,1.0,1.0
./instances/created-instances/mm-10-25-1917698.cdop,./settings/Memetic-LS_MPX_1287823.config,10,25,0.3811934900542496,0.3833634719710669,0.3853526220614828,0.40849909584086797,0.4278481012658228,0.43670886075949367,0.5130198915009042,0.5764918625678119,0.6448462929475588,0.6994575045207957,0.7112115732368897,0.7121157323688969,0.7121157323688969,0.7121157323688969
./instances/created-instances/mm-10-25-1891798.cdop,./settings/Memetic-LS_MPX_1099666.config,10,25,0.35954008701056556,0.3777190801740211,0.3927905531385954,0.4714108141702921,0.5032628962088254,0.533716594157862,0.6076755748912368,0.6539776258545681,0.6664077066500932,0.7209446861404599,0.7411435674331883,0.7771908017402113,0.7914853946550653,0.7914853946550653
./instances/created-instances/mm-20-25-1110588.cdop,./settings/Memetic_MPX_1287823.config,20,25,0.7427866070050918,0.7427866070050918,0.7427866070050918,0.7427866070050918,0.7427866070050918,0.7427866070050918,0.7427866070050918,0.7836753587409351,0.7836753587409351,0.7836753587409351,0.7836753587409351,0.7836753587409351,0.7836753587409351,0.7836753587409351
./instances/created-instances/mm-10-25-1767920.cdop,./settings/Memetic-LS_MPX_1099666.config,10,25,0.32400750234448267,0.38293216630196936,0.4623319787433573,0.43294779618630824,0.43294779618630824,0.46702094404501404,0.5479837449202876,0.5581431697405439,0.5581431697405439,0.5581431697405439,0.5581431697405439,0.5581431697405439,0.5620506408252579,0.5620506408252579
./instances/created-instances/mm-10-40-1110588.cdop,./settings/Memetic-LS_MMX_1881515.config,10,40,0.37115685252735797,0.4230067743616467,0.44880145909327773,0.460656591974987,0.4779833246482543,0.5260552371026577,0.5260552371026577,0.6074778530484627,0.6453882230328296,0.698931735278791,0.7400990099009901,0.806930693069307,0.8426263678999479,0.8426263678999479
./instances/created-instances/mm-25-10-1767920.cdop,./settings/Memetic_MPX_1287823.config,25,10,0.5984024850232971,0.5984024850232971,0.6469935655646771,0.6634124694919015,0.6634124694919015,0.6634124694919015,0.7335256268027512,0.7335256268027512,0.7335256268027512,0.7335256268027512,0.7770135345018859,0.7770135345018859,0.804304415353894,0.804304415353894
./instances/created-instances/mm-15-40-1762875.cdop,./settings/Memetic-LS_MPX_1099666.config,15,40,0.18914956011730205,0.22474006931484938,0.25446547587310053,0.25446547587310053,0.2619301519594775,0.292455345241269,0.3364436150359904,0.3380431884830712,0.3380431884830712,0.3380431884830712,0.3457744601439616,0.4218874966675553,0.4760063982937883,0.4760063982937883
./instances/created-instances/mm-5-10-1917698.cdop,./settings/Memetic-LS_MMX_1287823.config,5,10,0.7942386831275721,0.8205128205128205,0.866729977841089,0.8939537828426717,0.8939537828426717,0.9138968027856916,0.9275087052864831,0.9275087052864831,0.9344729344729344,0.9344729344729344,0.9389047166824944,0.9389047166824944,0.9683444127888572,0.9683444127888572
./instances/created-instances/mm-15-25-1767920.cdop,./settings/Memetic_MMX_1287823.config,15,25,0.8618228997729485,0.8884203697697048,0.9046383392799221,0.9163152773272786,0.9330197859228024,0.9445345442750568,0.9544275056762893,0.9544275056762893,0.9579954589685371,0.9716185533571197,0.9734025300032436,0.9734025300032436,0.9734025300032436,0.9734025300032436
./instances/created-instances/mm-25-25-1917698.cdop,./settings/Memetic-LS_MMX_1881515.config,25,25,0.22750268281465583,0.357504215851602,0.44381419592212173,0.44611375134140735,0.4881189636670244,0.5604783075272114,0.5762685880729725,0.5949716388164955,0.6861873371148245,0.7206806684041085,0.7542541775256784,0.7823087536409628,0.8126628851755328,0.8126628851755328
./instances/created-instances/mm-25-25-1891798.cdop,./settings/Memetic_MPX_1099666.config,25,25,0.5772133526850508,0.5772133526850508,0.5772133526850508,0.5772133526850508,0.5772133526850508,0.611756168359942,0.611756168359942,0.6548621190130625,0.7269956458635704,0.7269956458635704,0.7304789550072569,0.7477503628447024,0.7477503628447024,0.7477503628447024
./instances/created-instances/mm-10-25-1767920.cdop,./settings/Memetic_MMX_1287823.config,10,25,0.8882463269771804,0.9338855892466396,0.9366989684276337,0.9459206001875586,0.9607689903094717,0.9607689903094717,0.9796811503594873,0.9849953110346984,0.9849953110346984,0.9871834948421382,0.9914035636136292,0.9949984370115661,1.0,1.0
./instances/created-instances/mm-10-40-1767920.cdop,./settings/Memetic_MMX_1881515.config,10,40,0.8066104990278677,0.8458846403110823,0.8874918988982502,0.928451069345431,0.9324692158133506,0.9467271548930655,0.9467271548930655,0.952948801036941,0.969151004536617,0.9777057679844459,0.9915748541801686,0.9955930006480881,0.9974076474400518,0.9974076474400518
./instances/created-instances/mm-15-40-1917698.cdop,./settings/Memetic-LS_MMX_1881515.config,15,40,0.3412893151907205,0.35199643096140976,0.3697300914566139,0.39794780281061787,0.44590675886683023,0.4615213026990854,0.5179567254070935,0.5244256078518849,0.5555431630604506,0.6128708454160161,0.6811287084541602,0.7497211688601383,0.7509480258755298,0.7509480258755298
./instances/created-instances/mm-5-40-1110588.cdop,./settings/Memetic-LS_MMX_1287823.config,5,40,0.3899452982547538,0.47968220890856994,0.5098984110445428,0.5730659025787965,0.6252930450638187,0.6469132586611097,0.6596769992185465,0.7263610315186246,0.7849700442823652,0.8052878353737952,0.8095858296431362,0.8331596769992186,0.8877311799947903,0.8877311799947903
./instances/created-instances/mm-5-40-1891798.cdop,./settings/Memetic-LS_MPX_1881515.config,5,40,0.3996789727126806,0.4047413260896407,0.4511668107173725,0.4730213606618101,0.5180886529201136,0.5309297444128904,0.6172366958883813,0.6432892949746882,0.6939128287442894,0.7394740091369305,0.7808371403877021,0.7830596369922213,0.7830596369922213,0.7830596369922213
./instances/created-instances/mm-5-25-1762875.cdop,./settings/Memetic_MMX_1881515.config,5,25,0.9566724436741768,0.9616984402079722,0.9616984402079722,0.9675909878682842,0.9707105719237435,0.9717504332755632,0.9717504332755632,0.9752166377816291,0.9776429809358752,0.9800693240901213,0.9896013864818024,0.9896013864818024,0.9935875216637782,0.9935875216637782
./instances/created-instances/mm-10-25-1891798.cdop,./settings/Memetic_MMX_1099666.config,10,25,0.9176507147296458,0.9333436917339962,0.9370727159726538,0.9370727159726538,0.966283405842138,0.9768489745183344,0.9777812305779987,0.9777812305779987,0.9777812305779987,0.9853946550652579,0.9853946550652579,0.9877252952144189,0.9877252952144189,0.9877252952144189
./instances/created-instances/mm-15-25-1891798.cdop,./settings/Memetic-LS_MMX_1287823.config,15,25,0.3594994311717861,0.4035429871607346,0.4692020152771006,0.4692020152771006,0.4828538924102064,0.5795546887697058,0.64147570290915,0.673817649926865,0.7098976109215017,0.7518283764017553,0.7615797172111165,0.7818950105639525,0.8213879408418657,0.8213879408418657
./instances/created-instances/mm-20-25-1891798.cdop,./settings/Memetic_MMX_1881515.config,20,25,0.8564513689305703,0.8687036756920284,0.9018302828618968,0.9118136439267887,0.9615791862048102,0.9832098018454092,0.9909242172137347,0.9962184238390561,1.0,1.0,1.0,1.0,1.0,1.0
./instances/created-instances/mm-10-10-1767920.cdop,./settings/Memetic_MMX_1099666.config,10,10,0.9715230104246123,0.9715230104246123,0.9753368929570303,0.9855072463768116,0.9855072463768116,0.9855072463768116,0.9855072463768116,0.9855072463768116,0.9855072463768116,0.9855072463768116,0.9865242817187897,0.9949148232901094,0.999491482329011,0.999491482329011
./instances/created-instances/mm-20-25-1891798.cdop,./settings/Memetic-LS_MMX_1881515.config,20,25,0.2771139010739676,0.31160187566177583,0.35319921343215854,0.44199062169112086,0.4922099531084556,0.5682952654666465,0.590228407200121,0.6173044925124792,0.6416578429889578,0.6980789593102406,0.7215247315080926,0.7420965058236273,0.7973075177734079,0.7973075177734079
./instances/created-instances/mm-10-25-1762875.cdop,./settings/Memetic-LS_MMX_1099666.config,10,25,0.41407190779287806,0.42353345948735593,0.5035265783588508,0.5761224840873903,0.6177533115430931,0.6968862893514537,0.7290555651126784,0.7369688628935145,0.7564080509203509,0.7748150696714261,0.8437983829348014,0.8618613452606227,0.8740753483571305,0.8740753483571305
./instances/created-instances/mm-5-25-1110588.cdop,./settings/Memetic-LS_MMX_1287823.config,5,25,0.5983418592344328,0.657787969659552,0.7221732227906156,0.741929793614394,0.7777385782324925,0.7777385782324925,0.8410654436408538,0.853589698359499,0.872287881460575,0.9151525842300229,0.9229140941965073,0.9350855530075851,0.939848297759746,0.939848297759746
./instances/created-instances/mm-10-10-1917698.cdop,./settings/Memetic-LS_MPX_1099666.config,10,10,0.5564180759634045,0.5666759079567507,0.5666759079567507,0.5849736623232603,0.5885777654560577,0.6060438037149987,0.6418075963404491,0.6950374272248406,0.7593568062101469,0.7726642639312448,0.7726642639312448,0.824230662600499,0.824230662600499,0.824230662600499
./instances/created-instances/mm-20-10-1110588.cdop,./settings/Memetic-LS_MPX_1287823.config,20,10,0.28731604765241764,0.28731604765241764,0.31581406213501517,0.31581406213501517,0.36626956318617143,0.36626956318617143,0.41252043914973135,0.4760569960289652,0.5068909133380052,0.5068909133380052,0.5068909133380052,0.5068909133380052,0.562718990889979,0.562718990889979
./instances/created-instances/mm-5-40-1762875.cdop,./settings/Memetic-LS_MMX_1287823.config,5,40,0.3795431690849016,0.43772446487573624,0.5042378968539003,0.5530814538141071,0.5558109467030599,0.5914380117799167,0.639132308576354,0.6697313604367189,0.7187185749173969,0.7689987070823158,0.8141071685102715,0.8770291624766556,0.8837810659388019,0.8837810659388019
./instances/created-instances/mm-10-40-1110588.cdop,./settings/Memetic-LS_MPX_1881515.config,10,40,0.3043251693590412,0.32243355914538824,0.32243355914538824,0.38652944241792603,0.415450755601876,0.4361646690984888,0.46508598228243875,0.49713392391870764,0.5381709223553934,0.5848097967691506,0.6152944241792601,0.684471078686816,0.6963262115685253,0.6963262115685253
./instances/created-instances/mm-5-10-1917698.cdop,./settings/Memetic-LS_MMX_1881515.config,5,10,0.7347261791706237,0.7565685343463121,0.7872744539411206,0.8480531813865148,0.8499525166191833,0.9113643558088003,0.9113643558088003,0.9417537195314973,0.9506172839506173,0.9506172839506173,0.9506172839506173,0.9626464070908516,0.9626464070908516,0.9626464070908516
./instances/created-instances/mm-10-40-1891798.cdop,./settings/Memetic-LS_MPX_1099666.config,10,40,0.2527299039600053,0.2527299039600053,0.2558873832390475,0.32850940665701883,0.3661360347322721,0.4283646888567294,0.47217471385344034,0.5042757531903697,0.5617681883962636,0.5842652282594395,0.6175503223260097,0.6543875805815025,0.6638600184186292,0.6638600184186292
./instances/created-instances/mm-25-10-1891798.cdop,./settings/Memetic-LS_MMX_1881515.config,25,10,0.31084606783451363,0.341222512113306,0.42172940737979875,0.45005590756615726,0.48210957882966826,0.55721207603429,0.6248602310846068,0.6930674617964965,0.7139396198285501,0.7597838240775252,0.7937010808796123,0.8128960119269475,0.8300409988818487,0.8300409988818487
./instances/created-instances/mm-15-40-1767920.cdop,./settings/Memetic_MMX_1881515.config,15,40,0.8145528650203788,0.8569887317190122,0.9204027811076481,0.926516422920163,0.9298729321505634,0.9582833852793096,0.9616398945097099,0.9720690481898825,0.9804603212658834,0.9865739630783985,0.9888515943418844,0.9888515943418844,0.9926876048909135,0.9926876048909135
./instances/created-instances/mm-5-25-1917698.cdop,./settings/Memetic_MPX_1881515.config,5,25,0.8642585551330798,0.8642585551330798,0.9038022813688213,0.9038022813688213,0.9038022813688213,0.9121673003802281,0.9173003802281369,0.9361216730038023,0.9361216730038023,0.938403041825095,0.9532319391634981,0.9532319391634981,0.9788973384030418,0.9788973384030418
./instances/created-instances/mm-25-10-1110588.cdop,./settings/Memetic-LS_MPX_1881515.config,25,10,0.27003723300019594,0.27003723300019594,0.27003723300019594,0.2766999804036841,0.3635116598079561,0.3733098177542622,0.39819713893787967,0.39819713893787967,0.4226925338036449,0.4371938075641779,0.44013325494806976,0.4734469919655105,0.4808935920047031,0.4808935920047031
./instances/created-instances/mm-20-25-1762875.cdop,./settings/Memetic-LS_MPX_1099666.config,20,25,0.24462323998143276,0.24462323998143276,0.24586105523750582,0.26705864149775643,0.2746402599412038,0.2752591675692403,0.32693795451028934,0.33637629583784623,0.3448862757233483,0.3448862757233483,0.3461240909794213,0.3504564443756769,0.3914590747330961,0.3914590747330961
./instances/created-instances/mm-25-10-1762875.cdop,./settings/Memetic_MMX_1287823.config,25,10,0.8829361296472831,0.8987607244995234,0.9176358436606292,0.9178265014299333,0.9264061010486178,0.9271687321258342,0.9428026692087702,0.9504289799809342,0.9504289799809342,0.9580552907530981,0.9775023832221164,0.9775023832221164,0.9775023832221164,0.9775023832221164
./instances/created-instances/mm-10-40-1762875.cdop,./settings/Memetic-LS_MPX_1099666.config,10,40,0.2552096732698739,0.3079495755081039,0.3110367892976589,0.35104193465397476,0.3810136351942372,0.400823257010548,0.4277077437612555,0.4750450218677643,0.4750450218677643,0.47517365577566245,0.47517365577566245,0.47517365577566245,0.5649601234885516,0.5649601234885516
./instances/created-instances/mm-20-25-1767920.cdop,./settings/Memetic_MMX_1099666.config,20,25,0.8331543624161074,0.8781208053691275,0.9316778523489933,0.9381208053691276,0.945503355704698,0.9536912751677852,0.9616107382550335,0.9697986577181208,0.9763758389261745,0.9763758389261745,0.9783892617449664,0.9820134228187919,0.9887248322147651,0.9887248322147651
./instances/created-instances/mm-15-40-1891798.cdop,./settings/Memetic-LS_MPX_1287823.config,15,40,0.19913984100091228,0.19913984100091228,0.19913984100091228,0.24045353838133715,0.26365176593249057,0.28124592727746645,0.31943177375211784,0.32203831617359574,0.349146357356966,0.349146357356966,0.35253486250488725,0.35253486250488725,0.35253486250488725,0.35253486250488725
./instances/created-instances/mm-20-25-1110588.cdop,./settings/Memetic-LS_MMX_1099666.config,20,25,0.30411973460885666,0.35256904798642186,0.3882116957259682,0.4415985187471069,0.5229131306897083,0.5627218021910199,0.5875636475852491,0.6289152908501774,0.6826107082240395,0.7437123900632618,0.788921462737232,0.8085172041351644,0.833667643882117,0.833667643882117
./instances/created-instances/mm-10-10-1762875.cdop,./settings/Memetic-LS_MMX_1287823.config,10,10,0.6178170690241415,0.657259435566134,0.7568854131247875,0.7762665759945597,0.7762665759945597,0.7857871472288337,0.7857871472288337,0.8024481468888133,0.8602516150969058,0.8966337980278817,0.9129547772866372,0.9129547772866372,0.9129547772866372,0.9129547772866372
./instances/created-instances/mm-25-25-1762875.cdop,./settings/Memetic-LS_MPX_1287823.config,25,25,0.15697036223929747,0.16481103967382782,0.1712403951701427,0.18896032617218128,0.18896032617218128,0.18896032617218128,0.24541320370079975,0.2689352360043908,0.2689352360043908,0.2689352360043908,0.2689352360043908,0.2689352360043908,0.3122157754429983,0.3122157754429983
./instances/created-instances/mm-15-25-1110588.cdop,./settings/Memetic_MPX_1287823.config,15,25,0.682971525232591,0.682971525232591,0.682971525232591,0.7249788553707358,0.7249788553707358,0.7626162954609529,0.7626162954609529,0.8151959402311812,0.8517056667606427,0.8517056667606427,0.8517056667606427,0.8517056667606427,0.8541020580772484,0.8541020580772484
./instances/created-instances/mm-5-40-1110588.cdop,./settings/Memetic_MPX_1287823.config,5,40,0.7818442302682991,0.8129721281583746,0.8344620995050794,0.8878614222453765,0.8928106277676479,0.8928106277676479,0.8980203177910915,0.8980203177910915,0.8980203177910915,0.8991924980463663,0.905965095076843,0.905965095076843,0.9605365980724146,0.9605365980724146
./instances/created-instances/mm-10-10-1917698.cdop,./settings/Memetic_MPX_1881515.config,10,10,0.8863321319656224,0.8863321319656224,0.8863321319656224,0.8863321319656224,0.8863321319656224,0.8910451899085112,0.8910451899085112,0.8910451899085112,0.9143332409204324,0.9223731632935958,0.9223731632935958,0.9223731632935958,0.9473246465206543,0.9473246465206543
./instances/created-instances/mm-15-25-1110588.cdop,./settings/Memetic-LS_MPX_1881515.config,15,25,0.2514801240484917,0.2953199887228644,0.30166337750211447,0.3201296870594869,0.3422610656893149,0.36298280236819847,0.3770792218776431,0.39286721172822103,0.42585283338032137,0.42585283338032137,0.45517338595996615,0.5520157879898506,0.633070200169157,0.633070200169157
./instances/created-instances/mm-25-25-1110588.cdop,./settings/Memetic-LS_MPX_1287823.config,25,25,0.1859240786921585,0.20933776669437518,0.21529509559434745,0.23829315599889167,0.24660570795234138,0.2601828761429759,0.2601828761429759,0.26378498198947076,0.26503186478248825,0.26503186478248825,0.27168190634524797,0.28692158492657244,0.2888611803823774,0.2888611803823774
./instances/created-instances/mm-15-40-1767920.cdop,./settings/Memetic-LS_MPX_1881515.config,15,40,0.13749700311675858,0.1434907695996164,0.14996403740110284,0.18424838168304963,0.19347878206665067,0.20894269959242387,0.21229920882282427,0.22644449772236874,0.26672260848717333,0.2920163030448334,0.2980100695276912,0.3593862383121554,0.4309518101174778,0.4309518101174778
./instances/created-instances/mm-10-25-1891798.cdop,./settings/Memetic-LS_MMX_1287823.config,10,25,0.4647296457426973,0.4776258545680547,0.5564014916096954,0.5983530142945929,0.6036357986326911,0.6351771286513362,0.6813238036047234,0.685208203853325,0.7369484151646986,0.7493784959602238,0.7902423865755127,0.8545680546923555,0.8983840894965818,0.8983840894965818
./instances/created-instances/mm-10-40-1110588.cdop,./settings/Memetic_MPX_1099666.config,10,40,0.7146951537258989,0.7578165711307973,0.7688900468994267,0.7688900468994267,0.8239968733715477,0.8239968733715477,0.8239968733715477,0.8239968733715477,0.8239968733715477,0.8239968733715477,0.8264721208963002,0.8264721208963002,0.9131057842626368,0.9131057842626368
./instances/created-instances/mm-10-25-1891798.cdop,./settings/Memetic_MPX_1099666.config,10,25,0.7950590428837787,0.8096643878185208,0.9070851460534494,0.9184275947793661,0.9184275947793661,0.9308576755748912,0.9408017402113114,0.9485705407085147,0.9485705407085147,0.9552517091361094,0.964108141702921,0.964108141702921,0.9659726538222498,0.9659726538222498
./instances/created-instances/mm-15-10-1762875.cdop,./settings/Memetic-LS_MMX_1287823.config,15,10,0.5595685979433158,0.653875094055681,0.6822172059192375,0.6822172059192375,0.7542011537496864,0.7865563080010033,0.8324554803110108,0.8462503135189365,0.8753448708301982,0.9024329069475796,0.9024329069475796,0.9024329069475796,0.9102081765738651,0.9102081765738651
./instances/created-instances/mm-5-10-1917698.cdop,./settings/Memetic-LS_MMX_1099666.config,5,10,0.8138651471984806,0.8442545109211775,0.8607154162709718,0.8654637543526432,0.8705286483064261,0.9208610319721431,0.9208610319721431,0.9208610319721431,0.9208610319721431,0.9332067109844887,0.9332067109844887,0.9480848369737258,0.9480848369737258,0.9480848369737258
./instances/created-instances/mm-15-25-1891798.cdop,./settings/Memetic_MMX_1881515.config,15,25,0.8993986673167561,0.9190638712823013,0.9387290752478465,0.9387290752478465,0.9387290752478465,0.9427921339184138,0.94376726799935,0.9510807736063709,0.961969770843491,0.9691207541036893,0.9767593044043555,0.9897610921501706,0.9897610921501706,0.9897610921501706
./instances/created-instances/mm-10-40-1762875.cdop,./settings/Memetic-LS_MPX_1287823.config,10,40,0.22909698996655517,0.29688705942886545,0.331232312837664,0.36737844095703626,0.36737844095703626,0.4160020581425264,0.43851299202469773,0.44365834834062257,0.46629791613069205,0.501029071263185,0.5468227424749164,0.6296629791613069,0.7058142526369952,0.7058142526369952
./instances/created-instances/mm-5-40-1767920.cdop,./settings/Memetic-LS_MPX_1099666.config,5,40,0.46219135802469136,0.46219135802469136,0.4637345679012346,0.47003600823045266,0.4800668724279835,0.5495113168724279,0.5949074074074074,0.6323302469135802,0.6875,0.6875,0.6875,0.6875,0.6875,0.6875
./instances/created-instances/mm-25-10-1891798.cdop,./settings/Memetic_MPX_1881515.config,25,10,0.6177786060380172,0.6177786060380172,0.6177786060380172,0.6177786060380172,0.7128214685054044,0.7128214685054044,0.7128214685054044,0.7718971300782705,0.78997390980246,0.78997390980246,0.78997390980246,0.78997390980246,0.78997390980246,0.78997390980246
./instances/created-instances/mm-10-25-1891798.cdop,./settings/Memetic-LS_MMX_1881515.config,10,25,0.41112492231199504,0.5102548166563082,0.5200435052827843,0.5557799875699192,0.6078309509011809,0.6207271597265382,0.6365755127408328,0.699347420758235,0.7193909260410193,0.7891547545059043,0.8163455562461156,0.8163455562461156,0.8337476693598508,0.8337476693598508
./instances/created-instances/mm-25-25-1917698.cdop,./settings/Memetic-LS_MMX_1099666.config,25,25,0.288977464356891,0.3326690173233175,0.36332975624712555,0.3795799478767438,0.39491031733864784,0.459911083857121,0.5213858653993562,0.6090755787214472,0.6279319331595892,0.6863406408094435,0.7441361336808217,0.8072972558638664,0.8370381726199602,0.8370381726199602
./instances/created-instances/mm-20-25-1917698.cdop,./settings/Memetic_MMX_1287823.config,20,25,0.8699074074074075,0.9228395061728395,0.9300925925925926,0.946141975308642,0.9628086419753087,0.9787037037037037,0.9831790123456791,0.9912037037037037,0.9912037037037037,0.9912037037037037,0.9912037037037037,0.9969135802469136,0.9978395061728395,0.9978395061728395
./instances/created-instances/mm-10-40-1891798.cdop,./settings/Memetic_MMX_1099666.config,10,40,0.8789632943033812,0.8861991843178529,0.8861991843178529,0.9236942507564794,0.9598737008288383,0.9617155637416129,0.9625049335613735,0.9755295355874227,0.9927641099855282,0.9927641099855282,0.9927641099855282,1.0,1.0,1.0
./instances/created-instances/mm-10-10-1891798.cdop,./settings/Memetic_MMX_1881515.config,10,10,0.9514310494362532,0.9586585718415727,0.9629950852847644,0.971379011274935,0.9768719283029778,0.9768719283029778,0.9812084417461694,0.9979762937265105,0.9979762937265105,0.9979762937265105,0.9979762937265105,0.9979762937265105,0.9979762937265105,0.9979762937265105
./instances/created-instances/mm-10-25-1767920.cdop,./settings/Memetic-LS_MMX_1287823.config,10,25,0.40215692403876213,0.4281025320412629,0.47889965614254454,0.5512660206314474,0.5937793060331353,0.6366051891216005,0.7067833698030634,0.7502344482650828,0.7661769302907159,0.8551109721788058,0.8746483276023758,0.8948108783994998,0.8948108783994998,0.8948108783994998
./instances/created-instances/mm-5-10-1891798.cdop,./settings/Memetic_MPX_1287823.config,5,10,0.9402751719824891,0.9490306441525954,0.9537210756722951,0.9793621013133208,0.9793621013133208,0.9793621013133208,0.9843652282676673,0.9843652282676673,0.9843652282676673,0.9843652282676673,0.9896810506566605,0.9896810506566605,0.9896810506566605,0.9896810506566605
./instances/created-instances/mm-15-40-1762875.cdop,./settings/Memetic-LS_MMX_1099666.config,15,40,0.2737936550253266,0.2975206611570248,0.32644628099173556,0.34684084244201546,0.34684084244201546,0.37776592908557716,0.4492135430551853,0.537723273793655,0.5674486803519062,0.5973073846974141,0.6511596907491336,0.6730205278592375,0.7027459344174887,0.7027459344174887
./instances/created-instances/mm-10-40-1767920.cdop,./settings/Memetic-LS_MMX_1099666.config,10,40,0.28062216461438755,0.3305249513933895,0.4001296176279974,0.41918340894361633,0.4390149060272197,0.49863901490602724,0.5467271548930654,0.5608554763447829,0.6370706416072586,0.6648088139987038,0.743097861309138,0.7818535320803629,0.8488658457550227,0.8488658457550227
./instances/created-instances/mm-20-25-1762875.cdop,./settings/Memetic_MPX_1881515.config,20,25,0.5478879777193254,0.656660993346743,0.656660993346743,0.656660993346743,0.7183970292433854,0.7272164629429058,0.7272164629429058,0.8028779204703698,0.8098406312857805,0.8098406312857805,0.8098406312857805,0.8098406312857805,0.8098406312857805,0.8098406312857805
./instances/created-instances/mm-15-10-1917698.cdop,./settings/Memetic-LS_MPX_1099666.config,15,10,0.40705596107055964,0.40705596107055964,0.42384428223844284,0.45644768856447687,0.46058394160583943,0.5226277372262774,0.5523114355231143,0.5523114355231143,0.5554744525547445,0.5632603406326034,0.591970802919708,0.6411192214111923,0.6411192214111923,0.6411192214111923
./instances/created-instances/mm-10-40-1110588.cdop,./settings/Memetic-LS_MMX_1287823.config,10,40,0.3834028139656071,0.40919749869723815,0.4209223553934341,0.49413757165190203,0.5191505992704534,0.541558103178739,0.5780354351224596,0.6210265763418447,0.6250651380927567,0.6773058884835852,0.7282438770192808,0.773970818134445,0.8061490359562272,0.8061490359562272
./instances/created-instances/mm-15-40-1917698.cdop,./settings/Memetic-LS_MPX_1099666.config,15,40,0.20432745929065357,0.20432745929065357,0.20432745929065357,0.20432745929065357,0.20432745929065357,0.20800803033682802,0.23009145661387465,0.2801695293330359,0.3043720722730315,0.3043720722730315,0.3043720722730315,0.3043720722730315,0.3043720722730315,0.3043720722730315
./instances/created-instances/mm-10-10-1762875.cdop,./settings/Memetic_MMX_1287823.config,10,10,0.9370962257735465,0.9540972458347501,0.9615776946616797,0.9615776946616797,0.9738184291057463,0.9772186331179871,0.9772186331179871,0.9772186331179871,0.9772186331179871,0.9772186331179871,0.9772186331179871,0.9772186331179871,0.995239714382863,0.995239714382863
./instances/created-instances/mm-5-40-1767920.cdop,./settings/Memetic_MPX_1881515.config,5,40,0.7689043209876543,0.7848508230452675,0.8239454732510288,0.8679269547325102,0.9142232510288066,0.9142232510288066,0.9142232510288066,0.9142232510288066,0.9142232510288066,0.9142232510288066,0.9142232510288066,0.9142232510288066,0.9142232510288066,0.9142232510288066
./instances/created-instances/mm-15-25-1917698.cdop,./settings/Memetic-LS_MMX_1881515.config,15,25,0.42214033963473246,0.4618711951297661,0.4867029798141621,0.4886254405639218,0.5209868631848766,0.5785004806151874,0.6400192246074976,0.6956103812880488,0.718840115347645,0.7324575456584428,0.7396667734700416,0.7568087151553989,0.7850048061518744,0.7850048061518744
./instances/created-instances/mm-25-25-1110588.cdop,./settings/Memetic_MMX_1099666.config,25,25,0.8552230534774176,0.8916597395400387,0.914657799944583,0.9389027431421446,0.9646716541978387,0.9686893876420061,0.9699362704350235,0.970906068162926,0.9921030756442227,0.9969520642837351,0.9980604045441951,0.9980604045441951,1.0,1.0
./instances/created-instances/mm-10-25-1891798.cdop,./settings/Memetic_MMX_1287823.config,10,25,0.9198259788688626,0.944841516469857,0.9453076444996893,0.9473275326289621,0.9683032939714108,0.9683032939714108,0.9723430702299565,0.9743629583592294,0.9757613424487259,0.97591671845867,0.9821317588564326,0.9900559353635798,1.0,1.0
./instances/created-instances/mm-15-10-1110588.cdop,./settings/Memetic_MMX_1099666.config,15,10,0.9370096908167974,0.9448546377480388,0.9448546377480388,0.9448546377480388,0.9651592062759575,0.9651592062759575,0.9651592062759575,0.9651592062759575,0.9856945085371481,0.9880018458698662,0.9880018458698662,0.9880018458698662,0.9880018458698662,0.9880018458698662
./instances/created-instances/mm-5-25-1917698.cdop,./settings/Memetic-LS_MPX_1881515.config,5,25,0.5315589353612167,0.5787072243346008,0.6271863117870723,0.6779467680608365,0.6832699619771863,0.7153992395437262,0.782509505703422,0.7967680608365019,0.8243346007604563,0.8347908745247148,0.853041825095057,0.8545627376425855,0.9138783269961978,0.9138783269961978
./instances/created-instances/mm-20-10-1762875.cdop,./settings/Memetic_MPX_1099666.config,20,10,0.7350579839429081,0.7350579839429081,0.7638269402319358,0.7638269402319358,0.7638269402319358,0.7823371989295272,0.8822479928635147,0.8822479928635147,0.8822479928635147,0.8822479928635147,0.8822479928635147,0.8822479928635147,0.8822479928635147,0.8822479928635147
./instances/created-instances/mm-5-40-1110588.cdop,./settings/Memetic-LS_MPX_1287823.config,5,40,0.4484240687679083,0.4669184683511331,0.48319874967439436,0.5161500390726752,0.5526178692367804,0.5873925501432665,0.5971607189372232,0.6114873665016931,0.6758270382912217,0.7126855952070852,0.7173743162281844,0.7794998697577494,0.7943474863245636,0.7943474863245636
./instances/created-instances/mm-20-10-1767920.cdop,./settings/Memetic_MMX_1287823.config,20,10,0.9284336833083351,0.9410756374544675,0.9556460252839083,0.9567173773301907,0.9567173773301907,0.9766445253910435,0.9779301478465824,0.9779301478465824,0.9779301478465824,0.9884293979001499,0.9884293979001499,0.9927148060852796,0.9985001071352047,0.9985001071352047
./instances/created-instances/mm-25-10-1891798.cdop,./settings/Memetic-LS_MMX_1099666.config,25,10,0.4198658218412225,0.45471487141259787,0.5085724934774506,0.551248602310846,0.6017517704062616,0.6257920238538949,0.6321282146850541,0.6464778233320909,0.7124487513976892,0.7389116660454715,0.7599701826313828,0.8194185613119642,0.861908311591502,0.861908311591502
./instances/created-instances/mm-20-10-1891798.cdop,./settings/Memetic_MPX_1881515.config,20,10,0.745273631840796,0.745273631840796,0.745273631840796,0.745273631840796,0.745273631840796,0.745273631840796,0.7747263681592039,0.8069651741293532,0.8199004975124378,0.8246766169154229,0.8632835820895522,0.8632835820895522,0.8632835820895522,0.8632835820895522
./instances/created-instances/mm-15-25-1891798.cdop,./settings/Memetic_MMX_1287823.config,15,25,0.8959856980334796,0.9338534048431659,0.9338534048431659,0.9385665529010239,0.9429546562652364,0.9512432959531936,0.9709084999187388,0.9757841703234195,0.9876483016414757,0.9876483016414757,0.9915488379652202,0.9915488379652202,1.0,1.0
./instances/created-instances/mm-25-10-1917698.cdop,./settings/Memetic_MPX_1099666.config,25,10,0.6969575660528423,0.6969575660528423,0.7063650920736589,0.7063650920736589,0.7063650920736589,0.7063650920736589,0.7758206565252201,0.7758206565252201,0.7758206565252201,0.7758206565252201,0.7976381104883907,0.83306645316253,0.83306645316253,0.83306645316253
./instances/created-instances/mm-15-25-1917698.cdop,./settings/Memetic-LS_MMX_1287823.config,15,25,0.21339314322332587,0.2729894264658763,0.35052867670618393,0.4178148029477731,0.456424223005447,0.5116949695610381,0.569048381928869,0.6510733739186159,0.7153156039730856,0.7773149631528357,0.8269785325216277,0.849887856456264,0.8577379045177828,0.8577379045177828
./instances/created-instances/mm-15-25-1917698.cdop,./settings/Memetic_MPX_1881515.config,15,25,0.7491188721563602,0.7491188721563602,0.7491188721563602,0.7987824415251522,0.7987824415251522,0.7987824415251522,0.8130406920858699,0.8793655879525794,0.8793655879525794,0.8793655879525794,0.8904197372636975,0.8904197372636975,0.8904197372636975,0.8904197372636975
./instances/created-instances/mm-5-10-1917698.cdop,./settings/Memetic_MPX_1287823.config,5,10,0.9648622981956315,0.9730927508705286,0.9838556505223172,0.9879708768597657,0.9879708768597657,0.9879708768597657,0.9936688825577714,0.9968344412788858,1.0,1.0,1.0,1.0,1.0,1.0
./instances/created-instances/mm-15-25-1767920.cdop,./settings/Memetic-LS_MPX_1287823.config,15,25,0.2124554005838469,0.2124554005838469,0.2124554005838469,0.23240350308141422,0.25170288679857283,0.27813817710022704,0.2802465131365553,0.3499837820304898,0.4057735971456374,0.4057735971456374,0.4057735971456374,0.4057735971456374,0.4442101848848524,0.4442101848848524
./instances/created-instances/mm-25-10-1917698.cdop,./settings/Memetic_MMX_1881515.config,25,10,0.8787029623698959,0.8803042433947158,0.9213370696557246,0.9571657325860689,0.9639711769415532,0.9723779023218575,0.9759807846277022,0.9931945556445156,0.9981985588470776,0.9981985588470776,0.9981985588470776,1.0,1.0,1.0
./instances/created-instances/mm-20-25-1891798.cdop,./settings/Memetic-LS_MMX_1287823.config,20,25,0.2798366359098472,0.3356527000453789,0.40266222961730447,0.4149145363787627,0.41703221902889126,0.5682952654666465,0.6123128119800333,0.6318257449705037,0.6893057026168508,0.7192557858115263,0.7454242928452579,0.7625170170927242,0.7827862653153834,0.7827862653153834
./instances/created-instances/mm-25-25-1891798.cdop,./settings/Memetic-LS_MMX_1287823.config,25,25,0.22075471698113208,0.2795355587808418,0.31886792452830187,0.34775036284470245,0.38272859216255445,0.4545718432510885,0.511465892597968,0.5701015965166909,0.6105950653120464,0.6380261248185777,0.6854862119013062,0.7014513788098694,0.7687953555878084,0.7687953555878084
./instances/created-instances/mm-5-25-1762875.cdop,./settings/Memetic_MPX_1287823.config,5,25,0.8454072790294628,0.8762564991334488,0.8762564991334488,0.9095320623916812,0.9128249566724437,0.9261698440207973,0.9261698440207973,0.9363951473136916,0.9363951473136916,0.9495667244367417,0.9589254766031196,0.9589254766031196,0.9589254766031196,0.9589254766031196
./instances/created-instances/mm-5-10-1891798.cdop,./settings/Memetic-LS_MMX_1881515.config,5,10,0.7864290181363353,0.7979987492182614,0.8133208255159474,0.8180112570356473,0.8467792370231395,0.8467792370231395,0.8771106941838649,0.8786741713570981,0.9146341463414634,0.9362101313320825,0.9568480300187617,0.981863664790494,0.9862414008755472,0.9862414008755472
./instances/created-instances/mm-25-25-1917698.cdop,./settings/Memetic-LS_MPX_1287823.config,25,25,0.17353978230875364,0.20711329143032348,0.22980223823394144,0.22980223823394144,0.2710409320864633,0.28499156829679595,0.3049210485972712,0.3063007818488426,0.3236240993407941,0.34048750574888853,0.34048750574888853,0.3797332515713629,0.3797332515713629,0.3797332515713629
./instances/created-instances/mm-5-40-1917698.cdop,./settings/Memetic_MPX_1099666.config,5,40,0.8426023084994754,0.8790661070304302,0.9009706190975866,0.9009706190975866,0.9009706190975866,0.9193336831059811,0.9193336831059811,0.9193336831059811,0.9193336831059811,0.9569779643231899,0.9569779643231899,0.9577649527806925,0.9577649527806925,0.9577649527806925
./instances/created-instances/mm-10-40-1762875.cdop,./settings/Memetic-LS_MMX_1287823.config,10,40,0.36905068175971184,0.3927193208129663,0.39644970414201186,0.4230769230769231,0.48893748392076153,0.5374324671983535,0.5796243889889375,0.6195009004373553,0.6685104193465398,0.6688963210702341,0.6939799331103679,0.7464625675328016,0.7800360174942115,0.7800360174942115
./instances/created-instances/mm-5-25-1917698.cdop,./settings/Memetic-LS_MMX_1881515.config,5,25,0.49372623574144486,0.6167300380228137,0.6376425855513308,0.6749049429657795,0.7100760456273765,0.7536121673003803,0.7693916349809886,0.776235741444867,0.7817490494296578,0.8077946768060836,0.8762357414448669,0.9055133079847909,0.9055133079847909,0.9055133079847909
./instances/created-instances/mm-15-10-1767920.cdop,./settings/Memetic-LS_MPX_1099666.config,15,10,0.3028214516476416,0.30928279129872926,0.30928279129872926,0.35300452293775575,0.3719577859142796,0.3958647426233039,0.4062028860650442,0.42149472323928494,0.47663148826189966,0.5076459185871204,0.5257376696101659,0.538229592935602,0.538229592935602,0.538229592935602
./instances/created-instances/mm-25-10-1891798.cdop,./settings/Memetic_MPX_1099666.config,25,10,0.6999627282892285,0.6999627282892285,0.6999627282892285,0.6999627282892285,0.6999627282892285,0.6999627282892285,0.6999627282892285,0.7402161759224748,0.8050689526649273,0.8050689526649273,0.8050689526649273,0.8050689526649273,0.8050689526649273,0.8050689526649273
./instances/created-instances/mm-15-25-1762875.cdop,./settings/Memetic-LS_MMX_1099666.config,15,25,0.3699344457687723,0.4074791418355185,0.4185041716328963,0.5284564958283671,0.5655542312276519,0.5735995232419547,0.6089094159713945,0.6485399284862932,0.7210965435041716,0.7580452920143027,0.765792610250298,0.8002085816448152,0.8240464839094159,0.8240464839094159
./instances/created-instances/mm-10-25-1762875.cdop,./settings/Memetic_MPX_1881515.config,10,25,0.824187166695338,0.8886977464304145,0.8886977464304145,0.8886977464304145,0.8955788749354894,0.8955788749354894,0.8955788749354894,0.8955788749354894,0.9110614140719078,0.9110614140719078,0.9110614140719078,0.9110614140719078,0.9110614140719078,0.9110614140719078
./instances/created-instances/mm-10-40-1767920.cdop,./settings/Memetic-LS_MMX_1287823.config,10,40,0.36850291639662996,0.41762799740764744,0.4307193778353856,0.43447828904731045,0.4829552819183409,0.4863253402462735,0.5052495139338951,0.5052495139338951,0.6116655865197667,0.6162022034996759,0.7696694750486066,0.80699935191186,0.833700583279326,0.833700583279326
./instances/created-instances/mm-10-10-1762875.cdop,./settings/Memetic-LS_MMX_1099666.config,10,10,0.6878612716763006,0.6878612716763006,0.6888813328799728,0.7439646378782727,0.7885073104386263,0.8221693301598096,0.8510710642638558,0.8762325739544373,0.8857531451887113,0.8857531451887113,0.8857531451887113,0.8973138388303298,0.9075144508670521,0.9075144508670521
./instances/created-instances/mm-15-40-1917698.cdop,./settings/Memetic-LS_MPX_1287823.config,15,40,0.20120455052420255,0.20120455052420255,0.21414231541378542,0.21414231541378542,0.21414231541378542,0.22730314521525763,0.2548516618335936,0.2963417354450145,0.3262324336381887,0.3492081195627928,0.3609190274369842,0.4261655141646219,0.4394378764220388,0.4394378764220388
./instances/created-instances/mm-10-10-1917698.cdop,./settings/Memetic-LS_MPX_1881515.config,10,10,0.5766565012475742,0.5874688106459661,0.5885777654560577,0.602994177987247,0.6190740227335736,0.6831161630163571,0.7105627945661215,0.7269198780149709,0.811200443581924,0.8167452176323815,0.826448572220682,0.8322705849736624,0.8613806487385639,0.8613806487385639
./instances/created-instances/mm-15-25-1917698.cdop,./settings/Memetic_MPX_1099666.config,15,25,0.8335469400833067,0.856135853892983,0.856135853892983,0.856135853892983,0.856135853892983,0.856135853892983,0.856135853892983,0.856135853892983,0.8492470362063441,0.8492470362063441,0.8492470362063441,0.8492470362063441,0.8958667093880167,0.8958667093880167
./instances/created-instances/mm-10-10-1110588.cdop,./settings/Memetic-LS_MMX_1881515.config,10,10,0.600284090909091,0.71875,0.71875,0.7417613636363637,0.7767045454545455,0.8142045454545455,0.8644886363636364,0.8965909090909091,0.9298295454545454,0.9363636363636364,0.9363636363636364,0.9363636363636364,0.9363636363636364,0.9363636363636364
./instances/created-instances/mm-25-10-1917698.cdop,./settings/Memetic-LS_MMX_1287823.config,25,10,0.5142113690952762,0.5482385908726981,0.6281024819855885,0.6355084067253803,0.6479183346677342,0.6969575660528423,0.7073658927141714,0.7626100880704564,0.7914331465172137,0.8138510808646917,0.8138510808646917,0.8138510808646917,0.8138510808646917,0.8138510808646917
./instances/created-instances/mm-20-25-1891798.cdop,./settings/Memetic-LS_MPX_1099666.config,20,25,0.2140372107094237,0.2140372107094237,0.2140372107094237,0.2140372107094237,0.23854182423234005,0.23854182423234005,0.2727272727272727,0.2727272727272727,0.27756769021328087,0.27756769021328087,0.30978671910452277,0.36469520496142793,0.3837543488125851,0.3837543488125851
./instances/created-instances/mm-20-10-1917698.cdop,./settings/Memetic-LS_MMX_1287823.config,20,10,0.512165743194411,0.5926282823416045,0.5955191520115635,0.615032522283787,0.6921223801493616,0.7048903878583473,0.7651168393158275,0.8202842688508794,0.8202842688508794,0.836424957841484,0.8414839797639123,0.8463020958805108,0.8735244519392917,0.8735244519392917
./instances/created-instances/mm-15-25-1891798.cdop,./settings/Memetic-LS_MPX_1881515.config,15,25,0.29871607346010076,0.3286201852754754,0.33593369088249636,0.33593369088249636,0.3733138306517146,0.4066309117503657,0.41361937266374127,0.42889647326507396,0.4862668616934829,0.5620022753128555,0.6187225743539737,0.648789208516171,0.6723549488054608,0.6723549488054608
./instances/created-instances/mm-5-25-1767920.cdop,./settings/Memetic_MMX_1099666.config,5,25,0.9554648687012065,0.9554648687012065,0.9579488999290277,0.9583037615330021,0.9657558552164656,0.9742725337118524,0.9822569198012775,0.984208658623137,0.984208658623137,0.9847409510290986,0.9847409510290986,0.9847409510290986,0.9847409510290986,0.9847409510290986
./instances/created-instances/mm-10-10-1891798.cdop,./settings/Memetic-LS_MPX_1287823.config,10,10,0.6264816420930905,0.6999132697311362,0.6999132697311362,0.6999132697311362,0.7100318010985834,0.7603353570396069,0.7759468054350969,0.7759468054350969,0.7762359063313097,0.7840416305290546,0.7840416305290546,0.7967620699624168,0.7967620699624168,0.7967620699624168
./instances/created-instances/mm-10-25-1110588.cdop,./settings/Memetic-LS_MPX_1881515.config,10,25,0.3495065789473684,0.3694078947368421,0.40115131578947366,0.43026315789473685,0.46661184210526313,0.5021381578947368,0.5393092105263158,0.5822368421052632,0.640625,0.6753289473684211,0.6753289473684211,0.6753289473684211,0.7115131578947368,0.7115131578947368
./instances/created-instances/mm-15-10-1891798.cdop,./settings/Memetic-LS_MMX_1881515.config,15,10,0.5478641840087624,0.6477546549835707,0.7154435925520263,0.7154435925520263,0.7373493975903614,0.7375684556407448,0.7960569550930997,0.8363636363636363,0.8974808324205915,0.9292442497261775,0.9362541073384447,0.9386637458926615,0.9397590361445783,0.9397590361445783
./instances/created-instances/mm-10-40-1917698.cdop,./settings/Memetic-LS_MMX_1881515.config,10,40,0.24895370957514268,0.2911857958148383,0.2911857958148383,0.31870640456563093,0.3987317691819911,0.4185161699429296,0.449714648065948,0.5317691819911223,0.5984781230183893,0.6675967025998731,0.7312618896639188,0.7755231452124287,0.8205453392517438,0.8205453392517438
./instances/created-instances/mm-20-10-1917698.cdop,./settings/Memetic_MPX_1287823.config,20,10,0.7427125993736449,0.7427125993736449,0.7966754998795471,0.8171524933750903,0.8357022404239942,0.8357022404239942,0.8532883642495784,0.8532883642495784,0.8532883642495784,0.8713562996868225,0.8713562996868225,0.8944832570464948,0.8944832570464948,0.8944832570464948
./instances/created-instances/mm-25-10-1762875.cdop,./settings/Memetic-LS_MPX_1099666.config,25,10,0.23584366062917064,0.23584366062917064,0.23584366062917064,0.23584366062917064,0.23584366062917064,0.23584366062917064,0.23584366062917064,0.24251668255481412,0.2703527168732126,0.32449952335557675,0.3590085795996187,0.36377502383222116,0.36549094375595803,0.36549094375595803
./instances/created-instances/mm-15-10-1762875.cdop,./settings/Memetic-LS_MPX_1881515.config,15,10,0.40055179332831703,0.40055179332831703,0.491096062202157,0.491096062202157,0.491096062202157,0.491096062202157,0.5593177827940807,0.5593177827940807,0.5593177827940807,0.564083270629546,0.5881615249561073,0.6779533483822423,0.708803611738149,0.708803611738149
./instances/created-instances/mm-15-10-1762875.cdop,./settings/Memetic_MMX_1881515.config,15,10,0.9237521946325558,0.9312766491096062,0.9365437672435415,0.9533483822422875,0.9676448457486833,0.9744168547780286,0.9744168547780286,0.9744168547780286,0.9854527213443692,0.9889641334336594,0.9889641334336594,0.9902182091798345,1.0,1.0
./instances/created-instances/mm-10-10-1917698.cdop,./settings/Memetic-LS_MMX_1099666.config,10,10,0.7097310784585528,0.7546437482672581,0.8142500693096756,0.8178541724424729,0.8211810368727475,0.8239534238979762,0.8489049071250346,0.8921541447186028,0.9196007762683671,0.930690324369282,0.9331854726919878,0.9331854726919878,0.9331854726919878,0.9331854726919878
./instances/created-instances/mm-15-40-1767920.cdop,./settings/Memetic-LS_MPX_1099666.config,15,40,0.20402781107648046,0.22812275233756893,0.22812275233756893,0.22812275233756893,0.22812275233756893,0.22860225365619755,0.22884200431551185,0.26612323183888753,0.2918964277151762,0.33157516183169505,0.3533924718292975,0.35746823303764086,0.3687365140254136,0.3687365140254136
./instances/created-instances/mm-25-25-1110588.cdop,./settings/Memetic-LS_MPX_1099666.config,25,25,0.18356885563868108,0.18356885563868108,0.2376004433361042,0.2376004433361042,0.2600443336104184,0.2765308949847603,0.2765308949847603,0.2944028816846772,0.2944028816846772,0.2944028816846772,0.30410085896370187,0.31781656968689387,0.31781656968689387,0.31781656968689387
./instances/created-instances/mm-15-40-1762875.cdop,./settings/Memetic_MMX_1881515.config,15,40,0.8429752066115702,0.8869634764062917,0.900693148493735,0.9106904825379899,0.9268195147960544,0.9565449213543055,0.9626766195681151,0.9789389496134364,0.9828045854438816,0.9828045854438816,0.9986670221274326,0.9997334044254865,1.0,1.0
./instances/created-instances/mm-10-40-1917698.cdop,./settings/Memetic-LS_MPX_1099666.config,10,40,0.21217501585288523,0.25783132530120484,0.2890298034242232,0.3069118579581484,0.35979708306911856,0.3709575142675967,0.3979708306911858,0.4528852251109702,0.5143944197844008,0.5420418516169943,0.5786937222574509,0.6054533925174381,0.6725428027901078,0.6725428027901078
./instances/created-instances/mm-20-25-1762875.cdop,./settings/Memetic-LS_MPX_1287823.config,20,25,0.19278972613337458,0.19278972613337458,0.2164629429057713,0.2164629429057713,0.2164629429057713,0.2190933003249265,0.24137397493424106,0.2576203001701996,0.2576203001701996,0.2593222961473,0.35571715921398733,0.3947083397802878,0.4200835525297849,0.4200835525297849
./instances/created-instances/mm-5-25-1110588.cdop,./settings/Memetic_MMX_1287823.config,5,25,0.9290880225789381,0.9534309402010936,0.9640148174281178,0.9710707355794673,0.9710707355794673,0.9728347151173047,0.9728347151173047,0.9728347151173047,0.9827130005291939,0.9827130005291939,0.98535896983595,1.0,1.0,1.0
./instances/created-instances/mm-10-25-1762875.cdop,./settings/Memetic_MMX_1287823.config,10,25,0.8778599690349217,0.8914501978324445,0.9299845174608636,0.9459831412351626,0.9797006709100292,0.9797006709100292,0.980044727335283,0.9805608119731636,0.9805608119731636,0.9822810940994323,0.9869258558403579,0.9943230689833132,1.0,1.0
./instances/created-instances/mm-15-25-1891798.cdop,./settings/Memetic-LS_MPX_1099666.config,15,25,0.24719648951730863,0.333495855680156,0.3503981797497156,0.3555988948480416,0.3791646351373314,0.4735901186413132,0.4735901186413132,0.5033317081098652,0.5114578254509995,0.5114578254509995,0.5215342109540062,0.5215342109540062,0.5317731188038355,0.5317731188038355
./instances/created-instances/mm-10-10-1767920.cdop,./settings/Memetic-LS_MPX_1287823.config,10,10,0.5151284007119248,0.5151284007119248,0.5306381896770913,0.5306381896770913,0.5349605898804983,0.5428426137808289,0.5642003559623697,0.5860666158148996,0.6381896770912789,0.6498855835240275,0.6590389016018307,0.6839562674802949,0.6857360793287567,0.6857360793287567
./instances/created-instances/mm-15-25-1762875.cdop,./settings/Memetic_MPX_1099666.config,15,25,0.7507449344457687,0.7507449344457687,0.7507449344457687,0.760280095351609,0.8247914183551848,0.8247914183551848,0.8247914183551848,0.8247914183551848,0.8247914183551848,0.8499702026221693,0.8583134684147795,0.8583134684147795,0.8583134684147795,0.8583134684147795
./instances/created-instances/mm-10-10-1891798.cdop,./settings/Memetic_MMX_1099666.config,10,10,0.9534547557097427,0.9681989014165944,0.9890141659439144,0.9890141659439144,0.9890141659439144,0.9890141659439144,0.9890141659439144,0.9890141659439144,0.9890141659439144,0.9890141659439144,0.9890141659439144,1.0,1.0,1.0
./instances/created-instances/mm-10-10-1767920.cdop,./settings/Memetic-LS_MMX_1099666.config,10,10,0.6803966437833715,0.6803966437833715,0.7180269514365624,0.7274345283498601,0.7350622934146962,0.778794813119756,0.8143910500889906,0.8192219679633868,0.8982964658021866,0.9130434782608695,0.9252479023646072,0.9443173150266971,0.9443173150266971,0.9443173150266971
./instances/created-instances/mm-5-10-1762875.cdop,./settings/Memetic-LS_MPX_1881515.config,5,10,0.7612732095490716,0.784261715296198,0.8430592396109637,0.8642793987621574,0.8784261715296198,0.8996463306808135,0.9102564102564102,0.9102564102564102,0.9235190097259063,0.9319186560565871,0.9509283819628647,0.9597701149425287,0.9597701149425287,0.9597701149425287
./instances/created-instances/mm-10-40-1110588.cdop,./settings/Memetic_MPX_1881515.config,10,40,0.6960656591974987,0.741401771756123,0.7967691505992704,0.8163105784262636,0.8163105784262636,0.8163105784262636,0.8467952058363731,0.852657634184471,0.852657634184471,0.852657634184471,0.852657634184471,0.852657634184471,0.852657634184471,0.852657634184471
./instances/created-instances/mm-20-10-1891798.cdop,./settings/Memetic_MPX_1287823.config,20,10,0.6740298507462686,0.6740298507462686,0.7385074626865672,0.7385074626865672,0.7502487562189055,0.7502487562189055,0.7502487562189055,0.7611940298507462,0.7838805970149254,0.7940298507462686,0.8019900497512438,0.8019900497512438,0.80318407960199,0.80318407960199
./instances/created-instances/mm-5-10-1762875.cdop,./settings/Memetic_MPX_1287823.config,5,10,0.9756852343059239,0.9805481874447391,0.9849690539345711,0.9902740937223696,0.9902740937223696,0.9902740937223696,0.9902740937223696,1.0,1.0,1.0,1.0,1.0,1.0,1.0
./instances/created-instances/mm-15-10-1891798.cdop,./settings/Memetic-LS_MMX_1099666.config,15,10,0.5384446878422782,0.60065717415115,0.628039430449069,0.7060240963855422,0.7281489594742607,0.7360350492880613,0.7835706462212486,0.7890470974808325,0.8122672508214677,0.8490690032858708,0.8863088718510406,0.9274917853231106,0.9274917853231106,0.9274917853231106
./instances/created-instances/mm-20-25-1110588.cdop,./settings/Memetic-LS_MMX_1881515.config,20,25,0.31985804659774725,0.3291158771794476,0.38203980867150134,0.42354574911279125,0.4530165097978707,0.5033173892917759,0.5414287918531091,0.580157383119889,0.6336985033173893,0.6958802653911433,0.747878413825027,0.8023453170806975,0.8079000154297177,0.8079000154297177
./instances/created-instances/mm-15-10-1110588.cdop,./settings/Memetic_MPX_1881515.config,15,10,0.8334102445777573,0.8334102445777573,0.8334102445777573,0.8334102445777573,0.8523304107060452,0.8523304107060452,0.8523304107060452,0.8523304107060452,0.8523304107060452,0.8523304107060452,0.8523304107060452,0.8523304107060452,0.8523304107060452,0.8523304107060452
./instances/created-instances/mm-25-25-1891798.cdop,./settings/Memetic-LS_MMX_1881515.config,25,25,0.2728592162554427,0.3158200290275762,0.3629898403483309,0.37779390420899855,0.39100145137880987,0.41030478955007255,0.46966618287373,0.5081277213352685,0.5830188679245283,0.690566037735849,0.7671988388969521,0.8364296081277214,0.8564586357039187,0.8564586357039187
./instances/created-instances/mm-10-10-1110588.cdop,./settings/Memetic-LS_MPX_1099666.config,10,10,0.46875,0.5153409090909091,0.5258522727272728,0.6099431818181819,0.6508522727272728,0.6744318181818182,0.7335227272727273,0.7573863636363637,0.7778409090909091,0.7778409090909091,0.7778409090909091,0.7803977272727273,0.7803977272727273,0.7803977272727273
./instances/created-instances/mm-5-40-1891798.cdop,./settings/Memetic_MPX_1881515.config,5,40,0.7935547598468947,0.8161501419928386,0.8268922089146808,0.8770218545499444,0.8983825163600444,0.9170267934312878,0.9178910976663786,0.9383874552413878,0.9412273120138289,0.9412273120138289,0.9412273120138289,0.9494999382639832,0.9499938263983208,0.9499938263983208
./instances/created-instances/mm-5-40-1762875.cdop,./settings/Memetic_MMX_1099666.config,5,40,0.8452808504525212,0.8778911075994829,0.9182588708518891,0.9525930182445052,0.9543169084901595,0.9702628932624623,0.9754345639994254,0.9781640568883782,0.9872144806780635,0.9872144806780635,0.9872144806780635,0.9889383709237178,0.992673466455969,0.992673466455969
./instances/created-instances/mm-10-10-1767920.cdop,./settings/Memetic-LS_MMX_1287823.config,10,10,0.7592168827866769,0.7749809305873379,0.7790490719552504,0.7813374014747012,0.7902364607170099,0.8314263920671243,0.8339689804220697,0.8703279938977879,0.924739384693618,0.9537248919399949,0.958047292143402,0.958047292143402,0.958047292143402,0.958047292143402
./instances/created-instances/mm-10-25-1891798.cdop,./settings/Memetic_MPX_1287823.config,10,25,0.7902423865755127,0.867619639527657,0.867619639527657,0.867619639527657,0.867619639527657,0.867619639527657,0.8814481044126787,0.9049098819142325,0.9369173399627098,0.9369173399627098,0.9453076444996893,0.9453076444996893,0.9482597886886265,0.9482597886886265
./instances/created-instances/mm-10-10-1891798.cdop,./settings/Memetic_MPX_1881515.config,10,10,0.8950563746747615,0.9190517490604221,0.9190517490604221,0.9274356750505927,0.9274356750505927,0.9358196010407632,0.9358196010407632,0.9358196010407632,0.9358196010407632,0.9592367736339983,0.9592367736339983,0.9592367736339983,0.9592367736339983,0.9592367736339983
./instances/created-instances/mm-15-25-1891798.cdop,./settings/Memetic_MPX_1287823.config,15,25,0.7480903624248334,0.7641800747602795,0.7641800747602795,0.7641800747602795,0.7992849016739801,0.7992849016739801,0.7992849016739801,0.853567365512758,0.881196164472615,0.8925727287502031,0.8925727287502031,0.8925727287502031,0.8925727287502031,0.8925727287502031
./instances/created-instances/mm-20-10-1767920.cdop,./settings/Memetic-LS_MMX_1881515.config,20,10,0.40497107349475037,0.4073280479965717,0.47889436468823654,0.5804585386758089,0.6068137990143562,0.6968073709020784,0.7002356974501821,0.7338761517034498,0.7634454681808442,0.7889436468823655,0.7921577030212128,0.830940647096636,0.8553674737518748,0.8553674737518748
./instances/created-instances/mm-15-25-1110588.cdop,./settings/Memetic_MMX_1287823.config,15,25,0.8487454186636594,0.869467155342543,0.9127431632365379,0.9274034395263603,0.933323935720327,0.9629264166901607,0.9732168029320553,0.9732168029320553,0.9897096137581054,0.9915421482943333,0.9915421482943333,1.0,1.0,1.0
./instances/created-instances/mm-25-10-1767920.cdop,./settings/Memetic-LS_MPX_1099666.config,25,10,0.2227645884180164,0.2227645884180164,0.2227645884180164,0.26736188151763923,0.26736188151763923,0.26736188151763923,0.28400266252496115,0.3004215664521855,0.31972487242067893,0.3918349234524074,0.4135788773019747,0.41890392722431774,0.42955402706900375,0.42955402706900375
./instances/created-instances/mm-10-10-1762875.cdop,./settings/Memetic-LS_MMX_1881515.config,10,10,0.6082964977898674,0.6334580074804488,0.7140428425705543,0.7497449846990819,0.7881672900374023,0.7942876572594356,0.8004080244814689,0.8095885753145189,0.8095885753145189,0.8554913294797688,0.9112546752805168,0.9282556953417205,0.9282556953417205,0.9282556953417205
./instances/created-instances/mm-5-25-1917698.cdop,./settings/Memetic-LS_MMX_1287823.config,5,25,0.6473384030418251,0.6564638783269962,0.6758555133079848,0.6960076045627377,0.7330798479087453,0.7861216730038023,0.8055133079847909,0.8258555133079848,0.8486692015209125,0.8486692015209125,0.8486692015209125,0.8553231939163498,0.9091254752851711,0.9091254752851711
./instances/created-instances/mm-5-40-1891798.cdop,./settings/Memetic-LS_MMX_1287823.config,5,40,0.3747376219286332,0.44635140140758117,0.47265094456105694,0.5111742190393875,0.536115569823435,0.578836893443635,0.6072354611680454,0.6101987899740708,0.6298308433139894,0.6471169280158044,0.6781084084454871,0.7445363625138905,0.7661439683911594,0.7661439683911594
./instances/created-instances/mm-5-10-1767920.cdop,./settings/Memetic_MMX_1881515.config,5,10,0.9802045529528208,0.9802045529528208,0.9802045529528208,0.9802045529528208,0.9802045529528208,0.9802045529528208,0.9802045529528208,0.9947212141207522,0.9947212141207522,0.9947212141207522,0.9953810623556582,0.9953810623556582,1.0,1.0
./instances/created-instances/mm-20-10-1767920.cdop,./settings/Memetic_MMX_1099666.config,20,10,0.9153631883436897,0.9415041782729805,0.9595028926505249,0.9757874437540176,0.9835011784872509,0.9835011784872509,0.9835011784872509,0.9871437754446111,0.9910006428112278,0.9946432397685879,0.9974287550889223,1.0,1.0,1.0
./instances/created-instances/mm-5-25-1110588.cdop,./settings/Memetic-LS_MPX_1099666.config,5,25,0.4972658317163521,0.6112189098606456,0.6203916034573999,0.6274475216087494,0.643676133356853,0.6846004586346799,0.7059446110425119,0.7489857117657435,0.7489857117657435,0.7816193332157347,0.84088904568707,0.863644381725172,0.863644381725172,0.863644381725172
./instances/created-instances/mm-20-25-1891798.cdop,./settings/Memetic-LS_MMX_1099666.config,20,25,0.2996520949931932,0.2996520949931932,0.38617455755558916,0.4351837846014219,0.46225986991378004,0.5294206625321434,0.5962789290576312,0.6458932082892149,0.704583270307064,0.7228860989260324,0.7613069127212222,0.7785509000151263,0.8181818181818182,0.8181818181818182
./instances/created-instances/mm-10-40-1917698.cdop,./settings/Memetic-LS_MMX_1287823.config,10,40,0.2787571337983513,0.31477488902980344,0.31857958148383003,0.3888395688015219,0.4318325935320228,0.4807863031071655,0.48776157260621433,0.5336715282181357,0.5611921369689283,0.6131896005072923,0.6660748256182625,0.7948002536461636,0.8096385542168675,0.8096385542168675
./instances/created-instances/mm-15-40-1891798.cdop,./settings/Memetic_MPX_1287823.config,15,40,0.6902124332073505,0.6825231330639906,0.6825231330639906,0.7248794474130067,0.7248794474130067,0.7263130457448195,0.7263130457448195,0.7263130457448195,0.7263130457448195,0.8064642252052652,0.8208002085233937,0.8575524566662323,0.8575524566662323,0.8575524566662323
./instances/created-instances/mm-25-25-1110588.cdop,./settings/Memetic_MPX_1099666.config,25,25,0.6747021335550014,0.6747021335550014,0.6753948462177889,0.7072596287060128,0.7072596287060128,0.7072596287060128,0.7223607647547797,0.7212524244943198,0.7212524244943198,0.7432806871709615,0.7901080631753948,0.8196176226101413,0.8196176226101413,0.8196176226101413
./instances/created-instances/mm-15-40-1110588.cdop,./settings/Memetic-LS_MPX_1881515.config,15,40,0.18761531365313652,0.21067804428044282,0.21448339483394835,0.22993542435424355,0.24388837638376384,0.25415129151291516,0.2587638376383764,0.2587638376383764,0.2845940959409594,0.3318726937269373,0.3590867158671587,0.4404981549815498,0.498270295202952,0.498270295202952
./instances/created-instances/mm-15-40-1110588.cdop,./settings/Memetic_MPX_1099666.config,15,40,0.7214022140221402,0.7214022140221402,0.7214022140221402,0.6994926199261993,0.7239391143911439,0.7351245387453874,0.7351245387453874,0.7351245387453874,0.7669511070110702,0.7669511070110702,0.7669511070110702,0.8176891143911439,0.8737315498154982,0.8737315498154982
./instances/created-instances/mm-10-40-1917698.cdop,./settings/Memetic-LS_MPX_1287823.config,10,40,0.3067850348763475,0.33417882054533926,0.3350665821179455,0.37146480659480025,0.3969562460367787,0.44755865567533293,0.4527584020291693,0.4755865567533291,0.5001902346227013,0.5445783132530121,0.6029169308814204,0.6204185161699429,0.6271401395053899,0.6271401395053899
./instances/created-instances/mm-5-40-1767920.cdop,./settings/Memetic-LS_MPX_1287823.config,5,40,0.4255401234567901,0.48045267489711935,0.5177469135802469,0.5315072016460906,0.5493827160493827,0.5901491769547325,0.6165123456790124,0.6606224279835391,0.7296810699588477,0.7398405349794238,0.753858024691358,0.753858024691358,0.753858024691358,0.753858024691358
./instances/created-instances/mm-10-10-1762875.cdop,./settings/Memetic-LS_MPX_1287823.config,10,10,0.6633798027881673,0.6875212512750765,0.7177830669840191,0.7205032301938117,0.7347840870452227,0.7551853111186672,0.7657259435566134,0.8201292077524651,0.8735124107446447,0.8735124107446447,0.8775926555593335,0.8874532471948317,0.9197551853111187,0.9197551853111187
./instances/created-instances/mm-20-10-1917698.cdop,./settings/Memetic-LS_MPX_1287823.config,20,10,0.32425921464707297,0.32425921464707297,0.3488316068417249,0.41074439894001447,0.4427848711153939,0.4427848711153939,0.46133461816429777,0.46133461816429777,0.46133461816429777,0.46832088653336545,0.46832088653336545,0.46832088653336545,0.46832088653336545,0.46832088653336545
./instances/created-instances/mm-15-25-1917698.cdop,./settings/Memetic-LS_MPX_1881515.config,15,25,0.26946491509131687,0.28724767702659404,0.29397628965075295,0.3162447933354694,0.3551746235181032,0.4237423902595322,0.4280679269464915,0.4287087471964114,0.4601089394424864,0.48269785325216275,0.5182633771227171,0.5520666453059917,0.6464274271066965,0.6464274271066965
./instances/created-instances/mm-20-25-1110588.cdop,./settings/Memetic_MMX_1099666.config,20,25,0.8907575991359358,0.902021293010338,0.9302576762845239,0.9373553463971609,0.9483104459188397,0.9487733374479247,0.9680604844931338,0.972226508254899,0.972226508254899,0.9785526924857275,0.9796327727202592,0.9796327727202592,0.9856503625983645,0.9856503625983645
./instances/created-instances/mm-5-25-1891798.cdop,./settings/Memetic_MMX_1287823.config,5,25,0.9140919366993218,0.9233232856066315,0.9461190655614168,0.9572343632253203,0.9632629992464204,0.9632629992464204,0.9632629992464204,0.9681612660135644,0.9788997739261492,0.9830444611906556,0.9830444611906556,0.9926525998492841,0.9928409947249435,0.9928409947249435
./instances/created-instances/mm-10-25-1767920.cdop,./settings/Memetic_MMX_1099666.config,10,25,0.8744920287589872,0.9087214754610816,0.9304470146920912,0.9379493591747421,0.9381056580181306,0.9809315411065959,0.9809315411065959,0.9882775867458581,0.9882775867458581,0.9882775867458581,0.9882775867458581,0.9882775867458581,0.9924976555173491,0.9924976555173491
./instances/created-instances/mm-15-10-1110588.cdop,./settings/Memetic_MMX_1881515.config,15,10,0.9113982464236271,0.9305491462851869,0.948084910013844,0.9630826026765114,0.9676972773419474,0.9824642362713428,0.9884633133364098,0.9889247808029534,0.9889247808029534,0.9889247808029534,0.9889247808029534,0.9889247808029534,0.9889247808029534,0.9889247808029534
./instances/created-instances/mm-20-10-1110588.cdop,./settings/Memetic_MPX_1287823.config,20,10,0.6402709647278674,0.7180565288483999,0.7180565288483999,0.7491240364400841,0.757766876897921,0.757766876897921,0.757766876897921,0.757766876897921,0.757766876897921,0.7900023359028264,0.7900023359028264,0.7900023359028264,0.8348516701705209,0.8348516701705209
./instances/created-instances/mm-15-40-1767920.cdop,./settings/Memetic_MMX_1287823.config,15,40,0.8343322944138096,0.8686166386957564,0.8959482138575882,0.9304723087988492,0.9423399664349077,0.9452169743466795,0.9453368496763366,0.9691920402781108,0.9691920402781108,0.9691920402781108,0.9799808199472548,0.9846559578038839,0.9943658595061137,0.9943658595061137
./instances/created-instances/mm-5-25-1762875.cdop,./settings/Memetic-LS_MPX_1099666.config,5,25,0.5077989601386482,0.5847487001733103,0.5882149046793761,0.5908145580589255,0.6552859618717505,0.6998266897746968,0.7448873483535529,0.7622183708838821,0.7975736568457539,0.8467937608318891,0.8939341421143847,0.8939341421143847,0.9045060658578856,0.9045060658578856
./instances/created-instances/mm-20-10-1110588.cdop,./settings/Memetic-LS_MMX_1099666.config,20,10,0.44405512730670404,0.48283111422564823,0.5578135949544499,0.6500817565989255,0.6594253679046952,0.6820836253211866,0.7010044382153703,0.8012146694697501,0.8409250175192712,0.8661527680448493,0.8768979210464845,0.9084326092034571,0.9084326092034571,0.9084326092034571
./instances/created-instances/mm-15-25-1891798.cdop,./settings/Memetic-LS_MMX_1881515.config,15,25,0.4157321631724362,0.4672517471152283,0.5067446773931416,0.5527385015439623,0.5922314318218755,0.5980822363074922,0.6248984235332358,0.6752803510482691,0.7534535998699822,0.7862831139281651,0.8205753291077523,0.8252884771656103,0.8602307817324882,0.8602307817324882
./instances/created-instances/mm-15-10-1917698.cdop,./settings/Memetic-LS_MMX_1287823.config,15,10,0.6381995133819951,0.6381995133819951,0.6381995133819951,0.6530413625304137,0.6637469586374696,0.7021897810218978,0.7625304136253042,0.8812652068126521,0.8897810218978102,0.8946472019464721,0.8946472019464721,0.9092457420924575,0.9092457420924575,0.9092457420924575
./instances/created-instances/mm-5-40-1767920.cdop,./settings/Memetic-LS_MMX_1287823.config,5,40,0.3852880658436214,0.4539609053497942,0.4837962962962963,0.5127314814814815,0.5685442386831275,0.652391975308642,0.7299382716049383,0.751929012345679,0.7677469135802469,0.7825360082304527,0.7854938271604939,0.7854938271604939,0.8079989711934157,0.8079989711934157
./instances/created-instances/mm-5-25-1891798.cdop,./settings/Memetic-LS_MPX_1099666.config,5,25,0.598153730218538,0.6331951770911831,0.6576865109269028,0.6791635267520724,0.6995101733232856,0.7494348153730218,0.7656367746797287,0.7761868877166541,0.7880557648831952,0.7897513187641296,0.8423134890730972,0.8690655614167294,0.8724566691785983,0.8724566691785983
./instances/created-instances/mm-5-10-1917698.cdop,./settings/Memetic_MPX_1881515.config,5,10,0.9854384298828743,0.9854384298828743,0.9854384298828743,0.9854384298828743,0.9854384298828743,0.9854384298828743,0.9854384298828743,0.9854384298828743,0.99113643558088,0.9927192149414371,0.9974675530231086,0.9974675530231086,0.9974675530231086,0.9974675530231086
./instances/created-instances/mm-5-40-1762875.cdop,./settings/Memetic_MPX_1881515.config,5,40,0.8138198534693292,0.8464301106162908,0.864099985634248,0.9175405832495331,0.9175405832495331,0.9399511564430398,0.9544605660106307,0.9574773739405258,0.9727050711104727,0.9727050711104727,0.9750035914380117,0.9862088780347651,0.991236891251257,0.991236891251257
./instances/created-instances/mm-5-40-1891798.cdop,./settings/Memetic-LS_MMX_1099666.config,5,40,0.4007902210149401,0.4568465242622546,0.5058649215952586,0.5400666748981355,0.5811828620817385,0.6884800592665761,0.7209532040992715,0.7609581429806149,0.7959007284849982,0.8314606741573034,0.8523274478330658,0.8883812816397086,0.9097419434498086,0.9097419434498086
./instances/created-instances/mm-5-25-1110588.cdop,./settings/Memetic-LS_MMX_1099666.config,5,25,0.5404833303933675,0.5831716352090316,0.6939495501852179,0.7054154171811607,0.750044099488446,0.7844417004762745,0.8333039336743694,0.9135650026459693,0.9135650026459693,0.9142705944611043,0.9142705944611043,0.9155053801375904,0.9285588287175869,0.9285588287175869
./instances/created-instances/mm-5-10-1762875.cdop,./settings/Memetic_MMX_1099666.config,5,10,0.9907161803713528,0.9907161803713528,0.9907161803713528,0.9942528735632183,1.0,1.0,1.0,1.0,1.0,1.0,1.0,1.0,1.0,1.0
./instances/created-instances/mm-15-25-1891798.cdop,./settings/Memetic-LS_MMX_1099666.config,15,25,0.42288314643263447,0.4308467414269462,0.4428733950918251,0.4605883308954981,0.4722899398667317,0.5394116691045019,0.5920689094750529,0.6783682756379003,0.6978709572566227,0.7458150495693158,0.7729562814887047,0.8127742564602632,0.8196001950268161,0.8196001950268161
./instances/created-instances/mm-25-10-1110588.cdop,./settings/Memetic_MPX_1287823.config,25,10,0.7693513619439545,0.7693513619439545,0.7693513619439545,0.7693513619439545,0.7693513619439545,0.7693513619439545,0.7736625514403292,0.7850284146580443,0.8155986674505193,0.8155986674505193,0.8155986674505193,0.837546541250245,0.837546541250245,0.837546541250245
./instances/created-instances/mm-15-10-1110588.cdop,./settings/Memetic_MPX_1099666.config,15,10,0.7718043377941856,0.7718043377941856,0.7718043377941856,0.7718043377941856,0.8553299492385786,0.8654822335025381,0.8654822335025381,0.8654822335025381,0.8654822335025381,0.8654822335025381,0.9000922934933088,0.9000922934933088,0.9065528380249193,0.9065528380249193
./instances/created-instances/mm-10-10-1110588.cdop,./settings/Memetic-LS_MPX_1881515.config,10,10,0.5599431818181818,0.5599431818181818,0.5931818181818181,0.6073863636363637,0.6090909090909091,0.6139204545454545,0.6735795454545455,0.7588068181818182,0.7588068181818182,0.7710227272727272,0.8005681818181818,0.8005681818181818,0.8005681818181818,0.8005681818181818
./instances/created-instances/mm-10-40-1917698.cdop,./settings/Memetic_MPX_1287823.config,10,40,0.7832593532022828,0.7701965757767913,0.7701965757767913,0.7844007609384908,0.7844007609384908,0.8055802155992391,0.8213062777425492,0.8213062777425492,0.8213062777425492,0.8284083703233989,0.8284083703233989,0.8762206721623336,0.8910589727330374,0.8910589727330374
./instances/created-instances/mm-15-25-1110588.cdop,./settings/Memetic_MMX_1099666.config,15,25,0.879898505779532,0.8831406822667043,0.8924443191429376,0.9117564138708768,0.9204961939667324,0.9561601353256273,0.9711023400056386,0.9733577671271497,0.9744854806879053,0.9744854806879053,0.9744854806879053,0.9818156188328164,0.9818156188328164,0.9818156188328164
./instances/created-instances/mm-25-10-1767920.cdop,./settings/Memetic-LS_MMX_1099666.config,25,10,0.3561127135566896,0.4859108054138008,0.5229642777901042,0.5968493454626137,0.6276902595961837,0.6507654759263368,0.6691812735744398,0.7712447304193477,0.8025293987131129,0.8320390503660972,0.8633237186598625,0.864211226980253,0.8679831373419126,0.8679831373419126
./instances/created-instances/mm-15-40-1110588.cdop,./settings/Memetic-LS_MMX_1881515.config,15,40,0.23627767527675278,0.2629151291512915,0.26545202952029523,0.33141143911439114,0.3705027675276753,0.4452260147601476,0.5169511070110702,0.5945571955719557,0.6435654981549815,0.6825415129151291,0.7195571955719557,0.7410055350553506,0.7902444649446494,0.7902444649446494
./instances/created-instances/mm-20-25-1917698.cdop,./settings/Memetic_MMX_1099666.config,20,25,0.8546296296296296,0.887962962962963,0.908641975308642,0.908641975308642,0.9344135802469136,0.9779320987654321,0.984104938271605,0.9890432098765433,0.9890432098765433,0.9891975308641975,0.9935185185185185,0.9945987654320988,0.9970679012345679,0.9970679012345679
./instances/created-instances/mm-20-25-1767920.cdop,./settings/Memetic_MMX_1287823.config,20,25,0.8302013422818791,0.8697986577181208,0.8881879194630873,0.9005369127516778,0.9005369127516778,0.9232214765100671,0.938255033557047,0.9446979865771812,0.9626845637583893,0.963489932885906,0.9644295302013423,0.9830872483221477,0.9830872483221477,0.9830872483221477
./instances/created-instances/mm-15-40-1762875.cdop,./settings/Memetic-LS_MPX_1881515.config,15,40,0.1771527592641962,0.1771527592641962,0.21500933084510798,0.22047454012263396,0.2772593974940016,0.29698747000799786,0.30071980805118637,0.3295121300986404,0.3904292188749667,0.41308984270861104,0.43148493735004,0.44948013862969877,0.45267928552386033,0.45267928552386033
./instances/created-instances/mm-10-10-1762875.cdop,./settings/Memetic_MPX_1881515.config,10,10,0.8643318599115947,0.8813328799727984,0.8813328799727984,0.9010540632437947,0.9010540632437947,0.9340360421625298,0.9418565113906835,0.9452567154029242,0.9452567154029242,0.9578374702482149,0.9744984699081944,0.9744984699081944,0.9744984699081944,0.9744984699081944
./instances/created-instances/mm-5-25-1767920.cdop,./settings/Memetic-LS_MPX_1099666.config,5,25,0.5152590489709014,0.524485450674237,0.5945706174591909,0.6307665010645848,0.6405251951738822,0.7207239176721079,0.7411284599006388,0.7540809084457062,0.8055358410220014,0.8055358410220014,0.8055358410220014,0.8055358410220014,0.8161816891412349,0.8161816891412349
./instances/created-instances/mm-20-25-1762875.cdop,./settings/Memetic_MMX_1099666.config,20,25,0.8443447315488163,0.8850379080922173,0.8927742534426737,0.9331579761720563,0.9331579761720563,0.9387281448243849,0.9574501005724896,0.9574501005724896,0.9690546185981742,0.9733869719944298,0.9733869719944298,0.9880860281602971,0.9890143896023519,0.9890143896023519
./instances/created-instances/mm-25-10-1762875.cdop,./settings/Memetic-LS_MMX_1881515.config,25,10,0.3782650142993327,0.4009532888465205,0.4644423260247855,0.4945662535748332,0.5214489990467112,0.576930409914204,0.5935176358436606,0.6793136320305052,0.7269780743565301,0.7529075309818876,0.7908484270734032,0.792373689227836,0.7952335557673975,0.7952335557673975
./instances/created-instances/mm-25-10-1767920.cdop,./settings/Memetic_MPX_1881515.config,25,10,0.5921899267805636,0.5921899267805636,0.5921899267805636,0.5921899267805636,0.6319059241180386,0.6319059241180386,0.6319059241180386,0.6558686487685822,0.7370756600843132,0.7927668071888174,0.8289327712447304,0.8289327712447304,0.8289327712447304,0.8289327712447304
./instances/created-instances/mm-25-10-1762875.cdop,./settings/Memetic-LS_MMX_1287823.config,25,10,0.4775977121067683,0.5048617731172546,0.5052430886558628,0.5424213536701621,0.5527168732125834,0.5641563393708293,0.6379408960915157,0.6972354623450906,0.6972354623450906,0.7441372735938989,0.7912297426120114,0.7912297426120114,0.7912297426120114,0.7912297426120114
./instances/created-instances/mm-5-10-1767920.cdop,./settings/Memetic-LS_MMX_1099666.config,5,10,0.791817881887166,0.8096337842296272,0.8455955130320026,0.8640712636093698,0.9043220059386341,0.9155394259320356,0.9155394259320356,0.932035631804685,0.932035631804685,0.932035631804685,0.932035631804685,0.932035631804685,0.932035631804685,0.932035631804685
./instances/created-instances/mm-10-25-1110588.cdop,./settings/Memetic_MMX_1287823.config,10,25,0.8697368421052631,0.8991776315789474,0.9064144736842106,0.9375,0.9654605263157895,0.9654605263157895,0.9725328947368421,0.9782894736842105,0.9863486842105263,0.9863486842105263,0.9888157894736842,0.9962171052631579,1.0,1.0
./instances/created-instances/mm-10-10-1762875.cdop,./settings/Memetic_MMX_1099666.config,10,10,0.9680380822849372,0.9734784087045223,0.9734784087045223,0.9734784087045223,0.9734784087045223,0.9829989799387964,0.9965997959877593,0.9965997959877593,0.9965997959877593,0.9965997959877593,0.9965997959877593,0.9993199591975519,1.0,1.0
./instances/created-instances/mm-15-40-1762875.cdop,./settings/Memetic_MMX_1099666.config,15,40,0.7967208744334844,0.8188483071181019,0.8712343375099973,0.8936283657691282,0.9070914422820581,0.9528125833111171,0.9565449213543055,0.9614769394828045,0.9710743801652892,0.9737403359104239,0.9786723540389229,0.9822713942948547,0.984137563316449,0.984137563316449
./instances/created-instances/mm-25-10-1767920.cdop,./settings/Memetic-LS_MPX_1287823.config,25,10,0.20479254493010873,0.21699578433547814,0.2354115819835811,0.2354115819835811,0.28111826048369204,0.2957621477701353,0.2957621477701353,0.35078766363434655,0.3660971821610828,0.3692034612824495,0.37364100288440205,0.37364100288440205,0.43554470823163965,0.43554470823163965
./instances/created-instances/mm-10-25-1917698.cdop,./settings/Memetic_MMX_1099666.config,10,25,0.8509945750452079,0.9312839059674503,0.9518987341772152,0.9518987341772152,0.9701627486437613,0.9716094032549729,0.9784810126582278,0.9784810126582278,0.979746835443038,0.9849909584086799,0.9849909584086799,0.9981916817359855,0.9994575045207956,0.9994575045207956
./instances/created-instances/mm-20-25-1917698.cdop,./settings/Memetic-LS_MMX_1099666.config,20,25,0.40617283950617283,0.4075617283950617,0.5226851851851851,0.5839506172839506,0.6037037037037037,0.6217592592592592,0.6217592592592592,0.6492283950617284,0.7472222222222222,0.7530864197530864,0.7816358024691358,0.8044753086419754,0.8472222222222222,0.8472222222222222
./instances/created-instances/mm-15-25-1762875.cdop,./settings/Memetic-LS_MMX_1881515.config,15,25,0.3635280095351609,0.38766388557806913,0.43578665077473183,0.49910607866507745,0.5268176400476758,0.5662991656734208,0.634088200238379,0.7140941597139452,0.7565554231227652,0.7923122765196663,0.8085518474374255,0.8295589988081049,0.8675506555423123,0.8675506555423123
./instances/created-instances/mm-20-10-1762875.cdop,./settings/Memetic-LS_MPX_1287823.config,20,10,0.28768956289027653,0.28768956289027653,0.28768956289027653,0.28768956289027653,0.36730597680642285,0.36730597680642285,0.3833630686886708,0.3833630686886708,0.3833630686886708,0.45606601248884926,0.4696699375557538,0.47970561998215877,0.47970561998215877,0.47970561998215877
./instances/created-instances/mm-25-10-1767920.cdop,./settings/Memetic_MPX_1099666.config,25,10,0.4985577989793654,0.4985577989793654,0.5833148435766585,0.5833148435766585,0.5833148435766585,0.5917461726203683,0.627468382516086,0.627468382516086,0.6911471045041048,0.6993565564677169,0.7390725538051919,0.7801198136232527,0.7801198136232527,0.7801198136232527
./instances/created-instances/mm-5-40-1767920.cdop,./settings/Memetic_MMX_1099666.config,5,40,0.8566100823045267,0.880272633744856,0.8820730452674898,0.9331275720164609,0.9386574074074074,0.9535751028806584,0.9535751028806584,0.9659207818930041,0.9746656378600823,0.9753086419753086,0.979809670781893,0.9884259259259259,0.9978137860082305,0.9978137860082305
./instances/created-instances/mm-20-10-1917698.cdop,./settings/Memetic_MMX_1881515.config,20,10,0.9359190556492412,0.9465189111057577,0.9641050349313418,0.9869910864851843,0.9869910864851843,0.9869910864851843,0.9869910864851843,0.9869910864851843,0.9869910864851843,0.9894001445434835,0.993977354854252,0.993977354854252,0.9954227896892315,0.9954227896892315
./instances/created-instances/mm-10-40-1891798.cdop,./settings/Memetic-LS_MMX_1881515.config,10,40,0.290619655308512,0.3286409682936456,0.42191816866201814,0.42941718194974343,0.4677016182081305,0.49190895934745427,0.5459807920010525,0.5903170635442705,0.6508354163925799,0.6818839626364952,0.7392448362057624,0.784370477568741,0.808446257071438,0.808446257071438
./instances/created-instances/mm-15-10-1762875.cdop,./settings/Memetic-LS_MPX_1287823.config,15,10,0.42613493855028844,0.4309004263857537,0.43190368698269377,0.44845748683220465,0.4773012289942313,0.4773012289942313,0.5427639829445698,0.5427639829445698,0.563080010032606,0.6368196639077001,0.6837220968146476,0.7326310509154753,0.7343867569601203,0.7343867569601203
./instances/created-instances/mm-15-10-1767920.cdop,./settings/Memetic-LS_MMX_1287823.config,15,10,0.5274606935171225,0.5634288175748439,0.6000430755976739,0.6474262330389834,0.6594874003876804,0.7133318974800775,0.7413310359681241,0.7936678871419341,0.7968985569674779,0.8462201163041138,0.8772345466293345,0.8992031014430325,0.8992031014430325,0.8992031014430325
./instances/created-instances/mm-10-10-1110588.cdop,./settings/Memetic_MMX_1287823.config,10,10,0.944034090909091,0.9463068181818182,0.9556818181818182,0.9576704545454545,0.9698863636363636,0.9710227272727273,0.9869318181818182,0.9869318181818182,0.9869318181818182,0.9869318181818182,0.9869318181818182,0.9869318181818182,1.0,1.0
./instances/created-instances/mm-5-25-1767920.cdop,./settings/Memetic_MPX_1881515.config,5,25,0.8660397444996452,0.8779276082327893,0.8779276082327893,0.8779276082327893,0.8779276082327893,0.9504968062455642,0.9623846699787083,0.9623846699787083,0.9623846699787083,0.9623846699787083,0.9623846699787083,0.9655784244144784,0.9712562100780695,0.9712562100780695
./instances/created-instances/mm-25-10-1767920.cdop,./settings/Memetic-LS_MPX_1881515.config,25,10,0.23984912358553362,0.23984912358553362,0.2405147548258265,0.2405147548258265,0.2405147548258265,0.2737963168404704,0.31994674950077656,0.3689815842023519,0.3689815842023519,0.3714222320834258,0.3714222320834258,0.41646327934324384,0.4615043266030619,0.4615043266030619
./instances/created-instances/mm-5-10-1767920.cdop,./settings/Memetic-LS_MPX_1287823.config,5,10,0.6928406466512702,0.7387000989772352,0.7868690201253712,0.8162322665786869,0.8218409765753877,0.8498845265588915,0.8498845265588915,0.9056417024084461,0.9056417024084461,0.9056417024084461,0.9204882876938304,0.9587594853183767,0.9755856153084791,0.9755856153084791
./instances/created-instances/mm-25-10-1891798.cdop,./settings/Memetic_MMX_1287823.config,25,10,0.9377562430115542,0.9385016772269847,0.9435333581811405,0.9491241147968692,0.9632873648900484,0.9632873648900484,0.9703689899366381,0.9847185985836749,0.9888184867685427,0.9888184867685427,0.9888184867685427,1.0,1.0,1.0
./instances/created-instances/mm-15-10-1762875.cdop,./settings/Memetic_MPX_1287823.config,15,10,0.7923250564334086,0.8289440682217206,0.8515174316528719,0.8515174316528719,0.8515174316528719,0.8515174316528719,0.890393779784299,0.890393779784299,0.8931527464258842,0.8936543767243541,0.9104589917231001,0.9104589917231001,0.9132179583646852,0.9132179583646852
./instances/created-instances/mm-25-10-1891798.cdop,./settings/Memetic-LS_MPX_1881515.config,25,10,0.2197167349981364,0.2197167349981364,0.2197167349981364,0.2424524785687663,0.3738352590383899,0.3893030190085725,0.39042117033171825,0.40477077897875513,0.40477077897875513,0.40477077897875513,0.4103615355944838,0.4103615355944838,0.41576593365635484,0.41576593365635484
./instances/created-instances/mm-5-25-1110588.cdop,./settings/Memetic-LS_MPX_1287823.config,5,25,0.5166696066325631,0.5314870347503969,0.5655318398306579,0.6373258070206386,0.6748985711765744,0.6748985711765744,0.7126477332862938,0.7544540483330393,0.7622155582995237,0.8340095254895044,0.8368318927500441,0.8516493208678779,0.8571176574351738,0.8571176574351738
./instances/created-instances/mm-10-40-1762875.cdop,./settings/Memetic_MPX_1099666.config,10,40,0.7729611525598148,0.8191407254952405,0.8191407254952405,0.8569590944172883,0.8844867507074865,0.8844867507074865,0.89452019552354,0.9064831489580654,0.9280936454849499,0.9284795472086442,0.9306663236429122,0.9306663236429122,0.9349112426035503,0.9349112426035503
./instances/created-instances/mm-10-10-1891798.cdop,./settings/Memetic-LS_MMX_1287823.config,10,10,0.6261925411968777,0.6513443191673894,0.7250650477016479,0.7817288233593525,0.8190228389708009,0.8548713501011853,0.864411679676207,0.864411679676207,0.8753975137322926,0.936108701936976,0.9629950852847644,0.9777392309916161,0.9777392309916161,0.9777392309916161
./instances/created-instances/mm-5-10-1762875.cdop,./settings/Memetic-LS_MPX_1287823.config,5,10,0.8660477453580901,0.867816091954023,0.8846153846153846,0.9239610963748894,0.9385499557913352,0.9535809018567639,0.9553492484526968,0.9553492484526968,0.9553492484526968,0.9641909814323607,0.9871794871794872,0.9871794871794872,0.9871794871794872,0.9871794871794872
./instances/created-instances/mm-10-40-1110588.cdop,./settings/Memetic_MMX_1287823.config,10,40,0.8517457008858781,0.8757165190203231,0.9137571651902032,0.9587024491922876,0.9644346013548724,0.9695153725898906,0.9726420010422094,0.9752475247524752,0.9775924960917144,0.9876237623762376,0.9876237623762376,1.0,1.0,1.0
./instances/created-instances/mm-5-25-1762875.cdop,./settings/Memetic_MPX_1881515.config,5,25,0.88578856152513,0.8868284228769497,0.8868284228769497,0.8965337954939342,0.8965337954939342,0.9329289428076256,0.9329289428076256,0.9329289428076256,0.9329289428076256,0.9450606585788561,0.9450606585788561,0.9450606585788561,0.9483535528596188,0.9483535528596188
./instances/created-instances/mm-5-10-1762875.cdop,./settings/Memetic-LS_MMX_1287823.config,5,10,0.7727674624226348,0.7763041556145004,0.876657824933687,0.8784261715296198,0.8784261715296198,0.8908045977011494,0.9283819628647215,0.9332449160035367,0.9332449160035367,0.9792219274977896,0.9792219274977896,0.9862953138815208,0.9862953138815208,0.9862953138815208
./instances/created-instances/mm-10-25-1891798.cdop,./settings/Memetic-LS_MPX_1881515.config,10,25,0.4463952765692977,0.46115599751398384,0.5177128651336234,0.5570229956494718,0.5570229956494718,0.5815724052206339,0.5999067743940336,0.6895587321317589,0.7228091982597887,0.7706650093225605,0.7882224984462399,0.8377874456183965,0.8377874456183965,0.8377874456183965
./instances/created-instances/mm-10-10-1767920.cdop,./settings/Memetic_MMX_1287823.config,10,10,0.9727943046020849,0.9811848461734045,0.9811848461734045,0.9834731756928553,0.9834731756928553,0.9834731756928553,0.9944063056191202,0.9944063056191202,0.9944063056191202,0.9944063056191202,0.9944063056191202,0.9954233409610984,0.9954233409610984,0.9954233409610984
./instances/created-instances/mm-15-10-1891798.cdop,./settings/Memetic-LS_MPX_1287823.config,15,10,0.3984665936473165,0.431763417305586,0.48258488499452357,0.5049288061336255,0.5064622124863088,0.5412924424972618,0.5879518072289157,0.5879518072289157,0.616210295728368,0.6433734939759036,0.649288061336254,0.655421686746988,0.7079956188389923,0.7079956188389923
./instances/created-instances/mm-20-25-1762875.cdop,./settings/Memetic_MPX_1099666.config,20,25,0.6148847284542782,0.6874516478415597,0.6874516478415597,0.7131363144050751,0.7434627881788644,0.7812161534890918,0.7812161534890918,0.7812161534890918,0.7812161534890918,0.7956057558409407,0.8051988240755067,0.8051988240755067,0.8051988240755067,0.8051988240755067
./instances/created-instances/mm-10-25-1762875.cdop,./settings/Memetic_MPX_1099666.config,10,25,0.810940994323069,0.810940994323069,0.824187166695338,0.8847410975399965,0.8847410975399965,0.8847410975399965,0.8847410975399965,0.9189747118527438,0.9189747118527438,0.9189747118527438,0.9189747118527438,0.9189747118527438,0.9189747118527438,0.9189747118527438
./instances/created-instances/mm-10-10-1762875.cdop,./settings/Memetic-LS_MPX_1099666.config,10,10,0.57429445766746,0.5950357021421285,0.606596395783747,0.6722203332199932,0.6837810268616117,0.6912614756885413,0.7582454947296838,0.7902074124447467,0.7902074124447467,0.7902074124447467,0.8347500850051003,0.8830329819789188,0.8918735124107446,0.8918735124107446
./instances/created-instances/mm-5-10-1110588.cdop,./settings/Memetic-LS_MPX_1287823.config,5,10,0.7763496143958869,0.803892765332354,0.8718325376423063,0.8718325376423063,0.9037825927286082,0.9269188395152406,0.9280205655526992,0.932427469702534,0.945280940139552,0.945280940139552,0.945280940139552,0.945280940139552,0.9522585383767903,0.9522585383767903
./instances/created-instances/mm-20-25-1767920.cdop,./settings/Memetic-LS_MPX_1287823.config,20,25,0.1385234899328859,0.1385234899328859,0.17208053691275169,0.17208053691275169,0.19557046979865772,0.19865771812080538,0.20228187919463086,0.20228187919463086,0.20228187919463086,0.24765100671140938,0.2500671140939597,0.26429530201342283,0.27731543624161076,0.27731543624161076
./instances/created-instances/mm-5-40-1762875.cdop,./settings/Memetic-LS_MMX_1099666.config,5,40,0.4536704496480391,0.473351529952593,0.4775175980462577,0.5539433989369343,0.6049418187042092,0.6401379112196524,0.6875448929751472,0.7036345352679213,0.714408849303261,0.8158310587559259,0.8924005171670737,0.9214193363022555,0.9214193363022555,0.9214193363022555
./instances/created-instances/mm-5-10-1762875.cdop,./settings/Memetic_MPX_1099666.config,5,10,0.9615384615384616,0.9712643678160919,0.9712643678160919,0.9712643678160919,0.9712643678160919,0.980106100795756,0.980106100795756,0.9858532272325375,0.9885057471264368,0.997789566755084,0.997789566755084,0.997789566755084,0.997789566755084,0.997789566755084
./instances/created-instances/mm-25-10-1767920.cdop,./settings/Memetic-LS_MMX_1287823.config,25,10,0.45573552252052363,0.4852451741735079,0.554027069003772,0.6221433325937431,0.6332371865986244,0.6591968049700466,0.6867095629021522,0.6993565564677169,0.742622587086754,0.796538717550477,0.8191701797204349,0.8593299312181052,0.8606611936986909,0.8606611936986909
./instances/created-instances/mm-20-10-1891798.cdop,./settings/Memetic_MPX_1099666.config,20,10,0.6447761194029851,0.6447761194029851,0.6923383084577115,0.6923383084577115,0.7146268656716418,0.7596019900497513,0.7858706467661691,0.7858706467661691,0.7858706467661691,0.7858706467661691,0.8300497512437811,0.8300497512437811,0.8300497512437811,0.8300497512437811
./instances/created-instances/mm-5-10-1110588.cdop,./settings/Memetic_MMX_1881515.config,5,10,0.9853103195005508,0.9867792875504958,0.9915534337128168,0.9915534337128168,1.0,1.0,1.0,1.0,1.0,1.0,1.0,1.0,1.0,1.0
./instances/created-instances/mm-5-40-1767920.cdop,./settings/Memetic_MMX_1881515.config,5,40,0.8473508230452675,0.8473508230452675,0.8975051440329218,0.946630658436214,0.9609053497942387,0.9609053497942387,0.9665637860082305,0.9665637860082305,0.9665637860082305,0.9665637860082305,0.9729938271604939,0.9866255144032922,0.9939557613168725,0.9939557613168725
./instances/created-instances/mm-10-40-1110588.cdop,./settings/Memetic-LS_MPX_1099666.config,10,40,0.3522668056279312,0.35630536737884316,0.37193850964043773,0.4012506513809276,0.4123241271495571,0.4413757165190203,0.46560708702449194,0.49283480979676914,0.5069046378322043,0.5523710265763419,0.5855914538822303,0.5855914538822303,0.6047420531526837,0.6047420531526837
./instances/created-instances/mm-10-40-1110588.cdop,./settings/Memetic_MPX_1287823.config,10,40,0.7824387701928087,0.8116206357477853,0.825039082855654,0.825951016154247,0.8315528921313184,0.8529181865554977,0.8529181865554977,0.895127670661803,0.895127670661803,0.9211829077644607,0.9211829077644607,0.9330380406461699,0.9351224596143825,0.9351224596143825
./instances/created-instances/mm-15-10-1767920.cdop,./settings/Memetic-LS_MPX_1287823.config,15,10,0.3297437001938402,0.33620503984492783,0.33620503984492783,0.3260822743915572,0.38294206332112857,0.39241869480939046,0.39241869480939046,0.40275683825113073,0.5449063105750592,0.5597673917725609,0.6118888649580013,0.6217962524230024,0.6217962524230024,0.6217962524230024
./instances/created-instances/mm-15-10-1110588.cdop,./settings/Memetic-LS_MPX_1881515.config,15,10,0.42270419935394554,0.43424088601753574,0.43424088601753574,0.43424088601753574,0.43424088601753574,0.43747115828334104,0.4543147208121827,0.4543147208121827,0.5230733733271804,0.5440701430549146,0.5622981079833872,0.5747577295800647,0.6236732810336871,0.6236732810336871
./instances/created-instances/mm-10-10-1891798.cdop,./settings/Memetic_MPX_1287823.config,10,10,0.8837814397224631,0.8878288522694421,0.941312518068806,0.941312518068806,0.9418907198612315,0.9444926279271466,0.9444926279271466,0.9496964440589766,0.9496964440589766,0.9595258745302111,0.9603931772188494,0.9612604799074878,0.9612604799074878,0.9612604799074878
./instances/created-instances/mm-25-25-1917698.cdop,./settings/Memetic_MPX_1881515.config,25,25,0.6900199294803004,0.6900199294803004,0.6900199294803004,0.7061168174152997,0.7061168174152997,0.7061168174152997,0.7061168174152997,0.7249731718534417,0.7606929326996781,0.7747968726046298,0.7821554499463437,0.8201747662118657,0.8201747662118657,0.8201747662118657
./instances/created-instances/mm-10-10-1110588.cdop,./settings/Memetic-LS_MPX_1287823.config,10,10,0.5428977272727272,0.56875,0.6139204545454545,0.6644886363636363,0.7125,0.7332386363636364,0.7338068181818181,0.790340909090909,0.7971590909090909,0.8096590909090909,0.8602272727272727,0.8602272727272727,0.8602272727272727,0.8602272727272727
./instances/created-instances/mm-15-10-1767920.cdop,./settings/Memetic_MMX_1881515.config,15,10,0.9478785268145595,0.965970277837605,0.965970277837605,0.965970277837605,0.9694163256515184,0.98427740684902,0.98427740684902,0.98427740684902,0.9872926986861943,0.9872926986861943,0.9872926986861943,0.987938832651303,0.987938832651303,0.987938832651303
./instances/created-instances/mm-10-25-1762875.cdop,./settings/Memetic_MPX_1287823.config,10,25,0.8031997247548598,0.8333046619645622,0.8333046619645622,0.8333046619645622,0.8345088594529503,0.8696026148288319,0.8696026148288319,0.8696026148288319,0.8696026148288319,0.9107173576466541,0.9107173576466541,0.9107173576466541,0.9107173576466541,0.9107173576466541
./instances/created-instances/mm-5-25-1767920.cdop,./settings/Memetic-LS_MMX_1099666.config,5,25,0.5383250532292406,0.6176366217175302,0.6231369765791341,0.6337828246983677,0.7164655784244145,0.7366926898509581,0.7872604684173172,0.836763662171753,0.8896380411639461,0.9322214336408801,0.9412704045422285,0.9412704045422285,0.9591909155429382,0.9591909155429382
./instances/created-instances/mm-15-40-1891798.cdop,./settings/Memetic-LS_MPX_1099666.config,15,40,0.22077414309917895,0.22077414309917895,0.22103479734132672,0.22103479734132672,0.32125635344715237,0.3395021503974977,0.3460185064511925,0.36113645249576437,0.39593379382249444,0.44702202528346147,0.466310439202398,0.4866414700899257,0.5028020331030888,0.5028020331030888
./instances/created-instances/mm-15-10-1891798.cdop,./settings/Memetic_MPX_1099666.config,15,10,0.7542168674698795,0.7599123767798467,0.7894852135815992,0.8111719605695509,0.8111719605695509,0.8111719605695509,0.827382256297919,0.827382256297919,0.827382256297919,0.8617743702081051,0.8690032858707557,0.8834611171960569,0.8834611171960569,0.8834611171960569
./instances/created-instances/mm-15-25-1891798.cdop,./settings/Memetic-LS_MPX_1287823.config,15,25,0.2572728750203153,0.2572728750203153,0.26393629124004553,0.26393629124004553,0.29075247846578905,0.31285551763367464,0.38241508207378516,0.4337721436697546,0.4849666829189013,0.5013814399479929,0.5411994149195515,0.5411994149195515,0.5411994149195515,0.5411994149195515
./instances/created-instances/mm-10-40-1762875.cdop,./settings/Memetic_MMX_1099666.config,10,40,0.8125803961924363,0.8125803961924363,0.8664780036017494,0.9266786724980705,0.9266786724980705,0.9351685104193466,0.9498327759197325,0.9504759454592231,0.9671983534859789,0.9755595574993569,0.9879084126575766,0.9984563931052225,0.9984563931052225,0.9984563931052225
./instances/created-instances/mm-20-25-1917698.cdop,./settings/Memetic_MPX_1099666.config,20,25,0.7180555555555556,0.7180555555555556,0.7180555555555556,0.7979938271604938,0.7979938271604938,0.7734567901234568,0.7856481481481481,0.7856481481481481,0.7856481481481481,0.7856481481481481,0.8074074074074075,0.8310185185185185,0.8310185185185185,0.8310185185185185
./instances/created-instances/mm-5-10-1110588.cdop,./settings/Memetic-LS_MMX_1287823.config,5,10,0.713918472273228,0.8182152038193169,0.8747704737421961,0.9155343371281675,0.9427102460521484,0.9573999265515976,0.9573999265515976,0.9809034153507161,0.9809034153507161,0.9809034153507161,0.9809034153507161,0.9809034153507161,0.9809034153507161,0.9809034153507161
./instances/created-instances/mm-15-40-1891798.cdop,./settings/Memetic-LS_MMX_1099666.config,15,40,0.27863938485598855,0.3177375211781572,0.31904079238889615,0.3651765932490551,0.3744298188453017,0.39085103610061256,0.4646161866284374,0.5439854033624397,0.562361527433859,0.5976801772448846,0.6336504626612798,0.6710543464094878,0.7315261305877753,0.7315261305877753
./instances/created-instances/mm-15-10-1917698.cdop,./settings/Memetic-LS_MPX_1881515.config,15,10,0.38150851581508516,0.4233576642335766,0.4233576642335766,0.42554744525547444,0.44963503649635034,0.4583941605839416,0.5124087591240876,0.5343065693430656,0.5963503649635037,0.6554744525547446,0.6591240875912409,0.6909975669099757,0.7452554744525547,0.7452554744525547
./instances/created-instances/mm-20-25-1767920.cdop,./settings/Memetic_MPX_1287823.config,20,25,0.40120805369127516,0.5702013422818792,0.5702013422818792,0.5702013422818792,0.5702013422818792,0.5702013422818792,0.6187919463087248,0.6634899328859061,0.6634899328859061,0.6587919463087248,0.6895302013422819,0.6895302013422819,0.7731543624161074,0.7731543624161074
./instances/created-instances/mm-10-10-1891798.cdop,./settings/Memetic_MPX_1099666.config,10,10,0.910089621277826,0.9109569239664643,0.9109569239664643,0.9109569239664643,0.9109569239664643,0.924255565192252,0.924255565192252,0.9546111592945938,0.9551893610870194,0.9551893610870194,0.955767562879445,0.9592367736339983,0.9621277825961261,0.9621277825961261
./instances/created-instances/mm-5-10-1767920.cdop,./settings/Memetic-LS_MPX_1099666.config,5,10,0.7076872319366546,0.7241834378093038,0.7621247113163973,0.7763114483668756,0.813592873639063,0.8716595183107885,0.906301550643352,0.906301550643352,0.906301550643352,0.906301550643352,0.9125701088749587,0.9125701088749587,0.9350049488617618,0.9350049488617618
./instances/created-instances/mm-5-10-1917698.cdop,./settings/Memetic-LS_MPX_1881515.config,5,10,0.7188983855650523,0.750553972776195,0.7907565685343463,0.7907565685343463,0.7907565685343463,0.824628046850269,0.8936372269705603,0.9025007913896803,0.9354226020892688,0.9528331750553973,0.9588477366255144,0.9588477366255144,0.9588477366255144,0.9588477366255144
./instances/created-instances/mm-5-25-1891798.cdop,./settings/Memetic_MMX_1881515.config,5,25,0.9302938960060286,0.945742275810098,0.9608138658628486,0.9647701582516955,0.9647701582516955,0.9647701582516955,0.9647701582516955,0.9647701582516955,0.9726827430293896,0.98172569706104,0.98172569706104,0.98172569706104,0.9832328560663149,0.9832328560663149
./instances/created-instances/mm-5-40-1762875.cdop,./settings/Memetic_MMX_1287823.config,5,40,0.9265910070392185,0.9265910070392185,0.9484269501508404,0.9668151127711536,0.9739979887947134,0.9739979887947134,0.9841976727481684,0.9882200833213619,0.9908059186898435,0.9968395345496337,0.9968395345496337,0.9968395345496337,0.9971268495905761,0.9971268495905761
./instances/created-instances/mm-10-25-1917698.cdop,./settings/Memetic-LS_MMX_1881515.config,10,25,0.45045207956600364,0.45714285714285713,0.48806509945750454,0.6054249547920434,0.6645569620253164,0.6848101265822785,0.7177215189873418,0.7415913200723327,0.7831826401446654,0.8065099457504521,0.8276672694394214,0.8609403254972875,0.8665461121157324,0.8665461121157324
./instances/created-instances/mm-25-10-1762875.cdop,./settings/Memetic-LS_MPX_1287823.config,25,10,0.2022878932316492,0.2179218303145853,0.23031458531935176,0.23031458531935176,0.23031458531935176,0.261582459485224,0.261582459485224,0.261582459485224,0.2972354623450906,0.31306005719733077,0.3143946615824595,0.3168732125834128,0.3317445185891325,0.3317445185891325
./instances/created-instances/mm-25-10-1891798.cdop,./settings/Memetic-LS_MPX_1099666.config,25,10,0.24170704435333581,0.24170704435333581,0.24170704435333581,0.24655236675363398,0.31662318300409986,0.32892284755870294,0.34923592992918373,0.34923592992918373,0.3809168840849795,0.3809168840849795,0.40644800596347375,0.40644800596347375,0.40644800596347375,0.40644800596347375
./instances/created-instances/mm-10-25-1767920.cdop,./settings/Memetic_MPX_1099666.config,10,25,0.7728977805564239,0.7858705845576742,0.8147858705845576,0.8360425132854017,0.8443263519849953,0.8443263519849953,0.8560487652391372,0.8560487652391372,0.8560487652391372,0.8560487652391372,0.8635511097217881,0.8635511097217881,0.8635511097217881,0.8635511097217881
./instances/created-instances/mm-5-40-1891798.cdop,./settings/Memetic-LS_MPX_1099666.config,5,40,0.40881590319792566,0.45215458698604766,0.4710458081244598,0.5032720088899865,0.519817261390295,0.5247561427336708,0.5247561427336708,0.5247561427336708,0.6041486603284356,0.6648969008519571,0.7084825287072478,0.7697246573651068,0.809976540313619,0.809976540313619
./instances/created-instances/mm-15-25-1110588.cdop,./settings/Memetic_MMX_1881515.config,15,25,0.8680575133915985,0.8873696081195377,0.9451649281082605,0.9563010995207217,0.9563010995207217,0.9599661685931773,0.9605300253735551,0.9692698054694108,0.9692698054694108,0.9692698054694108,0.9743445164928108,0.9781505497603609,0.9781505497603609,0.9781505497603609
./instances/created-instances/mm-15-25-1762875.cdop,./settings/Memetic-LS_MPX_1099666.config,15,25,0.26847437425506554,0.3112336114421931,0.32210965435041716,0.3297079856972586,0.3355184743742551,0.3386471990464839,0.3386471990464839,0.38036352800953516,0.4246126340882002,0.46245530393325385,0.5077473182359953,0.5110250297973778,0.5303933253873659,0.5303933253873659
./instances/created-instances/mm-15-40-1917698.cdop,./settings/Memetic-LS_MPX_1881515.config,15,40,0.20845416016060675,0.20845416016060675,0.21614989962078965,0.23154137854115547,0.23154137854115547,0.23154137854115547,0.24057550747267456,0.2586437653357127,0.26288199866161055,0.2769350881106402,0.28663841177782734,0.36437653357126926,0.4141200089225965,0.4141200089225965
./instances/created-instances/mm-25-10-1891798.cdop,./settings/Memetic-LS_MPX_1287823.config,25,10,0.22847558702944465,0.22847558702944465,0.23183004099888185,0.23183004099888185,0.23183004099888185,0.2711516958628401,0.2711516958628401,0.2711516958628401,0.2711516958628401,0.2849422288483041,0.2849422288483041,0.2849422288483041,0.32445024226612,0.32445024226612
./instances/created-instances/mm-20-10-1767920.cdop,./settings/Memetic-LS_MPX_1287823.config,20,10,0.24469680737090208,0.26376687379472896,0.26376687379472896,0.26376687379472896,0.29676451682022714,0.29676451682022714,0.29676451682022714,0.29676451682022714,0.29676451682022714,0.3471180629955003,0.39254338975787445,0.41011356331690596,0.42039854296121704,0.42039854296121704
./instances/created-instances/mm-5-10-1110588.cdop,./settings/Memetic_MPX_1287823.config,5,10,0.9720896070510466,0.9720896070510466,0.9720896070510466,0.9720896070510466,0.9720896070510466,0.9827396254131473,0.9834741094381197,0.9915534337128168,0.9915534337128168,0.9915534337128168,0.9915534337128168,1.0,1.0,1.0
./instances/created-instances/mm-25-10-1110588.cdop,./settings/Memetic_MPX_1099666.config,25,10,0.7456398197138938,0.7456398197138938,0.7456398197138938,0.7730746619635509,0.7756221830295904,0.8034489515970997,0.8034489515970997,0.8034489515970997,0.8257887517146777,0.826376641191456,0.826376641191456,0.8575347834607094,0.8575347834607094,0.8575347834607094
./instances/created-instances/mm-10-10-1891798.cdop,./settings/Memetic-LS_MMX_1099666.config,10,10,0.6681121711477306,0.6681121711477306,0.6869037294015612,0.728823359352414,0.800520381613183,0.8398381034981208,0.8597860653368026,0.8626770742989304,0.9022838970800809,0.911246024862677,0.9222318589187627,0.9375542064180399,0.9375542064180399,0.9375542064180399
./instances/created-instances/mm-25-25-1767920.cdop,./settings/Memetic-LS_MPX_1881515.config,25,25,0.13513513513513514,0.1551603416888391,0.1551603416888391,0.1551603416888391,0.18260747794426552,0.18260747794426552,0.18260747794426552,0.2159361433972833,0.244083461700042,0.244083461700042,0.244083461700042,0.24828455398403584,0.26130794006441677,0.26130794006441677
./instances/created-instances/mm-5-10-1110588.cdop,./settings/Memetic_MPX_1099666.config,5,10,0.9559309585016526,0.9625413147264047,0.974293059125964,0.974293059125964,0.974293059125964,0.9845758354755784,0.9908189496878443,0.9908189496878443,0.9908189496878443,0.9908189496878443,0.9926551597502754,1.0,1.0,1.0
./instances/created-instances/mm-10-40-1110588.cdop,./settings/Memetic_MMX_1099666.config,10,40,0.8169619593538301,0.8699843668577384,0.8848358520062533,0.9067222511724856,0.9312141740489839,0.9316050026055237,0.9356435643564357,0.9525794684731631,0.9585721730067743,0.9650859822824388,0.9682126107347577,0.9766805627931214,0.9894476289734236,0.9894476289734236
./instances/created-instances/mm-10-40-1917698.cdop,./settings/Memetic-LS_MMX_1099666.config,10,40,0.3605580215599239,0.3699429296131896,0.37628408370323396,0.4072289156626506,0.491566265060241,0.5417882054533926,0.562714013950539,0.629422954977806,0.6389346861128725,0.6427393785668992,0.7077996195307545,0.770577045022194,0.8120481927710843,0.8120481927710843
./instances/created-instances/mm-25-25-1767920.cdop,./settings/Memetic-LS_MPX_1287823.config,25,25,0.12267189469262008,0.12267189469262008,0.12267189469262008,0.12519255006301638,0.20025206553703964,0.20025206553703964,0.20025206553703964,0.20347290295476825,0.20347290295476825,0.20347290295476825,0.20347290295476825,0.22797927461139897,0.22797927461139897,0.22797927461139897
./instances/created-instances/mm-10-25-1762875.cdop,./settings/Memetic-LS_MMX_1287823.config,10,25,0.4419404782384311,0.5623602270772406,0.620505762945123,0.6421813177361088,0.705831756408051,0.7159814209530363,0.7218303801823499,0.7223464648202306,0.7507311199036641,0.7715465336315156,0.8161018407018751,0.8197144331670394,0.8420781008085326,0.8420781008085326
./instances/created-instances/mm-15-25-1762875.cdop,./settings/Memetic_MMX_1099666.config,15,25,0.8936233611442194,0.9284862932061978,0.9284862932061978,0.9626042908224076,0.9676698450536353,0.9733313468414779,0.9733313468414779,0.9797377830750894,0.9816746126340882,0.9825685339690108,0.983015494636472,0.983015494636472,1.0,1.0
./instances/created-instances/mm-20-25-1767920.cdop,./settings/Memetic_MMX_1881515.config,20,25,0.8293959731543624,0.852751677852349,0.9122147651006711,0.954496644295302,0.9587919463087249,0.9645637583892618,0.9651006711409396,0.9868456375838927,0.9895302013422819,0.9935570469798658,0.9954362416107383,0.9954362416107383,1.0,1.0
./instances/created-instances/mm-5-10-1762875.cdop,./settings/Memetic_MMX_1287823.config,5,10,0.9916003536693192,0.995579133510168,0.995579133510168,0.995579133510168,0.995579133510168,0.995579133510168,0.995579133510168,0.995579133510168,0.995579133510168,1.0,1.0,1.0,1.0,1.0
./instances/created-instances/mm-10-40-1891798.cdop,./settings/Memetic_MPX_1881515.config,10,40,0.7998947506906986,0.8685699250098671,0.9138271280094724,0.9138271280094724,0.9138271280094724,0.9138271280094724,0.9181686620181555,0.9181686620181555,0.9181686620181555,0.9275095382186554,0.9293514011314301,0.9457966057097751,0.9564530982765426,0.9564530982765426
./instances/created-instances/mm-5-10-1891798.cdop,./settings/Memetic-LS_MPX_1099666.config,5,10,0.7288930581613509,0.7451532207629769,0.8223889931207005,0.8439649781113195,0.8868042526579112,0.8968105065666041,0.9168230143839899,0.9355847404627893,0.9355847404627893,0.9371482176360225,0.9418386491557224,0.9418386491557224,0.9418386491557224,0.9418386491557224
./instances/created-instances/mm-10-40-1891798.cdop,./settings/Memetic-LS_MPX_1287823.config,10,40,0.24523089067227996,0.26391264307327983,0.3216682015524273,0.3383765294040258,0.3673200894619129,0.41862912774634914,0.4925667675305881,0.532561505065123,0.5574266543875805,0.5916326799105381,0.6639915800552559,0.6738587028022629,0.6983291672148402,0.6983291672148402
./instances/created-instances/mm-20-25-1110588.cdop,./settings/Memetic_MMX_1881515.config,20,25,0.8569665175127296,0.8938435426631692,0.9314920536954173,0.9365838605153526,0.9381268322789693,0.9483104459188397,0.9634315692022836,0.9799413670729825,0.9871933343619812,0.9901249807128529,0.9935195185928097,0.9941367072982564,0.9941367072982564,0.9941367072982564
./instances/created-instances/mm-15-40-1110588.cdop,./settings/Memetic_MMX_1099666.config,15,40,0.8359086715867159,0.8748846863468634,0.8901060885608856,0.8901060885608856,0.9182426199261993,0.9339252767527675,0.9504151291512916,0.9681734317343174,0.9690959409594095,0.9767066420664207,0.9767066420664207,0.9951568265682657,1.0,1.0
./instances/created-instances/mm-20-10-1762875.cdop,./settings/Memetic-LS_MMX_1881515.config,20,10,0.34611953612845675,0.4451382694023194,0.5403657448706513,0.5735950044603033,0.6309099018733274,0.6309099018733274,0.66971454058876,0.7105263157894737,0.7743086529884032,0.8048617305976806,0.8641837644959858,0.9420160570918823,0.9420160570918823,0.9420160570918823
./instances/created-instances/mm-10-25-1762875.cdop,./settings/Memetic-LS_MPX_1099666.config,10,25,0.430070531567177,0.430070531567177,0.45105797350765525,0.4725615000860141,0.5088594529502839,0.5391364183726131,0.5547909857216583,0.5547909857216583,0.5575434371236883,0.5575434371236883,0.5575434371236883,0.7063478410459315,0.7159814209530363,0.7159814209530363
./instances/created-instances/mm-5-25-1917698.cdop,./settings/Memetic-LS_MPX_1099666.config,5,25,0.5604562737642586,0.5954372623574145,0.5975285171102661,0.6167300380228137,0.6834600760456274,0.7074144486692016,0.7475285171102661,0.7688212927756654,0.8397338403041825,0.8496197718631179,0.8790874524714829,0.9051330798479087,0.9140684410646388,0.9140684410646388
./instances/created-instances/mm-20-25-1762875.cdop,./settings/Memetic-LS_MMX_1099666.config,20,25,0.30388364536592916,0.40430140801485376,0.44267368095311777,0.48831811852081075,0.5044097168497602,0.5257620300170199,0.597864768683274,0.6315952344112641,0.6609933467429986,0.7412966114807364,0.749032956831193,0.7645056475321058,0.8021042859353241,0.8021042859353241
./instances/created-instances/mm-5-25-1110588.cdop,./settings/Memetic_MPX_1099666.config,5,25,0.8946904215911096,0.9218557064738049,0.9218557064738049,0.9218557064738049,0.9218557064738049,0.9218557064738049,0.9218557064738049,0.9299700123478568,0.940553889574881,0.940553889574881,0.9446110425119069,0.9564297054154172,0.96930675604163,0.96930675604163
./instances/created-instances/mm-15-25-1762875.cdop,./settings/Memetic_MPX_1287823.config,15,25,0.7130512514898689,0.7130512514898689,0.8164481525625745,0.8034862932061978,0.8034862932061978,0.807061978545888,0.8505661501787842,0.8505661501787842,0.8505661501787842,0.8505661501787842,0.8505661501787842,0.8472884386174017,0.8472884386174017,0.8472884386174017
./instances/created-instances/mm-5-40-1917698.cdop,./settings/Memetic_MPX_1287823.config,5,40,0.7431794333683106,0.8625393494228751,0.9029380902413431,0.9247114375655824,0.9247114375655824,0.9247114375655824,0.9615687303252886,0.9615687303252886,0.9647166841552991,0.9777019937040924,0.9777019937040924,0.9777019937040924,0.9843913955928646,0.9843913955928646
./instances/created-instances/mm-5-40-1767920.cdop,./settings/Memetic_MMX_1287823.config,5,40,0.8865740740740741,0.8865740740740741,0.9299125514403292,0.9304269547325102,0.9335133744855967,0.9512602880658436,0.9565329218106996,0.9682355967078189,0.9696502057613169,0.9714506172839507,0.9754372427983539,0.9965277777777778,1.0,1.0
./instances/created-instances/mm-25-25-1110588.cdop,./settings/Memetic_MPX_1287823.config,25,25,0.7039346079246329,0.7039346079246329,0.7039346079246329,0.7039346079246329,0.7039346079246329,0.7039346079246329,0.7654474923801607,0.756026600166251,0.756026600166251,0.773067331670823,0.773067331670823,0.773067331670823,0.78595178719867,0.78595178719867
./instances/created-instances/mm-25-10-1891798.cdop,./settings/Memetic_MMX_1099666.config,25,10,0.8788669399925456,0.9127841967946329,0.9127841967946329,0.9284383153186732,0.9440924338427134,0.9476332463660082,0.9476332463660082,0.9476332463660082,0.9729780096906449,0.9776369735370853,0.9884457696608274,0.9884457696608274,0.9884457696608274,0.9884457696608274
./instances/created-instances/mm-15-40-1767920.cdop,./settings/Memetic-LS_MPX_1287823.config,15,40,0.16950371613521936,0.1769359865739631,0.1769359865739631,0.19383840805562216,0.19383840805562216,0.19383840805562216,0.19551666267082235,0.22584512107408294,0.2706784943658595,0.2914169263965476,0.3272596499640374,0.33109566051306644,0.3342124190841525,0.3342124190841525
./instances/created-instances/mm-5-25-1767920.cdop,./settings/Memetic-LS_MMX_1881515.config,5,25,0.5660042583392477,0.5665365507452094,0.5864088005677786,0.5864088005677786,0.6414123491838183,0.7350958126330731,0.7966643009226402,0.8380056777856636,0.8479418026969482,0.8523775727466288,0.8637331440738112,0.9024130589070263,0.9409155429382541,0.9409155429382541
./instances/created-instances/mm-15-40-1110588.cdop,./settings/Memetic-LS_MPX_1099666.config,15,40,0.20502767527675278,0.20502767527675278,0.20502767527675278,0.21575184501845018,0.2357011070110701,0.24423431734317344,0.2789437269372694,0.3101937269372694,0.32449261992619927,0.3370618081180812,0.4085562730627306,0.4228551660516605,0.42331642066420666,0.42331642066420666
./instances/created-instances/mm-10-25-1110588.cdop,./settings/Memetic_MMX_1881515.config,10,25,0.9208881578947369,0.9277960526315789,0.9407894736842105,0.9450657894736842,0.9654605263157895,0.9692434210526316,0.9692434210526316,0.9692434210526316,0.971875,0.9896381578947369,0.9896381578947369,0.9896381578947369,0.9896381578947369,0.9896381578947369
./instances/created-instances/mm-10-40-1767920.cdop,./settings/Memetic_MMX_1287823.config,10,40,0.7998703823720026,0.8715489306545691,0.9174335709656514,0.9375243033052495,0.946597537265068,0.9661697990926766,0.9716137394685678,0.9775761503564485,0.9793907971484122,0.9880751782242385,0.9898898250162022,1.0,1.0,1.0
./instances/created-instances/mm-15-10-1110588.cdop,./settings/Memetic_MPX_1287823.config,15,10,0.7586525149976927,0.7586525149976927,0.7743424088601754,0.7805722196585141,0.8188740193816336,0.8428703276419013,0.8924780802953391,0.8924780802953391,0.9014766958929396,0.9053991693585602,0.9053991693585602,0.9053991693585602,0.9053991693585602,0.9053991693585602
./instances/created-instances/mm-25-25-1762875.cdop,./settings/Memetic-LS_MMX_1287823.config,25,25,0.2599968637290262,0.32115414771836287,0.4268464795358319,0.44770268151168263,0.46307040928336207,0.4923945428885056,0.5309706758663949,0.6499921593225655,0.6688097851654383,0.7029951387799905,0.7321624588364435,0.7862631331347029,0.7941038105692332,0.7941038105692332
./instances/created-instances/mm-20-25-1110588.cdop,./settings/Memetic-LS_MPX_1287823.config,20,25,0.21061564573368308,0.21061564573368308,0.269557167103842,0.28637555932726433,0.30180527696343157,0.30180527696343157,0.3264928251812992,0.3264928251812992,0.3264928251812992,0.32834439129763926,0.4030242246566888,0.40703595124209224,0.4304891220490665,0.4304891220490665
./instances/created-instances/mm-10-25-1110588.cdop,./settings/Memetic-LS_MPX_1287823.config,10,25,0.43536184210526313,0.44046052631578947,0.4554276315789474,0.47598684210526315,0.48289473684210527,0.4889802631578947,0.5217105263157895,0.5368421052631579,0.6383223684210526,0.6842105263157895,0.6842105263157895,0.6881578947368421,0.6881578947368421,0.6881578947368421
./instances/created-instances/mm-10-25-1917698.cdop,./settings/Memetic-LS_MPX_1881515.config,10,25,0.355877034358047,0.3992766726943942,0.4155515370705244,0.4155515370705244,0.4576853526220615,0.4723327305605787,0.4735985533453888,0.6050632911392405,0.6301989150090416,0.6641952983725136,0.725497287522604,0.7468354430379747,0.7468354430379747,0.7468354430379747
./instances/created-instances/mm-5-10-1110588.cdop,./settings/Memetic_MPX_1881515.config,5,10,0.9621740727139185,0.969518912963643,0.969518912963643,0.969518912963643,0.9882482556004407,0.9882482556004407,0.9882482556004407,0.9882482556004407,0.9882482556004407,0.9882482556004407,0.9955930958501653,0.9955930958501653,0.9955930958501653,0.9955930958501653
./instances/created-instances/mm-5-40-1762875.cdop,./settings/Memetic_MMX_1881515.config,5,40,0.8595029449791697,0.8929751472489584,0.9060479816118374,0.9537422784082746,0.9688263180577503,0.9752909064789542,0.9752909064789542,0.9787386869702629,0.9788823444907341,0.9913805487717282,0.9975578221519896,1.0,1.0,1.0
./instances/created-instances/mm-15-40-1917698.cdop,./settings/Memetic_MMX_1287823.config,15,40,0.82578630381441,0.8497657818425162,0.9161275931296007,0.9190274369841623,0.9298460852107964,0.9305152799464644,0.9469105509703324,0.9800356903859023,0.9803702877537364,0.9869507026544725,0.9906312737006469,0.9906312737006469,0.9926388579076512,0.9926388579076512
./instances/created-instances/mm-20-25-1917698.cdop,./settings/Memetic-LS_MMX_1287823.config,20,25,0.22762345679012347,0.2967592592592593,0.3212962962962963,0.40555555555555556,0.4645061728395062,0.48595679012345677,0.5515432098765433,0.6203703703703703,0.6813271604938271,0.7157407407407408,0.749537037037037,0.7878086419753086,0.8151234567901234,0.8151234567901234
./instances/created-instances/mm-5-25-1762875.cdop,./settings/Memetic-LS_MPX_1287823.config,5,25,0.5329289428076257,0.5592720970537262,0.6320623916811092,0.7065857885615251,0.7675909878682843,0.7819757365684575,0.8154246100519931,0.8287694974003467,0.8379549393414212,0.8634315424610052,0.8634315424610052,0.8648180242634316,0.8648180242634316,0.8648180242634316
./instances/created-instances/mm-15-10-1762875.cdop,./settings/Memetic-LS_MMX_1099666.config,15,10,0.6323049912214698,0.6950087785302232,0.7394030599448207,0.7559568597943316,0.7868071231502383,0.7985954351642839,0.8284424379232506,0.8765989465763732,0.8946576373212942,0.9187358916478555,0.9187358916478555,0.9418108853774768,0.9418108853774768,0.9418108853774768
./instances/created-instances/mm-5-40-1917698.cdop,./settings/Memetic-LS_MMX_1099666.config,5,40,0.488588667366212,0.5006558237145855,0.5438090241343126,0.5817156348373557,0.5856505771248688,0.6065057712486883,0.6984522560335782,0.713405036726128,0.7238982161594963,0.7749213011542497,0.8073189926547744,0.8221406086044072,0.8281741867785939,0.8281741867785939
./instances/created-instances/mm-25-25-1891798.cdop,./settings/Memetic_MPX_1287823.config,25,25,0.5107402031930334,0.5107402031930334,0.5818577648766328,0.5818577648766328,0.6264150943396226,0.6264150943396226,0.6264150943396226,0.6264150943396226,0.6264150943396226,0.6264150943396226,0.6776487663280116,0.6776487663280116,0.7480406386066764,0.7480406386066764
./instances/created-instances/mm-5-25-1762875.cdop,./settings/Memetic_MPX_1099666.config,5,25,0.9032928942807625,0.9032928942807625,0.9032928942807625,0.9280762564991335,0.9457538994800693,0.9457538994800693,0.9457538994800693,0.9457538994800693,0.9459272097053726,0.960311958405546,0.960311958405546,0.9677642980935875,0.9677642980935875,0.9677642980935875
./instances/created-instances/mm-10-40-1767920.cdop,./settings/Memetic-LS_MPX_1881515.config,10,40,0.3003240440699935,0.3003240440699935,0.3003240440699935,0.35502268308489954,0.39261179520414774,0.43279325988334416,0.4474400518470512,0.4474400518470512,0.5310434219053791,0.5924821775761504,0.5957226182760855,0.5957226182760855,0.6033700583279326,0.6033700583279326
./instances/created-instances/mm-15-40-1917698.cdop,./settings/Memetic_MPX_1099666.config,15,40,0.5855453937095695,0.6786749944233772,0.688155253178675,0.688155253178675,0.688155253178675,0.688155253178675,0.7128039259424492,0.7013160829801472,0.7034351996430961,0.7552977916573723,0.7552977916573723,0.7552977916573723,0.7552977916573723,0.7552977916573723
./instances/created-instances/mm-25-25-1110588.cdop,./settings/Memetic_MMX_1287823.config,25,25,0.8250207813798837,0.8523136602937101,0.8819617622610141,0.9290662233305624,0.9437517317816569,0.9605153782211139,0.9702133555001385,0.9702133555001385,0.9743696314768634,0.9763092269326683,0.9786644499861458,0.984898863951233,0.984898863951233,0.984898863951233
./instances/created-instances/mm-5-40-1762875.cdop,./settings/Memetic_MPX_1099666.config,5,40,0.8804769429679644,0.8837810659388019,0.8837810659388019,0.8847866685821003,0.8932624622899009,0.905042378968539,0.9087774745007902,0.923286884068381,0.923286884068381,0.9505818129579083,0.9505818129579083,0.9505818129579083,0.9546042235311019,0.9546042235311019
./instances/created-instances/mm-15-10-1767920.cdop,./settings/Memetic_MPX_1881515.config,15,10,0.7452078397587767,0.7465001076889942,0.7465001076889942,0.7465001076889942,0.7465001076889942,0.7964678009907388,0.7964678009907388,0.8192978677579151,0.8192978677579151,0.8796037045013999,0.8796037045013999,0.8796037045013999,0.8796037045013999,0.8796037045013999
./instances/created-instances/mm-10-10-1110588.cdop,./settings/Memetic-LS_MMX_1287823.config,10,10,0.7352272727272727,0.7852272727272728,0.8411931818181818,0.8474431818181818,0.8474431818181818,0.8474431818181818,0.8849431818181818,0.8869318181818182,0.9116477272727272,0.9116477272727272,0.9264204545454545,0.928409090909091,0.928409090909091,0.928409090909091
./instances/created-instances/mm-5-25-1762875.cdop,./settings/Memetic-LS_MMX_1287823.config,5,25,0.6050259965337955,0.6694974003466204,0.6986135181975737,0.7407279029462738,0.7833622183708839,0.7833622183708839,0.8031195840554592,0.836048526863085,0.8545927209705373,0.8694974003466205,0.8694974003466205,0.8835355285961872,0.8937608318890815,0.8937608318890815
./instances/created-instances/mm-20-25-1917698.cdop,./settings/Memetic-LS_MPX_1287823.config,20,25,0.25416666666666665,0.25895061728395063,0.2941358024691358,0.2941358024691358,0.29984567901234566,0.29984567901234566,0.3189814814814815,0.3274691358024691,0.34228395061728395,0.3484567901234568,0.3484567901234568,0.41512345679012347,0.41512345679012347,0.41512345679012347
./instances/created-instances/mm-5-40-1110588.cdop,./settings/Memetic-LS_MMX_1881515.config,5,40,0.5457150299557176,0.5700703308153164,0.5700703308153164,0.5730659025787965,0.5774941390987236,0.5936441781713988,0.6216462620474081,0.6532951289398281,0.6957541026308934,0.7047408179213337,0.7680385517061735,0.7925240948163584,0.8177910914300599,0.8177910914300599
./instances/created-instances/mm-15-10-1110588.cdop,./settings/Memetic-LS_MMX_1287823.config,15,10,0.6742039686202123,0.6742039686202123,0.6919704660821412,0.6928934010152284,0.6982002768804799,0.753576372865713,0.8036455929856945,0.8523304107060452,0.8827872634979234,0.8940932164282418,0.8940932164282418,0.8940932164282418,0.8940932164282418,0.8940932164282418
./instances/created-instances/mm-15-25-1767920.cdop,./settings/Memetic_MPX_1287823.config,15,25,0.4639961076873175,0.47956535841712616,0.6342847875445994,0.7001297437560817,0.7001297437560817,0.7215374635095686,0.7215374635095686,0.7215374635095686,0.7380797924099902,0.7645150827116445,0.7645150827116445,0.7823548491728836,0.7823548491728836,0.7823548491728836
./instances/created-instances/mm-5-25-1767920.cdop,./settings/Memetic_MMX_1881515.config,5,25,0.9304471256210078,0.9462384669978708,0.946415897799858,0.9721433640880057,0.9774662881476224,0.9774662881476224,0.9808374733853797,0.9813697657913414,0.9948545067423705,0.9948545067423705,0.9948545067423705,0.9948545067423705,0.9948545067423705,0.9948545067423705
./instances/created-instances/mm-5-10-1762875.cdop,./settings/Memetic-LS_MMX_1099666.config,5,10,0.8138815207780725,0.8138815207780725,0.8143236074270557,0.861184792219275,0.861184792219275,0.8868258178603006,0.9305923961096375,0.9407603890362511,0.9407603890362511,0.9407603890362511,0.9407603890362511,0.9407603890362511,0.9407603890362511,0.9407603890362511
./instances/created-instances/mm-15-40-1767920.cdop,./settings/Memetic-LS_MMX_1881515.config,15,40,0.32006713018460803,0.34224406617118197,0.35027571325821144,0.3760489091345001,0.39343083193478784,0.47722368736514026,0.49904099736274277,0.5561016542795493,0.603332534164469,0.6042915368017262,0.6666267082234476,0.6817309997602493,0.6817309997602493,0.6817309997602493
./instances/created-instances/mm-15-10-1767920.cdop,./settings/Memetic-LS_MMX_1099666.config,15,10,0.5050613827266853,0.61253499892311,0.6362265776437648,0.6784406633642042,0.713116519491708,0.7353004522937756,0.7471462416541029,0.7656687486538876,0.802067628688348,0.8091751023045445,0.8472970062459617,0.8490200301529184,0.8490200301529184,0.8490200301529184
./instances/created-instances/mm-20-10-1891798.cdop,./settings/Memetic-LS_MPX_1881515.config,20,10,0.2879601990049751,0.2879601990049751,0.2879601990049751,0.2879601990049751,0.35880597014925375,0.39223880597014926,0.432636815920398,0.44915422885572137,0.4766169154228856,0.48517412935323384,0.48517412935323384,0.5102487562189054,0.5617910447761194,0.5617910447761194
./instances/created-instances/mm-10-10-1891798.cdop,./settings/Memetic_MMX_1287823.config,10,10,0.9716681121711477,0.9751373229257011,0.9800520381613183,0.9800520381613183,0.9840994507082972,0.9910378722174039,0.9910378722174039,0.9953743856605956,0.9953743856605956,0.9953743856605956,0.9953743856605956,0.9953743856605956,1.0,1.0
./instances/created-instances/mm-20-25-1917698.cdop,./settings/Memetic-LS_MMX_1881515.config,20,25,0.31867283950617287,0.35725308641975306,0.4390432098765432,0.49135802469135803,0.4919753086419753,0.5123456790123457,0.5344135802469135,0.5560185185185185,0.6875,0.7319444444444444,0.7645061728395062,0.7967592592592593,0.8401234567901235,0.8401234567901235
./instances/created-instances/mm-25-10-1110588.cdop,./settings/Memetic_MMX_1287823.config,25,10,0.8626298255927886,0.8914364099549285,0.9198510679992161,0.9376837154614932,0.9592396629433666,0.9684499314128944,0.9745247893396042,0.9745247893396042,0.9745247893396042,0.9745247893396042,0.9784440525181266,0.9827552420145013,0.987262394669802,0.987262394669802
./instances/created-instances/mm-10-25-1917698.cdop,./settings/Memetic_MPX_1099666.config,10,25,0.7582278481012659,0.8452079566003616,0.8452079566003616,0.8540687160940326,0.8540687160940326,0.8540687160940326,0.8540687160940326,0.8540687160940326,0.8802893309222423,0.8802893309222423,0.8990958408679928,0.8990958408679928,0.8990958408679928,0.8990958408679928
./instances/created-instances/mm-15-10-1917698.cdop,./settings/Memetic_MPX_1099666.config,15,10,0.8218978102189781,0.8493917274939172,0.8493917274939172,0.8493917274939172,0.8493917274939172,0.8493917274939172,0.8885644768856448,0.9,0.9046228710462287,0.9046228710462287,0.9046228710462287,0.9194647201946472,0.9194647201946472,0.9194647201946472
./instances/created-instances/mm-25-10-1110588.cdop,./settings/Memetic-LS_MMX_1287823.config,25,10,0.3535175387027239,0.3768371546149324,0.4703115814226925,0.5285126396237507,0.586713697824809,0.6507936507936508,0.7076229668822261,0.749167156574564,0.7697432882618068,0.807172251616696,0.8377425044091711,0.8483245149911817,0.8630217519106408,0.8630217519106408
./instances/created-instances/mm-15-40-1767920.cdop,./settings/Memetic_MMX_1099666.config,15,40,0.7941740589786622,0.8406856868856389,0.8901941980340446,0.9426995924238791,0.9521697434667945,0.9549268760489091,0.966315032366339,0.9672740350035962,0.9699112922560537,0.9715895468712539,0.9883720930232558,1.0,1.0,1.0
./instances/created-instances/mm-15-40-1110588.cdop,./settings/Memetic_MMX_1881515.config,15,40,0.8195341328413284,0.8664667896678967,0.8924123616236163,0.9060193726937269,0.9509916974169742,0.9595249077490775,0.9647140221402214,0.9733625461254612,0.9786669741697417,0.9786669741697417,0.9859317343173432,0.992619926199262,0.9929658671586716,0.9929658671586716
./instances/created-instances/mm-15-10-1891798.cdop,./settings/Memetic-LS_MPX_1881515.config,15,10,0.39145673603504927,0.4212486308871851,0.42475355969331874,0.47447973713033953,0.5362541073384447,0.5366922234392114,0.5369112814895948,0.5818181818181818,0.6433734939759036,0.6681270536692223,0.6742606790799562,0.7257393209200438,0.723329682365827,0.723329682365827
./instances/created-instances/mm-15-25-1917698.cdop,./settings/Memetic_MMX_1287823.config,15,25,0.8601409804549823,0.900032041012496,0.9226209548221724,0.9234219801345722,0.9259852611342518,0.9331944889458507,0.9537007369432874,0.9682793976289651,0.9719641140660045,0.9857417494392823,0.9857417494392823,0.9857417494392823,0.9961550785004806,0.9961550785004806
./instances/created-instances/mm-25-25-1762875.cdop,./settings/Memetic_MPX_1099666.config,25,25,0.537713658460091,0.537713658460091,0.537713658460091,0.537713658460091,0.6173749411949192,0.6736710051748471,0.6736710051748471,0.6797867335737807,0.7787360827975537,0.7787360827975537,0.7787360827975537,0.7787360827975537,0.7787360827975537,0.7787360827975537
./instances/created-instances/mm-10-25-1110588.cdop,./settings/Memetic-LS_MMX_1881515.config,10,25,0.459375,0.46463815789473684,0.5136513157894737,0.5235197368421053,0.5302631578947369,0.6047697368421052,0.6141447368421052,0.6485197368421053,0.7238486842105263,0.7559210526315789,0.7764802631578948,0.8309210526315789,0.8868421052631579,0.8868421052631579
./instances/created-instances/mm-20-10-1110588.cdop,./settings/Memetic-LS_MPX_1881515.config,20,10,0.2975940200887643,0.306003270263957,0.306003270263957,0.32445690259285215,0.32445690259285215,0.34454566690025695,0.4031768278439617,0.4122868488670871,0.4122868488670871,0.4122868488670871,0.4122868488670871,0.4122868488670871,0.4122868488670871,0.4122868488670871
./instances/created-instances/mm-10-10-1891798.cdop,./settings/Memetic-LS_MPX_1099666.config,10,10,0.645273200346921,0.6565481352992194,0.6900838392599017,0.7022260769008384,0.7103209019947961,0.7192830297773923,0.7204394333622435,0.7990748771321191,0.8054350968488002,0.813529921942758,0.813529921942758,0.813529921942758,0.8398381034981208,0.8398381034981208
./instances/created-instances/mm-25-25-1110588.cdop,./settings/Memetic_MMX_1881515.config,25,25,0.8372125242449432,0.8965087281795511,0.9214463840399002,0.9238016070933777,0.9357162648933223,0.9616237184815738,0.9836519811582156,0.986838459407038,0.986838459407038,0.9958437240232751,0.9981989470767526,0.9981989470767526,0.9981989470767526,0.9981989470767526
./instances/created-instances/mm-25-10-1767920.cdop,./settings/Memetic-LS_MMX_1881515.config,25,10,0.47792323053028624,0.5145329487463945,0.5360550255158643,0.577102285333925,0.6048369203461282,0.6418903927224318,0.6851564233414689,0.745506989128023,0.7889948968271577,0.7898824051475483,0.8227202130019969,0.8495673396938096,0.8795207455069891,0.8795207455069891
./instances/created-instances/mm-15-10-1762875.cdop,./settings/Memetic-LS_MMX_1881515.config,15,10,0.54477050413845,0.54477050413845,0.6393278154000501,0.7406571356909958,0.7682468021068473,0.7853022322548282,0.8086280411336845,0.8086280411336845,0.8981690494105844,0.9212440431402057,0.9398043641835967,0.9400551793328317,0.9400551793328317,0.9400551793328317
./instances/created-instances/mm-20-10-1110588.cdop,./settings/Memetic-LS_MMX_1881515.config,20,10,0.5620182200420463,0.6040644709180099,0.620649380985751,0.6325624854006073,0.6472786732071946,0.6629292221443588,0.6904928754963794,0.6904928754963794,0.6904928754963794,0.71034804952114,0.7264657790235927,0.7558981546367671,0.7558981546367671,0.7558981546367671
./instances/created-instances/mm-10-10-1917698.cdop,./settings/Memetic_MPX_1287823.config,10,10,0.850291100637649,0.8566675907956751,0.9010257831993346,0.9010257831993346,0.9010257831993346,0.9010257831993346,0.9010257831993346,0.9010257831993346,0.9010257831993346,0.9334627113945106,0.9334627113945106,0.9517604657610202,0.9600776268367064,0.9600776268367064
./instances/created-instances/mm-25-10-1762875.cdop,./settings/Memetic_MPX_1287823.config,25,10,0.5513822688274547,0.6793136320305052,0.6793136320305052,0.6793136320305052,0.6793136320305052,0.6793136320305052,0.6793136320305052,0.6793136320305052,0.7639656816015252,0.7639656816015252,0.7639656816015252,0.7586272640610104,0.7586272640610104,0.7586272640610104
./instances/created-instances/mm-5-40-1891798.cdop,./settings/Memetic-LS_MMX_1881515.config,5,40,0.4964810470428448,0.5163600444499321,0.5163600444499321,0.5508087418199777,0.5709346832942338,0.6271144585751327,0.6674898135572293,0.6923076923076923,0.6979874058525743,0.7618224472157057,0.7842943573280652,0.827262625015434,0.8725768613409063,0.8725768613409063
./instances/created-instances/mm-25-10-1891798.cdop,./settings/Memetic_MMX_1881515.config,25,10,0.8820350354081252,0.9075661572866195,0.9263883712262393,0.9308609765188222,0.94278792396571,0.94278792396571,0.9470741707044353,0.9629146477823332,0.9716734998136415,0.9847185985836749,0.9882594111069698,0.9936638091688409,0.995527394707417,0.995527394707417
./instances/created-instances/mm-10-25-1767920.cdop,./settings/Memetic_MPX_1881515.config,10,25,0.7292904032510159,0.7338230697092841,0.879493591747421,0.879493591747421,0.879493591747421,0.879493591747421,0.879493591747421,0.879493591747421,0.879493591747421,0.879493591747421,0.8813691778680838,0.8813691778680838,0.8904345107846202,0.8904345107846202
./instances/created-instances/mm-15-25-1110588.cdop,./settings/Memetic-LS_MPX_1099666.config,15,25,0.2655765435579363,0.2655765435579363,0.2655765435579363,0.2655765435579363,0.3042007330138145,0.32492246969269806,0.36594305046518183,0.4078094164082323,0.42091908655201576,0.43177332957428816,0.4657457005920496,0.46941076966450523,0.48477586692979985,0.48477586692979985
./instances/created-instances/mm-15-10-1762875.cdop,./settings/Memetic-LS_MPX_1099666.config,15,10,0.36368196639077,0.4256333082518184,0.4256333082518184,0.46952595936794583,0.4835716077251066,0.563330825181841,0.6217707549535992,0.6340606972661149,0.6340606972661149,0.6405818911462252,0.6654125909204915,0.6654125909204915,0.6756960120391272,0.6756960120391272
./instances/created-instances/mm-15-25-1917698.cdop,./settings/Memetic-LS_MMX_1099666.config,15,25,0.4548221723806472,0.5193848125600768,0.5349247036206344,0.5837872476770266,0.5959628324255046,0.6238385132970202,0.6608458827298943,0.7284524190964434,0.7529637936558795,0.7837231656520346,0.7926946491509131,0.8229734059596283,0.8537327779557834,0.8537327779557834
./instances/created-instances/mm-10-40-1891798.cdop,./settings/Memetic_MPX_1287823.config,10,40,0.8016050519668465,0.8098934350743323,0.846730693329825,0.846730693329825,0.8643599526378108,0.8643599526378108,0.8643599526378108,0.8884357321405079,0.8884357321405079,0.8884357321405079,0.8884357321405079,0.8986975397973951,0.9039600052624654,0.9039600052624654
./instances/created-instances/mm-10-10-1767920.cdop,./settings/Memetic-LS_MPX_1099666.config,10,10,0.5639460971268752,0.5690312738367659,0.5850495804729214,0.5850495804729214,0.6127637935418255,0.6664124078311722,0.668700737350623,0.6892957030256801,0.7396389524535978,0.775997965929316,0.8049834731756929,0.825069921179761,0.825069921179761,0.825069921179761
./instances/created-instances/mm-25-25-1917698.cdop,./settings/Memetic_MPX_1099666.config,25,25,0.6615054422811589,0.6615054422811589,0.6615054422811589,0.6615054422811589,0.6615054422811589,0.7091828913076805,0.7403035413153457,0.7596198068373448,0.7596198068373448,0.7596198068373448,0.7734171393530584,0.7734171393530584,0.7734171393530584,0.7734171393530584
./instances/created-instances/mm-15-25-1767920.cdop,./settings/Memetic_MMX_1881515.config,15,25,0.8616607200778462,0.8963671748297113,0.9403178722024003,0.9706454751865067,0.9753486863444697,0.9771326629905935,0.9771326629905935,0.9933506325008109,1.0,1.0,1.0,1.0,1.0,1.0
./instances/created-instances/mm-15-10-1891798.cdop,./settings/Memetic_MMX_1881515.config,15,10,0.9447973713033954,0.9447973713033954,0.9555312157721796,0.9677984665936473,0.9721796276013144,0.9809419496166484,0.9899233296823658,0.9956188389923329,0.9956188389923329,0.9997809419496166,0.9997809419496166,0.9997809419496166,0.9997809419496166,0.9997809419496166
./instances/created-instances/mm-15-25-1110588.cdop,./settings/Memetic_MPX_1881515.config,15,25,0.6350436989004793,0.7311812799548915,0.7311812799548915,0.7311812799548915,0.7340005638567804,0.7340005638567804,0.7671271497039752,0.7671271497039752,0.7755850014096419,0.778122356921342,0.778122356921342,0.7903862418945587,0.8908937129968988,0.8908937129968988
./instances/created-instances/mm-10-40-1891798.cdop,./settings/Memetic_MMX_1881515.config,10,40,0.8659386922773319,0.8898829101434022,0.9336929351401131,0.9336929351401131,0.9517168793579792,0.9519800026312327,0.9613208788317327,0.9734245494013946,0.9765820286804368,0.9794763846862254,0.9794763846862254,0.9794763846862254,0.9851335350611762,0.9851335350611762
./instances/created-instances/mm-10-25-1767920.cdop,./settings/Memetic-LS_MMX_1881515.config,10,25,0.5104720225070335,0.5382932166301969,0.5492341356673961,0.6064395123476086,0.6394185683025946,0.6461394185683026,0.6461394185683026,0.6880275085964364,0.6950609565489215,0.7044388871522351,0.7672710221944358,0.830259456080025,0.8615192247577368,0.8615192247577368
./instances/created-instances/mm-15-10-1917698.cdop,./settings/Memetic-LS_MPX_1287823.config,15,10,0.4793187347931874,0.497323600973236,0.5180048661800487,0.5223844282238442,0.5223844282238442,0.5223844282238442,0.5742092457420924,0.6053527980535279,0.6360097323600973,0.6360097323600973,0.6527980535279805,0.6527980535279805,0.681265206812652,0.681265206812652
./instances/created-instances/mm-10-10-1762875.cdop,./settings/Memetic_MMX_1881515.config,10,10,0.9510370622237334,0.9666780006800408,0.9666780006800408,0.9666780006800408,0.9666780006800408,0.9670180210812649,0.9714382862971779,0.9826589595375722,0.9826589595375722,0.9833390003400204,0.9833390003400204,0.9833390003400204,0.9846990819449167,0.9846990819449167
./instances/created-instances/mm-5-40-1110588.cdop,./settings/Memetic-LS_MPX_1099666.config,5,40,0.4222453764001042,0.45571763480072935,0.4880177129460797,0.5199270643396718,0.5479291482156812,0.5698098463141443,0.5888252148997135,0.6166970565251367,0.6728314665277416,0.6728314665277416,0.7418598593383694,0.7451159156030216,0.7776764782495441,0.7776764782495441
./instances/created-instances/mm-15-10-1767920.cdop,./settings/Memetic_MMX_1287823.config,15,10,0.9323713116519492,0.9437863450355374,0.9545552444540168,0.9564936463493431,0.9564936463493431,0.9564936463493431,0.9780314451863019,0.9834158948955417,0.9866465647210855,0.9920310144303253,0.9920310144303253,0.9920310144303253,0.9920310144303253,0.9920310144303253
./instances/created-instances/mm-15-40-1891798.cdop,./settings/Memetic_MMX_1881515.config,15,40,0.8432164733481038,0.8845301707285286,0.9457839176332595,0.9526912550501759,0.9589469568617229,0.9589469568617229,0.9696337807897824,0.9820148572918024,0.9915287371301968,0.9917893913723446,0.9964811677310048,0.9964811677310048,0.9979147660628177,0.9979147660628177
./instances/created-instances/mm-10-25-1762875.cdop,./settings/Memetic_MMX_1099666.config,10,25,0.8919662824703252,0.9060725959057285,0.9415104077068639,0.9492516772750731,0.9523481851023567,0.9650782728367452,0.9650782728367452,0.9838293480130741,0.9838293480130741,0.9841734044383279,0.9841734044383279,0.9889901943918803,0.9938069843454327,0.9938069843454327
./instances/created-instances/mm-15-10-1767920.cdop,./settings/Memetic_MPX_1099666.config,15,10,0.7856989015722593,0.7856989015722593,0.7856989015722593,0.8317897910833513,0.8317897910833513,0.8317897910833513,0.8317897910833513,0.8317897910833513,0.8733577428386818,0.8733577428386818,0.8733577428386818,0.8733577428386818,0.8733577428386818,0.8733577428386818
./instances/created-instances/mm-5-10-1767920.cdop,./settings/Memetic_MMX_1099666.config,5,10,0.9868030353018805,0.9868030353018805,0.9868030353018805,0.9868030353018805,0.9868030353018805,0.9868030353018805,0.9934015176509403,1.0,1.0,1.0,1.0,1.0,1.0,1.0
./instances/created-instances/mm-10-10-1917698.cdop,./settings/Memetic-LS_MPX_1287823.config,10,10,0.546714721375104,0.5503188245079013,0.5503188245079013,0.5907956750762406,0.6032714166897699,0.6077072359301359,0.6318270030496257,0.6531743831438869,0.6581646797892986,0.6784031050734682,0.7061269753257555,0.7502079290268922,0.7502079290268922,0.7502079290268922
./instances/created-instances/mm-20-10-1762875.cdop,./settings/Memetic-LS_MPX_1881515.config,20,10,0.2772078501338091,0.3369759143621766,0.35950044603033005,0.41190900981266726,0.41213202497769846,0.41213202497769846,0.41213202497769846,0.41213202497769846,0.41213202497769846,0.43889384478144516,0.43889384478144516,0.43889384478144516,0.457850133809099,0.457850133809099
./instances/created-instances/mm-20-25-1762875.cdop,./settings/Memetic-LS_MPX_1881515.config,20,25,0.24384960544638712,0.25406158130898965,0.292898034968281,0.3195110629738512,0.3195110629738512,0.3195110629738512,0.3195110629738512,0.3195110629738512,0.3195110629738512,0.32910413120841714,0.3908401671050596,0.43462788178864303,0.43462788178864303,0.43462788178864303
./instances/created-instances/mm-20-10-1891798.cdop,./settings/Memetic_MMX_1287823.config,20,10,0.8575124378109453,0.859502487562189,0.859502487562189,0.9205970149253732,0.9580099502487562,0.9667661691542289,0.9683582089552238,0.9787064676616916,0.9814925373134329,0.9814925373134329,0.998407960199005,0.998407960199005,1.0,1.0
./instances/created-instances/mm-25-10-1762875.cdop,./settings/Memetic_MMX_1881515.config,25,10,0.8381315538608198,0.8798856053384175,0.9389895138226882,0.948141086749285,0.9504289799809342,0.9504289799809342,0.9771210676835081,0.9771210676835081,0.9811248808388942,0.9811248808388942,0.9836034318398474,0.9851286939942803,1.0,1.0
./instances/created-instances/mm-5-40-1891798.cdop,./settings/Memetic_MPX_1099666.config,5,40,0.7838004691937276,0.8257809606124212,0.8488702308927027,0.8488702308927027,0.8554142486726757,0.8554142486726757,0.8554142486726757,0.8831954562291641,0.9260402518829485,0.9564143721447093,0.9564143721447093,0.9564143721447093,0.9564143721447093,0.9564143721447093
./instances/created-instances/mm-10-25-1110588.cdop,./settings/Memetic-LS_MMX_1287823.config,10,25,0.43782894736842104,0.4452302631578947,0.5042763157894737,0.5509868421052632,0.6126644736842105,0.6126644736842105,0.6876644736842106,0.6891447368421053,0.7203947368421053,0.76875,0.7776315789473685,0.7891447368421053,0.8741776315789473,0.8741776315789473
./instances/created-instances/mm-20-10-1891798.cdop,./settings/Memetic-LS_MPX_1287823.config,20,10,0.2903482587064677,0.2903482587064677,0.3080597014925373,0.3164179104477612,0.36079601990049753,0.36079601990049753,0.36079601990049753,0.3793034825870647,0.4083582089552239,0.4141293532338308,0.41194029850746267,0.4208955223880597,0.4811940298507463,0.4811940298507463
./instances/created-instances/mm-15-40-1767920.cdop,./settings/Memetic-LS_MMX_1099666.config,15,40,0.25185806760968593,0.3013665787580916,0.30472308798849196,0.3728122752337569,0.39906497242867417,0.42423879165667705,0.5009590026372572,0.543634619995205,0.581874850155838,0.6223927115799568,0.7024694317909375,0.7121793334931671,0.7238072404699113,0.7238072404699113
./instances/created-instances/mm-25-10-1110588.cdop,./settings/Memetic-LS_MMX_1099666.config,25,10,0.37585733882030176,0.41289437585733885,0.46345287086027825,0.6149323927101705,0.6470703507740545,0.6637272192827748,0.6637272192827748,0.6696061140505585,0.7074270037233,0.7895355673133451,0.7999216147364295,0.845776993925142,0.845776993925142,0.845776993925142
./instances/created-instances/mm-10-40-1767920.cdop,./settings/Memetic-LS_MPX_1099666.config,10,40,0.25858716785482827,0.30654569021386907,0.32313674659753727,0.3491898898250162,0.3607258587167855,0.4049254698639015,0.41101749837977963,0.4338302009073234,0.4692158133506157,0.5716137394685677,0.5773169151004537,0.5900194426441996,0.5940375891121192,0.5940375891121192
./instances/created-instances/mm-20-25-1917698.cdop,./settings/Memetic_MPX_1287823.config,20,25,0.6199074074074075,0.6199074074074075,0.7109567901234568,0.8087962962962963,0.8087962962962963,0.8087962962962963,0.8087962962962963,0.8087962962962963,0.8087962962962963,0.8087962962962963,0.8087962962962963,0.8087962962962963,0.8209876543209876,0.8209876543209876
./instances/created-instances/mm-20-10-1110588.cdop,./settings/Memetic-LS_MMX_1287823.config,20,10,0.3538892782060266,0.5068909133380052,0.5505722961924784,0.5515066573230554,0.6246204157907032,0.6664330763840224,0.6778790002335903,0.6883905629525812,0.7467881336136417,0.7888343844896052,0.7918710581639804,0.7988787666433076,0.8079887876664331,0.8079887876664331
./instances/created-instances/mm-15-10-1891798.cdop,./settings/Memetic_MMX_1287823.config,15,10,0.9739320920043811,0.9785323110624315,0.9785323110624315,0.9785323110624315,0.9785323110624315,0.9894852135815991,0.991894852135816,0.991894852135816,0.991894852135816,0.9940854326396495,0.9958378970427163,1.0,1.0,1.0
./instances/created-instances/mm-25-25-1767920.cdop,./settings/Memetic-LS_MMX_1099666.config,25,25,0.3150819212995379,0.3629743733370676,0.42991177706203615,0.45805909536479483,0.5185548242543061,0.5261167903654951,0.5628063296457079,0.5908136115390001,0.6157400924240303,0.6448676655930542,0.670914437753816,0.7060635765298978,0.7318302758717267,0.7318302758717267
./instances/created-instances/mm-25-25-1762875.cdop,./settings/Memetic_MPX_1287823.config,25,25,0.6128273482828916,0.6128273482828916,0.6128273482828916,0.6128273482828916,0.6308609063823114,0.6308609063823114,0.6308609063823114,0.6443468715697036,0.7583503214677748,0.7583503214677748,0.7583503214677748,0.7583503214677748,0.7632115414771836,0.7632115414771836
./instances/created-instances/mm-15-40-1762875.cdop,./settings/Memetic_MPX_1881515.config,15,40,0.6626233004532125,0.7047454012263397,0.7837909890695814,0.790455878432418,0.7824580111970141,0.7824580111970141,0.7824580111970141,0.8101839509464143,0.8101839509464143,0.8101839509464143,0.8163156491602239,0.8163156491602239,0.8328445747800587,0.8328445747800587
./instances/created-instances/mm-15-25-1891798.cdop,./settings/Memetic_MPX_1881515.config,15,25,0.6595156834064684,0.7565415244596132,0.8371526084836665,0.8371526084836665,0.8371526084836665,0.8371526084836665,0.8371526084836665,0.8675442873395092,0.8675442873395092,0.8711197789696083,0.8711197789696083,0.8711197789696083,0.8987485779294653,0.8987485779294653
./instances/created-instances/mm-25-25-1891798.cdop,./settings/Memetic_MMX_1287823.config,25,25,0.8573294629898404,0.8844702467343977,0.8984034833091437,0.9346879535558781,0.9346879535558781,0.9361393323657474,0.9500725689404935,0.960377358490566,0.9722786647314949,0.9843251088534107,0.9888243831640058,1.0,1.0,1.0
./instances/created-instances/mm-15-25-1110588.cdop,./settings/Memetic-LS_MMX_1099666.config,15,25,0.3556526642232873,0.3752466873414153,0.4106287003101212,0.4689878770792219,0.47504933746828304,0.5374964758951226,0.6291232027065126,0.7118691852269523,0.720608965322808,0.7737524668734141,0.8236537919368481,0.8312658584719481,0.8478996334930927,0.8478996334930927
./instances/created-instances/mm-10-10-1917698.cdop,./settings/Memetic-LS_MMX_1881515.config,10,10,0.6770169115608539,0.689769891876906,0.7127807041863045,0.7313556972553369,0.804823953423898,0.8145273080121985,0.8297754366509564,0.8780149708899362,0.8877183254782368,0.9093429442750208,0.9209869697809814,0.9209869697809814,0.9237593568062101,0.9237593568062101
./instances/created-instances/mm-10-40-1767920.cdop,./settings/Memetic_MPX_1881515.config,10,40,0.5917044718081659,0.6736228127025276,0.7802981205443941,0.7770576798444588,0.7770576798444588,0.7770576798444588,0.7904082955281918,0.7904082955281918,0.7961114711600777,0.8242384964355153,0.8242384964355153,0.8405703175631886,0.8681788723266364,0.8681788723266364
./instances/created-instances/mm-15-10-1891798.cdop,./settings/Memetic_MPX_1881515.config,15,10,0.8247535596933188,0.8247535596933188,0.8247535596933188,0.8247535596933188,0.8247535596933188,0.8247535596933188,0.8887185104052574,0.8887185104052574,0.8887185104052574,0.8817086527929902,0.8817086527929902,0.8817086527929902,0.8911281489594742,0.8911281489594742
./instances/created-instances/mm-10-40-1767920.cdop,./settings/Memetic_MPX_1287823.config,10,40,0.7000648088139987,0.7000648088139987,0.8101101749837978,0.8101101749837978,0.8101101749837978,0.8101101749837978,0.81399870382372,0.81399870382372,0.81399870382372,0.81399870382372,0.81399870382372,0.9034348671419313,0.9034348671419313,0.9034348671419313
./instances/created-instances/mm-25-25-1767920.cdop,./settings/Memetic-LS_MMX_1881515.config,25,25,0.3785184147878448,0.3935023106007562,0.40806609718526815,0.40806609718526815,0.4773841198711665,0.5025906735751295,0.5768099705923541,0.5999159781543201,0.6336647528357373,0.676655930541941,0.6978014283713766,0.7104047052233581,0.7480744993698362,0.7480744993698362
./instances/created-instances/mm-5-40-1762875.cdop,./settings/Memetic-LS_MPX_1287823.config,5,40,0.4706220370636403,0.49317626777761814,0.5030886366901307,0.561700905042379,0.5739117942824307,0.6183019681080305,0.6658526073839965,0.6777761815831059,0.7622468036201695,0.7744576928602213,0.8096537853756645,0.8187042091653498,0.863381698031892,0.863381698031892
./instances/created-instances/mm-10-40-1762875.cdop,./settings/Memetic-LS_MPX_1881515.config,10,40,0.24723437098019038,0.26447131463853873,0.3200411628505274,0.3347054283509133,0.36133264728582454,0.39143298173398505,0.46050939027527654,0.5153074350398765,0.5683046050939028,0.5964754309235915,0.6219449446874196,0.6863905325443787,0.7135322871108825,0.7135322871108825
./instances/created-instances/mm-15-10-1762875.cdop,./settings/Memetic_MPX_1099666.config,15,10,0.8053674441936293,0.8053674441936293,0.8053674441936293,0.8053674441936293,0.8354652621018309,0.8354652621018309,0.8648106345623275,0.8648106345623275,0.8648106345623275,0.8648106345623275,0.8648106345623275,0.8843742162026587,0.9019312766491097,0.9019312766491097
./instances/created-instances/mm-5-10-1767920.cdop,./settings/Memetic_MPX_1287823.config,5,10,0.9122401847575058,0.9122401847575058,0.9359947212141208,0.9683272847245133,0.9696469811943254,0.9844935664797096,0.9844935664797096,0.9844935664797096,0.9844935664797096,0.9844935664797096,0.9844935664797096,0.9844935664797096,1.0,1.0
./instances/created-instances/mm-25-25-1110588.cdop,./settings/Memetic_MPX_1881515.config,25,25,0.6306456082017179,0.6957605985037406,0.6957605985037406,0.7295649764477695,0.7295649764477695,0.7693266832917706,0.7693266832917706,0.7693266832917706,0.7743142144638404,0.7743142144638404,0.7743142144638404,0.8196176226101413,0.85896370185647,0.85896370185647
./instances/created-instances/mm-15-10-1110588.cdop,./settings/Memetic-LS_MMX_1099666.config,15,10,0.509460083064144,0.5401476695892939,0.5936778957083526,0.6848177203507153,0.7457314259344716,0.7872634979233964,0.8036455929856945,0.8119520073834795,0.8375634517766497,0.8834794646977389,0.8966312874942317,0.9095523765574527,0.9095523765574527,0.9095523765574527
./instances/created-instances/mm-25-10-1110588.cdop,./settings/Memetic-LS_MPX_1287823.config,25,10,0.29845189104448366,0.3023711542230061,0.3027630805408583,0.33176562806192433,0.3329414070154811,0.3445032333921223,0.38271604938271603,0.38271604938271603,0.38271604938271603,0.38271604938271603,0.38271604938271603,0.39604154418969234,0.41936116010190083,0.41936116010190083
./instances/created-instances/mm-10-10-1917698.cdop,./settings/Memetic_MPX_1099666.config,10,10,0.8760742999722761,0.8760742999722761,0.9085112281674522,0.9148877183254782,0.9148877183254782,0.9148877183254782,0.9148877183254782,0.9148877183254782,0.9148877183254782,0.9148877183254782,0.9359578597172166,0.9359578597172166,0.9420571111727197,0.9420571111727197
./instances/created-instances/mm-10-40-1891798.cdop,./settings/Memetic_MPX_1099666.config,10,40,0.7176687277989738,0.7176687277989738,0.7176687277989738,0.7864754637547691,0.8043678463360084,0.8043678463360084,0.8562031311669517,0.8562031311669517,0.8562031311669517,0.8562031311669517,0.8671227470069728,0.9409288251545849,0.9593474542823313,0.9593474542823313
./instances/created-instances/mm-15-25-1917698.cdop,./settings/Memetic-LS_MPX_1287823.config,15,25,0.30102531239987185,0.30102531239987185,0.30102531239987185,0.33226529958346684,0.36158282601730213,0.38721563601409803,0.41396988144825375,0.4412047420698494,0.4737263697532842,0.4761294456904838,0.4830182633771227,0.5048061518743993,0.5280358859339955,0.5280358859339955
./instances/created-instances/mm-5-25-1767920.cdop,./settings/Memetic_MPX_1099666.config,5,25,0.9134137686302342,0.9284953867991483,0.9407381121362669,0.9410929737402413,0.9499645138396026,0.9499645138396026,0.9499645138396026,0.9499645138396026,0.9547551454932577,0.9547551454932577,0.9547551454932577,0.9547551454932577,0.9638041163946061,0.9638041163946061
./instances/created-instances/mm-10-40-1917698.cdop,./settings/Memetic_MMX_1287823.config,10,40,0.8495878249841471,0.8593532022828154,0.9094483195941662,0.9288522511097019,0.9398858592263792,0.9472415979708307,0.9656309448319594,0.9700697526949905,0.9781864299302473,0.9781864299302473,1.0058338617628408,1.0076093849080532,1.0,1.0
./instances/created-instances/mm-15-40-1110588.cdop,./settings/Memetic_MPX_1881515.config,15,40,0.6124308118081181,0.6782749077490775,0.6782749077490775,0.6782749077490775,0.7935885608856088,0.7935885608856088,0.7935885608856088,0.7935885608856088,0.7935885608856088,0.7935885608856088,0.7935885608856088,0.7935885608856088,0.7935885608856088,0.7935885608856088
./instances/created-instances/mm-5-10-1762875.cdop,./settings/Memetic-LS_MMX_1881515.config,5,10,0.7851458885941645,0.8054818744473917,0.8603006189213086,0.8916887709991158,0.8916887709991158,0.9036251105216623,0.9036251105216623,0.9160035366931919,0.9160035366931919,0.9160035366931919,0.9283819628647215,0.9681697612732095,0.9783377541998232,0.9783377541998232
./instances/created-instances/mm-10-10-1767920.cdop,./settings/Memetic_MPX_1881515.config,10,10,0.7953216374269005,0.8789727943046021,0.8789727943046021,0.8789727943046021,0.8789727943046021,0.9069412662090007,0.9155860666158149,0.9183829138062548,0.9143147724383422,0.9183829138062548,0.9338927027714213,0.9415204678362573,0.9415204678362573,0.9415204678362573
./instances/created-instances/mm-10-10-1762875.cdop,./settings/Memetic_MPX_1099666.config,10,10,0.870452227133628,0.8731723903434206,0.8945936756205373,0.8860931655899354,0.8973138388303298,0.912274736484189,0.9190751445086706,0.9190751445086706,0.9438966337980279,0.9530771846310778,0.9530771846310778,0.9530771846310778,0.9547772866371982,0.9547772866371982
./instances/created-instances/mm-25-25-1767920.cdop,./settings/Memetic_MMX_1287823.config,25,25,0.8574429351631424,0.9044951687438734,0.9319423049992999,0.9319423049992999,0.9327825234560986,0.9459459459459459,0.9577090043411287,0.9707323904215096,0.9770340288475003,0.9816552303598935,0.9831956308640246,0.9831956308640246,0.9949586892592074,0.9949586892592074
./instances/created-instances/mm-25-25-1767920.cdop,./settings/Memetic-LS_MPX_1099666.config,25,25,0.12995378798487606,0.12995378798487606,0.14997899453858002,0.1519395042711105,0.1526396863184428,0.207954068057695,0.2118750875227559,0.23274051253325864,0.24996499089763338,0.24996499089763338,0.24996499089763338,0.2733510712785324,0.2733510712785324,0.2733510712785324
./instances/created-instances/mm-10-10-1110588.cdop,./settings/Memetic-LS_MMX_1099666.config,10,10,0.6815340909090909,0.7071022727272728,0.7303977272727272,0.7303977272727272,0.7803977272727273,0.8088068181818182,0.8088068181818182,0.8176136363636364,0.8661931818181818,0.9116477272727272,0.9255681818181818,0.9255681818181818,0.9255681818181818,0.9255681818181818
./instances/created-instances/mm-20-10-1891798.cdop,./settings/Memetic-LS_MMX_1287823.config,20,10,0.42049751243781097,0.42049751243781097,0.487363184079602,0.5791044776119403,0.5976119402985075,0.6376119402985074,0.6847761194029851,0.7311442786069652,0.7335323383084578,0.762587064676617,0.7946268656716418,0.8228855721393035,0.8372139303482588,0.8372139303482588
./instances/created-instances/mm-10-25-1891798.cdop,./settings/Memetic-LS_MPX_1287823.config,10,25,0.3615599751398384,0.3887507768800497,0.4237103791174643,0.45680546923555004,0.5323182100683654,0.559975139838409,0.6072094468614045,0.660969546302051,0.6861404599129894,0.6931323803604723,0.694530764449969,0.7060285891858297,0.709136109384711,0.709136109384711
./instances/created-instances/mm-5-40-1110588.cdop,./settings/Memetic_MPX_1099666.config,5,40,0.7968220890856994,0.8037249283667621,0.8125814014066163,0.8209169054441261,0.8797864027090389,0.8836936702266215,0.8946340192758531,0.8946340192758531,0.9120864808543891,0.9120864808543891,0.9361812972128158,0.9716071893722323,0.9716071893722323,0.9716071893722323
./instances/created-instances/mm-10-40-1917698.cdop,./settings/Memetic_MPX_1881515.config,10,40,0.7876981610653139,0.7876981610653139,0.8123018389346861,0.8569435637285986,0.8569435637285986,0.8599873176918199,0.8599873176918199,0.8599873176918199,0.8853519340519974,0.9028535193405199,0.9028535193405199,0.9028535193405199,0.9028535193405199,0.9028535193405199
./instances/created-instances/mm-25-25-1110588.cdop,./settings/Memetic-LS_MMX_1099666.config,25,25,0.2488223884732613,0.341645885286783,0.385563868107509,0.44735383762815184,0.5074812967581047,0.5475200886672208,0.5936547520088667,0.628706012745913,0.6711000277085065,0.7101690218897202,0.7418952618453866,0.8277916320310336,0.8294541424217234,0.8294541424217234
./instances/created-instances/mm-10-25-1110588.cdop,./settings/Memetic_MPX_1099666.config,10,25,0.8065789473684211,0.8235197368421052,0.8460526315789474,0.8460526315789474,0.8830592105263158,0.8830592105263158,0.8850328947368421,0.8850328947368421,0.897203947368421,0.897203947368421,0.897203947368421,0.897203947368421,0.9154605263157894,0.9154605263157894
./instances/created-instances/mm-25-25-1891798.cdop,./settings/Memetic-LS_MMX_1099666.config,25,25,0.29056603773584905,0.3179970972423803,0.34615384615384615,0.4040638606676343,0.458055152394775,0.5342525399129173,0.5552975326560232,0.6030478955007257,0.6393323657474601,0.7113207547169811,0.7824383164005806,0.7863570391872279,0.8210449927431059,0.8210449927431059
./instances/created-instances/mm-5-40-1917698.cdop,./settings/Memetic_MMX_1099666.config,5,40,0.8431269674711438,0.8525708289611752,0.8949370409233998,0.9231374606505771,0.9365162644281217,0.9408447009443861,0.9657660020986358,0.9792759706190975,0.9834732423924449,0.9834732423924449,0.9880640083945436,0.989900314795383,0.989900314795383,0.989900314795383
./instances/created-instances/mm-5-10-1891798.cdop,./settings/Memetic_MMX_1287823.config,5,10,0.9649781113195748,0.9759224515322076,0.9759224515322076,0.9759224515322076,0.9759224515322076,0.981863664790494,0.981863664790494,0.9915572232645403,0.9915572232645403,0.9915572232645403,0.9915572232645403,0.9915572232645403,0.9984365228267668,0.9984365228267668
./instances/created-instances/mm-20-10-1767920.cdop,./settings/Memetic_MPX_1881515.config,20,10,0.5890293550460681,0.5890293550460681,0.5890293550460681,0.5958860081422755,0.7043068352260553,0.7043068352260553,0.7043068352260553,0.7295907435183201,0.7295907435183201,0.7295907435183201,0.7295907435183201,0.7295907435183201,0.8217270194986073,0.8217270194986073
./instances/created-instances/mm-15-40-1762875.cdop,./settings/Memetic-LS_MMX_1881515.config,15,40,0.32937883231138365,0.36950146627565983,0.37350039989336176,0.4754732071447614,0.48467075446547586,0.4937350039989336,0.5102639296187683,0.5721141029058917,0.6009064249533458,0.6127699280191948,0.6892828579045588,0.7212743268461743,0.7899226872833911,0.7899226872833911
./instances/created-instances/mm-5-10-1917698.cdop,./settings/Memetic-LS_MPX_1287823.config,5,10,0.6964229186451408,0.7242798353909465,0.8072174738841406,0.8072174738841406,0.8179803735359291,0.8600823045267489,0.8863564419119975,0.9031339031339032,0.9075656853434632,0.9075656853434632,0.9075656853434632,0.9075656853434632,0.9075656853434632,0.9075656853434632
./instances/created-instances/mm-15-25-1762875.cdop,./settings/Memetic_MPX_1881515.config,15,25,0.7766686531585221,0.804678188319428,0.804678188319428,0.804678188319428,0.804678188319428,0.804678188319428,0.804678188319428,0.8504171632896305,0.8668057210965435,0.884088200238379,0.884088200238379,0.884088200238379,0.884088200238379,0.884088200238379
./instances/created-instances/mm-15-40-1110588.cdop,./settings/Memetic-LS_MMX_1287823.config,15,40,0.2184040590405904,0.24158210332103322,0.2639529520295203,0.28009686346863466,0.3095018450184502,0.4742850553505535,0.5087638376383764,0.5111854243542435,0.6277675276752768,0.6277675276752768,0.6947647601476015,0.7031826568265682,0.7321263837638377,0.7321263837638377
./instances/created-instances/mm-25-10-1891798.cdop,./settings/Memetic-LS_MMX_1287823.config,25,10,0.5136041744316064,0.5827431979127842,0.5989563920983973,0.6021244875139768,0.6265374580693254,0.6379053298546403,0.6528140141632501,0.7234439060752889,0.7506522549385016,0.7763697353708535,0.8168095415579575,0.8212821468505405,0.8587402161759224,0.8587402161759224
./instances/created-instances/mm-5-10-1891798.cdop,./settings/Memetic-LS_MMX_1287823.config,5,10,0.6841776110068793,0.7020012507817386,0.8186366479049406,0.8186366479049406,0.8495934959349594,0.8633520950594121,0.8814884302689181,0.9174484052532833,0.9255784865540964,0.9409005628517824,0.9409005628517824,0.9662288930581614,0.9662288930581614,0.9662288930581614
./instances/created-instances/mm-5-40-1917698.cdop,./settings/Memetic_MMX_1881515.config,5,40,0.8466684155299056,0.9261542497376705,0.9411070304302204,0.9505508919202519,0.9518625393494229,0.9731112277019937,0.9766526757607555,0.9795383001049318,0.9795383001049318,0.9807187827911857,0.9860965372507869,0.9860965372507869,1.0,1.0
./instances/created-instances/mm-5-25-1917698.cdop,./settings/Memetic_MMX_1881515.config,5,25,0.9085551330798479,0.9085551330798479,0.914638783269962,0.9222433460076046,0.9475285171102662,0.9553231939163498,0.9553231939163498,0.9807984790874524,0.9830798479087453,0.9834600760456274,0.9834600760456274,0.9834600760456274,0.9834600760456274,0.9834600760456274
./instances/created-instances/mm-20-10-1762875.cdop,./settings/Memetic-LS_MMX_1287823.config,20,10,0.45026761819803746,0.48327386262265837,0.49420160570918825,0.5086975914362176,0.5684656556645852,0.6612399643175736,0.6987065120428189,0.758028545941124,0.77007136485281,0.8015165031222123,0.8224799286351472,0.8470115967885816,0.8537020517395183,0.8537020517395183
./instances/created-instances/mm-20-25-1917698.cdop,./settings/Memetic-LS_MPX_1099666.config,20,25,0.1779320987654321,0.21064814814814814,0.22700617283950617,0.2308641975308642,0.24135802469135803,0.26589506172839505,0.30787037037037035,0.31558641975308643,0.31666666666666665,0.31666666666666665,0.31666666666666665,0.3702160493827161,0.40987654320987654,0.40987654320987654
./instances/created-instances/mm-10-40-1767920.cdop,./settings/Memetic-LS_MMX_1881515.config,10,40,0.38159429682436813,0.3950745301360985,0.41931302657161373,0.4662346079066753,0.5068049254698639,0.5250810110174984,0.5878159429682437,0.647051198963059,0.6718081659105638,0.7060272197018794,0.7315618924173688,0.7602073882047958,0.8287751134154245,0.8287751134154245
./instances/created-instances/mm-15-40-1110588.cdop,./settings/Memetic_MPX_1287823.config,15,40,0.5652675276752768,0.5950184501845018,0.7106780442804428,0.7158671586715867,0.7158671586715867,0.7286669741697417,0.7546125461254612,0.7546125461254612,0.7747924354243543,0.7747924354243543,0.7747924354243543,0.7916282287822878,0.8053505535055351,0.8053505535055351
./instances/created-instances/mm-25-25-1767920.cdop,./settings/Memetic_MMX_1881515.config,25,25,0.8291555804509172,0.8557624982495449,0.8766279232600476,0.9093964430751995,0.9442655090323484,0.9710124632404425,0.9810950847220278,0.9938383979834757,0.997899453858003,0.997899453858003,0.997899453858003,0.997899453858003,1.0,1.0
./instances/created-instances/mm-10-10-1110588.cdop,./settings/Memetic_MMX_1881515.config,10,10,0.9542613636363636,0.9636363636363636,0.9772727272727273,0.9772727272727273,0.9792613636363636,0.98125,0.9846590909090909,0.9846590909090909,0.9846590909090909,0.9948863636363636,0.9948863636363636,0.9948863636363636,1.0,1.0
./instances/created-instances/mm-15-40-1110588.cdop,./settings/Memetic_MMX_1287823.config,15,40,0.7841328413284133,0.8675046125461254,0.9131688191881919,0.9222785977859779,0.9363468634686347,0.9441881918819188,0.9474169741697417,0.9547970479704797,0.966789667896679,0.9708256457564576,0.9753228782287823,0.9808579335793358,0.9822416974169742,0.9822416974169742
./instances/created-instances/mm-20-25-1110588.cdop,./settings/Memetic-LS_MPX_1099666.config,20,25,0.27248881345471376,0.27248881345471376,0.30303965437432495,0.32263539577225736,0.32263539577225736,0.35426631692640026,0.36985033173892917,0.36985033173892917,0.36985033173892917,0.36985033173892917,0.36985033173892917,0.37787378490973617,0.3798796482024379,0.3798796482024379
./instances/created-instances/mm-25-25-1110588.cdop,./settings/Memetic-LS_MMX_1287823.config,25,25,0.2536713771127736,0.27791632031033525,0.32751454696591853,0.3880576336935439,0.45649764477694654,0.4998614574674425,0.5369908561928513,0.6242726517040732,0.6547520088667221,0.6985314491548905,0.7334441673593793,0.7443890274314214,0.8075644222776392,0.8075644222776392
./instances/created-instances/mm-15-40-1891798.cdop,./settings/Memetic_MPX_1881515.config,15,40,0.7936921673400235,0.7964290368825753,0.7964290368825753,0.7964290368825753,0.7964290368825753,0.7964290368825753,0.7964290368825753,0.806724879447413,0.806724879447413,0.8149354880750684,0.8318780138146749,0.849211520917503,0.8561188583344194,0.8561188583344194
./instances/created-instances/mm-5-40-1917698.cdop,./settings/Memetic-LS_MPX_1881515.config,5,40,0.439401888772298,0.46733997901364116,0.5030167890870934,0.5364637985309548,0.5620409233997902,0.6320828961175237,0.6735309548793285,0.7288824763903463,0.7844963273871983,0.8041710388247639,0.8397166841552991,0.8397166841552991,0.8441762854144806,0.8441762854144806
./instances/created-instances/mm-25-10-1762875.cdop,./settings/Memetic_MPX_1881515.config,25,10,0.5893231649189704,0.5893231649189704,0.5893231649189704,0.5893231649189704,0.6594852240228789,0.6913250714966634,0.6913250714966634,0.6943755958055291,0.7315538608198284,0.7315538608198284,0.7315538608198284,0.7780743565300285,0.7780743565300285,0.7780743565300285
./instances/created-instances/mm-10-40-1767920.cdop,./settings/Memetic_MMX_1099666.config,10,40,0.8375891121192482,0.8732339598185354,0.9001944264419961,0.9084899546338302,0.9322099805573558,0.941801685029164,0.9690213869086196,0.9766688269604666,0.9871678548282566,0.9897602073882048,0.9904082955281919,0.9904082955281919,0.9904082955281919,0.9904082955281919
./instances/created-instances/mm-20-10-1917698.cdop,./settings/Memetic_MPX_1881515.config,20,10,0.7041676704408576,0.7188629245964828,0.7328354613346182,0.8075162611418936,0.8075162611418936,0.8075162611418936,0.8075162611418936,0.8325704649482053,0.8325704649482053,0.8357022404239942,0.8357022404239942,0.8385931100939532,0.8385931100939532,0.8385931100939532
./instances/created-instances/mm-5-40-1917698.cdop,./settings/Memetic-LS_MMX_1287823.config,5,40,0.5157397691500525,0.5680745015739769,0.595881427072403,0.62001573976915,0.6291972717733473,0.6699895068205667,0.6785152151101784,0.7169464847848899,0.7631164742917104,0.7949895068205667,0.8460125918153201,0.8659496327387198,0.9062172088142707,0.9062172088142707
./instances/created-instances/mm-5-10-1767920.cdop,./settings/Memetic-LS_MPX_1881515.config,5,10,0.6928406466512702,0.7806004618937644,0.8122731771692511,0.8300890795117123,0.8300890795117123,0.8518640712636094,0.8518640712636094,0.8617617947871989,0.8987132959419334,0.8987132959419334,0.906631474760805,0.9284064665127021,0.9284064665127021,0.9284064665127021
./instances/created-instances/mm-5-25-1767920.cdop,./settings/Memetic-LS_MMX_1287823.config,5,25,0.5825053229240597,0.6077004968062456,0.714513839602555,0.7565649396735273,0.7780340667139816,0.7906316536550745,0.8348119233498935,0.8632008516678495,0.8828956706884316,0.8898154719659332,0.8926543647977289,0.8926543647977289,0.9162526614620298,0.9162526614620298
./instances/created-instances/mm-5-25-1917698.cdop,./settings/Memetic_MPX_1099666.config,5,25,0.8150190114068441,0.8490494296577947,0.905703422053232,0.905703422053232,0.9307984790874525,0.9536121673003802,0.9543726235741445,0.9665399239543726,0.9712927756653993,0.9832699619771863,0.9895437262357415,0.9895437262357415,0.9895437262357415,0.9895437262357415
./instances/created-instances/mm-5-40-1767920.cdop,./settings/Memetic_MPX_1287823.config,5,40,0.8061985596707819,0.8797582304526749,0.9119084362139918,0.9155092592592593,0.9212962962962963,0.9268261316872428,0.928369341563786,0.928369341563786,0.928369341563786,0.928369341563786,0.928369341563786,0.928369341563786,0.9287551440329218,0.9287551440329218
./instances/created-instances/mm-25-25-1917698.cdop,./settings/Memetic-LS_MPX_1099666.config,25,25,0.16940058255403956,0.21462517246665644,0.21462517246665644,0.21876437222137055,0.21876437222137055,0.24957841483979765,0.24957841483979765,0.2595431549900353,0.28330522765598654,0.2987889008125096,0.32837651387398437,0.3668557412233635,0.37252797792426795,0.37252797792426795
./instances/created-instances/mm-15-10-1917698.cdop,./settings/Memetic_MMX_1881515.config,15,10,0.9418491484184914,0.9503649635036496,0.9610705596107056,0.9744525547445255,0.9744525547445255,0.975669099756691,0.9785888077858881,0.9785888077858881,0.9785888077858881,0.9785888077858881,0.9785888077858881,1.0,1.0,1.0
./instances/created-instances/mm-10-25-1917698.cdop,./settings/Memetic_MMX_1287823.config,10,25,0.8768535262206149,0.9124773960216999,0.9276672694394213,0.9363471971066908,0.9414104882459313,0.9640144665461121,0.9640144665461121,0.9701627486437613,0.9880650994575045,0.9882459312839059,0.9963833634719711,0.9963833634719711,1.0,1.0
./instances/created-instances/mm-25-10-1110588.cdop,./settings/Memetic_MPX_1881515.config,25,10,0.7138937879678621,0.7138937879678621,0.7401528512639624,0.7938467568097197,0.7938467568097197,0.7938467568097197,0.7938467568097197,0.7938467568097197,0.807172251616696,0.807172251616696,0.8050166568685088,0.8271604938271605,0.8271604938271605,0.8271604938271605
./instances/created-instances/mm-10-10-1767920.cdop,./settings/Memetic_MPX_1287823.config,10,10,0.7917620137299771,0.7917620137299771,0.8278667683702009,0.8660055936943809,0.8888888888888888,0.8888888888888888,0.935672514619883,0.935672514619883,0.935672514619883,0.935672514619883,0.935672514619883,0.9557589626239512,0.9557589626239512,0.9557589626239512
./instances/created-instances/mm-15-40-1917698.cdop,./settings/Memetic_MPX_1287823.config,15,40,0.5781842516172206,0.7686816863707339,0.6957394601829132,0.7298683917019853,0.7298683917019853,0.7298683917019853,0.7579745706000446,0.7579745706000446,0.7579745706000446,0.7662279723399509,0.7662279723399509,0.7662279723399509,0.7593129600713808,0.7593129600713808
./instances/created-instances/mm-10-10-1917698.cdop,./settings/Memetic-LS_MMX_1287823.config,10,10,0.596617687829221,0.6700859439977821,0.7033545883005268,0.7302467424452453,0.7837538120321597,0.7995564180759634,0.8228444690878847,0.8705295259218186,0.8708067646243416,0.9104518990851123,0.9293041308566676,0.9329082339894649,0.9537011366786804,0.9537011366786804
./instances/created-instances/mm-25-25-1917698.cdop,./settings/Memetic-LS_MMX_1287823.config,25,25,0.35873064540855437,0.3847922734937912,0.45270581021002604,0.4579181358270734,0.5186263988962134,0.5563391077724973,0.5782615361030201,0.6722367009044918,0.7096428023915377,0.752567836884869,0.752567836884869,0.7994787674382953,0.8503755940518166,0.8503755940518166
./instances/created-instances/mm-15-40-1891798.cdop,./settings/Memetic-LS_MPX_1881515.config,15,40,0.20969633780789781,0.20969633780789781,0.20969633780789781,0.20969633780789781,0.23823797732308094,0.24345106216603676,0.2736869542551805,0.340414440245015,0.42760328424345107,0.44819496937312653,0.475042356314349,0.49889221947087187,0.509970024762153,0.509970024762153
./instances/created-instances/mm-10-40-1917698.cdop,./settings/Memetic-LS_MPX_1881515.config,10,40,0.28547875713379833,0.3306277742549144,0.33214965123652507,0.34876347495244137,0.39733671528218134,0.40748256182625237,0.40748256182625237,0.4224476854787571,0.4224476854787571,0.5542168674698795,0.5663918833227647,0.5663918833227647,0.5918833227647432,0.5918833227647432
./instances/created-instances/mm-15-25-1762875.cdop,./settings/Memetic_MMX_1881515.config,15,25,0.8989868891537545,0.9258045292014303,0.9372765196662693,0.945321811680572,0.9645411203814065,0.9663289630512515,0.9813766388557806,0.9816746126340882,0.9816746126340882,0.9919547079856973,0.9919547079856973,0.9971692491060786,0.9989570917759237,0.9989570917759237
./instances/created-instances/mm-15-40-1917698.cdop,./settings/Memetic_MMX_1881515.config,15,40,0.8057104617443676,0.840397055543163,0.9123354896274816,0.9421146553647112,0.9539370956948472,0.9641980816417578,0.969328574615213,0.9723399509257193,0.980816417577515,0.9914120008922597,0.9917465982600937,0.9927503903635958,1.0,1.0
./instances/created-instances/mm-20-10-1767920.cdop,./settings/Memetic_MMX_1881515.config,20,10,0.912363402614099,0.9134347546603814,0.9198628669380758,0.928862224126848,0.9513606170987786,0.9513606170987786,0.9552174844653953,0.9575744589672166,0.9661452753374759,0.9753589029355046,0.9927148060852796,0.9935718877223055,0.9935718877223055,0.9935718877223055
./instances/created-instances/mm-5-25-1110588.cdop,./settings/Memetic_MPX_1287823.config,5,25,0.9026283295113776,0.9162109719527254,0.9162109719527254,0.9162109719527254,0.9162109719527254,0.9162109719527254,0.9162109719527254,0.9162109719527254,0.9162109719527254,0.917092961721644,0.9523725524783913,0.9648968071970365,0.9648968071970365,0.9648968071970365
./instances/created-instances/mm-20-25-1762875.cdop,./settings/Memetic-LS_MMX_1881515.config,20,25,0.27293826396410337,0.34519572953736655,0.40677703852699987,0.4869255763577286,0.529475475785239,0.5607303110010831,0.6063747485687762,0.7009128887513538,0.7030790654494816,0.7403682500386817,0.8041157357264428,0.8694104904842952,0.8697199442983135,0.8697199442983135
./instances/created-instances/mm-10-25-1762875.cdop,./settings/Memetic-LS_MPX_1881515.config,10,25,0.36521589540684674,0.447445381042491,0.4526062274212971,0.4944090830896267,0.5176328917942543,0.5487699982797178,0.5886805436091519,0.6079477034233615,0.6368484431446757,0.653707207982109,0.6836401169791846,0.6836401169791846,0.6836401169791846,0.6836401169791846
./instances/created-instances/mm-10-25-1767920.cdop,./settings/Memetic-LS_MMX_1099666.config,10,25,0.39590497030321975,0.514535792435136,0.5859643638637074,0.5878399499843702,0.62472647702407,0.6877149109096593,0.7338230697092841,0.7416380118787121,0.7972804001250391,0.8021256642700844,0.872460143794936,0.8871522350734604,0.9109096592685214,0.9109096592685214
./instances/created-instances/mm-10-10-1767920.cdop,./settings/Memetic-LS_MPX_1881515.config,10,10,0.5326722603610475,0.5357233663869819,0.5357233663869819,0.5685227561657767,0.5914060513602848,0.6048817696414951,0.6531909483854564,0.6709890668700738,0.7404017289600814,0.7632850241545893,0.7876938723620646,0.8105771675565726,0.8105771675565726,0.8105771675565726
./instances/created-instances/mm-20-25-1917698.cdop,./settings/Memetic_MPX_1881515.config,20,25,0.6989197530864197,0.6989197530864197,0.6989197530864197,0.7473765432098766,0.7473765432098766,0.7848765432098765,0.7848765432098765,0.7848765432098765,0.7848765432098765,0.7848765432098765,0.7989197530864197,0.8240740740740741,0.821141975308642,0.821141975308642
./instances/created-instances/mm-10-40-1110588.cdop,./settings/Memetic_MMX_1881515.config,10,40,0.8520062532569046,0.9000781657113079,0.944893173527879,0.963392391870766,0.9704273058884836,0.982803543512246,0.982803543512246,0.9838457529963522,0.9838457529963522,0.9860604481500782,0.9868421052631579,0.9933559145388223,0.9962219906201146,0.9962219906201146
./instances/created-instances/mm-15-40-1891798.cdop,./settings/Memetic_MMX_1099666.config,15,40,0.8808810113384595,0.8995177896520266,0.9049915287371302,0.9339241496155349,0.9370520005213084,0.9446109735435945,0.9573830314088362,0.9670272383683044,0.975107519874886,0.9797992962335462,0.9800599504756939,0.9821451844128763,1.0,1.0
./instances/created-instances/mm-20-10-1767920.cdop,./settings/Memetic-LS_MPX_1881515.config,20,10,0.22198414398971503,0.22198414398971503,0.2271266338118706,0.23141204199700022,0.23141204199700022,0.2920505678165845,0.33747589457895866,0.34090422112706237,0.3460467109492179,0.3460467109492179,0.356760231412042,0.356760231412042,0.4098992929076494,0.4098992929076494
./instances/created-instances/mm-15-25-1767920.cdop,./settings/Memetic-LS_MPX_1099666.config,15,25,0.16980214077197534,0.18926370418423613,0.18926370418423613,0.24862147259163153,0.24959455076224457,0.25202724618877714,0.25202724618877714,0.2578657152124554,0.29759974051248783,0.314628608498216,0.314628608498216,0.3480376256892637,0.43545248134933506,0.43545248134933506
./instances/created-instances/mm-15-10-1917698.cdop,./settings/Memetic_MMX_1287823.config,15,10,0.94330900243309,0.94330900243309,0.9586374695863747,0.9722627737226277,0.9846715328467154,0.9846715328467154,0.9846715328467154,0.991727493917275,0.991727493917275,0.991727493917275,0.991727493917275,0.991727493917275,0.991727493917275,0.991727493917275
./instances/created-instances/mm-5-40-1762875.cdop,./settings/Memetic_MPX_1287823.config,5,40,0.8307714408849304,0.8666858210027295,0.8924005171670737,0.9472776899870708,0.9490015802327252,0.9490015802327252,0.9490015802327252,0.9544605660106307,0.9544605660106307,0.9544605660106307,0.9610688119523058,0.9692572906191639,0.9790260020112053,0.9790260020112053
./instances/created-instances/mm-15-25-1762875.cdop,./settings/Memetic_MMX_1287823.config,15,25,0.8751489868891538,0.910756853396901,0.932061978545888,0.933849821215733,0.9454707985697258,0.9491954707985697,0.9736293206197855,0.9786948748510131,0.9882300357568534,0.9882300357568534,0.9882300357568534,0.9882300357568534,0.9882300357568534,0.9882300357568534
./instances/created-instances/mm-20-10-1767920.cdop,./settings/Memetic-LS_MMX_1099666.config,20,10,0.3955431754874652,0.4649667880865652,0.5219627169487894,0.5811013499035783,0.5830297835868866,0.6708806513820441,0.7332333404756803,0.7844439682879795,0.7940861367045211,0.8146560959931434,0.8281551317763017,0.8800085708163703,0.9093636168845083,0.9093636168845083
./instances/created-instances/mm-15-25-1762875.cdop,./settings/Memetic-LS_MPX_1287823.config,15,25,0.2882896305125149,0.3191299165673421,0.3191299165673421,0.3191299165673421,0.3191299165673421,0.3191299165673421,0.3233015494636472,0.35026817640047675,0.4202920143027414,0.4395113230035757,0.4591775923718713,0.4669249106078665,0.5025327771156138,0.5025327771156138
./instances/created-instances/mm-25-25-1891798.cdop,./settings/Memetic-LS_MPX_1099666.config,25,25,0.16313497822931786,0.16313497822931786,0.16618287373004353,0.16618287373004353,0.16865021770682148,0.16865021770682148,0.17706821480406387,0.19245283018867926,0.23105950653120463,0.23991291727140784,0.23991291727140784,0.24949201741654572,0.25152394775036285,0.25152394775036285
./instances/created-instances/mm-15-40-1762875.cdop,./settings/Memetic_MMX_1287823.config,15,40,0.8299120234604106,0.8916288989602773,0.8994934684084244,0.9124233537723274,0.9348173820314583,0.9576113036523594,0.9705411890162623,0.9710743801652892,0.974673420421221,0.974673420421221,0.9792055451879499,0.9792055451879499,0.9844041588909624,0.9844041588909624
./instances/created-instances/mm-5-40-1110588.cdop,./settings/Memetic_MPX_1881515.config,5,40,0.7895285230528784,0.7895285230528784,0.8476165668142746,0.8780932534514196,0.8780932534514196,0.8780932534514196,0.9047929148215681,0.9047929148215681,0.9090909090909091,0.9153425371190415,0.9241990101588955,0.9241990101588955,0.9247199791612399,0.9247199791612399
./instances/created-instances/mm-15-10-1762875.cdop,./settings/Memetic_MMX_1287823.config,15,10,0.9405568096313017,0.9576122397792827,0.9576122397792827,0.9576122397792827,0.9586155003762227,0.9586155003762227,0.9686481063456233,0.9862051667920743,0.9862051667920743,0.9887133182844243,0.9974918485076498,0.9974918485076498,0.9979934788061199,0.9979934788061199
./instances/created-instances/mm-10-10-1110588.cdop,./settings/Memetic_MPX_1287823.config,10,10,0.8803977272727272,0.8803977272727272,0.8803977272727272,0.8803977272727272,0.8803977272727272,0.8803977272727272,0.9150568181818182,0.9150568181818182,0.9150568181818182,0.9352272727272727,0.9619318181818182,0.9619318181818182,0.9619318181818182,0.9619318181818182
./instances/created-instances/mm-5-40-1110588.cdop,./settings/Memetic-LS_MPX_1881515.config,5,40,0.4904923157072154,0.5364678301641053,0.5371190414170357,0.5455847877051315,0.5457150299557176,0.576712685595207,0.5807501953633759,0.6544673091951029,0.7102109924459494,0.7287053920291743,0.7434227663454025,0.7711643657202396,0.8046366241208648,0.8046366241208648
./instances/created-instances/mm-20-25-1767920.cdop,./settings/Memetic-LS_MMX_1287823.config,20,25,0.22281879194630871,0.23516778523489934,0.31865771812080534,0.3919463087248322,0.4246979865771812,0.5135570469798658,0.5805369127516778,0.6014765100671141,0.6202684563758389,0.6260402684563758,0.6358389261744967,0.6406711409395973,0.7363758389261745,0.7363758389261745
./instances/created-instances/mm-10-40-1110588.cdop,./settings/Memetic-LS_MMX_1099666.config,10,40,0.3512245961438249,0.3746743095362168,0.40372589890568006,0.4808494007295466,0.4808494007295466,0.5013027618551329,0.5466388744137571,0.5756904637832204,0.6043512245961439,0.6565919749869724,0.6688379364252215,0.6688379364252215,0.7204273058884836,0.7204273058884836
./instances/created-instances/mm-5-40-1891798.cdop,./settings/Memetic_MMX_1287823.config,5,40,0.874675885911841,0.9038152858377577,0.9141869366588468,0.9251759476478577,0.9480182738609705,0.9550561797752809,0.9625879738239289,0.9697493517718236,0.9775280898876404,0.9775280898876404,0.9775280898876404,0.9776515619212248,0.9778985059883937,0.9778985059883937
./instances/created-instances/mm-10-25-1917698.cdop,./settings/Memetic_MMX_1881515.config,10,25,0.8844484629294755,0.9280289330922242,0.935623869801085,0.9365280289330922,0.9587703435804702,0.9632911392405064,0.9641952983725136,0.97124773960217,0.9755877034358047,0.9810126582278481,0.9858951175406871,0.9867992766726944,0.9978300180831826,0.9978300180831826
./instances/created-instances/mm-15-10-1110588.cdop,./settings/Memetic-LS_MMX_1881515.config,15,10,0.6852791878172588,0.7168897092754961,0.7168897092754961,0.7272727272727273,0.7478080295339179,0.8167974157821873,0.839640055376096,0.8534840793724042,0.8550992155053069,0.8550992155053069,0.8550992155053069,0.8550992155053069,0.8550992155053069,0.8550992155053069
./instances/created-instances/mm-20-25-1917698.cdop,./settings/Memetic_MMX_1881515.config,20,25,0.9058641975308642,0.9234567901234568,0.9578703703703704,0.9578703703703704,0.9578703703703704,0.9578703703703704,0.9699074074074074,0.9742283950617284,0.9910493827160494,0.995679012345679,1.0,1.0,1.0,1.0
./instances/created-instances/mm-10-10-1110588.cdop,./settings/Memetic_MPX_1881515.config,10,10,0.8835227272727273,0.8835227272727273,0.8835227272727273,0.8835227272727273,0.8835227272727273,0.8920454545454546,0.9147727272727273,0.9147727272727273,0.9147727272727273,0.9426136363636364,0.9426136363636364,0.9426136363636364,0.9409090909090909,0.9409090909090909
./instances/created-instances/mm-5-10-1767920.cdop,./settings/Memetic-LS_MMX_1881515.config,5,10,0.814912570108875,0.814912570108875,0.814912570108875,0.8551633124381393,0.8973935994721214,0.8973935994721214,0.8973935994721214,0.8973935994721214,0.905971626525899,0.951831078851864,0.951831078851864,0.9683272847245133,0.9683272847245133,0.9683272847245133
./instances/created-instances/mm-20-10-1891798.cdop,./settings/Memetic-LS_MMX_1099666.config,20,10,0.3800995024875622,0.41751243781094527,0.4925373134328358,0.5552238805970149,0.574726368159204,0.5781094527363184,0.6688557213930348,0.6728358208955224,0.703681592039801,0.764179104477612,0.7753233830845772,0.79681592039801,0.807363184079602,0.807363184079602
./instances/created-instances/mm-5-40-1891798.cdop,./settings/Memetic-LS_MPX_1287823.config,5,40,0.35350043215211757,0.36572416347697245,0.3931349549327077,0.4675885911840968,0.5019138165205581,0.5414248672675639,0.5876034078281269,0.6074824052352142,0.6281022348438079,0.6767502160760588,0.748117051487838,0.7571305099394987,0.7878750463020125,0.7878750463020125
./instances/created-instances/mm-5-25-1891798.cdop,./settings/Memetic-LS_MMX_1287823.config,5,25,0.6002260738507913,0.6107761868877166,0.6245290128108515,0.6938583270535041,0.7298417483044461,0.8136774679728711,0.8398643556895252,0.8398643556895252,0.8479653353428787,0.8894122079879427,0.8941220798794273,0.9372645064054258,0.9395252449133383,0.9395252449133383
./instances/created-instances/mm-5-40-1110588.cdop,./settings/Memetic-LS_MMX_1099666.config,5,40,0.40049492055222713,0.4644438655899974,0.46613701484761655,0.4923157072154207,0.5149778588174003,0.5296952331336285,0.5862203698879916,0.6232091690544412,0.7387340453243032,0.7860119822870539,0.872883563427976,0.8955457150299557,0.904662672570982,0.904662672570982
./instances/created-instances/mm-5-10-1767920.cdop,./settings/Memetic_MPX_1881515.config,5,10,0.9429231276806335,0.9485318376773342,0.9693170570768723,0.9693170570768723,0.9693170570768723,0.9693170570768723,0.9722863741339491,0.976905311778291,0.9868030353018805,0.9868030353018805,0.9868030353018805,0.9868030353018805,0.9868030353018805,0.9868030353018805
./instances/created-instances/mm-5-10-1110588.cdop,./settings/Memetic_MMX_1287823.config,5,10,0.9827396254131473,0.9827396254131473,0.9827396254131473,0.9827396254131473,0.9827396254131473,1.0,1.0,1.0,1.0,1.0,1.0,1.0,1.0,1.0
./instances/created-instances/mm-10-10-1917698.cdop,./settings/Memetic_MMX_1099666.config,10,10,0.9467701691156085,0.9520377044635431,0.9528694205711117,0.971721652342667,0.971721652342667,0.971721652342667,0.9725533684502357,0.9725533684502357,0.976157471583033,0.976157471583033,0.976157471583033,0.9908511228167453,0.9922373163293596,0.9922373163293596
./instances/created-instances/mm-15-25-1762875.cdop,./settings/Memetic-LS_MMX_1287823.config,15,25,0.2958879618593564,0.33298569725864124,0.38244934445768775,0.4627532777115614,0.4728843861740167,0.5123659117997617,0.5531883194278904,0.6485399284862932,0.7289928486293206,0.8067640047675805,0.8067640047675805,0.8411799761620977,0.8481823599523242,0.8481823599523242
./instances/created-instances/mm-20-10-1917698.cdop,./settings/Memetic_MPX_1099666.config,20,10,0.7164538665381835,0.7164538665381835,0.7549987954709708,0.7549987954709708,0.7549987954709708,0.7911346663454589,0.7911346663454589,0.8260660081907975,0.8260660081907975,0.8434112262105516,0.8434112262105516,0.8434112262105516,0.8626836906769453,0.8626836906769453
./instances/created-instances/mm-20-10-1917698.cdop,./settings/Memetic-LS_MPX_1881515.config,20,10,0.3500361358708745,0.35654059262828236,0.40592628282341603,0.40592628282341603,0.46133461816429777,0.46133461816429777,0.48132980004818116,0.48132980004818116,0.48132980004818116,0.48132980004818116,0.48132980004818116,0.4861479161647796,0.5367381353890629,0.5367381353890629
./instances/created-instances/mm-20-10-1767920.cdop,./settings/Memetic_MPX_1287823.config,20,10,0.49175058924362547,0.49175058924362547,0.5971716305978144,0.5971716305978144,0.5971716305978144,0.5971716305978144,0.7094493250482108,0.7094493250482108,0.7100921362759803,0.725519605742447,0.7561602742661239,0.7561602742661239,0.7709449325048211,0.7709449325048211
./instances/created-instances/mm-5-40-1891798.cdop,./settings/Memetic_MMX_1099666.config,5,40,0.8733176935424126,0.8940609951845907,0.942215088282504,0.9424620323496729,0.9744412890480306,0.9753055932831214,0.9834547474996913,0.9859241881713792,0.9938263983207803,0.9975305593283121,0.9975305593283121,0.9975305593283121,1.0,1.0
./instances/created-instances/mm-10-10-1767920.cdop,./settings/Memetic_MMX_1881515.config,10,10,0.9473684210526315,0.9608441393338418,0.9755911517925248,0.9827103991863717,0.9837274345283499,0.9837274345283499,0.9837274345283499,0.9870327993897788,0.9949148232901094,0.9949148232901094,0.9949148232901094,1.0,1.0,1.0
./instances/created-instances/mm-5-25-1762875.cdop,./settings/Memetic_MMX_1287823.config,5,25,0.9090121317157712,0.9090121317157712,0.9634315424610052,0.9634315424610052,0.9634315424610052,0.981109185441941,0.9953206239168111,0.9953206239168111,0.9965337954939342,0.9965337954939342,0.9965337954939342,1.0,1.0,1.0
./instances/created-instances/mm-10-10-1767920.cdop,./settings/Memetic-LS_MMX_1881515.config,10,10,0.7581998474446987,0.7676074243579964,0.806000508517671,0.8431222984998729,0.8881261123824052,0.9089753368929571,0.9150775489448258,0.931858632087465,0.9435545385202135,0.9435545385202135,0.9626239511823036,0.9672006102212052,0.9672006102212052,0.9672006102212052
./instances/created-instances/mm-10-40-1762875.cdop,./settings/Memetic_MMX_1287823.config,10,40,0.8004888088500128,0.8644198610753795,0.8761255466941086,0.8947774633393363,0.9129148443529714,0.9427579109853358,0.9466169282222794,0.9705428350913301,0.9879084126575766,0.9975559557499357,0.9979418574736301,0.9979418574736301,1.0,1.0
./instances/created-instances/mm-15-25-1110588.cdop,./settings/Memetic-LS_MMX_1881515.config,15,25,0.39991542148294335,0.4265576543557936,0.4681420919086552,0.4773047645897942,0.5159289540456724,0.5752748801804342,0.6323653791936849,0.690583591767691,0.723428249224697,0.7925007048209755,0.8195658302791091,0.8288694671553425,0.8560755568085706,0.8560755568085706
./instances/created-instances/mm-15-10-1767920.cdop,./settings/Memetic-LS_MMX_1881515.config,15,10,0.5164764161102735,0.5339220331682102,0.5860435063536507,0.6250269222485462,0.64398018522507,0.6704716777945294,0.7307775145380142,0.8121903941417187,0.8126211501184579,0.8494507861296575,0.8563428817574844,0.8847727762222701,0.8972646995477063,0.8972646995477063
./instances/created-instances/mm-25-25-1891798.cdop,./settings/Memetic-LS_MPX_1287823.config,25,25,0.17576197387518142,0.17576197387518142,0.1818577648766328,0.23120464441219157,0.23120464441219157,0.23193033381712627,0.2416545718432511,0.2732946298984035,0.2732946298984035,0.2732946298984035,0.2732946298984035,0.28388969521044993,0.30870827285921626,0.30870827285921626
./instances/created-instances/mm-25-25-1767920.cdop,./settings/Memetic-LS_MMX_1287823.config,25,25,0.24492368015684077,0.38608038089903374,0.48690659571488587,0.5272370816412267,0.5919339028147318,0.6136395462820333,0.6398263548522616,0.6398263548522616,0.6774961489987397,0.7232880548942725,0.7466741352751716,0.7640386500490127,0.777482145357793,0.777482145357793
./instances/created-instances/mm-25-25-1762875.cdop,./settings/Memetic-LS_MPX_1881515.config,25,25,0.14756154931786106,0.155559040301082,0.16402697193037477,0.19915320683707072,0.20417124039517015,0.22251842559197116,0.2261251372118551,0.2261251372118551,0.27473733730594324,0.2852438450682139,0.34169672259683237,0.365375568449114,0.365375568449114,0.365375568449114
./instances/created-instances/mm-25-25-1762875.cdop,./settings/Memetic_MPX_1881515.config,25,25,0.5833464011290576,0.5833464011290576,0.5833464011290576,0.5833464011290576,0.7117766975066646,0.7117766975066646,0.7117766975066646,0.7117766975066646,0.7117766975066646,0.7117766975066646,0.7331033401285871,0.763838795671946,0.763838795671946,0.763838795671946
./instances/created-instances/mm-20-10-1762875.cdop,./settings/Memetic_MPX_1287823.config,20,10,0.7236842105263158,0.7513380909901873,0.7513380909901873,0.7488849241748439,0.8193577163247101,0.8193577163247101,0.8334076717216771,0.8334076717216771,0.8334076717216771,0.8334076717216771,0.8334076717216771,0.8481266726137378,0.8481266726137378,0.8481266726137378
./instances/created-instances/mm-20-10-1110588.cdop,./settings/Memetic_MMX_1881515.config,20,10,0.9070310675075917,0.9070310675075917,0.9219808455968231,0.96916608269096,0.96916608269096,0.9754730203223546,0.9754730203223546,0.9822471385190376,0.9841158607801915,0.9869189441719225,0.9925251109553842,0.9925251109553842,0.9929922915206727,0.9929922915206727
./instances/created-instances/mm-5-25-1767920.cdop,./settings/Memetic-LS_MPX_1287823.config,5,25,0.5051454932576295,0.5532292405961675,0.5979418026969482,0.6259758694109298,0.6738821859474805,0.7221433640880057,0.7553229240596168,0.8227466288147622,0.8394251242015613,0.8694109297374024,0.8843151171043293,0.8882185947480482,0.8933640880056778,0.8933640880056778
./instances/created-instances/mm-15-40-1762875.cdop,./settings/Memetic_MPX_1099666.config,15,40,0.6687549986670221,0.6687549986670221,0.673287123433751,0.6952812583311117,0.6952812583311117,0.7242068781658224,0.8243135163956279,0.8243135163956279,0.8243135163956279,0.8243135163956279,0.8243135163956279,0.8420421221007731,0.875899760063983,0.875899760063983
./instances/created-instances/mm-10-25-1917698.cdop,./settings/Memetic-LS_MPX_1099666.config,10,25,0.3956600361663653,0.4070524412296564,0.4298372513562387,0.4602169981916817,0.4665461121157324,0.5083182640144666,0.5544303797468354,0.5741410488245932,0.5924050632911393,0.6567811934900543,0.6567811934900543,0.6567811934900543,0.6567811934900543,0.6567811934900543
./instances/created-instances/mm-15-25-1110588.cdop,./settings/Memetic_MPX_1099666.config,15,25,0.6078376092472512,0.6489991542148295,0.7199041443473357,0.7495066253171694,0.7495066253171694,0.7874259937975754,0.8276007893994926,0.8405694953481816,0.8442345644206372,0.8680575133915985,0.9063997744572878,0.9148576261629546,0.913729912602199,0.913729912602199
./instances/created-instances/mm-5-10-1110588.cdop,./settings/Memetic-LS_MPX_1099666.config,5,10,0.7741461623209696,0.8141755416819684,0.8380462724935732,0.8538376790304811,0.8876239441792141,0.8876239441792141,0.8876239441792141,0.9026808666911494,0.9026808666911494,0.9316929856775615,0.9434447300771208,0.9434447300771208,0.95813441057657,0.95813441057657
./instances/created-instances/mm-5-25-1891798.cdop,./settings/Memetic-LS_MPX_1881515.config,5,25,0.5697061039939714,0.5909947249434815,0.6117181612660135,0.6305576488319518,0.7226827430293896,0.7528259231348907,0.8212132629992465,0.8225320271288621,0.8566314996232103,0.8624717407686511,0.863413715146948,0.8735870384325546,0.8837603617181613,0.8837603617181613
./instances/created-instances/mm-25-10-1917698.cdop,./settings/Memetic-LS_MMX_1099666.config,25,10,0.4279423538831065,0.5124099279423538,0.5858686949559647,0.6232986389111289,0.6297037630104083,0.7147718174539631,0.7157726180944756,0.7686148919135308,0.7990392313851081,0.8094475580464372,0.8094475580464372,0.8262610088070457,0.8783026421136909,0.8783026421136909
./instances/created-instances/mm-5-25-1762875.cdop,./settings/Memetic_MMX_1099666.config,5,25,0.9086655112651646,0.9296360485268631,0.9369150779896014,0.9391681109185442,0.9564991334488735,0.9663778162911612,0.9707105719237435,0.9707105719237435,0.9743500866551127,0.975736568457539,0.9807625649913345,0.9807625649913345,0.9807625649913345,0.9807625649913345
./instances/created-instances/mm-20-10-1110588.cdop,./settings/Memetic_MPX_1881515.config,20,10,0.7860313010978743,0.7860313010978743,0.7860313010978743,0.7860313010978743,0.7860313010978743,0.7860313010978743,0.7860313010978743,0.7993459472085961,0.7993459472085961,0.809857509927587,0.809857509927587,0.8236393366035973,0.8236393366035973,0.8236393366035973
./instances/created-instances/mm-5-40-1917698.cdop,./settings/Memetic_MMX_1287823.config,5,40,0.8524396642182581,0.8862801678908709,0.8942812172088143,0.907922350472193,0.9438614900314796,0.9652413431269675,0.9662906610703043,0.9724554039874082,0.9837355718782791,0.9864900314795383,0.9887198321091291,0.9934417628541448,0.9976390346274921,0.9976390346274921
./instances/created-instances/mm-5-25-1891798.cdop,./settings/Memetic-LS_MPX_1287823.config,5,25,0.5229841748304446,0.5819517709118311,0.6213262999246421,0.6607008289374529,0.6927279577995479,0.7422758100979653,0.7601733232856066,0.7812735493594575,0.8006782215523738,0.8068952524491334,0.8773549359457423,0.8967596081386586,0.9069329314242652,0.9069329314242652
./instances/created-instances/mm-10-25-1762875.cdop,./settings/Memetic-LS_MPX_1287823.config,10,25,0.44675726819198347,0.45639084809908825,0.45639084809908825,0.45639084809908825,0.48425941854464133,0.48425941854464133,0.48425941854464133,0.48425941854464133,0.66574918286599,0.6989506279029761,0.7290555651126784,0.7478066402890075,0.7478066402890075,0.7478066402890075
./instances/created-instances/mm-25-25-1762875.cdop,./settings/Memetic_MMX_1287823.config,25,25,0.8293868590246197,0.9007370236788459,0.9244158695311275,0.9270816998588678,0.9408812921436412,0.9408812921436412,0.95091735925984,0.9791437980241493,0.9799278657676023,0.9843186451309394,0.9866708483612984,0.9926297632115415,0.9945115257958288,0.9945115257958288
./instances/created-instances/mm-15-25-1767920.cdop,./settings/Memetic-LS_MMX_1881515.config,15,25,0.376419072332144,0.376419072332144,0.3872851119039896,0.483133311709374,0.5285436263379825,0.544923775543302,0.5551410963347388,0.6446642880311385,0.7041842361336361,0.809925397340253,0.8363606876419072,0.854849172883555,0.9069088550113525,0.9069088550113525
./instances/created-instances/mm-10-40-1891798.cdop,./settings/Memetic-LS_MMX_1099666.config,10,40,0.2952243125904486,0.3429811866859624,0.3927114853308775,0.42007630574924354,0.42415471648467307,0.46270227601631364,0.5640047362189186,0.6572819365872912,0.6653071964215235,0.6906985922904881,0.6947770030259176,0.761347191159058,0.7768714642810156,0.7768714642810156
./instances/created-instances/mm-10-10-1762875.cdop,./settings/Memetic-LS_MPX_1881515.config,10,10,0.5569534172050323,0.6140768446106767,0.6276776606596396,0.6865011900714043,0.7381842910574634,0.7674260455627337,0.7922475348520911,0.8021081264875892,0.8119687181230874,0.8197891873512411,0.8650119007140429,0.8650119007140429,0.8731723903434206,0.8731723903434206
./instances/created-instances/mm-5-40-1767920.cdop,./settings/Memetic-LS_MMX_1881515.config,5,40,0.4085648148148148,0.4628343621399177,0.4963991769547325,0.5151748971193416,0.6066100823045267,0.6274434156378601,0.6819701646090535,0.6943158436213992,0.7632458847736625,0.7854938271604939,0.8272890946502057,0.856224279835391,0.8590534979423868,0.8590534979423868
./instances/created-instances/mm-20-25-1110588.cdop,./settings/Memetic_MPX_1099666.config,20,25,0.6539114334207684,0.6539114334207684,0.7164017898472458,0.7164017898472458,0.7164017898472458,0.7245795401944144,0.7596049992285141,0.8544977626909428,0.8544977626909428,0.8544977626909428,0.8544977626909428,0.8544977626909428,0.8544977626909428,0.8544977626909428
./instances/created-instances/mm-15-25-1917698.cdop,./settings/Memetic_MPX_1287823.config,15,25,0.8538929830182633,0.8538929830182633,0.8538929830182633,0.8538929830182633,0.8538929830182633,0.8538929830182633,0.8538929830182633,0.8538929830182633,0.8620634412047421,0.8604613905799423,0.8604613905799423,0.8763216917654598,0.8763216917654598,0.8763216917654598
./instances/created-instances/mm-15-10-1110588.cdop,./settings/Memetic_MMX_1287823.config,15,10,0.9337794185509921,0.9337794185509921,0.9360867558837102,0.9439317028149515,0.9439317028149515,0.9439317028149515,0.9439317028149515,0.9439317028149515,0.9603137978772497,0.9612367328103368,0.9847715736040609,1.0,1.0,1.0
./instances/created-instances/mm-10-25-1762875.cdop,./settings/Memetic_MMX_1881515.config,10,25,0.8986753827627731,0.9260278685704455,0.9511439876139687,0.9673146396008946,0.9697230345776707,0.982625150524686,0.9881300533287459,0.9881300533287459,0.9881300533287459,0.9881300533287459,0.9881300533287459,0.9896783072423877,0.9896783072423877,0.9896783072423877
./instances/created-instances/mm-5-10-1891798.cdop,./settings/Memetic-LS_MMX_1099666.config,5,10,0.6400875547217011,0.6588492808005003,0.6838649155722326,0.7804878048780488,0.7804878048780488,0.8627267041901189,0.8961851156973109,0.9196372732958099,0.9196372732958099,0.9196372732958099,0.9196372732958099,0.9515322076297686,0.9677923702313946,0.9677923702313946
./instances/created-instances/mm-25-25-1891798.cdop,./settings/Memetic_MMX_1881515.config,25,25,0.8500725689404934,0.8911465892597968,0.8962264150943396,0.9325108853410741,0.9368650217706821,0.9433962264150944,0.9433962264150944,0.9542815674891146,0.9552975326560232,0.9626995645863571,0.9785195936139333,0.9809869375907112,0.9851959361393323,0.9851959361393323
./instances/created-instances/mm-20-25-1762875.cdop,./settings/Memetic_MMX_1881515.config,20,25,0.8684821290422404,0.876373201299706,0.8997369642580845,0.9036051369333127,0.9080922172365774,0.9294445304038372,0.9370261488472845,0.9583784620145444,0.9757078755995667,0.9870029398112332,0.990406931765434,0.990406931765434,0.990406931765434,0.990406931765434
./instances/created-instances/mm-5-10-1110588.cdop,./settings/Memetic-LS_MPX_1881515.config,5,10,0.766801322071245,0.7825927286081528,0.9001101726037458,0.9001101726037458,0.9001101726037458,0.9030481087036357,0.9052515607785531,0.937201615864855,0.937201615864855,0.937201615864855,0.937201615864855,0.937201615864855,0.9522585383767903,0.9522585383767903
./instances/created-instances/mm-20-10-1762875.cdop,./settings/Memetic-LS_MPX_1099666.config,20,10,0.3093220338983051,0.3093220338983051,0.3093220338983051,0.3093220338983051,0.3093220338983051,0.31066012488849243,0.3487957181088314,0.35927743086529884,0.39250669045495096,0.4723461195361285,0.47769848349687777,0.5033452274754683,0.5033452274754683,0.5033452274754683
./instances/created-instances/mm-20-25-1891798.cdop,./settings/Memetic-LS_MPX_1287823.config,20,25,0.25835728331568597,0.25835728331568597,0.2603237029193768,0.2816517924671003,0.2863409469066707,0.2863409469066707,0.31855997579791256,0.3262743911662381,0.3586446831039177,0.3761911964906973,0.3854182423234004,0.4114354863106943,0.41506579942520044,0.41506579942520044
./instances/created-instances/mm-15-25-1110588.cdop,./settings/Memetic-LS_MMX_1287823.config,15,25,0.3060332675500423,0.39075274880180433,0.40879616577389344,0.4775866929799831,0.5057795319988723,0.554976036086834,0.575838736960812,0.6939667324499577,0.7509162672681139,0.7627572596560473,0.8146320834508035,0.838173104031576,0.8566394135889485,0.8566394135889485
./instances/created-instances/mm-15-25-1767920.cdop,./settings/Memetic_MMX_1099666.config,15,25,0.8611741809925397,0.8942588387933831,0.9197210509244242,0.9197210509244242,0.9197210509244242,0.9620499513460915,0.9669153421991566,0.9695102173207915,0.9695102173207915,0.9695102173207915,0.9727538112228349,0.978430100551411,0.978430100551411,0.978430100551411
./instances/created-instances/mm-5-40-1767920.cdop,./settings/Memetic-LS_MPX_1881515.config,5,40,0.4281121399176955,0.45871913580246915,0.49421296296296297,0.49665637860082307,0.5101594650205762,0.6027520576131687,0.6171553497942387,0.6485339506172839,0.6665380658436214,0.6864711934156379,0.7439557613168725,0.7713477366255144,0.816358024691358,0.816358024691358
./instances/created-instances/mm-5-40-1917698.cdop,./settings/Memetic_MPX_1881515.config,5,40,0.8506033578174187,0.8715897166841553,0.8856243441762854,0.9063483735571878,0.9136935991605456,0.9475341028331584,0.9487145855194123,0.9552728226652676,0.9552728226652676,0.9552728226652676,0.9698321091290661,0.9717995802728226,0.9717995802728226,0.9717995802728226
./instances/created-instances/mm-15-25-1891798.cdop,./settings/Memetic_MPX_1099666.config,15,25,0.7737688932228182,0.7737688932228182,0.7737688932228182,0.7804323094425484,0.7804323094425484,0.7804323094425484,0.8473915163334959,0.8519421420445311,0.863481228668942,0.8665691532585731,0.8665691532585731,0.8698196001950268,0.8698196001950268,0.8698196001950268
./instances/created-instances/mm-25-25-1110588.cdop,./settings/Memetic-LS_MPX_1881515.config,25,25,0.18412302576891107,0.18412302576891107,0.2026877251316154,0.2026877251316154,0.24369631476863396,0.25117761152673873,0.25117761152673873,0.25270157938487114,0.25270157938487114,0.25270157938487114,0.25270157938487114,0.25270157938487114,0.2833194790800776,0.2833194790800776
./instances/created-instances/mm-10-40-1767920.cdop,./settings/Memetic_MPX_1099666.config,10,40,0.7333765392093324,0.7390797148412184,0.7664290343486714,0.7664290343486714,0.7664290343486714,0.7664290343486714,0.7664290343486714,0.7664290343486714,0.7664290343486714,0.7717433570965652,0.7717433570965652,0.8444588464031109,0.8444588464031109,0.8444588464031109
./instances/created-instances/mm-25-25-1762875.cdop,./settings/Memetic_MMX_1099666.config,25,25,0.8019444880037635,0.8874078720401443,0.913438921122785,0.9181433275835033,0.9400972244001882,0.9460561392504312,0.9686372902618786,0.9777324760859338,0.9777324760859338,0.981652814803199,0.9862004077152265,0.9901207464324918,0.9926297632115415,0.9926297632115415
./instances/created-instances/mm-5-10-1891798.cdop,./settings/Memetic-LS_MPX_1287823.config,5,10,0.7382739212007504,0.7382739212007504,0.7382739212007504,0.7382739212007504,0.7382739212007504,0.8605378361475923,0.9061913696060038,0.944027517198249,0.9455909943714822,0.9455909943714822,0.9471544715447154,0.9471544715447154,0.9471544715447154,0.9471544715447154
./instances/created-instances/mm-5-10-1891798.cdop,./settings/Memetic-LS_MPX_1881515.config,5,10,0.7889305816135085,0.8176985616010006,0.8439649781113195,0.8599124452782989,0.8724202626641651,0.8780487804878049,0.8871169480925578,0.9043151969981238,0.9055659787367104,0.9215134459036898,0.9352720450281425,0.9352720450281425,0.9490306441525954,0.9490306441525954
./instances/created-instances/mm-15-40-1110588.cdop,./settings/Memetic-LS_MPX_1287823.config,15,40,0.20998616236162362,0.20998616236162362,0.21598247232472326,0.2175968634686347,0.24907749077490776,0.26441420664206644,0.26441420664206644,0.26821955719557194,0.2982011070110701,0.3118081180811808,0.33959870848708484,0.338330258302583,0.338330258302583,0.338330258302583
./instances/created-instances/mm-20-25-1762875.cdop,./settings/Memetic-LS_MMX_1287823.config,20,25,0.24926504719170664,0.3091443602042395,0.32430759709113416,0.3787714683583475,0.4565991025839393,0.5048738975707876,0.5537676001856723,0.5734179173758317,0.5969364072412192,0.6729073185827016,0.6761565836298933,0.6814172984682036,0.7245861055237506,0.7245861055237506
./instances/created-instances/mm-25-25-1891798.cdop,./settings/Memetic_MPX_1881515.config,25,25,0.5600870827285922,0.5600870827285922,0.5600870827285922,0.5600870827285922,0.5600870827285922,0.5748911465892598,0.7240928882438317,0.7240928882438317,0.7240928882438317,0.7240928882438317,0.7240928882438317,0.7240928882438317,0.7240928882438317,0.7240928882438317
./instances/created-instances/mm-20-10-1917698.cdop,./settings/Memetic-LS_MMX_1099666.config,20,10,0.4261623705131294,0.44736208142616235,0.4579619368826789,0.5186701999518188,0.5398699108648518,0.6278005299927728,0.7140448084798844,0.7540351722476512,0.7747530715490243,0.7752348831606841,0.8479884365213202,0.8631655022886051,0.9455552878824379,0.9455552878824379
./instances/created-instances/mm-15-25-1762875.cdop,./settings/Memetic-LS_MPX_1881515.config,15,25,0.2365911799761621,0.25908820023837903,0.26325983313468415,0.26325983313468415,0.2996126340882002,0.2996126340882002,0.2996126340882002,0.3011025029797378,0.3265792610250298,0.4007747318235995,0.4198450536352801,0.42222884386174014,0.49538140643623363,0.49538140643623363
./instances/created-instances/mm-20-25-1762875.cdop,./settings/Memetic_MPX_1287823.config,20,25,0.641033575738821,0.641033575738821,0.641033575738821,0.6707411418845737,0.797153024911032,0.797153024911032,0.797153024911032,0.797153024911032,0.797153024911032,0.8313476713600495,0.8457372737118986,0.8457372737118986,0.8457372737118986,0.8457372737118986
./instances/created-instances/mm-25-10-1767920.cdop,./settings/Memetic_MMX_1881515.config,25,10,0.9272243177279788,0.9272243177279788,0.931218105169736,0.952518304859108,0.9578433547814511,0.9600621255824273,0.9771466607499445,0.9771466607499445,0.9771466607499445,0.9884623918349235,0.9884623918349235,0.9935655646771688,0.9984468604393166,0.9984468604393166
./instances/created-instances/mm-5-40-1767920.cdop,./settings/Memetic_MPX_1099666.config,5,40,0.805298353909465,0.8119855967078189,0.8665123456790124,0.8757716049382716,0.8838734567901234,0.8838734567901234,0.8838734567901234,0.8838734567901234,0.8873456790123457,0.9088220164609053,0.9515174897119342,0.9636059670781894,0.9655349794238683,0.9655349794238683
./instances/created-instances/mm-20-25-1891798.cdop,./settings/Memetic_MPX_1287823.config,20,25,0.7024655876569355,0.7024655876569355,0.7024655876569355,0.7024655876569355,0.7024655876569355,0.7024655876569355,0.7224323097867191,0.7224323097867191,0.7224323097867191,0.7224323097867191,0.7584329148389048,0.7948873090304038,0.7948873090304038,0.7948873090304038
./instances/created-instances/mm-15-10-1762875.cdop,./settings/Memetic_MMX_1099666.config,15,10,0.9673940305994482,0.9799347880611989,0.9892149485828944,0.9892149485828944,0.9892149485828944,0.9892149485828944,0.9892149485828944,0.9892149485828944,0.9892149485828944,0.9892149485828944,0.9907198394783044,0.9979934788061199,0.9979934788061199,0.9979934788061199
./instances/created-instances/mm-5-25-1762875.cdop,./settings/Memetic-LS_MMX_1881515.config,5,25,0.6259965337954939,0.640207972270364,0.640207972270364,0.6805892547660312,0.7145580589254766,0.7838821490467938,0.8285961871750434,0.8436741767764299,0.8436741767764299,0.8516464471403813,0.8665511265164645,0.8667244367417678,0.9152512998266897,0.9152512998266897
./instances/created-instances/mm-25-10-1762875.cdop,./settings/Memetic_MPX_1099666.config,25,10,0.5792183031458532,0.5860819828408007,0.6305052430886559,0.6160152526215443,0.619256434699714,0.6579599618684462,0.6579599618684462,0.6800762631077216,0.7204957102001907,0.7204957102001907,0.7204957102001907,0.7862726406101048,0.7862726406101048,0.7862726406101048
./instances/created-instances/mm-25-10-1767920.cdop,./settings/Memetic_MMX_1287823.config,25,10,0.9136898158420235,0.9440869758153982,0.9696028400266252,0.9733747503882849,0.9733747503882849,0.9789216773907256,0.9818060794319947,0.9884623918349235,0.992899933436876,0.9942311959174617,0.9982249833592189,1.0,1.0,1.0
./instances/created-instances/mm-15-25-1917698.cdop,./settings/Memetic-LS_MPX_1099666.config,15,25,0.2904517782761935,0.2962191605254726,0.35757769945530277,0.36847164370394103,0.3804870233899391,0.3921819929509773,0.4136494713232938,0.46090996475488627,0.47789170137776354,0.5019224607497597,0.5171419416853572,0.5362063441204742,0.5969240628003845,0.5969240628003845
./instances/created-instances/mm-10-40-1762875.cdop,./settings/Memetic_MPX_1881515.config,10,40,0.7476202727038848,0.8042191921790584,0.8062773347054284,0.8646771288911758,0.859660406483149,0.8658348340622588,0.8658348340622588,0.86712117314124,0.8694365834834062,0.9035245690764085,0.913558013892462,0.913558013892462,0.913558013892462,0.913558013892462
./instances/created-instances/mm-25-10-1917698.cdop,./settings/Memetic_MMX_1099666.config,25,10,0.8342674139311449,0.9093274619695757,0.9093274619695757,0.922337870296237,0.9233386709367494,0.9653722978382706,0.9653722978382706,0.9735788630904724,0.9811849479583667,0.9879903923138511,0.9929943955164131,0.9929943955164131,0.9929943955164131,0.9929943955164131
./instances/created-instances/mm-25-10-1917698.cdop,./settings/Memetic_MPX_1287823.config,25,10,0.6371096877502002,0.6371096877502002,0.7497998398718975,0.7497998398718975,0.7497998398718975,0.7497998398718975,0.7497998398718975,0.7497998398718975,0.7497998398718975,0.7714171337069655,0.8382706164931946,0.8382706164931946,0.8382706164931946,0.8382706164931946
./instances/created-instances/mm-20-25-1891798.cdop,./settings/Memetic_MMX_1099666.config,20,25,0.8407200121010437,0.8765693541067917,0.906065648162154,0.9444864619573439,0.9606716079261837,0.9606716079261837,0.9606716079261837,0.9702011798517622,0.9702011798517622,0.9702011798517622,0.9823022235667827,0.9862350627741643,0.9877476932385418,0.9877476932385418
./instances/created-instances/mm-5-40-1891798.cdop,./settings/Memetic_MPX_1287823.config,5,40,0.7765156192122484,0.7852821335967404,0.7940486479812322,0.8998641807630572,0.8998641807630572,0.9244351154463514,0.9244351154463514,0.9244351154463514,0.9357945425361156,0.9476478577602173,0.9524632670700086,0.9567847882454624,0.9581429806148908,0.9581429806148908
./instances/created-instances/mm-25-25-1917698.cdop,./settings/Memetic_MMX_1099666.config,25,25,0.8681588226276253,0.8804231181971486,0.9475701364402882,0.9641269354591445,0.9705656906331442,0.9705656906331442,0.9705656906331442,0.9705656906331442,0.9803771270887628,0.981296949256477,0.9912616894067147,0.9912616894067147,0.9977004445807144,0.9977004445807144
./instances/created-instances/mm-25-25-1891798.cdop,./settings/Memetic_MMX_1099666.config,25,25,0.8216255442670537,0.8944847605224964,0.9133526850507983,0.9252539912917271,0.9252539912917271,0.932656023222061,0.941799709724238,0.9619738751814223,0.9760522496371553,0.9818577648766328,0.9827285921625545,0.9880986937590711,0.9880986937590711,0.9880986937590711
./instances/created-instances/mm-20-10-1110588.cdop,./settings/Memetic_MMX_1099666.config,20,10,0.8761971501985517,0.882270497547302,0.9161410885307171,0.928521373510862,0.9437047418827377,0.9530483531885073,0.9530483531885073,0.9549170754496613,0.9670637701471618,0.9670637701471618,0.9670637701471618,0.9813127773884607,0.9813127773884607,0.9813127773884607
./instances/created-instances/mm-5-25-1762875.cdop,./settings/Memetic-LS_MPX_1881515.config,5,25,0.5507798960138648,0.6119584055459272,0.6476603119584056,0.6830155979202773,0.6939341421143848,0.7509532062391681,0.7578856152512998,0.8081455805892548,0.8308492201039861,0.8435008665511265,0.8819757365684575,0.9048526863084922,0.9058925476603119,0.9058925476603119
./instances/created-instances/mm-25-10-1767920.cdop,./settings/Memetic_MMX_1099666.config,25,10,0.9103616596405592,0.9221211448857333,0.9343243842911028,0.9445307299755935,0.948968271577546,0.9582871089416464,0.9582871089416464,0.9582871089416464,0.965609052584868,0.970934102507211,0.9997781229199024,0.9997781229199024,0.9997781229199024,0.9997781229199024
./instances/created-instances/mm-15-10-1917698.cdop,./settings/Memetic-LS_MMX_1881515.config,15,10,0.49416058394160584,0.5579075425790754,0.6114355231143552,0.6114355231143552,0.6902676399026764,0.7515815085158151,0.8019464720194647,0.840389294403893,0.8888077858880779,0.8956204379562044,0.8956204379562044,0.9184914841849149,0.9396593673965937,0.9396593673965937
./instances/created-instances/mm-15-40-1767920.cdop,./settings/Memetic-LS_MMX_1287823.config,15,40,0.27271637497003115,0.29908894749460563,0.3043634619995205,0.35722848237832655,0.39846559578038837,0.4103332534164469,0.4232797890194198,0.49100935027571324,0.5153440421961161,0.5618556701030928,0.6427715176216735,0.6943179093742508,0.7134979621193959,0.7134979621193959
./instances/created-instances/mm-5-10-1891798.cdop,./settings/Memetic_MPX_1881515.config,5,10,0.957473420888055,0.957473420888055,0.957473420888055,0.966541588492808,0.966541588492808,0.982801751094434,0.982801751094434,0.982801751094434,0.982801751094434,0.9843652282676673,0.9853033145716072,0.9893683552220137,1.0,1.0
./instances/created-instances/mm-25-10-1917698.cdop,./settings/Memetic-LS_MPX_1881515.config,25,10,0.2734187349879904,0.27862289831865494,0.27862289831865494,0.27862289831865494,0.27862289831865494,0.3020416333066453,0.3020416333066453,0.3020416333066453,0.32826261008807045,0.4191353082465973,0.4191353082465973,0.4191353082465973,0.43734987990392316,0.43734987990392316
./instances/created-instances/mm-20-10-1891798.cdop,./settings/Memetic_MMX_1099666.config,20,10,0.8708457711442786,0.9114427860696518,0.9402985074626866,0.9402985074626866,0.9412935323383085,0.9554228855721393,0.970547263681592,0.970547263681592,0.970547263681592,0.9787064676616916,0.9787064676616916,0.9787064676616916,0.9787064676616916,0.9787064676616916
./instances/created-instances/mm-25-25-1762875.cdop,./settings/Memetic-LS_MPX_1099666.config,25,25,0.19021483456170613,0.19021483456170613,0.22204798494589933,0.22894778108828603,0.23804296691234123,0.24494276305472792,0.25952642308295437,0.25952642308295437,0.25952642308295437,0.28210757409440174,0.2943390308922691,0.2987298102556061,0.3017092676807276,0.3017092676807276
./instances/created-instances/mm-15-40-1762875.cdop,./settings/Memetic-LS_MPX_1287823.config,15,40,0.18675019994668088,0.18675019994668088,0.20994401492935216,0.20994401492935216,0.20994401492935216,0.2619301519594775,0.2619301519594775,0.29698747000799786,0.3008531058384431,0.3453745667821914,0.38443081844841376,0.4550786456944815,0.4950679818715009,0.4950679818715009
./instances/created-instances/mm-25-25-1767920.cdop,./settings/Memetic_MPX_1099666.config,25,25,0.4275311581011063,0.4401344349530878,0.4160481725248565,0.4160481725248565,0.48158521215516037,0.4724828455398404,0.5919339028147318,0.6611118890911637,0.6611118890911637,0.6611118890911637,0.6611118890911637,0.6611118890911637,0.723148018484806,0.723148018484806
./instances/created-instances/mm-25-25-1110588.cdop,./settings/Memetic-LS_MMX_1881515.config,25,25,0.26336935439179826,0.2975893599334996,0.3658908284843447,0.37794402881684674,0.40953172623995565,0.4215849265724577,0.5300637295649765,0.5399002493765586,0.5843724023275145,0.6838459407037961,0.7499307287337212,0.7833194790800776,0.8108894430590191,0.8108894430590191
./instances/created-instances/mm-25-10-1110588.cdop,./settings/Memetic-LS_MPX_1099666.config,25,10,0.2874779541446208,0.30511463844797176,0.30746619635508526,0.3366647070350774,0.3366647070350774,0.3366647070350774,0.35234175974916715,0.35234175974916715,0.35234175974916715,0.40505584950029394,0.4424848128551832,0.4424848128551832,0.4611013129531648,0.4611013129531648
./instances/created-instances/mm-20-25-1891798.cdop,./settings/Memetic-LS_MPX_1881515.config,20,25,0.2740886401452125,0.2740886401452125,0.2746936923309635,0.29193767962486766,0.302223566782635,0.32234155195885644,0.3353501739525034,0.3414006958100136,0.3414006958100136,0.3414006958100136,0.3465436393888973,0.3867796097413402,0.41173801240356983,0.41173801240356983
./instances/created-instances/mm-5-10-1767920.cdop,./settings/Memetic_MPX_1099666.config,5,10,0.9689871329594193,0.9775651600131969,0.9775651600131969,0.9775651600131969,0.9775651600131969,0.9775651600131969,0.9775651600131969,0.978225008248103,0.9874628835367866,0.9877928076542395,0.9877928076542395,0.9877928076542395,0.9877928076542395,0.9877928076542395
./instances/created-instances/mm-5-40-1762875.cdop,./settings/Memetic-LS_MMX_1881515.config,5,40,0.440453957764689,0.5053871570176699,0.5127136905617009,0.5127136905617009,0.5489153857204425,0.621606091078868,0.6460278695589714,0.6826605372791266,0.7649762965091222,0.7965809510127855,0.8158310587559259,0.8537566441603218,0.8906766269214194,0.8906766269214194
./instances/created-instances/mm-5-10-1891798.cdop,./settings/Memetic_MPX_1099666.config,5,10,0.9424640400250156,0.9471544715447154,0.9471544715447154,0.9521575984990619,0.9687304565353346,0.9687304565353346,0.9687304565353346,0.9768605378361476,0.9862414008755472,0.9928080050031269,0.9928080050031269,0.9928080050031269,1.0,1.0
./instances/created-instances/mm-5-25-1917698.cdop,./settings/Memetic_MPX_1287823.config,5,25,0.846958174904943,0.846958174904943,0.9157794676806084,0.9157794676806084,0.9157794676806084,0.9157794676806084,0.9157794676806084,0.9326996197718631,0.9454372623574144,0.9792775665399239,0.9834600760456274,0.9859315589353612,0.9884030418250951,0.9884030418250951
./instances/created-instances/mm-20-10-1917698.cdop,./settings/Memetic_MMX_1099666.config,20,10,0.9173693086003373,0.948687063358227,0.963623223319682,0.9751867019995182,0.978800289086967,0.9833774993977354,0.9833774993977354,0.985063840038545,0.9874728980968441,0.9889183329318236,0.9889183329318236,0.9992772825825103,0.9992772825825103,0.9992772825825103
./instances/created-instances/mm-10-25-1917698.cdop,./settings/Memetic_MPX_1287823.config,10,25,0.7867992766726944,0.7867992766726944,0.7952983725135624,0.8649186256781194,0.8649186256781194,0.8649186256781194,0.8649186256781194,0.8835443037974684,0.9061482820976492,0.9061482820976492,0.9175406871609403,0.918625678119349,0.9236889692585896,0.9236889692585896
./instances/created-instances/mm-10-25-1110588.cdop,./settings/Memetic_MMX_1099666.config,10,25,0.8870065789473685,0.9037828947368421,0.9266447368421052,0.9590460526315789,0.9618421052631579,0.9618421052631579,0.9618421052631579,0.9618421052631579,0.9702302631578947,0.9725328947368421,0.9754934210526316,0.9754934210526316,0.9754934210526316,0.9754934210526316
./instances/created-instances/mm-5-10-1917698.cdop,./settings/Memetic_MPX_1099666.config,5,10,0.9816397594175372,0.9825894270338715,0.9825894270338715,0.9825894270338715,0.9825894270338715,0.9825894270338715,0.9832225387780943,0.9860715416270972,0.9968344412788858,1.0,1.0,1.0,1.0,1.0
./instances/created-instances/mm-25-25-1767920.cdop,./settings/Memetic_MPX_1881515.config,25,25,0.2655090323484106,0.5833916818372777,0.5833916818372777,0.5833916818372777,0.5833916818372777,0.6178406385660271,0.6178406385660271,0.6178406385660271,0.6178406385660271,0.6178406385660271,0.7553563926620921,0.7553563926620921,0.7553563926620921,0.7553563926620921
./instances/created-instances/mm-25-10-1110588.cdop,./settings/Memetic_MMX_1099666.config,25,10,0.8543993729178915,0.8871252204585538,0.9463060944542426,0.969429747207525,0.9762884577699392,0.9762884577699392,0.9896139525769155,0.99039780521262,0.99039780521262,0.993533215755438,1.0,1.0,1.0,1.0
./instances/created-instances/mm-15-10-1110588.cdop,./settings/Memetic-LS_MPX_1099666.config,15,10,0.3507152745731426,0.37517305029995385,0.37517305029995385,0.395016151361329,0.4097831102907245,0.4097831102907245,0.456391324411629,0.5440701430549146,0.5676049838486387,0.6172127365020766,0.6301338255652976,0.6742039686202123,0.6954314720812182,0.6954314720812182
./instances/created-instances/mm-5-25-1110588.cdop,./settings/Memetic_MPX_1881515.config,5,25,0.8555300758511202,0.8738754630446287,0.8906332686540837,0.8948668195448933,0.9260892573646146,0.9260892573646146,0.9260892573646146,0.9260892573646146,0.9260892573646146,0.9260892573646146,0.9287352266713707,0.9373787264067737,0.9668371846886576,0.9668371846886576
./instances/created-instances/mm-15-40-1767920.cdop,./settings/Memetic_MPX_1881515.config,15,40,0.5839127307600096,0.5839127307600096,0.5839127307600096,0.5839127307600096,0.5839127307600096,0.5839127307600096,0.6222728362502997,0.6222728362502997,0.6678254615200192,0.6999520498681371,0.7210501078877967,0.7210501078877967,0.7878206665068329,0.7878206665068329
./instances/created-instances/mm-20-10-1767920.cdop,./settings/Memetic_MPX_1099666.config,20,10,0.41225626740947074,0.43604028283694024,0.5196057424469681,0.5196057424469681,0.5421041354188987,0.6468823655453182,0.7458752946218127,0.7458752946218127,0.7458752946218127,0.7458752946218127,0.7520891364902507,0.7520891364902507,0.7741589886436683,0.7741589886436683
./instances/created-instances/mm-5-10-1767920.cdop,./settings/Memetic_MMX_1287823.config,5,10,0.9627185747278126,0.9650280435499835,0.9858132629495217,0.9858132629495217,0.9858132629495217,0.9858132629495217,1.0,1.0,1.0,1.0,1.0,1.0,1.0,1.0
./instances/created-instances/mm-25-25-1762875.cdop,./settings/Memetic-LS_MMX_1099666.config,25,25,0.27066018503998746,0.29763211541477186,0.3870158381684177,0.41963305629606396,0.43923474988238986,0.4889446448173122,0.5394386074956876,0.5849145366159636,0.6259996863729026,0.7092676807276148,0.753489101458366,0.7944174376666144,0.8168417751293712,0.8168417751293712
./instances/created-instances/mm-15-40-1917698.cdop,./settings/Memetic_MMX_1099666.config,15,40,0.8284630827570824,0.8779834931965201,0.9224849431184474,0.9336381887129155,0.9597367834039705,0.9627481597144769,0.9721168860138301,0.9740129377648896,0.988512157037698,0.9919696631719831,0.9919696631719831,0.9919696631719831,0.9919696631719831,0.9919696631719831
./instances/created-instances/mm-20-25-1767920.cdop,./settings/Memetic-LS_MPX_1881515.config,20,25,0.12281879194630872,0.12523489932885906,0.14161073825503356,0.14684563758389263,0.17973154362416108,0.20228187919463086,0.20241610738255034,0.20241610738255034,0.20241610738255034,0.20241610738255034,0.20241610738255034,0.343489932885906,0.3561073825503356,0.3561073825503356
./instances/created-instances/mm-20-25-1891798.cdop,./settings/Memetic_MPX_1099666.config,20,25,0.6130691272122221,0.6130691272122221,0.7142641052790804,0.7142641052790804,0.6973226440780518,0.6973226440780518,0.7245499924368477,0.7827862653153834,0.7827862653153834,0.7974587808198457,0.8039630918166691,0.8039630918166691,0.8039630918166691,0.8039630918166691
./instances/created-instances/mm-15-40-1891798.cdop,./settings/Memetic-LS_MMX_1881515.config,15,40,0.29362700377948653,0.29897041574351624,0.35879056431643425,0.38146748338329206,0.44702202528346147,0.4863808158477779,0.5196142317216212,0.5734393327251401,0.6406881271992702,0.6727485989834484,0.6990746774403753,0.6990746774403753,0.7388244493679135,0.7388244493679135
./instances/created-instances/mm-5-25-1917698.cdop,./settings/Memetic_MMX_1099666.config,5,25,0.9106463878326996,0.9218631178707224,0.9218631178707224,0.947148288973384,0.947148288973384,0.9475285171102662,0.95,0.9572243346007605,0.9610266159695817,0.9884030418250951,0.9992395437262357,1.0,1.0,1.0
./instances/created-instances/mm-20-10-1762875.cdop,./settings/Memetic_MMX_1099666.config,20,10,0.9078947368421053,0.9266280107047279,0.9266280107047279,0.9482604817127565,0.9520517395182873,0.9667707404103479,0.9848349687778769,0.987957181088314,0.9892952720785013,0.9901873327386262,0.9901873327386262,0.9957627118644068,0.9964317573595004,0.9964317573595004
./instances/created-instances/mm-25-10-1110588.cdop,./settings/Memetic-LS_MMX_1881515.config,25,10,0.3303938859494415,0.47129139721732316,0.5147952184989222,0.5214579659024103,0.5718204977464236,0.6129727611209093,0.6460905349794238,0.6862629825592789,0.7262394669802077,0.7526944934352342,0.7826768567509308,0.837546541250245,0.8559670781893004,0.8559670781893004
./instances/created-instances/mm-10-10-1917698.cdop,./settings/Memetic_MMX_1881515.config,10,10,0.954532852786249,0.9595231494316606,0.9595231494316606,0.9692265040199611,0.9789298586082618,0.9789298586082618,0.9817022456334904,0.9914056002217909,0.9914056002217909,0.9925145550318825,0.9925145550318825,0.9925145550318825,0.9925145550318825,0.9925145550318825
./instances/created-instances/mm-10-40-1917698.cdop,./settings/Memetic_MPX_1099666.config,10,40,0.6664552948636652,0.7417882054533925,0.8167406467977172,0.8167406467977172,0.8167406467977172,0.8167406467977172,0.8273937856689918,0.8273937856689918,0.871147748890298,0.871147748890298,0.871147748890298,0.871147748890298,0.8766011414077363,0.8766011414077363
./instances/created-instances/mm-25-25-1767920.cdop,./settings/Memetic_MMX_1099666.config,25,25,0.8176725948746674,0.8808290155440415,0.9291415768099706,0.943845399803949,0.9460859823554124,0.9465060915838118,0.960229659711525,0.9743733370676376,0.9743733370676376,0.9759137375717687,0.9928581431172104,0.9928581431172104,0.9928581431172104,0.9928581431172104
./instances/created-instances/mm-5-10-1917698.cdop,./settings/Memetic_MMX_1881515.config,5,10,0.9873377651155429,0.9873377651155429,0.9873377651155429,0.9873377651155429,0.9873377651155429,0.9873377651155429,0.9873377651155429,1.0,1.0,1.0,1.0,1.0,1.0,1.0
./instances/created-instances/mm-15-40-1762875.cdop,./settings/Memetic_MPX_1287823.config,15,40,0.6496934150893096,0.7196747533990936,0.7304718741668889,0.7395361237003466,0.7701946147693949,0.7701946147693949,0.7701946147693949,0.7701946147693949,0.7701946147693949,0.8552386030391895,0.8593708344441482,0.8880298587043455,0.8880298587043455,0.8880298587043455
./instances/created-instances/mm-20-25-1110588.cdop,./settings/Memetic-LS_MMX_1287823.config,20,25,0.33127603764851105,0.3443912976392532,0.43635241475081005,0.43635241475081005,0.4834130535411202,0.5758370621817621,0.6752044437586792,0.6994291004474618,0.7424780126523685,0.7424780126523685,0.7529702206449622,0.7531245178213238,0.7754976083937664,0.7754976083937664
./instances/created-instances/mm-5-10-1891798.cdop,./settings/Memetic_MMX_1881515.config,5,10,0.9799874921826142,0.9799874921826142,0.9799874921826142,0.9799874921826142,0.9799874921826142,0.9799874921826142,0.983739837398374,0.9984365228267668,1.0,1.0,1.0,1.0,1.0,1.0
./instances/created-instances/mm-10-25-1917698.cdop,./settings/Memetic-LS_MMX_1099666.config,10,25,0.3641952983725136,0.4115732368896926,0.462748643761302,0.47685352622061483,0.5475587703435805,0.6043399638336348,0.6216998191681736,0.6871609403254972,0.7426763110307414,0.774502712477396,0.8066907775768535,0.8164556962025317,0.8698010849909584,0.8698010849909584
./instances/created-instances/mm-5-10-1762875.cdop,./settings/Memetic_MMX_1881515.config,5,10,0.9880636604774535,0.9880636604774535,0.9880636604774535,1.0,1.0,1.0,1.0,1.0,1.0,1.0,1.0,1.0,1.0,1.0
./instances/created-instances/mm-20-10-1891798.cdop,./settings/Memetic-LS_MPX_1099666.config,20,10,0.29830845771144276,0.342089552238806,0.342089552238806,0.36975124378109453,0.36975124378109453,0.36975124378109453,0.36975124378109453,0.40318407960199004,0.43582089552238806,0.44676616915422884,0.4551243781094527,0.4551243781094527,0.46129353233830844,0.46129353233830844
./instances/created-instances/mm-15-10-1891798.cdop,./settings/Memetic_MMX_1099666.config,15,10,0.9515881708652792,0.9550930996714129,0.9717415115005477,0.9732749178532311,0.9800657174151151,0.9800657174151151,0.9800657174151151,0.9892661555312158,0.991894852135816,0.991894852135816,0.991894852135816,0.9997809419496166,0.9997809419496166,0.9997809419496166
./instances/created-instances/mm-25-25-1762875.cdop,./settings/Memetic-LS_MMX_1881515.config,25,25,0.3145679786733574,0.3340128587109926,0.35957346714756155,0.4429982750509644,0.488631017719931,0.5726830798180963,0.5957346714756155,0.6943703936020073,0.7022110710365376,0.7144425278344049,0.7707385918143328,0.7925356750823271,0.8387956719460561,0.8387956719460561
./instances/created-instances/mm-25-10-1917698.cdop,./settings/Memetic-LS_MPX_1099666.config,25,10,0.3212570056044836,0.3212570056044836,0.3212570056044836,0.3212570056044836,0.3212570056044836,0.3212570056044836,0.3268614891913531,0.3268614891913531,0.33286629303442755,0.3366693354683747,0.36208967173738993,0.3789031224979984,0.3789031224979984,0.3789031224979984
./instances/created-instances/mm-25-25-1917698.cdop,./settings/Memetic_MPX_1287823.config,25,25,0.5466809750114978,0.6262455925187796,0.6262455925187796,0.6262455925187796,0.673309826766825,0.673309826766825,0.673309826766825,0.7591598957534876,0.7591598957534876,0.7841483979763912,0.7841483979763912,0.7514947110225356,0.8238540548827227,0.8238540548827227
./instances/created-instances/mm-15-10-1891798.cdop,./settings/Memetic-LS_MMX_1287823.config,15,10,0.4644030668127054,0.5185104052573932,0.5989047097480833,0.6455640744797372,0.7014238773274918,0.7156626506024096,0.7281489594742607,0.747645125958379,0.8024096385542169,0.8376779846659365,0.8974808324205915,0.8974808324205915,0.9110624315443593,0.9110624315443593
./instances/created-instances/mm-10-25-1917698.cdop,./settings/Memetic_MPX_1881515.config,10,25,0.8025316455696202,0.8207956600361663,0.8207956600361663,0.8264014466546112,0.8264014466546112,0.8370705244122966,0.8370705244122966,0.8370705244122966,0.8544303797468354,0.8645569620253165,0.8650994575045208,0.9343580470162749,0.9423146473779385,0.9423146473779385
./instances/created-instances/mm-25-10-1917698.cdop,./settings/Memetic_MMX_1287823.config,25,10,0.9061248999199359,0.9237389911929543,0.9383506805444356,0.9517614091273019,0.9657726180944756,0.9823859087269816,0.9823859087269816,0.9925940752602082,0.9925940752602082,0.9925940752602082,0.9925940752602082,0.9925940752602082,0.9925940752602082,0.9925940752602082
./instances/created-instances/mm-10-10-1767920.cdop,./settings/Memetic_MPX_1099666.config,10,10,0.7988812611238241,0.8370200864480041,0.8370200864480041,0.8771929824561403,0.8771929824561403,0.8771929824561403,0.8802440884820748,0.8802440884820748,0.9260106788710908,0.9260106788710908,0.9402491736587847,0.9402491736587847,0.9445715738621917,0.9445715738621917
./instances/created-instances/mm-15-10-1917698.cdop,./settings/Memetic_MPX_1881515.config,15,10,0.8379562043795621,0.8442822384428224,0.8442822384428224,0.8442822384428224,0.8442822384428224,0.8442822384428224,0.9021897810218978,0.9021897810218978,0.9260340632603407,0.9260340632603407,0.9260340632603407,0.9287104622871046,0.9287104622871046,0.9287104622871046
./instances/created-instances/mm-15-10-1891798.cdop,./settings/Memetic-LS_MPX_1099666.config,15,10,0.4273822562979189,0.4571741511500548,0.46396495071193866,0.46396495071193866,0.49967141292442496,0.500328587075575,0.5483023001095291,0.5483023001095291,0.5483023001095291,0.5483023001095291,0.6173055859802847,0.6613362541073384,0.6996714129244249,0.6996714129244249
./instances/created-instances/mm-5-40-1917698.cdop,./settings/Memetic-LS_MPX_1099666.config,5,40,0.41093913955928646,0.42772822665267574,0.4774396642182581,0.5174449108079748,0.5641395592864638,0.6134575026232949,0.6532004197271774,0.6711699895068206,0.6929433368310598,0.7210125918153201,0.7522298006295908,0.7709863588667366,0.8126967471143757,0.8126967471143757
./instances/created-instances/mm-5-25-1891798.cdop,./settings/Memetic_MPX_1881515.config,5,25,0.9020346646571213,0.9020346646571213,0.9020346646571213,0.9020346646571213,0.9020346646571213,0.9438583270535041,0.9611906556141673,0.9611906556141673,0.9611906556141673,0.9687264506405425,0.9687264506405425,0.9687264506405425,0.9741899020346647,0.9741899020346647
./instances/created-instances/mm-10-25-1767920.cdop,./settings/Memetic-LS_MPX_1287823.config,10,25,0.3160362613316661,0.3160362613316661,0.3160362613316661,0.3843388558924664,0.3843388558924664,0.3843388558924664,0.3843388558924664,0.4212253829321663,0.47968115035948733,0.47968115035948733,0.47968115035948733,0.47968115035948733,0.5950296967802439,0.5950296967802439
./instances/created-instances/mm-20-10-1110588.cdop,./settings/Memetic_MPX_1099666.config,20,10,0.6802149030600327,0.6802149030600327,0.6802149030600327,0.7594020088764307,0.7594020088764307,0.7594020088764307,0.8047185237094137,0.8047185237094137,0.8063536556879234,0.8063536556879234,0.8063536556879234,0.8063536556879234,0.8063536556879234,0.8063536556879234
./instances/created-instances/mm-5-25-1767920.cdop,./settings/Memetic_MPX_1287823.config,5,25,0.8451029098651526,0.8756210078069553,0.877750177430802,0.8977998580553584,0.8977998580553584,0.9581263307310149,0.9581263307310149,0.9620298083747338,0.9641589779985805,0.9643364088005678,0.9861603974449965,0.9861603974449965,0.9861603974449965,0.9861603974449965
./instances/created-instances/mm-10-25-1767920.cdop,./settings/Memetic-LS_MPX_1881515.config,10,25,0.2846201938105658,0.2864957799312285,0.347608627696155,0.4427946233197874,0.5034385745545483,0.5140668959049703,0.5353235386058143,0.5804939043451078,0.6691153485464207,0.6691153485464207,0.6691153485464207,0.7033447952485151,0.7213191622381995,0.7213191622381995
./instances/created-instances/mm-15-40-1891798.cdop,./settings/Memetic_MPX_1099666.config,15,40,0.5214388114166558,0.6302619575133586,0.6302619575133586,0.6302619575133586,0.7611103870715495,0.7611103870715495,0.7689300143359833,0.7689300143359833,0.8395673139580346,0.8395673139580346,0.8364394630522611,0.8364394630522611,0.8370910986576307,0.8370910986576307
./instances/created-instances/mm-5-40-1891798.cdop,./settings/Memetic_MMX_1881515.config,5,40,0.8491171749598716,0.8898629460427213,0.9014693171996543,0.9333251018644277,0.9397456476108161,0.9535745153722682,0.9633288060254352,0.9683911594023954,0.9690085195703173,0.9708606000740833,0.9793801703914063,0.9793801703914063,0.982096555130263,0.982096555130263
./instances/created-instances/mm-5-10-1762875.cdop,./settings/Memetic_MPX_1881515.config,5,10,0.9500442086648984,0.9849690539345711,0.9849690539345711,0.9849690539345711,0.9885057471264368,0.9885057471264368,0.9942528735632183,0.9942528735632183,1.0,1.0,1.0,1.0,1.0,1.0
./instances/created-instances/mm-10-25-1110588.cdop,./settings/Memetic_MPX_1287823.config,10,25,0.8226973684210527,0.8353618421052632,0.8353618421052632,0.8353618421052632,0.8353618421052632,0.8383223684210527,0.8462171052631579,0.8536184210526315,0.8639802631578948,0.8639802631578948,0.871875,0.9105263157894737,0.9105263157894737,0.9105263157894737
./instances/created-instances/mm-10-25-1891798.cdop,./settings/Memetic_MPX_1881515.config,10,25,0.8332815413300186,0.8746115599751398,0.8873523927905531,0.8873523927905531,0.8873523927905531,0.8907706650093226,0.8907706650093226,0.8907706650093226,0.9140770665009322,0.9140770665009322,0.9140770665009322,0.9140770665009322,0.9328775637041641,0.9328775637041641
./instances/created-instances/mm-10-40-1891798.cdop,./settings/Memetic-LS_MPX_1881515.config,10,40,0.3129851335350612,0.32548348901460333,0.3342981186685962,0.3602157610840679,0.3629785554532298,0.40086830680173663,0.4487567425338771,0.47862123404815154,0.5307196421523483,0.5700565715037496,0.6016313642941719,0.6517563478489672,0.6814892777266149,0.6814892777266149
./instances/created-instances/mm-15-40-1762875.cdop,./settings/Memetic-LS_MMX_1287823.config,15,40,0.19234870701146362,0.28019194881364967,0.3120501199680085,0.3568381764862703,0.4429485470541189,0.47613969608104506,0.5099973340442548,0.5922420687816582,0.604772060783791,0.6179685417222074,0.6770194614769395,0.7279392162090109,0.7664622767262064,0.7664622767262064
./instances/created-instances/mm-15-10-1110588.cdop,./settings/Memetic-LS_MPX_1287823.config,15,10,0.3449469312413475,0.38486386709736964,0.4407014305491463,0.4407014305491463,0.4407014305491463,0.4407014305491463,0.46931241347485003,0.46931241347485003,0.4944623904014767,0.528380249192432,0.5385325334563913,0.5666820489155514,0.5918320258421781,0.5918320258421781
./instances/created-instances/mm-15-25-1767920.cdop,./settings/Memetic-LS_MMX_1287823.config,15,25,0.3973402530003244,0.40528705806033083,0.5155692507298086,0.5184884852416477,0.5301654232890042,0.5314628608498216,0.5423289004216673,0.5481673694453455,0.637690561141745,0.7194291274732404,0.7760298410638988,0.8237106714239377,0.8456049302627311,0.8456049302627311
./instances/created-instances/mm-5-25-1917698.cdop,./settings/Memetic-LS_MPX_1287823.config,5,25,0.47946768060836503,0.5015209125475285,0.526615969581749,0.5366920152091255,0.6712927756653992,0.7315589353612167,0.7901140684410647,0.8245247148288973,0.8245247148288973,0.8245247148288973,0.8245247148288973,0.8245247148288973,0.8961977186311787,0.8961977186311787
./instances/created-instances/mm-20-10-1917698.cdop,./settings/Memetic-LS_MPX_1099666.config,20,10,0.32739099012286194,0.32739099012286194,0.35629968682245244,0.40496265960009636,0.41556251505661285,0.43411226210551673,0.43820766080462537,0.4639845820284269,0.46446639364008674,0.46446639364008674,0.5377017586123826,0.5680558901469526,0.5796193688267888,0.5796193688267888
./instances/created-instances/mm-20-25-1767920.cdop,./settings/Memetic-LS_MMX_1881515.config,20,25,0.2978523489932886,0.34389261744966443,0.38711409395973156,0.45355704697986576,0.5081879194630873,0.6135570469798658,0.6319463087248323,0.6609395973154363,0.6885906040268457,0.7037583892617449,0.7232214765100671,0.7232214765100671,0.7343624161073825,0.7343624161073825
./instances/created-instances/mm-5-25-1762875.cdop,./settings/Memetic-LS_MMX_1099666.config,5,25,0.5812824956672443,0.6204506065857885,0.637261698440208,0.6454072790294627,0.7473136915077989,0.8050259965337955,0.8072790294627383,0.8303292894280763,0.8670710571923743,0.8944540727902947,0.8982668977469671,0.9024263431542461,0.9386481802426343,0.9386481802426343
./instances/created-instances/mm-5-10-1110588.cdop,./settings/Memetic-LS_MMX_1099666.config,5,10,0.7366874770473743,0.7936099889827396,0.9258171134777818,0.9882482556004407,0.9882482556004407,0.9882482556004407,0.9882482556004407,0.9882482556004407,0.9882482556004407,0.9882482556004407,0.9882482556004407,0.9882482556004407,0.9882482556004407,0.9882482556004407
./instances/created-instances/mm-10-40-1762875.cdop,./settings/Memetic_MMX_1881515.config,10,40,0.8804990995626447,0.8804990995626447,0.9151016207872396,0.9194751736557757,0.9406997684589657,0.9526627218934911,0.9708001029071264,0.9755595574993569,0.980962181631078,0.985207100591716,0.9880370465654746,0.9893233856444559,0.9985850270131207,0.9985850270131207
./instances/created-instances/mm-5-25-1891798.cdop,./settings/Memetic_MPX_1287823.config,5,25,0.8918613413715147,0.9165410700828938,0.9165410700828938,0.9165410700828938,0.9165410700828938,0.9165410700828938,0.9165410700828938,0.9165410700828938,0.928975131876413,0.9327430293896006,0.9626978146194424,0.9626978146194424,0.9626978146194424,0.9626978146194424
./instances/created-instances/mm-15-10-1917698.cdop,./settings/Memetic_MMX_1099666.config,15,10,0.9345498783454987,0.9625304136253041,0.9678832116788321,0.9678832116788321,0.9678832116788321,0.9678832116788321,0.9732360097323601,0.9732360097323601,0.9875912408759124,0.9897810218978103,0.9897810218978103,0.9897810218978103,0.9897810218978103,0.9897810218978103
./instances/created-instances/mm-10-40-1917698.cdop,./settings/Memetic_MMX_1099666.config,10,40,0.8504755865567534,0.858719086873811,0.8681039949270767,0.8956246036778693,0.912999365884591,0.9228915662650602,0.9490171211160431,0.9562460367786937,0.9695624603677869,0.975142675967026,0.9822447685478757,0.9822447685478757,0.9822447685478757,0.9822447685478757
./instances/created-instances/mm-20-25-1767920.cdop,./settings/Memetic_MPX_1881515.config,20,25,0.33543624161073826,0.3704697986577181,0.3704697986577181,0.5323489932885906,0.6460402684563759,0.6460402684563759,0.6460402684563759,0.6460402684563759,0.6460402684563759,0.6621476510067114,0.6998657718120805,0.7571812080536913,0.7571812080536913,0.7571812080536913
./instances/created-instances/mm-15-25-1767920.cdop,./settings/Memetic_MPX_1881515.config,15,25,0.5512487836522867,0.5783327927343497,0.6835874148556601,0.6835874148556601,0.7108336036328252,0.7108336036328252,0.7108336036328252,0.7108336036328252,0.7108336036328252,0.7199156665585469,0.7199156665585469,0.7745702238079792,0.7745702238079792,0.7745702238079792
./instances/created-instances/mm-15-25-1917698.cdop,./settings/Memetic_MMX_1881515.config,15,25,0.87487984620314,0.8910605575136175,0.9090035245113746,0.9442486382569689,0.9495354053188081,0.9658763216917654,0.9668375520666453,0.9703620634412048,0.9735661646908043,0.9735661646908043,0.9801345722524831,0.9814162127523229,0.9935917975008011,0.9935917975008011
./instances/created-instances/mm-10-40-1762875.cdop,./settings/Memetic_MPX_1287823.config,10,40,0.7343709801903782,0.796501157705171,0.7986879341394392,0.7986879341394392,0.7986879341394392,0.8678929765886287,0.8678929765886287,0.8960638024183175,0.8960638024183175,0.8973501414972986,0.8973501414972986,0.8973501414972986,0.9118857730897865,0.9118857730897865
./instances/created-instances/mm-15-40-1917698.cdop,./settings/Memetic_MPX_1881515.config,15,40,0.6043943787642204,0.6043943787642204,0.6412000892259647,0.6899397724737899,0.7530671425384787,0.7530671425384787,0.7530671425384787,0.7530671425384787,0.7530671425384787,0.7530671425384787,0.8461967432522864,0.8461967432522864,0.8461967432522864,0.8461967432522864
./instances/created-instances/mm-5-40-1762875.cdop,./settings/Memetic-LS_MPX_1881515.config,5,40,0.473351529952593,0.5130010056026433,0.5308145381410717,0.5329694009481396,0.5775032322942106,0.6333860077575061,0.63985059617871,0.666858210027295,0.7072259732797012,0.7131159316190202,0.7527654072690705,0.7780491308720011,0.7905473351529952,0.7905473351529952
./instances/created-instances/mm-20-25-1891798.cdop,./settings/Memetic_MPX_1881515.config,20,25,0.6389351081530782,0.6784147632733323,0.6784147632733323,0.7162305248827712,0.7162305248827712,0.7065496899107548,0.7065496899107548,0.7897443654515202,0.7912569959158977,0.7912569959158977,0.792920889426713,0.8402662229617305,0.8402662229617305,0.8402662229617305
./instances/created-instances/mm-10-25-1767920.cdop,./settings/Memetic_MPX_1287823.config,10,25,0.8246326977180369,0.8402625820568927,0.8710534542044389,0.8710534542044389,0.8710534542044389,0.8710534542044389,0.8710534542044389,0.8710534542044389,0.8710534542044389,0.8710534542044389,0.8710534542044389,0.8710534542044389,0.8710534542044389,0.8710534542044389
./instances/created-instances/mm-10-25-1767920.cdop,./settings/Memetic_MMX_1881515.config,10,25,0.9043451078462019,0.9177868083776181,0.9552985307908721,0.9595185995623632,0.976242575804939,0.976242575804939,0.976242575804939,0.976242575804939,0.9857768052516411,0.9976555173491716,0.9976555173491716,0.9976555173491716,0.9976555173491716,0.9976555173491716
./instances/created-instances/mm-10-40-1767920.cdop,./settings/Memetic-LS_MPX_1287823.config,10,40,0.2572909915748542,0.2628645495787427,0.34348671419313026,0.3647440051847051,0.4116655865197667,0.4285158781594297,0.43331173039533377,0.5258587167854828,0.5707064160725859,0.65949449125081,0.6719377835385613,0.6719377835385613,0.6729747245625405,0.6729747245625405
./instances/created-instances/mm-5-25-1110588.cdop,./settings/Memetic_MMX_1881515.config,5,25,0.9294408184865055,0.9366731345916387,0.947257011818663,0.9550185217851473,0.9574880931381196,0.9597812665373082,0.9597812665373082,0.9724819192097371,0.9781266537308168,0.9781266537308168,0.9795378373610866,0.9816546128064915,0.9927676838948668,0.9927676838948668
./instances/created-instances/mm-5-25-1110588.cdop,./settings/Memetic-LS_MMX_1881515.config,5,25,0.5761157170576822,0.6246251543482095,0.6646674898571177,0.6803669077438702,0.7708590580349268,0.8153113423884283,0.8410654436408538,0.8481213617922032,0.8714058916916564,0.8714058916916564,0.879696595519492,0.8878109013935438,0.9043923090492151,0.9043923090492151
./instances/created-instances/mm-15-25-1110588.cdop,./settings/Memetic-LS_MPX_1287823.config,15,25,0.24527769946433606,0.2472511981956583,0.272765717507753,0.28235128277417537,0.30152241330702,0.32435861291232027,0.3274598252043981,0.36904426275725966,0.36904426275725966,0.39441781787425995,0.41429376938257684,0.4233154778686214,0.4279672963067381,0.4279672963067381
./instances/created-instances/mm-20-10-1917698.cdop,./settings/Memetic-LS_MMX_1881515.config,20,10,0.49048422066971814,0.5174656709226693,0.5473379908455793,0.5976873042640327,0.6499638641291255,0.684654300168634,0.7822211515297519,0.830161406889906,0.8494338713562997,0.8520838352204289,0.8754516983859311,0.8754516983859311,0.8754516983859311,0.8754516983859311
./instances/created-instances/mm-10-10-1762875.cdop,./settings/Memetic_MPX_1287823.config,10,10,0.893233594015641,0.893233594015641,0.893233594015641,0.893233594015641,0.9112546752805168,0.925535532131928,0.9377762665759946,0.940156409384563,0.940156409384563,0.940156409384563,0.9625977558653519,0.9625977558653519,0.9625977558653519,0.9625977558653519
./instances/created-instances/mm-25-10-1762875.cdop,./settings/Memetic-LS_MMX_1099666.config,25,10,0.2892278360343184,0.3367016205910391,0.34204003813155387,0.43908484270734033,0.47797902764537653,0.6293612964728312,0.6335557673975214,0.7010486177311726,0.7397521448999047,0.742421353670162,0.742421353670162,0.7542421353670162,0.7542421353670162,0.7542421353670162
./instances/created-instances/mm-10-40-1762875.cdop,./settings/Memetic-LS_MMX_1099666.config,10,40,0.33329045536403396,0.34242346282480063,0.3775405196809879,0.38667352714175457,0.395549266786725,0.4594803190120916,0.5129920246977103,0.5805248263442243,0.604450733213275,0.630692050424492,0.6525598147671726,0.7153331618214561,0.7710316439413429,0.7710316439413429
./instances/created-instances/mm-10-25-1891798.cdop,./settings/Memetic-LS_MMX_1099666.config,10,25,0.5059042883778745,0.5059042883778745,0.5267246737103791,0.5786202610316967,0.5910503418272218,0.6244561839651958,0.6743318831572406,0.7324425108763207,0.7747047855811062,0.8146364201367309,0.8278433809819764,0.8508390304536979,0.8856432566811684,0.8856432566811684
./instances/created-instances/mm-5-25-1917698.cdop,./settings/Memetic-LS_MMX_1099666.config,5,25,0.509125475285171,0.5739543726235742,0.5984790874524715,0.6093155893536122,0.6870722433460076,0.7625475285171103,0.8045627376425856,0.8768060836501901,0.8906844106463878,0.915019011406844,0.9254752851711027,0.9254752851711027,0.9414448669201521,0.9414448669201521
./instances/created-instances/mm-25-10-1891798.cdop,./settings/Memetic_MPX_1287823.config,25,10,0.5883339545285129,0.5883339545285129,0.5883339545285129,0.6287737607156169,0.6287737607156169,0.6287737607156169,0.6585911293328364,0.7111442415206858,0.7111442415206858,0.7502795378307864,0.751956764815505,0.751956764815505,0.751956764815505,0.751956764815505
./instances/created-instances/mm-5-10-1917698.cdop,./settings/Memetic_MMX_1099666.config,5,10,0.9692940804051915,0.9879708768597657,0.9879708768597657,0.9892371003482114,0.9892371003482114,1.0,1.0,1.0,1.0,1.0,1.0,1.0,1.0,1.0
./instances/created-instances/mm-10-25-1891798.cdop,./settings/Memetic_MMX_1881515.config,10,25,0.9011808576755749,0.9027346177750155,0.9468614045991299,0.973741454319453,0.973741454319453,0.9833747669359851,0.9833747669359851,0.9833747669359851,0.9833747669359851,0.992852703542573,0.9948725916718458,0.9948725916718458,0.9948725916718458,0.9948725916718458
./instances/created-instances/mm-20-25-1891798.cdop,./settings/Memetic_MMX_1287823.config,20,25,0.8460142187263652,0.892451973982756,0.9000151263046438,0.9298139464528815,0.9514445620934806,0.956133716533051,0.9612766601119347,0.9706549689910755,0.9721675994554531,0.9721675994554531,0.9774618060807745,0.9810921191952806,0.9810921191952806,0.9810921191952806
./instances/created-instances/mm-15-25-1767920.cdop,./settings/Memetic_MPX_1099666.config,15,25,0.7380797924099902,0.7380797924099902,0.7380797924099902,0.7380797924099902,0.7380797924099902,0.7380797924099902,0.7380797924099902,0.8131689912422965,0.8131689912422965,0.8131689912422965,0.8131689912422965,0.8131689912422965,0.8131689912422965,0.8131689912422965
./instances/created-instances/mm-20-25-1767920.cdop,./settings/Memetic_MPX_1099666.config,20,25,0.2973154362416107,0.6343624161073825,0.6343624161073825,0.6343624161073825,0.6343624161073825,0.6343624161073825,0.6343624161073825,0.6343624161073825,0.644026845637584,0.6718120805369128,0.6718120805369128,0.7393288590604027,0.7665771812080537,0.7665771812080537
./instances/created-instances/mm-25-10-1917698.cdop,./settings/Memetic-LS_MPX_1287823.config,25,10,0.30924739791833467,0.30924739791833467,0.30924739791833467,0.30924739791833467,0.350080064051241,0.3648919135308247,0.3648919135308247,0.3664931945556445,0.4187349879903923,0.4475580464371497,0.4475580464371497,0.4475580464371497,0.4475580464371497,0.4475580464371497
./instances/created-instances/mm-20-25-1767920.cdop,./settings/Memetic-LS_MMX_1099666.config,20,25,0.3687248322147651,0.42053691275167787,0.44040268456375836,0.49328859060402686,0.5060402684563758,0.5487248322147651,0.6150335570469798,0.6408053691275167,0.6825503355704698,0.6900671140939597,0.721744966442953,0.7722147651006711,0.8463087248322148,0.8463087248322148
./instances/created-instances/mm-5-10-1917698.cdop,./settings/Memetic-LS_MPX_1099666.config,5,10,0.7768281101614435,0.7799936688825577,0.7799936688825577,0.8243114909781576,0.8483697372586262,0.8759100981323203,0.8879392212725546,0.8945868945868946,0.8945868945868946,0.8945868945868946,0.9072491294713517,0.9072491294713517,0.9129471351693574,0.9129471351693574
./instances/created-instances/mm-10-25-1110588.cdop,./settings/Memetic-LS_MPX_1099666.config,10,25,0.33092105263157895,0.3356907894736842,0.38470394736842106,0.3975328947368421,0.42269736842105265,0.46957236842105265,0.46957236842105265,0.5853618421052632,0.6248355263157894,0.6401315789473684,0.6799342105263158,0.7208881578947368,0.7152960526315789,0.7152960526315789
./instances/created-instances/mm-25-25-1762875.cdop,./settings/Memetic_MMX_1881515.config,25,25,0.8201348596518739,0.8769013642778736,0.9295907166379175,0.954524070879724,0.9706758663948565,0.9706758663948565,0.9706758663948565,0.9807119335110553,0.9916888819193979,0.9963932883801161,0.9963932883801161,1.0,1.0,1.0
./instances/created-instances/mm-5-10-1110588.cdop,./settings/Memetic-LS_MMX_1881515.config,5,10,0.6966580976863753,0.7333822989349982,0.7609254498714653,0.9085567388909291,0.9383033419023136,0.9386705839147998,0.9515240543518179,0.9651120088138083,0.9651120088138083,0.9834741094381197,0.9908189496878443,0.9908189496878443,0.9908189496878443,0.9908189496878443
./instances/created-instances/mm-10-40-1891798.cdop,./settings/Memetic-LS_MMX_1287823.config,10,40,0.28956716221549794,0.29482962768056836,0.3840284173135114,0.40626233390343375,0.4634916458360742,0.49427706880673594,0.5017760820944612,0.6460991974740166,0.648072622023418,0.6739902644388897,0.7172740428890936,0.7450335482173398,0.7658202868043679,0.7658202868043679
./instances/created-instances/mm-20-10-1110588.cdop,./settings/Memetic-LS_MPX_1099666.config,20,10,0.28381219341275404,0.33637000700770847,0.35131978509693995,0.37794907731838356,0.40574632095304836,0.4529315580471852,0.4461574398505022,0.4615743985050222,0.4615743985050222,0.46788133613641675,0.5281476290586311,0.5377248306470451,0.5377248306470451,0.5377248306470451
./instances/created-instances/mm-5-10-1767920.cdop,./settings/Memetic-LS_MMX_1287823.config,5,10,0.813592873639063,0.813592873639063,0.8759485318376773,0.8858462553612669,0.8858462553612669,0.9023424612339161,0.9023424612339161,0.929066314747608,0.9432530517980865,0.9432530517980865,0.9432530517980865,0.9432530517980865,0.9432530517980865,0.9432530517980865
./instances/created-instances/mm-10-10-1110588.cdop,./settings/Memetic_MPX_1099666.config,10,10,0.8710227272727272,0.8710227272727272,0.8710227272727272,0.8710227272727272,0.8710227272727272,0.8710227272727272,0.8835227272727273,0.8835227272727273,0.8911931818181819,0.9414772727272728,0.9414772727272728,0.9414772727272728,0.9431818181818182,0.9431818181818182
./instances/created-instances/mm-15-40-1917698.cdop,./settings/Memetic-LS_MMX_1287823.config,15,40,0.24960963640419362,0.3040374749051974,0.3418469774704439,0.39304037474905196,0.42806156591568145,0.48616997546285967,0.5050189605175106,0.5459513718492082,0.5953602498327013,0.6426500111532456,0.673879098817756,0.7130269908543386,0.7496096364041936,0.7496096364041936
./instances/created-instances/mm-5-40-1110588.cdop,./settings/Memetic_MMX_1287823.config,5,40,0.8849960927324824,0.8955457150299557,0.901667100807502,0.9058348528262569,0.9428236519927065,0.9620995050794477,0.9795519666579838,0.9830685074238082,0.986975774941391,1.005730659025788,1.005730659025788,1.005730659025788,1.0,1.0
./instances/created-instances/mm-10-25-1917698.cdop,./settings/Memetic-LS_MMX_1287823.config,10,25,0.4213381555153707,0.4368896925858951,0.51374321880651,0.5520795660036166,0.6368896925858951,0.7077757685352623,0.7104882459312839,0.7321880650994576,0.7857142857142857,0.8097649186256781,0.8229656419529837,0.8352622061482821,0.8553345388788427,0.8553345388788427
./instances/created-instances/mm-5-25-1891798.cdop,./settings/Memetic-LS_MMX_1881515.config,5,25,0.5254333082140166,0.5346646571213263,0.5742275810097965,0.6143556895252449,0.6578749058025621,0.7128862094951017,0.7503767897513187,0.7833458929917106,0.8129238884702336,0.8394875659382065,0.8575734740015072,0.8798040693293142,0.8937452901281085,0.8937452901281085
./instances/created-instances/mm-10-25-1110588.cdop,./settings/Memetic-LS_MMX_1099666.config,10,25,0.44671052631578945,0.46578947368421053,0.46578947368421053,0.5078947368421053,0.593421052631579,0.6424342105263158,0.6804276315789474,0.6804276315789474,0.7370065789473684,0.7422697368421053,0.8455592105263158,0.874671052631579,0.875328947368421,0.875328947368421
./instances/created-instances/mm-5-10-1110588.cdop,./settings/Memetic_MMX_1099666.config,5,10,0.9933896437752479,0.9933896437752479,0.9933896437752479,0.9955930958501653,0.9955930958501653,0.9955930958501653,0.9955930958501653,1.0,1.0,1.0,1.0,1.0,1.0,1.0
./instances/created-instances/mm-5-40-1917698.cdop,./settings/Memetic-LS_MMX_1881515.config,5,40,0.4320566631689402,0.5186253934942288,0.5712224554039874,0.594700944386149,0.6230325288562435,0.7027806925498427,0.7266526757607555,0.7661332633788038,0.8050891920251836,0.8209601259181531,0.8721143756558237,0.8772298006295908,0.8772298006295908,0.8772298006295908
./instances/created-instances/mm-15-10-1917698.cdop,./settings/Memetic-LS_MMX_1099666.config,15,10,0.6138686131386861,0.6138686131386861,0.6343065693430657,0.6518248175182482,0.7090024330900243,0.7559610705596107,0.7669099756690998,0.7875912408759124,0.8669099756690998,0.8805352798053528,0.908272506082725,0.908272506082725,0.908272506082725,0.908272506082725
./instances/created-instances/mm-5-25-1917698.cdop,./settings/Memetic_MMX_1287823.config,5,25,0.9486692015209125,0.9577946768060837,0.9870722433460076,0.9870722433460076,0.9876425855513308,0.9880228136882129,0.9880228136882129,0.9916349809885932,0.9920152091254753,0.9920152091254753,0.9920152091254753,0.9920152091254753,0.9937262357414449,0.9937262357414449
./instances/created-instances/mm-5-25-1891798.cdop,./settings/Memetic-LS_MMX_1099666.config,5,25,0.5732856066314996,0.6021100226073851,0.6337603617181613,0.6379050489826676,0.6590052750565185,0.6934815373021854,0.7854182366239638,0.8165033911077618,0.8385455915599096,0.8385455915599096,0.8385455915599096,0.8615297663903542,0.8637905048982668,0.8637905048982668
./instances/created-instances/mm-20-25-1917698.cdop,./settings/Memetic-LS_MPX_1881515.config,20,25,0.2,0.20308641975308642,0.20308641975308642,0.2547839506172839,0.27175925925925926,0.2996913580246914,0.2996913580246914,0.2996913580246914,0.2996913580246914,0.3277777777777778,0.3756172839506173,0.38873456790123456,0.3983024691358025,0.3983024691358025
./instances/created-instances/mm-25-25-1917698.cdop,./settings/Memetic_MMX_1881515.config,25,25,0.8755173999693393,0.8756707036639583,0.9279472635290511,0.9365322704277174,0.9365322704277174,0.9385252184577648,0.9670397056569063,0.9717921201900965,0.9765445347232868,0.9803771270887628,0.9871224896520007,0.9989268741376667,1.0,1.0
./instances/created-instances/mm-15-10-1917698.cdop,./settings/Memetic_MPX_1287823.config,15,10,0.8535279805352798,0.8535279805352798,0.8535279805352798,0.8535279805352798,0.8535279805352798,0.8535279805352798,0.8535279805352798,0.8788321167883212,0.8936739659367396,0.9119221411192214,0.9119221411192214,0.9119221411192214,0.9119221411192214,0.9119221411192214
./instances/created-instances/mm-20-25-1110588.cdop,./settings/Memetic_MPX_1881515.config,20,25,0.6401789847245796,0.7105384971455022,0.7105384971455022,0.7105384971455022,0.7173275729054158,0.7173275729054158,0.7173275729054158,0.7631538342848326,0.8100601758987811,0.8100601758987811,0.8145347940132696,0.8145347940132696,0.8145347940132696,0.8145347940132696
./instances/created-instances/mm-15-25-1917698.cdop,./settings/Memetic_MMX_1099666.config,15,25,0.9046779878244152,0.9173341877603333,0.9213393143223326,0.9549823774431272,0.968439602691445,0.969080422941365,0.9778917013777635,0.9879846203140019,0.9903876962512015,0.9948734380006409,1.0,1.0,1.0,1.0
./instances/created-instances/mm-25-10-1762875.cdop,./settings/Memetic-LS_MPX_1881515.config,25,10,0.219256434699714,0.219256434699714,0.23088655862726407,0.23088655862726407,0.23088655862726407,0.23088655862726407,0.24957102001906578,0.263489037178265,0.28236415633937084,0.28236415633937084,0.28236415633937084,0.28236415633937084,0.28236415633937084,0.28236415633937084
./instances/created-instances/mm-15-40-1891798.cdop,./settings/Memetic-LS_MMX_1287823.config,15,40,0.18376124071419261,0.2654763456275251,0.31317607194057084,0.3625700508275772,0.3869412224683957,0.3981493548807507,0.45067118467353057,0.47934315130978755,0.49537338720187674,0.6279160693340284,0.6589339241496155,0.7583735175289977,0.8015117946044572,0.8015117946044572
./instances/created-instances/mm-5-40-1110588.cdop,./settings/Memetic_MMX_1881515.config,5,40,0.8512633498306851,0.8909872362594425,0.9247199791612399,0.9317530606928888,0.9640531388382392,0.9818963271685335,0.9818963271685335,0.9818963271685335,0.9845011721802552,0.9845011721802552,0.9873665016931492,0.9919249804636624,0.9925761917165928,0.9925761917165928
./instances/created-instances/mm-20-10-1767920.cdop,./settings/Memetic-LS_MPX_1099666.config,20,10,0.24405399614313264,0.25326762374116135,0.25326762374116135,0.2956931647739447,0.3016927362331262,0.31369187915148916,0.31369187915148916,0.31369187915148916,0.3391900578530105,0.3391900578530105,0.3391900578530105,0.3391900578530105,0.44418255838868653,0.44418255838868653
./instances/created-instances/mm-15-10-1767920.cdop,./settings/Memetic_MMX_1099666.config,15,10,0.9231100581520568,0.9250484600473832,0.9416325651518415,0.9487400387680379,0.9717854835235838,0.9717854835235838,0.9717854835235838,0.9717854835235838,0.9804006030583674,0.9885849666164118,0.9924617704070644,0.9931079043721731,1.0,1.0
./instances/created-instances/mm-5-25-1767920.cdop,./settings/Memetic_MMX_1287823.config,5,25,0.9192689850958127,0.9226401703335699,0.9687721788502484,0.9730305180979418,0.9756919801277502,0.9756919801277502,0.9836763662171752,0.9973385379701917,0.9973385379701917,0.9973385379701917,0.9973385379701917,1.0,1.0,1.0
./instances/created-instances/mm-15-25-1767920.cdop,./settings/Memetic-LS_MMX_1099666.config,15,25,0.3387933830684398,0.4185857930587091,0.47113201427181317,0.4769704832954914,0.5090820629257217,0.5257865715212455,0.5961725591955888,0.6663963671748298,0.6756406097956535,0.7254297761920208,0.7599740512487837,0.8186831008757703,0.8204670775218943,0.8204670775218943
./instances/created-instances/mm-5-25-1110588.cdop,./settings/Memetic-LS_MPX_1881515.config,5,25,0.4776856588463574,0.5177279943552655,0.5429529017463397,0.6142176750749692,0.6870700299876521,0.7278179573116952,0.7452813547362851,0.7837361086611395,0.818839301464103,0.8336567295819368,0.8371846886576115,0.8371846886576115,0.8371846886576115,0.8371846886576115
./instances/created-instances/mm-20-10-1762875.cdop,./settings/Memetic_MMX_1287823.config,20,10,0.9188224799286352,0.9440231935771632,0.9453612845673506,0.9533898305084746,0.9540588760035682,0.9730151650312221,0.9730151650312221,0.9906333630686887,0.9933095450490633,0.9937555753791257,0.9946476360392507,0.9946476360392507,0.9946476360392507,0.9946476360392507
./instances/created-instances/mm-10-40-1762875.cdop,./settings/Memetic-LS_MMX_1881515.config,10,40,0.268973501414973,0.3353485978904039,0.3735528685361461,0.4055827116027785,0.4413429379984564,0.46398250578852585,0.4953691793156676,0.5185232827373295,0.5438641625932595,0.5950604579367121,0.6672240802675585,0.7058142526369952,0.7840236686390533,0.7840236686390533
./instances/created-instances/mm-15-10-1891798.cdop,./settings/Memetic_MPX_1287823.config,15,10,0.791894852135816,0.8589266155531216,0.8589266155531216,0.8589266155531216,0.8589266155531216,0.8589266155531216,0.8665936473165389,0.8858707557502739,0.8858707557502739,0.9171960569550931,0.9171960569550931,0.9171960569550931,0.9147864184008763,0.9147864184008763
./instances/created-instances/mm-15-25-1891798.cdop,./settings/Memetic_MMX_1099666.config,15,25,0.9070372176174224,0.921826751178287,0.9380789858605558,0.9595319356411507,0.9642450836990086,0.9642450836990086,0.9642450836990086,0.9765967820575329,0.9813099301153909,0.9869982122541849,0.9951243295953194,0.9951243295953194,0.9951243295953194,0.9951243295953194
./instances/created-instances/mm-15-40-1767920.cdop,./settings/Memetic_MPX_1099666.config,15,40,0.5584991608726924,0.63785662910573,0.63785662910573,0.63785662910573,0.63785662910573,0.63785662910573,0.63785662910573,0.6778949892112204,0.6778949892112204,0.6778949892112204,0.6778949892112204,0.7149364660752817,0.7149364660752817,0.7149364660752817
./instances/created-instances/mm-15-25-1767920.cdop,./settings/Memetic-LS_MPX_1881515.config,15,25,0.17693804735647098,0.17693804735647098,0.1792085630879014,0.20710347064547519,0.21034706454751864,0.21034706454751864,0.2747324035030814,0.2747324035030814,0.2747324035030814,0.28284138825819005,0.3329549140447616,0.3741485566007136,0.3741485566007136,0.3741485566007136
./instances/created-instances/mm-5-25-1767920.cdop,./settings/Memetic-LS_MPX_1881515.config,5,25,0.49982256919801277,0.5390347764371894,0.6052164655784245,0.6493967352732435,0.6960610361958836,0.7084811923349894,0.7157558552164656,0.7762597586941093,0.7932931156848829,0.8062455642299503,0.8062455642299503,0.8062455642299503,0.8062455642299503,0.8062455642299503
./instances/created-instances/mm-10-25-1110588.cdop,./settings/Memetic_MPX_1881515.config,10,25,0.8200657894736842,0.8236842105263158,0.8236842105263158,0.8276315789473684,0.8325657894736842,0.8325657894736842,0.8667763157894737,0.8883223684210526,0.8922697368421053,0.9034539473684211,0.9034539473684211,0.9034539473684211,0.9034539473684211,0.9034539473684211
./instances/created-instances/mm-20-25-1110588.cdop,./settings/Memetic-LS_MPX_1881515.config,20,25,0.19611171115568585,0.19611171115568585,0.2738774880419688,0.2738774880419688,0.2738774880419688,0.29501620120351796,0.33019595741397934,0.33019595741397934,0.339762382348403,0.3365221416448079,0.34284832587563646,0.3966980404258602,0.4389754667489585,0.4389754667489585
./instances/created-instances/mm-25-10-1917698.cdop,./settings/Memetic_MPX_1881515.config,25,10,0.6467173738991193,0.6563250600480385,0.760808646917534,0.760808646917534,0.760808646917534,0.760808646917534,0.760808646917534,0.760808646917534,0.760808646917534,0.760808646917534,0.7620096076861489,0.8142514011208967,0.8320656525220176,0.8320656525220176
./instances/created-instances/mm-5-40-1762875.cdop,./settings/Memetic-LS_MPX_1099666.config,5,40,0.41200976871139205,0.45467605229133745,0.4946128429823301,0.5322511133457837,0.6059474213475076,0.6747593736532107,0.6940094813963511,0.7264760810228416,0.7746013503806924,0.8044821146387013,0.8353684815400086,0.8357994541014222,0.8398218646746157,0.8398218646746157
./instances/created-instances/mm-25-10-1762875.cdop,./settings/Memetic_MMX_1099666.config,25,10,0.8282173498570067,0.8785510009532889,0.880838894184938,0.903908484270734,0.9073403241182079,0.9130600571973307,0.9166825548141087,0.938417540514776,0.9689227836034319,0.9689227836034319,0.9725452812202098,0.976930409914204,0.976930409914204,0.976930409914204
./instances/created-instances/mm-20-10-1762875.cdop,./settings/Memetic_MMX_1881515.config,20,10,0.9455842997323818,0.9527207850133809,0.9611953612845674,0.9611953612845674,0.9692239072256913,0.9868421052631579,0.9868421052631579,0.9892952720785013,0.9897413024085637,0.9968777876895629,0.9968777876895629,0.9968777876895629,1.0,1.0
./instances/created-instances/mm-5-40-1110588.cdop,./settings/Memetic_MMX_1099666.config,5,40,0.8909872362594425,0.8909872362594425,0.8954154727793696,0.9359208127116436,0.9426934097421203,0.9503777025266996,0.9525918207866632,0.9576712685595207,0.9675696796040636,0.9825475384214639,0.9831987496743944,0.9876269861943214,0.9943995832247982,0.9943995832247982
./instances/created-instances/mm-25-10-1110588.cdop,./settings/Memetic_MMX_1881515.config,25,10,0.8941798941798942,0.91965510484029,0.91965510484029,0.9347442680776014,0.9347442680776014,0.9453262786596119,0.9668822261414854,0.9739368998628258,0.9739368998628258,0.9739368998628258,0.9841269841269841,0.996864589457182,0.996864589457182,0.996864589457182
./instances/created-instances/mm-5-10-1917698.cdop,./settings/Memetic_MMX_1287823.config,5,10,0.9835390946502057,0.9924026590693258,0.9924026590693258,0.9924026590693258,0.9974675530231086,1.0,1.0,1.0,1.0,1.0,1.0,1.0,1.0,1.0
./instances/created-instances/mm-10-10-1110588.cdop,./settings/Memetic_MMX_1099666.config,10,10,0.946590909090909,0.959375,0.9633522727272728,0.9681818181818181,0.9869318181818182,0.9869318181818182,0.9869318181818182,0.9869318181818182,0.9869318181818182,0.9869318181818182,0.9869318181818182,0.9869318181818182,0.9960227272727272,0.9960227272727272
./instances/created-instances/mm-20-25-1762875.cdop,./settings/Memetic_MMX_1287823.config,20,25,0.8483676311310537,0.8912269843725824,0.9080922172365774,0.9108773015627417,0.9433699520346588,0.9636391768528547,0.9727680643663933,0.9814327711589045,0.990406931765434,0.990406931765434,0.9947392851616896,1.0,1.0,1.0
./instances/created-instances/mm-25-25-1891798.cdop,./settings/Memetic-LS_MPX_1881515.config,25,25,0.13773584905660377,0.17779390420899854,0.20246734397677793,0.20246734397677793,0.20246734397677793,0.2065312046444122,0.2065312046444122,0.21523947750362846,0.2648766328011611,0.28751814223512334,0.28751814223512334,0.306966618287373,0.306966618287373,0.306966618287373
./instances/created-instances/mm-5-40-1767920.cdop,./settings/Memetic-LS_MMX_1099666.config,5,40,0.4696502057613169,0.5011574074074074,0.5461676954732511,0.5702160493827161,0.5869341563786008,0.6233281893004116,0.6382458847736625,0.6607510288065843,0.6827417695473251,0.7407407407407407,0.7569444444444444,0.7682613168724279,0.8274176954732511,0.8274176954732511
./instances/created-instances/mm-5-25-1891798.cdop,./settings/Memetic_MMX_1099666.config,5,25,0.9310474755086662,0.962509419743783,0.9751318764129616,0.979276563677468,0.979276563677468,0.979276563677468,0.979276563677468,0.979276563677468,0.979276563677468,0.9839864355689525,1.0,1.0,1.0,1.0
./instances/created-instances/mm-20-25-1767920.cdop,./settings/Memetic-LS_MPX_1099666.config,20,25,0.14684563758389263,0.14684563758389263,0.14684563758389263,0.14979865771812081,0.18308724832214765,0.18308724832214765,0.18308724832214765,0.19771812080536913,0.19771812080536913,0.2040268456375839,0.24308724832214765,0.30348993288590603,0.3621476510067114,0.3621476510067114
./instances/created-instances/mm-5-40-1917698.cdop,./settings/Memetic-LS_MPX_1287823.config,5,40,0.43717208814270725,0.4590766002098636,0.5027544596012592,0.5571878279118573,0.5616474291710388,0.5699108079748164,0.6062434417628542,0.6703830010493179,0.7219307450157397,0.7572140608604407,0.7982686253934942,0.825813221406086,0.8301416579223505,0.8301416579223505
./instances/created-instances/mm-20-10-1891798.cdop,./settings/Memetic_MMX_1881515.config,20,10,0.9170149253731343,0.9393034825870646,0.9546268656716418,0.9629850746268657,0.9729353233830845,0.9729353233830845,0.9729353233830845,0.9729353233830845,0.983681592039801,0.9914427860696517,0.9914427860696517,0.9994029850746269,0.9994029850746269,0.9994029850746269
./instances/created-instances/mm-10-40-1917698.cdop,./settings/Memetic_MMX_1881515.config,10,40,0.8664552948636652,0.8854787571337983,0.8854787571337983,0.8954977805960684,0.9386176284083704,0.9519340519974635,0.9545973367152821,0.9670259987317692,0.9700697526949905,0.9729866835764109,0.9729866835764109,0.9766645529486366,0.9934051997463539,0.9934051997463539
./instances/created-instances/mm-15-40-1110588.cdop,./settings/Memetic-LS_MMX_1099666.config,15,40,0.26337638376383765,0.2741005535055351,0.3111162361623616,0.35170664206642066,0.47912822878228783,0.5302121771217713,0.5859086715867159,0.6187730627306273,0.6386070110701108,0.6609778597785978,0.6706642066420664,0.7195571955719557,0.7531134686346863,0.7531134686346863
./instances/created-instances/mm-10-40-1110588.cdop,./settings/Memetic-LS_MPX_1287823.config,10,40,0.3624283480979677,0.4106305367378843,0.4106305367378843,0.4106305367378843,0.4256122980719125,0.4555758207399687,0.47420531526836895,0.5143303804064617,0.5799895779051589,0.5983585200625325,0.628843147472642,0.6369202709744659,0.6571130797290256,0.6571130797290256
./instances/created-instances/mm-10-25-1762875.cdop,./settings/Memetic-LS_MMX_1881515.config,10,25,0.44710132461723723,0.4739377257870291,0.545845518665061,0.6108721830380183,0.7080681231722002,0.7333562704283503,0.7333562704283503,0.7493548942026492,0.7780836057113366,0.7923619473593669,0.8164458971271289,0.8480990882504731,0.8579046963702047,0.8579046963702047
./instances/created-instances/mm-25-25-1917698.cdop,./settings/Memetic_MMX_1287823.config,25,25,0.8770504369155296,0.8948336654913384,0.9144565384025755,0.9302468189483366,0.9563084470335735,0.9647401502376207,0.9757780162501917,0.9832898972865246,0.9895753487659052,0.9954008891614288,0.9954008891614288,0.9972405334968573,0.9972405334968573,0.9972405334968573
./instances/created-instances/mm-20-10-1762875.cdop,./settings/Memetic_MPX_1881515.config,20,10,0.7136485280999108,0.7136485280999108,0.7254683318465656,0.7591436217662801,0.7591436217662801,0.7591436217662801,0.7591436217662801,0.7754237288135594,0.843443354148082,0.8465655664585192,0.8465655664585192,0.8465655664585192,0.8465655664585192,0.8465655664585192
./instances/created-instances/mm-20-10-1762875.cdop,./settings/Memetic-LS_MMX_1099666.config,20,10,0.3960749330954505,0.4453612845673506,0.5113737734165923,0.5718108831400536,0.6554415700267618,0.6875557537912578,0.723907225691347,0.723907225691347,0.7678412132024978,0.7743086529884032,0.7743086529884032,0.7809991079393399,0.8409901873327387,0.8409901873327387
./instances/created-instances/mm-20-10-1891798.cdop,./settings/Memetic-LS_MMX_1881515.config,20,10,0.401592039800995,0.401592039800995,0.4153233830845771,0.43203980099502487,0.5389054726368159,0.5960199004975124,0.6656716417910448,0.7249751243781094,0.7639800995024876,0.7832835820895523,0.8,0.8274626865671642,0.8356218905472637,0.8356218905472637
./instances/created-instances/mm-10-40-1891798.cdop,./settings/Memetic_MMX_1287823.config,10,40,0.820418366004473,0.8583081173529798,0.8958031837916064,0.9446125509801342,0.9476384686225496,0.9777660834100776,0.9930272332587817,0.9935534798052887,0.9981581370872253,0.9981581370872253,0.9981581370872253,0.9984212603604788,0.9984212603604788,0.9984212603604788
./instances/created-instances/mm-25-25-1917698.cdop,./settings/Memetic-LS_MPX_1881515.config,25,25,0.1954622106392764,0.1954622106392764,0.1954622106392764,0.26138279932546377,0.3167254330829373,0.3167254330829373,0.3167254330829373,0.3167254330829373,0.3167254330829373,0.3167254330829373,0.3167254330829373,0.3167254330829373,0.3197915069753181,0.3197915069753181
./instances/created-instances/mm-5-25-1110588.cdop,./settings/Memetic_MMX_1099666.config,5,25,0.9088022578938084,0.9162109719527254,0.9197389310284001,0.9368495325454225,0.9426706650202857,0.948491797495149,0.948491797495149,0.9701887458105486,0.9751278885164932,0.9751278885164932,0.9751278885164932,0.9760098782854119,0.9811254189451403,0.9811254189451403
./instances/created-instances/mm-10-10-1917698.cdop,./settings/Memetic_MMX_1287823.config,10,10,0.9786526199057388,0.9786526199057388,0.9786526199057388,0.9786526199057388,0.9786526199057388,1.0,1.0,1.0,1.0,1.0,1.0,1.0,1.0,1.0
./instances/created-instances/mm-5-10-1762875.cdop,./settings/Memetic-LS_MPX_1099666.config,5,10,0.8099027409372237,0.852343059239611,0.8735632183908046,0.9080459770114943,0.9080459770114943,0.9336870026525199,0.9336870026525199,0.9447391688771,0.9491600353669319,0.9531388152077808,0.9531388152077808,0.9531388152077808,0.9531388152077808,0.9531388152077808
./instances/created-instances/mm-15-10-1762875.cdop,./settings/Memetic_MPX_1881515.config,15,10,0.8312014045648357,0.8432405317281164,0.8432405317281164,0.8432405317281164,0.8432405317281164,0.8432405317281164,0.8432405317281164,0.8477552044143466,0.8705793829947329,0.8705793829947329,0.8705793829947329,0.8705793829947329,0.8705793829947329,0.8705793829947329
./instances/created-instances/mm-15-40-1891798.cdop,./settings/Memetic_MMX_1287823.config,15,40,0.8174117033754724,0.8735826925583214,0.8768408705851688,0.8791867587644989,0.8876580216343021,0.9156783526651896,0.9320995699205005,0.9530822364133976,0.9580346670142057,0.9592076111038708,0.9747165385116643,0.9796689691124723,0.9796689691124723,0.9796689691124723
./instances/created-instances/mm-25-10-1917698.cdop,./settings/Memetic-LS_MMX_1881515.config,25,10,0.33746997598078465,0.4267413931144916,0.5366293034427542,0.6319055244195356,0.6737389911929543,0.6837469975980784,0.6837469975980784,0.7097678142514011,0.7457966373098479,0.7650120096076861,0.8102481985588471,0.8156525220176141,0.8156525220176141,0.8156525220176141
./instances/created-instances/mm-10-10-1891798.cdop,./settings/Memetic-LS_MPX_1881515.config,10,10,0.6522116218560278,0.6533680254408789,0.6918184446371783,0.7724775946805436,0.7747904018502457,0.7788378143972247,0.7814397224631396,0.8013876843018214,0.8013876843018214,0.8013876843018214,0.8013876843018214,0.8013876843018214,0.8025440878866724,0.8025440878866724
